gender,languages_selected,education_level,major_field_of_study,cgpa,current_year,current_semester,experties_major_gpa,experties_suggest_career,student_programming_learned,mind_stress_management,learning_style,student_expectation,preferred_work_environment,work_life_balance,internship_experience,real_world_projects_completed,certifications
female,"english, sinhala",bachelor's degree,information technology,4.0,2,2,2.95,Software Engineer,"Python, Java, OOP, Spring Boot",moderate,kinesthetic,data scientist,remote,poor,yes,0,aws
male,"english, sinhala",bachelor's degree,cyber security,3.49,4,2,2.92,Full Stack Developer,"MongoDB, JavaScript, Express, Node.js",low,auditory,systems analyst,onsite,poor,no,8,none
female,"sinhala, tamil",bachelor's degree,data science,2.36,1,1,3.82,Frontend Developer,"Tailwind CSS, React, CSS, HTML",low,auditory,qa engineer,hybrid,excellent,no,7,cisco
male,tamil,bachelor's degree,data science,3.89,4,2,2.75,Backend Developer,"Spring Boot, Node.js, Microservices, Java",moderate,auditory,software engineer,onsite,average,yes,3,google
male,english,bachelor's degree,computer science,2.86,2,1,2.85,Web Developer,"Bootstrap, CSS, JavaScript, MySQL",low,visual,data scientist,remote,excellent,yes,9,google
female,"tamil, english",bachelor's degree,computer science,3.69,2,1,3.69,Mobile App Developer,"Swift, Firebase, Kotlin, REST API",excellent,kinesthetic,devops engineer,remote,poor,no,2,aws
male,"english, sinhala",bachelor's degree,software engineering,3.92,3,2,2.47,Data Scientist,"Machine Learning, NumPy, SQL, Pandas",low,visual,systems analyst,onsite,poor,yes,2,azure
male,tamil,bachelor's degree,information technology,3.73,4,1,3.72,Data Analyst,"SQL, Python, Power BI, Statistics",low,visual,security engineer,onsite,excellent,no,10,aws
female,"sinhala, tamil",bachelor's degree,cyber security,3.71,3,1,3.2,Machine Learning Engineer,"Scikit-learn, NumPy, TensorFlow, Deep Learning",low,auditory,software engineer,onsite,average,no,7,cisco
male,"english, sinhala",bachelor's degree,cyber security,2.2,2,1,3.34,AI Engineer,"LLMs, Data Processing, TensorFlow, NLP",excellent,auditory,software engineer,remote,poor,yes,1,azure
male,tamil,bachelor's degree,cyber security,2.8,3,1,2.4,BI Developer,"DAX, SQL, Tableau, ETL Tools",low,visual,software engineer,onsite,average,no,5,aws
female,"tamil, english",bachelor's degree,software engineering,3.49,4,1,2.42,DevOps Engineer,"Kubernetes, Linux, AWS, Jenkins",moderate,auditory,software engineer,remote,average,yes,8,google
male,"sinhala, tamil",bachelor's degree,information technology,3.05,3,2,2.63,Cloud Engineer,"Kubernetes, Terraform, Docker, Azure",moderate,visual,software engineer,remote,poor,yes,1,google
male,english,bachelor's degree,information technology,3.36,3,1,3.65,Cloud Architect,"IaC, Security, Microservices, AWS/Azure Design",low,kinesthetic,data scientist,remote,excellent,no,9,none
female,"english, sinhala, tamil",bachelor's degree,data science,3.11,4,2,3.23,Cybersecurity Analyst,"Firewalls, Python, Linux, Risk Analysis",moderate,visual,qa engineer,hybrid,average,yes,11,google
female,"sinhala, tamil",bachelor's degree,information technology,2.78,1,2,3.07,Ethical Hacker,"Kali Linux, Wireshark, Burp Suite, Python",excellent,kinesthetic,security engineer,onsite,excellent,no,5,google
female,tamil,bachelor's degree,computer science,2.38,2,1,2.33,Security Engineer,"Firewalls, SIEM, Cloud Security, Encryption",excellent,kinesthetic,software engineer,remote,poor,yes,4,none
male,"english, sinhala",bachelor's degree,software engineering,3.05,2,1,2.55,Information Security Analyst,"SIEM, Incident Response, Networking, SOC Tools",low,auditory,qa engineer,onsite,average,yes,10,aws
male,"sinhala, tamil",bachelor's degree,information technology,3.36,3,2,3.74,Network Engineer,"Cisco, TCP/IP, Firewalls, VPN",low,kinesthetic,security engineer,remote,excellent,no,3,aws
female,"english, sinhala, tamil",bachelor's degree,cyber security,2.32,2,2,3.78,System Administrator,"Virtualization, Active Directory, Windows Server, Bash",excellent,visual,security engineer,remote,excellent,no,12,aws
female,"english, sinhala",bachelor's degree,computer science,2.41,1,2,3.45,IT Support Engineer,"Hardware, Windows, Ticketing Tools, Networking",excellent,auditory,qa engineer,onsite,average,no,4,cisco
female,"sinhala, tamil",bachelor's degree,information technology,3.67,3,1,2.85,Hardware Engineer,"Arduino, Electronics, Circuit Design, Embedded C",low,auditory,devops engineer,hybrid,poor,yes,7,azure
male,"english, sinhala",bachelor's degree,information technology,3.62,1,2,3.23,QA Engineer,"API Testing, Manual Testing, SQL, Jira",excellent,auditory,devops engineer,hybrid,poor,yes,6,cisco
female,"english, sinhala",bachelor's degree,data science,3.99,4,1,3.6,Software Tester,"Test Plans, Bug Tracking, Agile, Manual Testing",moderate,kinesthetic,qa engineer,hybrid,excellent,no,9,google
female,sinhala,bachelor's degree,cyber security,2.91,2,2,3.61,Automation Test Engineer,"Python, Java, Selenium, TestNG",excellent,visual,security engineer,remote,excellent,no,1,cisco
male,"tamil, english",bachelor's degree,information technology,2.83,3,1,2.32,UI Designer,"UI Principles, Figma, Adobe XD, Photoshop",low,kinesthetic,data scientist,remote,average,yes,7,none
male,"english, sinhala, tamil",bachelor's degree,data science,3.16,3,1,3.59,UX Designer,"Prototyping, Figma, Psychology, Wireframing",low,visual,data scientist,hybrid,average,yes,10,none
male,tamil,bachelor's degree,data science,2.61,4,1,3.67,Product Designer,"UI Design, User Flow, Figma, Prototyping",excellent,kinesthetic,security engineer,hybrid,average,no,1,aws
female,"sinhala, tamil",bachelor's degree,software engineering,3.86,2,1,2.88,Blockchain Developer,"Ethereum, Solidity, Smart Contracts, Cryptography",low,kinesthetic,systems analyst,remote,excellent,no,9,cisco
female,tamil,bachelor's degree,information technology,2.89,3,1,2.51,IoT Engineer,"Cloud Integration, Arduino, Raspberry Pi, MQTT",low,auditory,qa engineer,onsite,poor,yes,10,cisco
female,"tamil, english",bachelor's degree,cyber security,2.72,2,2,3.45,Embedded Systems Engineer,"Microcontrollers, C/C++, Electronics, RTOS",excellent,visual,software engineer,hybrid,excellent,yes,12,azure
female,english,bachelor's degree,information technology,3.26,3,1,3.1,AR/VR Developer,"3D Modeling, Unreal Engine, XR SDKs, Unity",low,auditory,security engineer,remote,poor,no,3,google
male,"english, sinhala",bachelor's degree,cyber security,4.0,1,2,2.96,SEO Specialist,"Content Strategy, Backlinks, HTML, SEO Tools",low,kinesthetic,software engineer,onsite,poor,yes,7,aws
male,english,bachelor's degree,data science,3.88,3,1,3.02,IT Support Specialist,"Active Directory, Troubleshooting, Ticketing Systems, Networking",moderate,visual,systems analyst,hybrid,excellent,yes,6,none
male,"tamil, english",bachelor's degree,data science,3.64,4,1,2.97,Software Engineer,"Python, OOP, Java, Git",low,visual,devops engineer,onsite,poor,no,4,aws
male,"sinhala, tamil",bachelor's degree,cyber security,2.65,3,2,2.37,Full Stack Developer,"REST API, Express, Node.js, MongoDB",excellent,auditory,systems analyst,hybrid,poor,no,10,azure
male,english,bachelor's degree,computer science,2.31,4,2,3.24,Frontend Developer,"HTML, React, JavaScript, TypeScript",low,visual,devops engineer,hybrid,poor,yes,5,cisco
female,english,bachelor's degree,computer science,2.81,2,2,3.86,Backend Developer,"Microservices, Java, SQL, Node.js",excellent,auditory,qa engineer,hybrid,excellent,yes,1,google
male,"english, sinhala, tamil",bachelor's degree,information technology,2.79,3,2,3.7,Web Developer,"PHP, JavaScript, HTML, MySQL",low,visual,data scientist,onsite,average,no,5,aws
male,"sinhala, tamil",bachelor's degree,software engineering,2.97,2,1,2.92,Mobile App Developer,"REST API, Flutter, Kotlin, Swift",excellent,auditory,systems analyst,remote,average,yes,3,azure
male,sinhala,bachelor's degree,information technology,2.67,3,2,2.79,Data Scientist,"Tableau, Pandas, NumPy, Python",moderate,auditory,security engineer,onsite,excellent,yes,10,azure
female,"english, sinhala, tamil",bachelor's degree,computer science,3.66,3,1,2.62,Data Analyst,"Statistics, Data Visualization, SQL, Excel",low,kinesthetic,systems analyst,remote,excellent,no,6,none
male,"english, sinhala, tamil",bachelor's degree,computer science,4.0,1,2,2.29,Machine Learning Engineer,"NumPy, Python, Scikit-learn, Pandas",low,kinesthetic,data scientist,remote,average,yes,7,none
male,sinhala,bachelor's degree,cyber security,2.74,2,1,2.62,AI Engineer,"LLMs, NLP, Data Processing, Python",low,visual,security engineer,remote,average,yes,8,cisco
male,"english, sinhala",bachelor's degree,information technology,2.11,1,1,3.09,BI Developer,"DAX, Tableau, Excel, Power BI",low,visual,security engineer,hybrid,excellent,no,9,cisco
female,"sinhala, tamil",bachelor's degree,information technology,3.24,3,2,2.94,DevOps Engineer,"CI/CD, Docker, Jenkins, Kubernetes",low,auditory,security engineer,onsite,poor,no,0,aws
female,english,bachelor's degree,cyber security,4.0,3,1,2.61,Cloud Engineer,"Docker, Kubernetes, GCP, Azure",low,kinesthetic,data scientist,remote,excellent,yes,4,cisco
male,sinhala,bachelor's degree,cyber security,3.97,1,1,2.49,Cloud Architect,"AWS/Azure Design, IaC, Scalability, Networking",low,auditory,security engineer,onsite,excellent,no,0,azure
female,english,bachelor's degree,computer science,3.54,3,2,3.99,Cybersecurity Analyst,"Firewalls, Python, SIEM, Risk Analysis",low,visual,qa engineer,remote,poor,yes,8,aws
male,"english, sinhala",bachelor's degree,computer science,3.91,2,2,2.63,Ethical Hacker,"Nmap, Python, Wireshark, Burp Suite",excellent,auditory,devops engineer,hybrid,average,yes,3,google
male,english,bachelor's degree,computer science,2.1,2,2,2.92,Security Engineer,"Firewalls, SIEM, Encryption, Linux",low,auditory,qa engineer,remote,excellent,yes,5,azure
male,"sinhala, tamil",bachelor's degree,software engineering,3.24,4,1,3.09,Information Security Analyst,"Risk Assessment, SIEM, Incident Response, SOC Tools",low,visual,devops engineer,onsite,excellent,yes,5,none
female,english,bachelor's degree,software engineering,2.85,3,1,3.34,Network Engineer,"VPN, Switching, Cisco, Routing",excellent,auditory,software engineer,onsite,excellent,yes,0,azure
female,english,bachelor's degree,computer science,2.9,3,1,3.75,System Administrator,"Linux, Virtualization, Active Directory, Bash",low,auditory,security engineer,remote,average,no,7,none
male,sinhala,bachelor's degree,information technology,2.93,4,2,3.6,IT Support Engineer,"Networking, Hardware, Troubleshooting, Windows",low,auditory,devops engineer,remote,excellent,yes,12,google
female,tamil,bachelor's degree,information technology,3.08,1,1,3.73,Hardware Engineer,"Microcontrollers, PCB Design, Circuit Design, Arduino",moderate,kinesthetic,qa engineer,onsite,excellent,no,11,azure
male,"sinhala, tamil",bachelor's degree,information technology,3.69,3,2,2.76,QA Engineer,"Test Cases, Jira, Selenium, Manual Testing",low,auditory,systems analyst,hybrid,excellent,no,7,none
male,english,bachelor's degree,cyber security,3.89,2,1,3.22,Software Tester,"Test Plans, Bug Tracking, Agile, SQL",low,auditory,data scientist,hybrid,average,yes,3,google
male,"english, sinhala, tamil",bachelor's degree,cyber security,3.54,3,2,3.47,Automation Test Engineer,"Selenium, Python, Java, CI/CD",low,visual,software engineer,hybrid,excellent,no,1,azure
female,tamil,bachelor's degree,data science,2.43,1,1,3.89,UI Designer,"Prototyping, Figma, Adobe XD, UI Principles",excellent,kinesthetic,software engineer,onsite,poor,yes,6,azure
female,"english, sinhala, tamil",bachelor's degree,cyber security,2.99,1,2,3.26,UX Designer,"Prototyping, UX Testing, User Research, Figma",moderate,visual,systems analyst,remote,poor,no,6,google
female,sinhala,bachelor's degree,information technology,2.28,2,2,3.19,Product Designer,"User Flow, Figma, Prototyping, Design Systems",excellent,visual,security engineer,hybrid,excellent,yes,1,none
female,"sinhala, tamil",bachelor's degree,information technology,2.97,4,1,2.73,Blockchain Developer,"Web3.js, Node.js, Solidity, Smart Contracts",moderate,visual,security engineer,hybrid,poor,no,3,none
female,"tamil, english",bachelor's degree,data science,3.05,1,2,2.49,IoT Engineer,"Raspberry Pi, MQTT, Cloud Integration, C/C++",moderate,auditory,software engineer,onsite,poor,no,1,azure
female,"english, sinhala",bachelor's degree,data science,3.13,3,1,2.42,Embedded Systems Engineer,"IoT, Microcontrollers, C/C++, PCB Design",excellent,visual,software engineer,hybrid,poor,no,3,google
male,"tamil, english",bachelor's degree,cyber security,2.94,2,2,3.16,AR/VR Developer,"C#, Unity, XR SDKs, Unreal Engine",excellent,visual,software engineer,onsite,poor,yes,8,none
female,english,bachelor's degree,data science,2.28,2,2,2.33,SEO Specialist,"Google Analytics, SEO Tools, Content Strategy, Backlinks",excellent,kinesthetic,systems analyst,onsite,excellent,no,1,none
male,tamil,bachelor's degree,cyber security,2.33,2,1,3.96,IT Support Specialist,"Networking, Windows, Ticketing Systems, Hardware",low,visual,devops engineer,hybrid,average,yes,5,azure
male,"tamil, english",bachelor's degree,information technology,3.39,3,2,3.06,Software Engineer,"OOP, Java, Python, Spring Boot",low,kinesthetic,systems analyst,onsite,average,yes,3,aws
male,"sinhala, tamil",bachelor's degree,cyber security,3.45,4,1,2.48,Full Stack Developer,"MongoDB, React, Node.js, Express",low,visual,security engineer,hybrid,average,no,2,none
female,tamil,bachelor's degree,data science,2.31,1,1,3.25,Frontend Developer,"TypeScript, CSS, React, Tailwind CSS",moderate,visual,data scientist,remote,excellent,no,7,none
female,english,bachelor's degree,information technology,2.2,4,2,3.0,Backend Developer,"Microservices, SQL, REST API, Node.js",excellent,kinesthetic,systems analyst,hybrid,poor,yes,5,aws
female,sinhala,bachelor's degree,software engineering,2.84,1,2,3.53,Web Developer,"CSS, HTML, Bootstrap, PHP",moderate,kinesthetic,security engineer,hybrid,average,no,9,azure
male,sinhala,bachelor's degree,data science,2.94,1,2,2.51,Mobile App Developer,"Firebase, REST API, Flutter, Kotlin",low,auditory,qa engineer,remote,average,yes,8,cisco
female,"sinhala, tamil",bachelor's degree,data science,2.48,4,2,3.13,Data Scientist,"Pandas, Python, Tableau, SQL",moderate,visual,devops engineer,remote,poor,no,11,aws
female,"english, sinhala",bachelor's degree,information technology,2.86,2,2,3.29,Data Analyst,"Excel, Data Visualization, Power BI, SQL",low,auditory,qa engineer,onsite,average,yes,6,aws
female,"tamil, english",bachelor's degree,software engineering,2.46,3,2,4.0,Machine Learning Engineer,"Deep Learning, TensorFlow, Python, Scikit-learn",low,visual,security engineer,remote,poor,yes,8,cisco
female,"english, sinhala, tamil",bachelor's degree,computer science,2.97,2,2,2.79,AI Engineer,"TensorFlow, PyTorch, LLMs, Python",low,visual,systems analyst,onsite,excellent,no,4,google
female,"sinhala, tamil",bachelor's degree,computer science,3.46,4,1,2.85,BI Developer,"Excel, Tableau, ETL Tools, SQL",low,kinesthetic,devops engineer,remote,average,no,7,none
female,"english, sinhala, tamil",bachelor's degree,information technology,3.64,1,2,2.22,DevOps Engineer,"AWS, Linux, Docker, Jenkins",moderate,auditory,security engineer,remote,poor,no,12,none
male,sinhala,bachelor's degree,software engineering,3.1,4,2,2.86,Cloud Engineer,"Terraform, Kubernetes, Docker, Azure",low,auditory,data scientist,hybrid,excellent,no,9,cisco
male,english,bachelor's degree,information technology,3.27,2,2,3.69,Cloud Architect,"Microservices, Networking, Scalability, Security",moderate,visual,qa engineer,remote,average,yes,3,none
female,"english, sinhala",bachelor's degree,cyber security,3.23,2,1,2.31,Cybersecurity Analyst,"Networking, Linux, SIEM, Firewalls",excellent,auditory,systems analyst,onsite,excellent,no,12,google
male,tamil,bachelor's degree,software engineering,2.45,4,2,3.72,Ethical Hacker,"Burp Suite, Python, Wireshark, Metasploit",moderate,kinesthetic,systems analyst,remote,average,yes,10,none
female,tamil,bachelor's degree,information technology,3.08,3,2,2.3,Security Engineer,"Firewalls, Linux, Cloud Security, SIEM",excellent,visual,security engineer,hybrid,poor,no,11,azure
female,"sinhala, tamil",bachelor's degree,computer science,3.74,1,1,2.29,Information Security Analyst,"Networking, Risk Assessment, Incident Response, SIEM",excellent,visual,software engineer,onsite,excellent,yes,6,aws
female,"sinhala, tamil",bachelor's degree,information technology,4.0,4,1,3.63,Network Engineer,"TCP/IP, Firewalls, VPN, Cisco",low,kinesthetic,software engineer,onsite,excellent,no,3,cisco
male,english,bachelor's degree,information technology,2.55,3,1,3.64,System Administrator,"Active Directory, Virtualization, Linux, Bash",moderate,kinesthetic,devops engineer,hybrid,excellent,no,5,azure
female,sinhala,bachelor's degree,computer science,2.6,2,2,3.86,IT Support Engineer,"Ticketing Tools, Active Directory, Networking, Hardware",low,auditory,software engineer,remote,average,yes,12,aws
female,english,bachelor's degree,computer science,2.49,3,1,3.87,Hardware Engineer,"Circuit Design, Electronics, Microcontrollers, PCB Design",moderate,auditory,systems analyst,onsite,average,no,9,aws
female,"tamil, english",bachelor's degree,cyber security,2.84,4,1,3.18,QA Engineer,"API Testing, Jira, Test Cases, Manual Testing",low,kinesthetic,qa engineer,onsite,average,yes,12,google
male,english,bachelor's degree,information technology,3.13,2,1,3.59,Software Tester,"Selenium, SQL, Manual Testing, Bug Tracking",excellent,visual,qa engineer,hybrid,poor,no,5,google
female,"english, sinhala",bachelor's degree,software engineering,3.93,2,1,3.29,Automation Test Engineer,"Selenium, TestNG, CI/CD, Cypress",excellent,kinesthetic,data scientist,remote,poor,yes,9,none
female,english,bachelor's degree,software engineering,3.54,4,1,3.12,UI Designer,"Figma, Prototyping, Color Theory, UI Principles",moderate,kinesthetic,data scientist,onsite,excellent,no,9,none
male,"tamil, english",bachelor's degree,cyber security,2.6,4,2,2.87,UX Designer,"Wireframing, User Research, Prototyping, Figma",excellent,visual,systems analyst,onsite,poor,yes,4,aws
female,"sinhala, tamil",bachelor's degree,cyber security,2.58,4,2,2.92,Product Designer,"Design Systems, UX Research, Figma, User Flow",moderate,visual,data scientist,hybrid,excellent,no,12,azure
male,sinhala,bachelor's degree,information technology,2.91,3,2,3.41,Blockchain Developer,"Web3.js, Ethereum, Solidity, Cryptography",low,visual,qa engineer,hybrid,average,yes,10,aws
male,"tamil, english",bachelor's degree,data science,3.29,4,2,3.61,IoT Engineer,"Sensors, C/C++, Cloud Integration, Arduino",moderate,visual,security engineer,onsite,average,no,5,cisco
female,english,bachelor's degree,cyber security,3.12,1,2,2.28,Embedded Systems Engineer,"Electronics, PCB Design, Microcontrollers, C/C++",excellent,auditory,security engineer,remote,average,yes,9,google
male,"english, sinhala, tamil",bachelor's degree,information technology,3.65,1,2,3.18,AR/VR Developer,"XR SDKs, 3D Modeling, C#, Blender",moderate,visual,qa engineer,remote,excellent,no,4,azure
female,english,bachelor's degree,computer science,3.66,4,1,2.46,SEO Specialist,"Google Analytics, Keyword Research, SEO Tools, Content Strategy",excellent,visual,software engineer,hybrid,average,no,1,azure
male,tamil,bachelor's degree,information technology,3.44,1,2,3.2,IT Support Specialist,"Hardware, Windows, Networking, Troubleshooting",low,kinesthetic,security engineer,remote,excellent,no,9,aws
female,"english, sinhala",bachelor's degree,cyber security,2.46,3,2,2.84,Software Engineer,"SQL, OOP, Python, Git",moderate,auditory,systems analyst,onsite,excellent,no,2,azure
male,english,bachelor's degree,software engineering,3.57,1,1,3.05,Full Stack Developer,"JavaScript, REST API, React, Node.js",low,auditory,software engineer,onsite,poor,no,0,cisco
female,english,bachelor's degree,cyber security,2.42,2,2,2.44,Frontend Developer,"Tailwind CSS, TypeScript, CSS, HTML",moderate,kinesthetic,security engineer,remote,excellent,yes,12,azure
male,tamil,bachelor's degree,data science,2.04,2,2,3.89,Backend Developer,"Node.js, Spring Boot, REST API, SQL",excellent,auditory,software engineer,onsite,poor,yes,1,google
male,"tamil, english",bachelor's degree,cyber security,2.32,1,2,2.34,Web Developer,"PHP, JavaScript, HTML, CSS",moderate,auditory,systems analyst,remote,average,no,10,azure
female,"english, sinhala",bachelor's degree,cyber security,2.36,1,2,3.47,Mobile App Developer,"Flutter, Firebase, Kotlin, Swift",excellent,auditory,software engineer,hybrid,poor,no,5,aws
female,"english, sinhala, tamil",bachelor's degree,information technology,3.82,4,1,2.83,Data Scientist,"Machine Learning, Tableau, NumPy, Pandas",moderate,auditory,qa engineer,hybrid,average,yes,6,google
female,"english, sinhala, tamil",bachelor's degree,software engineering,3.44,4,2,3.53,Data Analyst,"Statistics, SQL, Python, Power BI",moderate,kinesthetic,qa engineer,hybrid,average,no,9,azure
female,tamil,bachelor's degree,computer science,4.0,1,1,3.25,Machine Learning Engineer,"Scikit-learn, Pandas, Python, TensorFlow",excellent,auditory,qa engineer,hybrid,excellent,yes,9,azure
female,"english, sinhala",bachelor's degree,cyber security,2.45,1,2,3.89,AI Engineer,"NLP, Python, LLMs, PyTorch",low,visual,software engineer,onsite,average,no,6,cisco
female,"english, sinhala",bachelor's degree,cyber security,3.36,2,2,3.68,BI Developer,"ETL Tools, Excel, DAX, Power BI",excellent,auditory,qa engineer,hybrid,excellent,yes,9,google
male,"english, sinhala",bachelor's degree,data science,2.62,3,1,2.33,DevOps Engineer,"AWS, CI/CD, Linux, Kubernetes",low,visual,software engineer,remote,average,no,8,azure
male,english,bachelor's degree,computer science,3.14,4,1,3.16,Cloud Engineer,"AWS, Kubernetes, Docker, GCP",excellent,kinesthetic,data scientist,remote,poor,no,8,none
male,"english, sinhala, tamil",bachelor's degree,computer science,3.6,4,2,3.34,Cloud Architect,"Scalability, Microservices, Networking, Security",moderate,kinesthetic,devops engineer,hybrid,average,yes,12,azure
female,"sinhala, tamil",bachelor's degree,data science,3.54,3,1,2.29,Cybersecurity Analyst,"Linux, Risk Analysis, Networking, SIEM",moderate,kinesthetic,data scientist,remote,average,no,11,none
male,"tamil, english",bachelor's degree,information technology,2.49,2,1,3.17,Ethical Hacker,"Kali Linux, Python, Wireshark, Nmap",excellent,kinesthetic,data scientist,onsite,excellent,no,0,aws
female,english,bachelor's degree,cyber security,2.97,1,1,2.99,Security Engineer,"IAM, Linux, Cloud Security, Encryption",excellent,visual,qa engineer,remote,excellent,no,4,google
female,sinhala,bachelor's degree,data science,3.39,2,1,3.59,Information Security Analyst,"Incident Response, SIEM, Risk Assessment, Compliance",moderate,auditory,software engineer,hybrid,poor,no,5,cisco
female,english,bachelor's degree,cyber security,3.11,2,1,3.27,Network Engineer,"Firewalls, Cisco, Switching, VPN",moderate,auditory,devops engineer,onsite,average,yes,9,azure
male,tamil,bachelor's degree,software engineering,2.78,1,1,2.35,System Administrator,"Windows Server, Virtualization, Linux, Bash",moderate,kinesthetic,security engineer,onsite,average,yes,6,google
male,sinhala,bachelor's degree,computer science,3.03,4,1,3.16,IT Support Engineer,"Networking, Windows, Ticketing Tools, Active Directory",low,auditory,software engineer,remote,poor,no,10,azure
male,sinhala,bachelor's degree,software engineering,3.01,1,1,3.4,Hardware Engineer,"Electronics, PCB Design, Circuit Design, Arduino",excellent,auditory,qa engineer,hybrid,poor,yes,11,aws
female,"sinhala, tamil",bachelor's degree,computer science,3.63,2,1,3.97,QA Engineer,"SQL, Manual Testing, Jira, Test Cases",excellent,visual,qa engineer,remote,excellent,no,11,google
male,"tamil, english",bachelor's degree,cyber security,3.02,3,1,2.67,Software Tester,"SQL, Bug Tracking, Manual Testing, Selenium",excellent,visual,security engineer,remote,average,yes,4,aws
female,"tamil, english",bachelor's degree,information technology,3.99,1,1,3.87,Automation Test Engineer,"TestNG, Cypress, Python, CI/CD",moderate,kinesthetic,devops engineer,hybrid,excellent,yes,4,none
female,"english, sinhala",bachelor's degree,computer science,3.06,2,1,3.67,UI Designer,"Color Theory, Figma, Adobe XD, Photoshop",moderate,kinesthetic,software engineer,onsite,excellent,yes,11,azure
male,"tamil, english",bachelor's degree,data science,3.22,1,1,2.99,UX Designer,"Psychology, User Research, Figma, UX Testing",excellent,auditory,systems analyst,onsite,average,no,8,azure
female,english,bachelor's degree,information technology,2.74,2,1,2.82,Product Designer,"Prototyping, User Flow, UI Design, Design Systems",excellent,auditory,qa engineer,onsite,poor,no,10,aws
female,tamil,bachelor's degree,data science,2.87,2,1,3.35,Blockchain Developer,"Cryptography, Web3.js, Solidity, Node.js",low,visual,data scientist,onsite,poor,no,0,cisco
male,"tamil, english",bachelor's degree,computer science,2.36,2,1,2.25,IoT Engineer,"Cloud Integration, C/C++, MQTT, Raspberry Pi",low,visual,devops engineer,onsite,excellent,yes,11,google
male,"english, sinhala, tamil",bachelor's degree,cyber security,3.02,1,2,2.8,Embedded Systems Engineer,"IoT, C/C++, Microcontrollers, RTOS",moderate,auditory,data scientist,hybrid,average,yes,2,google
female,"english, sinhala, tamil",bachelor's degree,information technology,3.8,4,1,3.75,AR/VR Developer,"C#, Unreal Engine, XR SDKs, Blender",low,auditory,security engineer,hybrid,poor,no,4,cisco
male,"english, sinhala",bachelor's degree,information technology,2.65,3,2,3.71,SEO Specialist,"Backlinks, SEO Tools, Content Strategy, HTML",low,visual,security engineer,onsite,poor,yes,9,google
female,tamil,bachelor's degree,software engineering,3.76,4,1,2.65,IT Support Specialist,"Troubleshooting, Ticketing Systems, Hardware, Networking",low,kinesthetic,data scientist,remote,excellent,yes,9,cisco
female,"english, sinhala, tamil",bachelor's degree,information technology,3.39,1,2,3.68,Software Engineer,"Git, OOP, SQL, Spring Boot",moderate,auditory,qa engineer,hybrid,excellent,no,1,none
male,"tamil, english",bachelor's degree,data science,3.37,3,2,3.5,Full Stack Developer,"Node.js, MongoDB, React, JavaScript",low,auditory,devops engineer,onsite,poor,no,2,cisco
female,"english, sinhala",bachelor's degree,software engineering,3.86,3,2,2.44,Frontend Developer,"CSS, Tailwind CSS, React, JavaScript",low,visual,qa engineer,onsite,excellent,yes,4,aws
female,english,bachelor's degree,cyber security,3.85,3,1,3.65,Backend Developer,"Microservices, SQL, Spring Boot, Java",excellent,kinesthetic,data scientist,hybrid,excellent,yes,0,google
male,english,bachelor's degree,software engineering,3.12,2,2,2.26,Web Developer,"JavaScript, CSS, HTML, MySQL",excellent,auditory,devops engineer,remote,poor,yes,8,aws
female,"sinhala, tamil",bachelor's degree,information technology,2.86,2,1,3.29,Mobile App Developer,"Firebase, REST API, Swift, Flutter",low,kinesthetic,devops engineer,remote,excellent,yes,0,azure
male,"english, sinhala, tamil",bachelor's degree,software engineering,3.24,2,1,2.59,Data Scientist,"Pandas, Machine Learning, Tableau, NumPy",low,visual,security engineer,remote,excellent,no,5,cisco
male,"english, sinhala, tamil",bachelor's degree,data science,3.02,2,2,2.81,Data Analyst,"Power BI, SQL, Data Visualization, Excel",moderate,auditory,qa engineer,onsite,excellent,yes,0,none
male,"tamil, english",bachelor's degree,software engineering,2.37,4,1,3.99,Machine Learning Engineer,"Python, Pandas, NumPy, TensorFlow",low,auditory,qa engineer,remote,excellent,no,11,cisco
female,tamil,bachelor's degree,computer science,3.41,3,2,3.77,AI Engineer,"Python, NLP, PyTorch, LLMs",excellent,kinesthetic,software engineer,hybrid,poor,no,2,google
male,"tamil, english",bachelor's degree,cyber security,3.45,2,1,3.06,BI Developer,"Power BI, SQL, Tableau, DAX",excellent,kinesthetic,qa engineer,remote,average,yes,5,azure
male,"tamil, english",bachelor's degree,data science,3.4,2,2,3.45,DevOps Engineer,"Jenkins, Kubernetes, Linux, AWS",moderate,kinesthetic,software engineer,remote,average,no,6,google
male,english,bachelor's degree,computer science,2.43,3,2,3.94,Cloud Engineer,"GCP, Azure, Docker, AWS",moderate,kinesthetic,devops engineer,hybrid,poor,yes,5,azure
male,"english, sinhala, tamil",bachelor's degree,software engineering,3.84,3,1,3.74,Cloud Architect,"IaC, Networking, Microservices, Scalability",moderate,visual,qa engineer,onsite,poor,yes,12,azure
female,"tamil, english",bachelor's degree,cyber security,3.89,3,1,3.99,Cybersecurity Analyst,"Linux, SIEM, Networking, Risk Analysis",low,auditory,software engineer,onsite,poor,yes,7,azure
male,"english, sinhala",bachelor's degree,data science,3.55,2,1,3.89,Ethical Hacker,"Python, Nmap, Burp Suite, Wireshark",low,visual,devops engineer,remote,excellent,no,1,aws
female,"english, sinhala, tamil",bachelor's degree,cyber security,3.15,4,2,2.34,Security Engineer,"Encryption, Cloud Security, IAM, Firewalls",moderate,visual,data scientist,hybrid,excellent,no,1,none
male,"english, sinhala",bachelor's degree,data science,3.36,4,2,2.83,Information Security Analyst,"Networking, SIEM, Compliance, Incident Response",excellent,visual,security engineer,onsite,excellent,no,8,cisco
male,sinhala,bachelor's degree,information technology,2.71,2,1,3.9,Network Engineer,"Routing, VPN, Switching, Firewalls",moderate,visual,devops engineer,remote,poor,yes,4,azure
male,"english, sinhala, tamil",bachelor's degree,software engineering,2.63,3,1,3.92,System Administrator,"Windows Server, Active Directory, Virtualization, Networking",low,visual,devops engineer,onsite,poor,no,12,none
male,english,bachelor's degree,cyber security,2.31,2,2,3.56,IT Support Engineer,"Ticketing Tools, Windows, Active Directory, Troubleshooting",moderate,auditory,software engineer,hybrid,poor,yes,9,azure
female,english,bachelor's degree,software engineering,3.14,1,1,2.94,Hardware Engineer,"Circuit Design, Embedded C, Arduino, Electronics",moderate,auditory,devops engineer,onsite,poor,yes,6,cisco
female,"english, sinhala",bachelor's degree,software engineering,2.38,3,2,2.69,QA Engineer,"API Testing, Test Cases, Manual Testing, Jira",low,visual,devops engineer,hybrid,excellent,yes,11,google
female,"english, sinhala",bachelor's degree,computer science,3.4,1,2,3.14,Software Tester,"Test Plans, SQL, Bug Tracking, Manual Testing",low,visual,software engineer,hybrid,average,yes,3,none
female,"english, sinhala, tamil",bachelor's degree,information technology,3.54,1,2,3.25,Automation Test Engineer,"Java, TestNG, CI/CD, Cypress",moderate,visual,software engineer,remote,excellent,no,7,aws
male,"english, sinhala",bachelor's degree,software engineering,3.49,1,1,2.56,UI Designer,"Adobe XD, Photoshop, Color Theory, Figma",excellent,visual,security engineer,hybrid,poor,yes,0,cisco
male,tamil,bachelor's degree,software engineering,3.95,1,1,3.18,UX Designer,"User Research, Psychology, Figma, Wireframing",excellent,visual,systems analyst,onsite,average,yes,12,azure
female,"tamil, english",bachelor's degree,information technology,3.17,4,1,3.52,Product Designer,"Figma, Design Systems, User Flow, UI Design",excellent,kinesthetic,data scientist,remote,poor,no,1,azure
male,"english, sinhala, tamil",bachelor's degree,data science,2.9,4,1,2.3,Blockchain Developer,"Solidity, Node.js, Web3.js, Cryptography",low,kinesthetic,security engineer,onsite,poor,yes,1,aws
male,tamil,bachelor's degree,data science,2.43,3,1,2.33,IoT Engineer,"Arduino, Raspberry Pi, Cloud Integration, MQTT",moderate,visual,software engineer,onsite,excellent,no,5,cisco
female,"english, sinhala, tamil",bachelor's degree,data science,3.75,2,2,3.29,Embedded Systems Engineer,"Electronics, RTOS, IoT, PCB Design",excellent,visual,systems analyst,remote,excellent,yes,0,google
male,"sinhala, tamil",bachelor's degree,cyber security,2.83,2,1,2.93,AR/VR Developer,"Blender, C#, 3D Modeling, Unreal Engine",excellent,visual,data scientist,remote,excellent,yes,0,google
female,sinhala,bachelor's degree,data science,2.47,3,1,3.15,SEO Specialist,"Content Strategy, Google Analytics, Keyword Research, HTML",excellent,kinesthetic,security engineer,onsite,poor,no,10,none
female,tamil,bachelor's degree,cyber security,3.82,2,2,3.99,IT Support Specialist,"Windows, Hardware, Ticketing Systems, Troubleshooting",low,kinesthetic,data scientist,remote,poor,yes,3,azure
female,tamil,bachelor's degree,computer science,3.05,1,1,2.5,Software Engineer,"Python, OOP, Spring Boot, SQL",low,auditory,devops engineer,remote,average,no,5,azure
female,"tamil, english",bachelor's degree,computer science,3.0,4,2,2.63,Full Stack Developer,"MongoDB, Node.js, JavaScript, REST API",moderate,kinesthetic,systems analyst,onsite,poor,no,7,aws
male,"english, sinhala, tamil",bachelor's degree,software engineering,3.7,2,2,2.92,Frontend Developer,"HTML, CSS, React, JavaScript",excellent,auditory,security engineer,remote,poor,no,3,azure
male,tamil,bachelor's degree,computer science,2.27,2,2,3.97,Backend Developer,"Java, Node.js, Spring Boot, Microservices",moderate,kinesthetic,software engineer,remote,excellent,yes,1,cisco
male,"english, sinhala",bachelor's degree,computer science,2.61,4,1,2.36,Web Developer,"PHP, MySQL, JavaScript, CSS",excellent,kinesthetic,data scientist,remote,excellent,no,5,azure
female,"english, sinhala, tamil",bachelor's degree,computer science,3.67,1,1,3.14,Mobile App Developer,"Java, REST API, Kotlin, Swift",excellent,kinesthetic,systems analyst,remote,average,yes,5,aws
male,"english, sinhala, tamil",bachelor's degree,cyber security,2.7,2,1,2.65,Data Scientist,"Pandas, Python, Machine Learning, NumPy",moderate,kinesthetic,qa engineer,onsite,average,yes,3,cisco
male,tamil,bachelor's degree,software engineering,3.62,3,1,2.61,Data Analyst,"Data Visualization, Python, Excel, Statistics",moderate,kinesthetic,security engineer,onsite,excellent,no,2,cisco
female,english,bachelor's degree,information technology,2.11,1,2,2.71,Machine Learning Engineer,"Deep Learning, NumPy, TensorFlow, Scikit-learn",moderate,auditory,devops engineer,hybrid,poor,yes,8,aws
male,"english, sinhala",bachelor's degree,data science,3.75,2,2,3.75,AI Engineer,"LLMs, PyTorch, TensorFlow, NLP",low,auditory,devops engineer,hybrid,average,yes,7,none
female,"tamil, english",bachelor's degree,software engineering,3.92,2,2,2.27,BI Developer,"DAX, SQL, Tableau, Excel",low,kinesthetic,qa engineer,hybrid,excellent,no,11,google
male,"sinhala, tamil",bachelor's degree,data science,2.9,4,1,3.75,DevOps Engineer,"Kubernetes, AWS, Jenkins, CI/CD",excellent,auditory,security engineer,onsite,average,no,11,aws
female,"sinhala, tamil",bachelor's degree,computer science,3.5,3,1,3.68,Cloud Engineer,"Azure, Terraform, Docker, Kubernetes",excellent,auditory,security engineer,hybrid,average,yes,2,azure
female,tamil,bachelor's degree,information technology,3.14,1,1,2.94,Cloud Architect,"Security, Networking, IaC, Microservices",excellent,kinesthetic,security engineer,onsite,poor,yes,7,google
female,sinhala,bachelor's degree,information technology,3.28,3,2,3.95,Cybersecurity Analyst,"Python, Linux, Networking, Firewalls",low,kinesthetic,data scientist,onsite,excellent,no,9,cisco
female,"tamil, english",bachelor's degree,software engineering,2.11,2,2,3.52,Ethical Hacker,"Kali Linux, Metasploit, Python, Nmap",excellent,kinesthetic,devops engineer,hybrid,average,no,12,azure
female,"english, sinhala, tamil",bachelor's degree,cyber security,3.78,1,1,3.92,Security Engineer,"Firewalls, SIEM, Linux, Cloud Security",moderate,visual,devops engineer,hybrid,average,yes,2,aws
male,"english, sinhala",bachelor's degree,cyber security,2.43,3,1,3.29,Information Security Analyst,"Compliance, Networking, SOC Tools, Risk Assessment",excellent,visual,data scientist,remote,average,no,5,google
male,english,bachelor's degree,data science,3.6,4,1,2.8,Network Engineer,"Switching, VPN, Routing, Cisco",moderate,visual,devops engineer,hybrid,poor,yes,9,azure
female,"english, sinhala",bachelor's degree,information technology,3.13,3,2,3.39,System Administrator,"Linux, Bash, Networking, Active Directory",moderate,visual,qa engineer,remote,average,yes,12,google
male,english,bachelor's degree,information technology,3.88,4,1,3.08,IT Support Engineer,"Hardware, Active Directory, Networking, Troubleshooting",low,auditory,data scientist,hybrid,average,yes,7,google
female,english,bachelor's degree,cyber security,3.68,3,1,3.65,Hardware Engineer,"Microcontrollers, Electronics, Circuit Design, Arduino",low,auditory,devops engineer,onsite,excellent,no,6,google
female,"sinhala, tamil",bachelor's degree,computer science,3.2,2,2,3.46,QA Engineer,"API Testing, Manual Testing, SQL, Test Cases",excellent,kinesthetic,qa engineer,remote,excellent,no,10,google
male,"tamil, english",bachelor's degree,computer science,3.34,1,1,2.3,Software Tester,"SQL, Manual Testing, Agile, Test Plans",moderate,auditory,qa engineer,hybrid,average,yes,5,google
female,tamil,bachelor's degree,software engineering,3.41,4,2,3.49,Automation Test Engineer,"Cypress, Python, CI/CD, Java",low,visual,data scientist,hybrid,average,no,0,azure
female,sinhala,bachelor's degree,computer science,4.0,1,2,2.47,UI Designer,"Adobe XD, Figma, Photoshop, Color Theory",moderate,auditory,devops engineer,hybrid,average,no,12,cisco
female,english,bachelor's degree,information technology,2.87,1,1,3.13,UX Designer,"Prototyping, Wireframing, Psychology, User Research",moderate,kinesthetic,systems analyst,hybrid,average,yes,0,azure
male,"english, sinhala",bachelor's degree,computer science,2.45,2,2,2.79,Product Designer,"UI Design, Design Systems, User Flow, UX Research",low,kinesthetic,qa engineer,onsite,poor,yes,5,cisco
male,tamil,bachelor's degree,information technology,3.32,4,2,3.34,Blockchain Developer,"Web3.js, Solidity, Node.js, Cryptography",moderate,kinesthetic,data scientist,hybrid,excellent,no,7,none
female,"english, sinhala, tamil",bachelor's degree,data science,2.85,4,1,2.44,IoT Engineer,"Cloud Integration, MQTT, Raspberry Pi, C/C++",moderate,auditory,software engineer,hybrid,average,yes,2,none
female,"english, sinhala",bachelor's degree,cyber security,3.54,2,1,2.65,Embedded Systems Engineer,"Electronics, IoT, Microcontrollers, RTOS",moderate,visual,qa engineer,hybrid,excellent,no,1,cisco
male,english,bachelor's degree,software engineering,3.49,2,2,2.38,AR/VR Developer,"Blender, XR SDKs, Unreal Engine, 3D Modeling",excellent,visual,data scientist,hybrid,average,yes,3,azure
female,english,bachelor's degree,information technology,2.9,2,2,3.43,SEO Specialist,"HTML, Keyword Research, SEO Tools, Google Analytics",moderate,visual,software engineer,remote,excellent,no,1,cisco
female,tamil,bachelor's degree,information technology,3.39,2,2,3.51,IT Support Specialist,"Active Directory, Ticketing Systems, Windows, Troubleshooting",low,kinesthetic,qa engineer,hybrid,average,no,0,google
female,"tamil, english",bachelor's degree,software engineering,2.97,4,2,2.34,Software Engineer,"SQL, Spring Boot, Java, Python",moderate,auditory,data scientist,remote,average,no,1,none
female,sinhala,bachelor's degree,computer science,3.02,1,2,2.84,Full Stack Developer,"REST API, React, Express, Node.js",moderate,kinesthetic,devops engineer,hybrid,excellent,no,0,cisco
female,"english, sinhala, tamil",bachelor's degree,computer science,3.71,2,2,2.24,Frontend Developer,"Tailwind CSS, React, TypeScript, JavaScript",moderate,auditory,software engineer,remote,poor,yes,5,azure
male,"sinhala, tamil",bachelor's degree,computer science,3.02,4,2,3.96,Backend Developer,"SQL, Microservices, Java, Node.js",excellent,visual,software engineer,onsite,poor,yes,6,none
male,english,bachelor's degree,computer science,2.81,4,1,3.05,Web Developer,"PHP, JavaScript, Bootstrap, CSS",low,auditory,software engineer,onsite,poor,no,12,google
male,"english, sinhala",bachelor's degree,data science,2.68,4,2,2.82,Mobile App Developer,"Firebase, Flutter, Kotlin, Java",excellent,kinesthetic,security engineer,remote,average,no,11,google
female,"english, sinhala, tamil",bachelor's degree,computer science,3.05,1,2,2.59,Data Scientist,"SQL, Tableau, Pandas, Python",low,auditory,systems analyst,hybrid,average,no,3,none
male,"english, sinhala, tamil",bachelor's degree,cyber security,3.77,3,1,3.35,Data Analyst,"SQL, Statistics, Excel, Power BI",low,kinesthetic,devops engineer,hybrid,poor,yes,1,none
female,sinhala,bachelor's degree,information technology,3.06,1,1,2.51,Machine Learning Engineer,"Pandas, TensorFlow, Python, Deep Learning",excellent,kinesthetic,qa engineer,hybrid,excellent,yes,9,none
male,english,bachelor's degree,software engineering,2.96,2,1,3.76,AI Engineer,"TensorFlow, Python, LLMs, Data Processing",low,auditory,systems analyst,remote,excellent,yes,3,google
female,sinhala,bachelor's degree,computer science,3.4,1,1,2.85,BI Developer,"ETL Tools, SQL, DAX, Tableau",low,kinesthetic,data scientist,remote,average,no,8,google
female,"english, sinhala, tamil",bachelor's degree,data science,2.44,3,1,3.55,DevOps Engineer,"AWS, Kubernetes, Docker, Linux",moderate,kinesthetic,data scientist,onsite,average,no,3,google
female,tamil,bachelor's degree,information technology,3.28,1,1,2.94,Cloud Engineer,"Azure, AWS, Kubernetes, GCP",excellent,auditory,devops engineer,remote,excellent,yes,6,google
male,english,bachelor's degree,software engineering,3.81,3,2,3.7,Cloud Architect,"AWS/Azure Design, IaC, Networking, Scalability",moderate,auditory,qa engineer,hybrid,excellent,no,5,azure
female,sinhala,bachelor's degree,software engineering,3.19,2,1,3.67,Cybersecurity Analyst,"Risk Analysis, Linux, SIEM, Networking",low,auditory,software engineer,remote,poor,no,11,none
female,"english, sinhala, tamil",bachelor's degree,computer science,3.6,4,1,3.3,Ethical Hacker,"Kali Linux, Metasploit, Burp Suite, Wireshark",excellent,kinesthetic,systems analyst,onsite,excellent,yes,2,aws
male,"english, sinhala",bachelor's degree,software engineering,3.36,1,2,3.09,Security Engineer,"Cloud Security, IAM, Linux, Firewalls",low,kinesthetic,qa engineer,onsite,poor,yes,5,azure
male,tamil,bachelor's degree,cyber security,2.36,2,1,2.26,Information Security Analyst,"SIEM, Compliance, SOC Tools, Incident Response",excellent,visual,software engineer,onsite,average,yes,3,aws
female,"sinhala, tamil",bachelor's degree,data science,4.0,3,2,2.81,Network Engineer,"Switching, Firewalls, Cisco, Routing",moderate,kinesthetic,devops engineer,remote,average,yes,11,google
female,"tamil, english",bachelor's degree,software engineering,3.5,2,1,3.46,System Administrator,"Linux, Windows Server, Networking, Bash",excellent,visual,software engineer,onsite,excellent,yes,1,cisco
female,"tamil, english",bachelor's degree,computer science,2.94,2,1,2.48,IT Support Engineer,"Hardware, Networking, Ticketing Tools, Windows",moderate,kinesthetic,security engineer,hybrid,excellent,no,2,cisco
male,sinhala,bachelor's degree,data science,3.02,3,2,2.36,Hardware Engineer,"PCB Design, Microcontrollers, Arduino, Circuit Design",moderate,visual,software engineer,remote,excellent,yes,2,none
male,"sinhala, tamil",bachelor's degree,data science,3.11,4,2,2.92,QA Engineer,"API Testing, SQL, Jira, Selenium",low,auditory,qa engineer,remote,poor,no,8,aws
male,"tamil, english",bachelor's degree,data science,2.9,4,2,2.29,Software Tester,"Agile, Manual Testing, Selenium, Bug Tracking",moderate,auditory,software engineer,onsite,poor,no,7,azure
male,"english, sinhala",bachelor's degree,software engineering,2.35,1,2,2.37,Automation Test Engineer,"Cypress, Selenium, Python, TestNG",moderate,visual,security engineer,hybrid,poor,yes,1,azure
female,"sinhala, tamil",bachelor's degree,cyber security,3.2,2,2,2.35,UI Designer,"Color Theory, UI Principles, Prototyping, Adobe XD",excellent,auditory,qa engineer,remote,excellent,yes,7,azure
female,"english, sinhala, tamil",bachelor's degree,cyber security,2.69,1,1,3.06,UX Designer,"UX Testing, Figma, Wireframing, Prototyping",excellent,visual,software engineer,remote,poor,no,6,cisco
male,english,bachelor's degree,computer science,3.04,3,1,2.64,Product Designer,"UI Design, Prototyping, Design Systems, User Flow",moderate,kinesthetic,qa engineer,remote,poor,yes,6,azure
male,"sinhala, tamil",bachelor's degree,data science,3.05,2,2,2.33,Blockchain Developer,"Ethereum, Cryptography, Smart Contracts, Web3.js",low,auditory,data scientist,remote,average,yes,11,aws
male,tamil,bachelor's degree,software engineering,3.06,1,2,3.01,IoT Engineer,"Cloud Integration, MQTT, C/C++, Arduino",low,auditory,qa engineer,hybrid,average,no,5,azure
female,english,bachelor's degree,data science,2.61,3,2,2.73,Embedded Systems Engineer,"RTOS, Microcontrollers, C/C++, IoT",low,visual,software engineer,hybrid,excellent,no,11,azure
male,tamil,bachelor's degree,computer science,3.35,4,1,2.34,AR/VR Developer,"XR SDKs, Blender, Unity, Unreal Engine",moderate,visual,security engineer,onsite,excellent,yes,11,aws
female,english,bachelor's degree,information technology,2.39,3,2,3.48,SEO Specialist,"Content Strategy, SEO Tools, Keyword Research, Google Analytics",excellent,kinesthetic,systems analyst,onsite,average,no,7,cisco
female,"english, sinhala, tamil",bachelor's degree,data science,3.15,2,2,2.23,IT Support Specialist,"Ticketing Systems, Hardware, Active Directory, Troubleshooting",low,visual,systems analyst,hybrid,excellent,no,7,azure
female,"tamil, english",bachelor's degree,software engineering,3.35,2,1,3.28,Software Engineer,"Python, Git, Spring Boot, Java",low,visual,security engineer,onsite,average,yes,9,aws
male,"english, sinhala, tamil",bachelor's degree,cyber security,3.97,3,1,2.96,Full Stack Developer,"REST API, React, MongoDB, Node.js",moderate,visual,software engineer,remote,poor,no,9,cisco
male,"sinhala, tamil",bachelor's degree,software engineering,2.09,2,2,2.6,Frontend Developer,"JavaScript, TypeScript, HTML, Tailwind CSS",excellent,visual,devops engineer,remote,poor,yes,10,cisco
male,"english, sinhala, tamil",bachelor's degree,data science,2.44,4,1,3.36,Backend Developer,"Spring Boot, Java, SQL, Microservices",low,auditory,qa engineer,hybrid,excellent,no,6,aws
female,tamil,bachelor's degree,data science,2.66,2,2,3.19,Web Developer,"Bootstrap, CSS, MySQL, PHP",moderate,visual,software engineer,onsite,average,yes,12,cisco
female,"sinhala, tamil",bachelor's degree,software engineering,3.45,4,2,2.96,Mobile App Developer,"Kotlin, Java, Firebase, REST API",moderate,auditory,qa engineer,hybrid,poor,no,1,azure
female,tamil,bachelor's degree,cyber security,2.77,3,1,3.38,Data Scientist,"NumPy, SQL, Python, Pandas",excellent,auditory,devops engineer,onsite,poor,yes,6,google
female,"english, sinhala, tamil",bachelor's degree,information technology,3.58,2,1,2.87,Data Analyst,"Statistics, Data Visualization, SQL, Excel",moderate,visual,software engineer,remote,excellent,yes,9,google
male,"tamil, english",bachelor's degree,software engineering,3.65,2,2,3.26,Machine Learning Engineer,"Scikit-learn, Deep Learning, TensorFlow, NumPy",moderate,visual,data scientist,hybrid,average,yes,4,cisco
male,"english, sinhala",bachelor's degree,computer science,2.12,3,2,3.17,AI Engineer,"Python, Data Processing, NLP, PyTorch",moderate,auditory,security engineer,onsite,average,no,3,azure
male,"english, sinhala, tamil",bachelor's degree,computer science,3.35,2,2,2.51,BI Developer,"Power BI, Tableau, Excel, ETL Tools",excellent,auditory,data scientist,remote,poor,no,5,azure
male,"english, sinhala",bachelor's degree,software engineering,2.81,4,1,2.87,DevOps Engineer,"Docker, AWS, Linux, Kubernetes",excellent,visual,devops engineer,remote,excellent,no,10,aws
male,tamil,bachelor's degree,information technology,2.57,3,2,2.53,Cloud Engineer,"Terraform, Azure, Docker, GCP",low,visual,software engineer,hybrid,poor,no,12,azure
male,sinhala,bachelor's degree,computer science,3.4,3,2,2.96,Cloud Architect,"AWS/Azure Design, Microservices, Networking, IaC",excellent,auditory,security engineer,onsite,poor,yes,5,azure
male,"english, sinhala",bachelor's degree,computer science,4.0,1,2,2.72,Cybersecurity Analyst,"Risk Analysis, Python, SIEM, Linux",moderate,auditory,software engineer,onsite,average,yes,11,google
male,"english, sinhala, tamil",bachelor's degree,information technology,3.18,2,2,2.22,Ethical Hacker,"Kali Linux, Burp Suite, Metasploit, Python",low,kinesthetic,data scientist,onsite,average,yes,6,azure
male,"english, sinhala, tamil",bachelor's degree,computer science,2.52,1,2,2.92,Security Engineer,"Firewalls, IAM, Encryption, Linux",low,auditory,security engineer,hybrid,average,yes,10,azure
male,tamil,bachelor's degree,computer science,2.9,2,1,2.24,Information Security Analyst,"SOC Tools, Incident Response, SIEM, Networking",excellent,auditory,systems analyst,hybrid,excellent,no,7,azure
male,english,bachelor's degree,information technology,3.1,4,2,2.28,Network Engineer,"Cisco, Firewalls, VPN, Switching",excellent,visual,data scientist,onsite,poor,no,4,aws
male,english,bachelor's degree,information technology,2.71,2,1,3.68,System Administrator,"Networking, Linux, Active Directory, Windows Server",low,kinesthetic,qa engineer,onsite,poor,yes,8,aws
male,"english, sinhala",bachelor's degree,software engineering,3.71,1,1,3.65,IT Support Engineer,"Active Directory, Networking, Windows, Troubleshooting",low,kinesthetic,security engineer,hybrid,average,yes,1,google
female,"english, sinhala, tamil",bachelor's degree,data science,2.15,4,2,2.75,Hardware Engineer,"Circuit Design, Microcontrollers, Embedded C, Arduino",excellent,kinesthetic,qa engineer,hybrid,average,no,11,azure
male,"tamil, english",bachelor's degree,software engineering,2.38,1,2,2.53,QA Engineer,"API Testing, Jira, Test Cases, SQL",low,visual,security engineer,hybrid,excellent,no,4,azure
male,sinhala,bachelor's degree,cyber security,3.79,4,1,3.96,Software Tester,"Test Plans, Selenium, Manual Testing, Bug Tracking",moderate,kinesthetic,systems analyst,hybrid,poor,yes,12,google
female,"english, sinhala, tamil",bachelor's degree,software engineering,3.5,3,1,2.97,Automation Test Engineer,"Java, Python, TestNG, CI/CD",low,kinesthetic,systems analyst,onsite,average,no,7,none
female,"english, sinhala, tamil",bachelor's degree,data science,3.88,4,1,3.1,UI Designer,"UI Principles, Color Theory, Figma, Photoshop",low,kinesthetic,qa engineer,onsite,excellent,no,2,azure
female,english,bachelor's degree,data science,2.21,2,1,2.56,UX Designer,"Wireframing, Prototyping, Psychology, Figma",moderate,auditory,devops engineer,onsite,poor,no,0,none
male,"english, sinhala",bachelor's degree,software engineering,3.69,3,1,3.89,Product Designer,"UI Design, UX Research, Design Systems, Prototyping",low,visual,systems analyst,remote,average,no,12,google
male,"sinhala, tamil",bachelor's degree,data science,3.61,3,1,2.95,Blockchain Developer,"Ethereum, Cryptography, Node.js, Solidity",excellent,auditory,security engineer,hybrid,poor,yes,12,google
female,"english, sinhala, tamil",bachelor's degree,computer science,3.33,1,2,2.68,IoT Engineer,"Raspberry Pi, Sensors, C/C++, Cloud Integration",moderate,auditory,software engineer,remote,excellent,yes,2,cisco
female,english,bachelor's degree,cyber security,3.52,4,1,3.37,Embedded Systems Engineer,"RTOS, IoT, PCB Design, Microcontrollers",excellent,auditory,qa engineer,onsite,excellent,no,5,azure
male,tamil,bachelor's degree,information technology,2.22,4,1,2.25,AR/VR Developer,"XR SDKs, Blender, Unreal Engine, Unity",moderate,auditory,data scientist,hybrid,poor,yes,4,aws
male,"tamil, english",bachelor's degree,software engineering,2.05,3,1,3.49,SEO Specialist,"Keyword Research, Content Strategy, Backlinks, HTML",moderate,visual,devops engineer,remote,poor,yes,6,azure
female,"sinhala, tamil",bachelor's degree,software engineering,3.0,1,2,2.31,IT Support Specialist,"Ticketing Systems, Hardware, Troubleshooting, Windows",excellent,visual,qa engineer,remote,average,no,3,google
female,"sinhala, tamil",bachelor's degree,data science,2.81,1,2,3.67,Software Engineer,"Git, Spring Boot, Python, SQL",excellent,visual,qa engineer,remote,poor,no,3,google
female,english,bachelor's degree,computer science,2.75,4,2,2.95,Full Stack Developer,"JavaScript, Express, Node.js, REST API",excellent,auditory,devops engineer,remote,poor,yes,10,none
female,"tamil, english",bachelor's degree,information technology,3.64,3,2,3.51,Frontend Developer,"CSS, HTML, Tailwind CSS, React",low,visual,data scientist,hybrid,excellent,no,11,cisco
male,"tamil, english",bachelor's degree,software engineering,3.66,3,2,3.13,Backend Developer,"Node.js, REST API, SQL, Spring Boot",excellent,visual,data scientist,hybrid,average,no,7,aws
female,"english, sinhala, tamil",bachelor's degree,software engineering,4.0,4,1,3.07,Web Developer,"CSS, HTML, JavaScript, PHP",excellent,auditory,devops engineer,hybrid,poor,yes,12,cisco
female,tamil,bachelor's degree,data science,2.39,2,2,3.92,Mobile App Developer,"Firebase, REST API, Kotlin, Java",low,auditory,data scientist,remote,average,no,7,azure
female,"english, sinhala",bachelor's degree,cyber security,3.69,3,1,3.47,Data Scientist,"Tableau, SQL, Machine Learning, Pandas",excellent,kinesthetic,qa engineer,remote,poor,yes,1,aws
male,"english, sinhala, tamil",bachelor's degree,data science,3.77,2,2,3.7,Data Analyst,"SQL, Data Visualization, Statistics, Excel",low,kinesthetic,devops engineer,onsite,average,no,1,aws
female,tamil,bachelor's degree,computer science,3.44,2,1,2.42,Machine Learning Engineer,"Deep Learning, TensorFlow, NumPy, Scikit-learn",excellent,visual,software engineer,remote,average,no,0,aws
female,"tamil, english",bachelor's degree,information technology,3.74,2,2,3.14,AI Engineer,"LLMs, Data Processing, PyTorch, Python",excellent,auditory,data scientist,remote,excellent,no,3,none
male,english,bachelor's degree,cyber security,3.35,1,1,2.84,BI Developer,"Tableau, Power BI, SQL, DAX",excellent,kinesthetic,devops engineer,hybrid,average,yes,10,none
female,tamil,bachelor's degree,data science,3.57,4,1,3.66,DevOps Engineer,"Jenkins, Kubernetes, CI/CD, Linux",moderate,kinesthetic,security engineer,remote,average,no,12,none
female,"sinhala, tamil",bachelor's degree,computer science,2.78,3,1,2.65,Cloud Engineer,"GCP, Docker, Kubernetes, Azure",excellent,visual,systems analyst,onsite,excellent,no,8,none
female,"tamil, english",bachelor's degree,data science,3.91,2,2,2.36,Cloud Architect,"IaC, Networking, Microservices, AWS/Azure Design",excellent,visual,security engineer,remote,average,no,9,azure
female,english,bachelor's degree,software engineering,3.06,2,2,3.76,Cybersecurity Analyst,"Python, Networking, SIEM, Risk Analysis",moderate,auditory,security engineer,remote,poor,no,1,aws
female,tamil,bachelor's degree,information technology,3.24,3,2,3.73,Ethical Hacker,"Python, Wireshark, Burp Suite, Metasploit",moderate,visual,security engineer,hybrid,poor,yes,11,cisco
female,english,bachelor's degree,software engineering,2.91,2,1,3.78,Security Engineer,"IAM, Encryption, Firewalls, SIEM",excellent,auditory,qa engineer,remote,average,no,5,aws
female,sinhala,bachelor's degree,information technology,4.0,2,1,3.76,Information Security Analyst,"Networking, SOC Tools, Incident Response, SIEM",moderate,kinesthetic,qa engineer,onsite,poor,no,4,cisco
female,"tamil, english",bachelor's degree,software engineering,3.22,2,1,2.79,Network Engineer,"Cisco, Switching, TCP/IP, Routing",low,visual,security engineer,onsite,average,no,10,none
male,"sinhala, tamil",bachelor's degree,cyber security,3.76,4,1,4.0,System Administrator,"Bash, Windows Server, Active Directory, Linux",excellent,auditory,qa engineer,remote,average,no,4,cisco
male,"sinhala, tamil",bachelor's degree,software engineering,2.9,3,2,3.27,IT Support Engineer,"Hardware, Networking, Active Directory, Windows",excellent,auditory,devops engineer,remote,average,no,7,none
male,"sinhala, tamil",bachelor's degree,cyber security,3.1,4,2,2.35,Hardware Engineer,"Circuit Design, Arduino, Microcontrollers, Electronics",moderate,auditory,devops engineer,hybrid,average,yes,2,google
male,tamil,bachelor's degree,data science,3.49,2,2,3.62,QA Engineer,"API Testing, Selenium, SQL, Manual Testing",excellent,kinesthetic,systems analyst,onsite,excellent,no,4,aws
female,"english, sinhala",bachelor's degree,software engineering,2.65,2,1,2.25,Software Tester,"Manual Testing, Test Plans, Selenium, Bug Tracking",low,auditory,software engineer,remote,average,yes,0,none
female,"english, sinhala",bachelor's degree,cyber security,3.15,4,2,3.44,Automation Test Engineer,"Java, TestNG, CI/CD, Python",moderate,visual,security engineer,onsite,average,yes,1,azure
female,"sinhala, tamil",bachelor's degree,information technology,2.35,4,1,2.79,UI Designer,"UI Principles, Photoshop, Color Theory, Figma",excellent,kinesthetic,data scientist,onsite,poor,no,2,azure
female,"tamil, english",bachelor's degree,computer science,3.35,1,2,2.66,UX Designer,"Psychology, Prototyping, Figma, Wireframing",low,visual,devops engineer,hybrid,excellent,yes,8,aws
male,"english, sinhala, tamil",bachelor's degree,information technology,2.66,4,2,3.75,Product Designer,"Figma, UI Design, User Flow, Prototyping",low,auditory,software engineer,hybrid,average,no,1,cisco
female,"english, sinhala, tamil",bachelor's degree,computer science,3.24,4,1,2.57,Blockchain Developer,"Node.js, Smart Contracts, Web3.js, Solidity",moderate,auditory,qa engineer,hybrid,excellent,no,2,none
female,"tamil, english",bachelor's degree,information technology,2.1,4,1,2.48,IoT Engineer,"C/C++, Sensors, Cloud Integration, Raspberry Pi",excellent,kinesthetic,security engineer,onsite,poor,no,5,azure
female,"tamil, english",bachelor's degree,data science,3.69,3,2,3.72,Embedded Systems Engineer,"Electronics, RTOS, PCB Design, C/C++",moderate,auditory,security engineer,onsite,excellent,yes,4,aws
male,"tamil, english",bachelor's degree,software engineering,3.35,3,1,3.52,AR/VR Developer,"XR SDKs, Unity, Unreal Engine, C#",low,auditory,systems analyst,remote,average,yes,12,azure
female,"tamil, english",bachelor's degree,software engineering,3.35,1,2,3.02,SEO Specialist,"SEO Tools, Keyword Research, Backlinks, Content Strategy",low,kinesthetic,systems analyst,hybrid,average,yes,8,none
male,english,bachelor's degree,data science,4.0,1,1,2.41,IT Support Specialist,"Hardware, Ticketing Systems, Active Directory, Networking",low,kinesthetic,data scientist,remote,poor,no,8,aws
female,"sinhala, tamil",bachelor's degree,computer science,2.54,1,1,3.8,Software Engineer,"Spring Boot, OOP, Java, Git",excellent,visual,data scientist,onsite,poor,no,2,none
male,english,bachelor's degree,computer science,3.39,3,1,2.5,Full Stack Developer,"JavaScript, MongoDB, React, Express",moderate,auditory,software engineer,remote,average,yes,7,google
female,english,bachelor's degree,information technology,2.2,4,1,2.76,Frontend Developer,"CSS, HTML, Tailwind CSS, JavaScript",low,auditory,data scientist,hybrid,poor,yes,6,azure
female,sinhala,bachelor's degree,information technology,2.62,2,1,3.71,Backend Developer,"Microservices, Spring Boot, Java, SQL",moderate,visual,software engineer,remote,average,yes,2,google
male,sinhala,bachelor's degree,information technology,3.55,2,2,3.55,Web Developer,"JavaScript, Bootstrap, MySQL, PHP",excellent,visual,systems analyst,hybrid,average,yes,10,none
female,"english, sinhala, tamil",bachelor's degree,data science,3.59,4,2,3.87,Mobile App Developer,"Java, Flutter, REST API, Swift",low,auditory,systems analyst,hybrid,poor,no,3,azure
male,"english, sinhala",bachelor's degree,cyber security,2.73,3,1,2.31,Data Scientist,"Pandas, Tableau, Machine Learning, SQL",moderate,visual,data scientist,onsite,excellent,no,8,google
male,sinhala,bachelor's degree,computer science,3.61,3,2,3.56,Data Analyst,"Data Visualization, Power BI, Python, Statistics",excellent,visual,software engineer,onsite,average,no,9,none
female,"english, sinhala",bachelor's degree,information technology,3.22,2,1,2.79,Machine Learning Engineer,"Pandas, Deep Learning, NumPy, Python",excellent,kinesthetic,data scientist,onsite,excellent,no,10,none
male,"english, sinhala, tamil",bachelor's degree,computer science,3.23,1,1,3.24,AI Engineer,"PyTorch, Python, Data Processing, TensorFlow",low,visual,data scientist,hybrid,excellent,no,11,cisco
male,"tamil, english",bachelor's degree,cyber security,3.36,1,2,2.66,BI Developer,"Tableau, DAX, ETL Tools, SQL",moderate,kinesthetic,devops engineer,hybrid,poor,yes,4,cisco
female,"english, sinhala",bachelor's degree,software engineering,2.54,1,2,2.54,DevOps Engineer,"Jenkins, Kubernetes, Linux, Docker",moderate,visual,devops engineer,remote,average,no,7,azure
male,tamil,bachelor's degree,cyber security,2.89,1,1,2.3,Cloud Engineer,"Azure, AWS, GCP, Kubernetes",moderate,visual,security engineer,remote,excellent,no,9,none
female,sinhala,bachelor's degree,computer science,2.49,3,2,3.1,Cloud Architect,"Microservices, AWS/Azure Design, Security, Networking",low,kinesthetic,security engineer,remote,average,yes,11,none
male,tamil,bachelor's degree,information technology,3.16,3,2,2.32,Cybersecurity Analyst,"Firewalls, SIEM, Risk Analysis, Python",moderate,auditory,data scientist,hybrid,average,yes,11,none
female,"english, sinhala",bachelor's degree,data science,3.55,4,2,2.32,Ethical Hacker,"Kali Linux, Wireshark, Python, Burp Suite",low,visual,devops engineer,remote,average,no,0,aws
female,"sinhala, tamil",bachelor's degree,cyber security,3.63,4,2,3.76,Security Engineer,"Cloud Security, IAM, SIEM, Firewalls",moderate,auditory,qa engineer,remote,poor,no,5,aws
male,tamil,bachelor's degree,software engineering,2.61,2,2,3.25,Information Security Analyst,"Incident Response, Compliance, SOC Tools, Networking",excellent,auditory,qa engineer,remote,poor,yes,6,azure
male,english,bachelor's degree,data science,3.56,4,1,3.02,Network Engineer,"Switching, VPN, Routing, Firewalls",excellent,visual,data scientist,hybrid,excellent,no,8,azure
male,tamil,bachelor's degree,software engineering,3.63,4,2,2.6,System Administrator,"Virtualization, Windows Server, Linux, Bash",excellent,visual,software engineer,hybrid,average,yes,3,azure
male,"sinhala, tamil",bachelor's degree,cyber security,4.0,1,2,2.47,IT Support Engineer,"Hardware, Networking, Ticketing Tools, Windows",low,visual,qa engineer,onsite,poor,no,7,none
male,sinhala,bachelor's degree,computer science,3.09,4,1,2.94,Hardware Engineer,"Microcontrollers, Embedded C, Circuit Design, Arduino",excellent,kinesthetic,systems analyst,remote,poor,yes,9,google
male,"sinhala, tamil",bachelor's degree,computer science,3.44,1,1,2.74,QA Engineer,"SQL, Test Cases, Manual Testing, Selenium",excellent,auditory,data scientist,hybrid,excellent,yes,4,aws
female,"english, sinhala, tamil",bachelor's degree,data science,2.51,3,1,3.39,Software Tester,"Test Plans, Selenium, Bug Tracking, SQL",moderate,kinesthetic,devops engineer,remote,poor,yes,8,google
male,sinhala,bachelor's degree,information technology,3.52,2,1,2.37,Automation Test Engineer,"TestNG, CI/CD, Selenium, Java",excellent,kinesthetic,qa engineer,onsite,average,no,3,aws
male,"english, sinhala",bachelor's degree,software engineering,3.16,1,2,3.78,UI Designer,"Photoshop, Figma, UI Principles, Adobe XD",moderate,kinesthetic,qa engineer,remote,poor,no,8,azure
female,"tamil, english",bachelor's degree,cyber security,2.73,2,2,2.23,UX Designer,"Wireframing, Prototyping, Figma, Psychology",low,kinesthetic,data scientist,remote,average,yes,2,google
female,"english, sinhala",bachelor's degree,computer science,3.53,3,1,2.22,Product Designer,"Design Systems, UX Research, Figma, Prototyping",excellent,visual,security engineer,onsite,excellent,yes,12,cisco
male,tamil,bachelor's degree,software engineering,2.27,4,1,2.49,Blockchain Developer,"Ethereum, Node.js, Solidity, Smart Contracts",low,auditory,qa engineer,hybrid,excellent,yes,10,cisco
male,"english, sinhala, tamil",bachelor's degree,data science,2.69,4,2,2.52,IoT Engineer,"Cloud Integration, Sensors, C/C++, MQTT",excellent,auditory,security engineer,onsite,poor,yes,7,google
female,"english, sinhala, tamil",bachelor's degree,data science,3.77,3,2,3.12,Embedded Systems Engineer,"Microcontrollers, IoT, RTOS, PCB Design",moderate,kinesthetic,data scientist,hybrid,poor,yes,11,none
female,sinhala,bachelor's degree,data science,3.3,1,1,3.02,AR/VR Developer,"Unreal Engine, 3D Modeling, Unity, Blender",excellent,visual,data scientist,onsite,average,yes,3,azure
female,tamil,bachelor's degree,information technology,2.13,1,2,3.93,SEO Specialist,"Keyword Research, Google Analytics, Backlinks, HTML",excellent,auditory,security engineer,hybrid,excellent,no,5,azure
female,"english, sinhala, tamil",bachelor's degree,cyber security,3.73,2,2,2.92,IT Support Specialist,"Ticketing Systems, Active Directory, Windows, Networking",moderate,visual,data scientist,onsite,excellent,no,2,none
female,"english, sinhala, tamil",bachelor's degree,data science,4.0,3,1,2.6,Software Engineer,"Spring Boot, Java, Python, OOP",moderate,auditory,devops engineer,remote,poor,yes,0,cisco
female,tamil,bachelor's degree,information technology,2.81,3,1,3.83,Full Stack Developer,"JavaScript, MongoDB, REST API, Express",low,kinesthetic,systems analyst,remote,excellent,no,2,aws
male,"tamil, english",bachelor's degree,software engineering,3.26,4,2,3.25,Frontend Developer,"Tailwind CSS, CSS, React, JavaScript",excellent,auditory,devops engineer,remote,average,yes,10,none
male,"english, sinhala, tamil",bachelor's degree,software engineering,2.5,3,2,3.63,Backend Developer,"REST API, Spring Boot, Microservices, Node.js",excellent,kinesthetic,data scientist,onsite,poor,yes,4,aws
female,english,bachelor's degree,data science,3.03,3,2,3.53,Web Developer,"HTML, MySQL, Bootstrap, CSS",moderate,kinesthetic,software engineer,hybrid,average,yes,1,azure
male,english,bachelor's degree,software engineering,2.19,4,1,2.86,Mobile App Developer,"Swift, Firebase, Kotlin, Flutter",low,visual,software engineer,remote,average,yes,2,none
male,tamil,bachelor's degree,cyber security,2.7,3,1,3.12,Data Scientist,"Python, SQL, NumPy, Tableau",moderate,visual,software engineer,onsite,average,yes,10,cisco
female,"sinhala, tamil",bachelor's degree,computer science,2.24,4,1,2.95,Data Analyst,"Power BI, Excel, SQL, Statistics",low,kinesthetic,devops engineer,remote,poor,no,12,aws
female,sinhala,bachelor's degree,cyber security,2.67,1,1,3.5,Machine Learning Engineer,"Pandas, Deep Learning, Scikit-learn, TensorFlow",moderate,auditory,systems analyst,remote,average,no,11,aws
female,"english, sinhala",bachelor's degree,data science,3.38,3,2,3.92,AI Engineer,"Python, TensorFlow, PyTorch, Data Processing",low,visual,security engineer,onsite,excellent,no,7,none
male,"sinhala, tamil",bachelor's degree,information technology,3.29,1,2,2.48,BI Developer,"Tableau, ETL Tools, DAX, SQL",excellent,kinesthetic,software engineer,remote,average,no,5,google
female,"sinhala, tamil",bachelor's degree,computer science,3.75,2,2,3.75,DevOps Engineer,"CI/CD, AWS, Linux, Docker",moderate,visual,devops engineer,remote,excellent,no,9,aws
female,"tamil, english",bachelor's degree,data science,2.44,4,2,3.08,Cloud Engineer,"Docker, GCP, AWS, Kubernetes",moderate,auditory,systems analyst,remote,poor,no,0,cisco
female,sinhala,bachelor's degree,information technology,3.62,4,1,2.36,Cloud Architect,"IaC, Networking, Security, AWS/Azure Design",excellent,visual,security engineer,remote,average,yes,3,none
male,"english, sinhala",bachelor's degree,computer science,3.11,3,2,3.07,Cybersecurity Analyst,"Python, Firewalls, SIEM, Linux",low,kinesthetic,devops engineer,remote,average,yes,5,google
female,"english, sinhala, tamil",bachelor's degree,cyber security,2.9,2,2,2.29,Ethical Hacker,"Nmap, Burp Suite, Wireshark, Kali Linux",excellent,auditory,qa engineer,hybrid,poor,no,3,aws
male,english,bachelor's degree,software engineering,2.56,4,1,3.52,Security Engineer,"Firewalls, Cloud Security, Linux, IAM",low,kinesthetic,data scientist,onsite,excellent,no,5,aws
female,tamil,bachelor's degree,software engineering,3.02,3,1,3.21,Information Security Analyst,"Compliance, SIEM, Risk Assessment, Networking",low,kinesthetic,security engineer,remote,poor,no,9,google
female,"english, sinhala, tamil",bachelor's degree,computer science,2.11,4,2,3.7,Network Engineer,"Cisco, Routing, TCP/IP, VPN",moderate,auditory,security engineer,hybrid,average,yes,5,google
male,"english, sinhala, tamil",bachelor's degree,cyber security,2.99,3,2,3.31,System Administrator,"Active Directory, Linux, Bash, Virtualization",moderate,visual,qa engineer,hybrid,average,yes,7,none
male,"english, sinhala, tamil",bachelor's degree,computer science,3.22,3,1,2.36,IT Support Engineer,"Networking, Active Directory, Ticketing Tools, Hardware",moderate,visual,data scientist,onsite,excellent,yes,2,aws
male,english,bachelor's degree,cyber security,2.42,3,1,3.23,Hardware Engineer,"PCB Design, Circuit Design, Embedded C, Microcontrollers",excellent,kinesthetic,qa engineer,remote,average,no,10,azure
male,"tamil, english",bachelor's degree,cyber security,2.5,3,2,3.34,QA Engineer,"API Testing, SQL, Manual Testing, Jira",low,kinesthetic,data scientist,remote,poor,yes,4,none
female,"sinhala, tamil",bachelor's degree,cyber security,2.27,4,1,3.19,Software Tester,"Test Plans, Selenium, Bug Tracking, Manual Testing",excellent,auditory,data scientist,remote,excellent,no,8,azure
female,"english, sinhala, tamil",bachelor's degree,data science,2.51,2,2,2.29,Automation Test Engineer,"TestNG, Selenium, Java, Python",low,kinesthetic,qa engineer,remote,average,yes,1,google
female,"sinhala, tamil",bachelor's degree,computer science,2.76,2,1,3.41,UI Designer,"Figma, Color Theory, Photoshop, Prototyping",excellent,visual,security engineer,onsite,average,yes,1,aws
male,english,bachelor's degree,data science,3.4,4,1,2.71,UX Designer,"Prototyping, Wireframing, Figma, User Research",moderate,visual,devops engineer,hybrid,average,no,3,azure
male,english,bachelor's degree,information technology,2.67,1,1,3.17,Product Designer,"UX Research, Prototyping, UI Design, User Flow",low,auditory,systems analyst,hybrid,average,no,7,cisco
female,sinhala,bachelor's degree,computer science,3.84,1,2,2.21,Blockchain Developer,"Smart Contracts, Solidity, Cryptography, Node.js",moderate,auditory,software engineer,hybrid,excellent,no,7,azure
male,"english, sinhala, tamil",bachelor's degree,cyber security,2.82,3,1,3.33,IoT Engineer,"Sensors, Arduino, Cloud Integration, C/C++",low,auditory,software engineer,hybrid,excellent,no,7,cisco
female,"english, sinhala",bachelor's degree,software engineering,2.76,2,2,3.19,Embedded Systems Engineer,"Microcontrollers, IoT, RTOS, Electronics",moderate,visual,devops engineer,remote,average,yes,1,none
female,"english, sinhala, tamil",bachelor's degree,computer science,4.0,1,1,2.54,AR/VR Developer,"C#, Unreal Engine, Blender, 3D Modeling",excellent,visual,security engineer,remote,poor,no,1,none
male,english,bachelor's degree,information technology,2.21,3,2,3.68,SEO Specialist,"Backlinks, HTML, Keyword Research, SEO Tools",low,kinesthetic,qa engineer,onsite,average,yes,5,google
male,english,bachelor's degree,computer science,3.7,4,1,3.81,IT Support Specialist,"Troubleshooting, Windows, Ticketing Systems, Active Directory",excellent,auditory,systems analyst,remote,excellent,no,7,google
female,"english, sinhala",bachelor's degree,cyber security,3.35,1,2,2.87,Software Engineer,"Python, Git, Spring Boot, OOP",excellent,kinesthetic,qa engineer,remote,excellent,no,8,aws
male,"english, sinhala, tamil",bachelor's degree,information technology,2.71,2,1,3.37,Full Stack Developer,"REST API, MongoDB, Node.js, Express",excellent,auditory,data scientist,hybrid,poor,yes,8,aws
female,english,bachelor's degree,cyber security,3.92,4,2,2.51,Frontend Developer,"React, TypeScript, HTML, Tailwind CSS",excellent,kinesthetic,devops engineer,onsite,average,no,9,cisco
female,sinhala,bachelor's degree,computer science,2.81,1,2,3.71,Backend Developer,"SQL, REST API, Microservices, Node.js",moderate,auditory,devops engineer,onsite,poor,yes,0,cisco
female,english,bachelor's degree,software engineering,4.0,4,2,2.74,Web Developer,"Bootstrap, CSS, MySQL, PHP",moderate,auditory,qa engineer,remote,average,no,2,google
male,tamil,bachelor's degree,cyber security,4.0,1,1,2.52,Mobile App Developer,"Kotlin, Swift, REST API, Java",moderate,kinesthetic,systems analyst,onsite,excellent,yes,3,cisco
male,"sinhala, tamil",bachelor's degree,information technology,2.6,2,1,3.61,Data Scientist,"Machine Learning, SQL, Python, NumPy",excellent,kinesthetic,data scientist,onsite,average,yes,6,cisco
male,"english, sinhala, tamil",bachelor's degree,data science,3.81,1,1,2.51,Data Analyst,"Statistics, Power BI, Data Visualization, Excel",low,visual,devops engineer,hybrid,average,no,5,none
female,tamil,bachelor's degree,cyber security,2.16,1,2,2.91,Machine Learning Engineer,"Python, Deep Learning, Scikit-learn, NumPy",excellent,visual,security engineer,onsite,excellent,no,12,azure
male,sinhala,bachelor's degree,software engineering,4.0,3,1,3.5,AI Engineer,"NLP, PyTorch, Data Processing, LLMs",excellent,auditory,systems analyst,hybrid,excellent,no,6,none
male,"sinhala, tamil",bachelor's degree,computer science,3.24,3,2,3.78,BI Developer,"ETL Tools, Tableau, Power BI, Excel",excellent,kinesthetic,devops engineer,hybrid,excellent,no,1,google
male,tamil,bachelor's degree,software engineering,2.88,1,2,2.9,DevOps Engineer,"AWS, Docker, Jenkins, Linux",excellent,auditory,devops engineer,remote,excellent,no,11,azure
male,"sinhala, tamil",bachelor's degree,cyber security,2.58,3,2,2.84,Cloud Engineer,"Kubernetes, AWS, Docker, Terraform",excellent,auditory,data scientist,onsite,poor,no,0,cisco
female,tamil,bachelor's degree,computer science,2.61,4,2,2.95,Cloud Architect,"Scalability, Networking, Security, Microservices",excellent,kinesthetic,data scientist,remote,poor,yes,4,google
male,"english, sinhala",bachelor's degree,information technology,3.72,4,1,2.52,Cybersecurity Analyst,"Firewalls, Risk Analysis, Linux, Networking",moderate,auditory,qa engineer,onsite,poor,yes,0,aws
female,"tamil, english",bachelor's degree,software engineering,3.61,4,2,2.66,Ethical Hacker,"Python, Wireshark, Kali Linux, Burp Suite",low,kinesthetic,devops engineer,onsite,average,yes,4,cisco
male,"tamil, english",bachelor's degree,cyber security,3.2,4,2,3.31,Security Engineer,"Linux, SIEM, IAM, Encryption",excellent,auditory,qa engineer,hybrid,excellent,yes,8,google
male,sinhala,bachelor's degree,information technology,2.67,1,1,2.5,Information Security Analyst,"Networking, Incident Response, Risk Assessment, SOC Tools",moderate,kinesthetic,devops engineer,remote,poor,yes,0,google
male,tamil,bachelor's degree,software engineering,3.03,3,1,3.18,Network Engineer,"TCP/IP, Switching, Routing, VPN",low,visual,qa engineer,remote,average,yes,6,none
female,"english, sinhala",bachelor's degree,computer science,2.59,2,2,2.8,System Administrator,"Networking, Virtualization, Windows Server, Active Directory",excellent,kinesthetic,software engineer,remote,excellent,yes,4,aws
female,english,bachelor's degree,cyber security,2.32,3,1,3.03,IT Support Engineer,"Hardware, Windows, Ticketing Tools, Networking",moderate,kinesthetic,systems analyst,hybrid,poor,yes,3,azure
female,"english, sinhala",bachelor's degree,computer science,3.68,3,1,2.26,Hardware Engineer,"Arduino, Electronics, Microcontrollers, PCB Design",moderate,visual,devops engineer,onsite,excellent,yes,4,azure
male,"tamil, english",bachelor's degree,data science,3.23,4,2,2.84,QA Engineer,"Selenium, Manual Testing, API Testing, SQL",moderate,auditory,qa engineer,remote,excellent,yes,4,cisco
male,"sinhala, tamil",bachelor's degree,computer science,2.34,3,2,2.85,Software Tester,"Bug Tracking, Manual Testing, Test Plans, Agile",moderate,auditory,software engineer,remote,excellent,no,12,google
male,"sinhala, tamil",bachelor's degree,cyber security,3.04,1,1,2.22,Automation Test Engineer,"Selenium, Python, Cypress, CI/CD",low,kinesthetic,systems analyst,remote,average,no,4,cisco
male,sinhala,bachelor's degree,data science,3.55,3,2,3.24,UI Designer,"Color Theory, Prototyping, Photoshop, UI Principles",low,visual,software engineer,hybrid,poor,no,7,none
male,"sinhala, tamil",bachelor's degree,data science,3.75,2,2,2.47,UX Designer,"Wireframing, Prototyping, Psychology, UX Testing",moderate,auditory,security engineer,hybrid,average,yes,7,azure
female,tamil,bachelor's degree,data science,3.96,4,1,3.34,Product Designer,"UX Research, Prototyping, Design Systems, User Flow",moderate,kinesthetic,security engineer,remote,average,yes,3,cisco
male,sinhala,bachelor's degree,computer science,2.96,1,1,3.66,Blockchain Developer,"Ethereum, Solidity, Cryptography, Smart Contracts",low,auditory,devops engineer,hybrid,average,no,9,none
male,"english, sinhala",bachelor's degree,computer science,2.69,2,1,2.25,IoT Engineer,"C/C++, Sensors, Cloud Integration, Arduino",low,kinesthetic,devops engineer,remote,average,no,3,google
female,"sinhala, tamil",bachelor's degree,software engineering,3.24,4,2,3.82,Embedded Systems Engineer,"PCB Design, RTOS, Microcontrollers, C/C++",excellent,kinesthetic,data scientist,onsite,average,yes,8,aws
male,sinhala,bachelor's degree,cyber security,3.51,2,1,3.65,AR/VR Developer,"Unreal Engine, Blender, XR SDKs, 3D Modeling",low,visual,software engineer,hybrid,poor,yes,3,google
female,"tamil, english",bachelor's degree,data science,3.46,4,2,3.67,SEO Specialist,"SEO Tools, HTML, Content Strategy, Google Analytics",low,visual,devops engineer,onsite,poor,no,9,google
male,"tamil, english",bachelor's degree,software engineering,3.6,3,2,3.39,IT Support Specialist,"Troubleshooting, Active Directory, Windows, Ticketing Systems",low,kinesthetic,qa engineer,hybrid,average,no,11,none
male,sinhala,bachelor's degree,software engineering,2.56,3,1,2.49,Software Engineer,"Git, Java, OOP, Spring Boot",low,auditory,qa engineer,hybrid,poor,yes,1,google
male,tamil,bachelor's degree,software engineering,3.12,1,2,2.93,Full Stack Developer,"Express, React, JavaScript, Node.js",excellent,auditory,security engineer,hybrid,poor,yes,9,aws
male,tamil,bachelor's degree,information technology,3.75,1,1,3.99,Frontend Developer,"HTML, CSS, TypeScript, Tailwind CSS",moderate,kinesthetic,qa engineer,hybrid,average,yes,1,none
female,english,bachelor's degree,information technology,3.63,3,2,3.0,Backend Developer,"Node.js, Microservices, Spring Boot, SQL",moderate,kinesthetic,qa engineer,onsite,poor,yes,5,cisco
female,sinhala,bachelor's degree,cyber security,3.59,2,2,3.49,Web Developer,"CSS, MySQL, HTML, PHP",low,auditory,software engineer,onsite,excellent,yes,3,none
male,"english, sinhala, tamil",bachelor's degree,information technology,3.5,4,1,3.17,Mobile App Developer,"Firebase, REST API, Kotlin, Swift",excellent,auditory,devops engineer,onsite,average,yes,10,cisco
female,"tamil, english",bachelor's degree,information technology,2.39,2,1,2.97,Data Scientist,"SQL, Tableau, NumPy, Machine Learning",low,visual,systems analyst,onsite,excellent,yes,5,azure
male,tamil,bachelor's degree,cyber security,3.47,2,2,3.01,Data Analyst,"SQL, Excel, Power BI, Data Visualization",moderate,kinesthetic,software engineer,hybrid,excellent,yes,4,aws
male,english,bachelor's degree,software engineering,2.7,3,2,3.5,Machine Learning Engineer,"NumPy, Scikit-learn, Deep Learning, TensorFlow",excellent,visual,data scientist,remote,poor,yes,7,cisco
female,"sinhala, tamil",bachelor's degree,data science,3.26,2,1,2.51,AI Engineer,"LLMs, PyTorch, NLP, TensorFlow",low,auditory,systems analyst,onsite,excellent,yes,4,google
male,"english, sinhala",bachelor's degree,data science,3.36,1,1,2.72,BI Developer,"DAX, Power BI, ETL Tools, Tableau",moderate,kinesthetic,software engineer,remote,excellent,no,4,azure
female,english,bachelor's degree,computer science,3.64,2,1,2.36,DevOps Engineer,"CI/CD, Kubernetes, Linux, Jenkins",moderate,auditory,data scientist,hybrid,excellent,yes,3,azure
male,"sinhala, tamil",bachelor's degree,computer science,2.54,1,2,2.6,Cloud Engineer,"Terraform, Docker, AWS, GCP",moderate,visual,qa engineer,remote,average,yes,11,none
female,"english, sinhala",bachelor's degree,information technology,3.7,4,1,3.8,Cloud Architect,"Networking, Security, IaC, Scalability",moderate,auditory,devops engineer,hybrid,poor,yes,9,azure
female,sinhala,bachelor's degree,cyber security,3.79,2,1,2.32,Cybersecurity Analyst,"Python, SIEM, Firewalls, Risk Analysis",moderate,visual,software engineer,remote,average,no,5,aws
male,"sinhala, tamil",bachelor's degree,information technology,2.39,2,2,2.58,Ethical Hacker,"Metasploit, Kali Linux, Wireshark, Nmap",low,visual,software engineer,hybrid,poor,yes,11,azure
female,"english, sinhala, tamil",bachelor's degree,information technology,3.31,1,2,3.36,Security Engineer,"SIEM, IAM, Encryption, Firewalls",excellent,visual,data scientist,hybrid,excellent,no,4,cisco
male,"tamil, english",bachelor's degree,software engineering,2.33,1,1,3.82,Information Security Analyst,"SIEM, SOC Tools, Compliance, Networking",moderate,auditory,data scientist,hybrid,excellent,yes,3,google
male,tamil,bachelor's degree,software engineering,4.0,2,1,3.58,Network Engineer,"VPN, TCP/IP, Routing, Switching",moderate,kinesthetic,qa engineer,hybrid,average,no,9,cisco
female,"english, sinhala, tamil",bachelor's degree,data science,3.82,1,1,3.09,System Administrator,"Linux, Networking, Windows Server, Active Directory",low,kinesthetic,qa engineer,hybrid,poor,yes,8,aws
male,"tamil, english",bachelor's degree,cyber security,3.98,3,1,3.78,IT Support Engineer,"Windows, Troubleshooting, Hardware, Active Directory",low,visual,software engineer,hybrid,average,no,0,google
male,"sinhala, tamil",bachelor's degree,computer science,3.47,2,1,2.43,Hardware Engineer,"Microcontrollers, Electronics, PCB Design, Arduino",excellent,auditory,security engineer,remote,excellent,yes,12,aws
male,"english, sinhala, tamil",bachelor's degree,computer science,3.24,3,2,3.52,QA Engineer,"Manual Testing, Test Cases, Jira, Selenium",low,visual,systems analyst,hybrid,average,yes,0,azure
male,"english, sinhala",bachelor's degree,information technology,2.5,1,2,2.33,Software Tester,"Test Plans, Manual Testing, Selenium, Agile",low,kinesthetic,devops engineer,remote,average,yes,0,azure
female,"sinhala, tamil",bachelor's degree,information technology,2.51,3,2,3.78,Automation Test Engineer,"TestNG, Python, Cypress, Java",excellent,kinesthetic,qa engineer,hybrid,average,no,2,azure
female,sinhala,bachelor's degree,cyber security,2.85,1,1,3.49,UI Designer,"Color Theory, Adobe XD, UI Principles, Prototyping",low,visual,devops engineer,remote,poor,yes,12,none
female,"english, sinhala, tamil",bachelor's degree,software engineering,2.53,1,2,3.61,UX Designer,"Wireframing, Figma, User Research, UX Testing",excellent,visual,data scientist,hybrid,average,yes,11,cisco
female,english,bachelor's degree,software engineering,2.55,2,1,2.49,Product Designer,"UX Research, Figma, User Flow, Prototyping",moderate,kinesthetic,systems analyst,remote,poor,no,4,azure
male,english,bachelor's degree,cyber security,3.6,1,2,3.12,Blockchain Developer,"Node.js, Ethereum, Smart Contracts, Cryptography",excellent,kinesthetic,security engineer,hybrid,poor,no,2,azure
female,sinhala,bachelor's degree,cyber security,2.24,4,1,3.8,IoT Engineer,"Arduino, Raspberry Pi, Sensors, MQTT",excellent,kinesthetic,software engineer,onsite,average,no,1,aws
male,"tamil, english",bachelor's degree,software engineering,2.99,3,1,2.69,Embedded Systems Engineer,"Electronics, Microcontrollers, C/C++, PCB Design",moderate,kinesthetic,devops engineer,hybrid,average,no,8,google
female,"sinhala, tamil",bachelor's degree,data science,2.55,3,2,3.93,AR/VR Developer,"Unreal Engine, XR SDKs, Blender, C#",moderate,visual,data scientist,hybrid,average,no,10,cisco
female,"tamil, english",bachelor's degree,cyber security,3.16,2,2,2.24,SEO Specialist,"Backlinks, HTML, Content Strategy, Google Analytics",moderate,kinesthetic,software engineer,hybrid,poor,yes,3,azure
male,english,bachelor's degree,software engineering,3.68,2,1,2.62,IT Support Specialist,"Networking, Ticketing Systems, Windows, Troubleshooting",excellent,visual,data scientist,onsite,excellent,no,0,none
male,"english, sinhala",bachelor's degree,software engineering,3.35,2,1,3.94,Software Engineer,"Python, Java, OOP, Git",excellent,visual,data scientist,onsite,average,yes,2,google
male,sinhala,bachelor's degree,cyber security,2.98,1,1,3.36,Full Stack Developer,"Node.js, Express, JavaScript, React",low,auditory,security engineer,onsite,excellent,yes,12,azure
male,sinhala,bachelor's degree,software engineering,3.84,3,1,2.27,Frontend Developer,"Tailwind CSS, HTML, React, JavaScript",excellent,auditory,security engineer,hybrid,average,no,0,google
female,english,bachelor's degree,information technology,3.6,2,2,2.63,Backend Developer,"Microservices, Java, SQL, Node.js",excellent,kinesthetic,devops engineer,remote,poor,yes,7,azure
female,english,bachelor's degree,computer science,2.38,1,1,3.05,Web Developer,"CSS, HTML, JavaScript, Bootstrap",low,kinesthetic,qa engineer,hybrid,average,yes,6,google
female,"english, sinhala, tamil",bachelor's degree,data science,3.77,4,1,2.78,Mobile App Developer,"Firebase, Java, REST API, Swift",low,visual,devops engineer,onsite,excellent,yes,7,azure
female,"sinhala, tamil",bachelor's degree,computer science,3.14,3,2,3.89,Data Scientist,"SQL, NumPy, Tableau, Machine Learning",moderate,auditory,software engineer,remote,average,no,9,google
female,"sinhala, tamil",bachelor's degree,cyber security,3.35,4,1,2.47,Data Analyst,"Power BI, Python, SQL, Excel",low,kinesthetic,systems analyst,hybrid,average,no,8,cisco
female,english,bachelor's degree,computer science,3.53,3,2,3.89,Machine Learning Engineer,"NumPy, Pandas, TensorFlow, Python",low,kinesthetic,devops engineer,onsite,excellent,no,8,none
male,sinhala,bachelor's degree,cyber security,3.35,1,2,2.35,AI Engineer,"Data Processing, LLMs, Python, TensorFlow",excellent,kinesthetic,software engineer,remote,average,no,9,aws
male,"tamil, english",bachelor's degree,data science,3.04,2,1,3.77,BI Developer,"ETL Tools, Excel, Tableau, Power BI",low,auditory,devops engineer,onsite,excellent,no,3,cisco
female,"sinhala, tamil",bachelor's degree,software engineering,3.6,3,2,3.15,DevOps Engineer,"Linux, Docker, AWS, Jenkins",low,kinesthetic,systems analyst,hybrid,excellent,no,7,cisco
male,sinhala,bachelor's degree,data science,2.92,3,2,3.12,Cloud Engineer,"Azure, Docker, Kubernetes, AWS",excellent,kinesthetic,devops engineer,hybrid,average,yes,10,none
female,"english, sinhala, tamil",bachelor's degree,computer science,4.0,2,2,2.32,Cloud Architect,"Microservices, AWS/Azure Design, Security, Networking",excellent,auditory,qa engineer,hybrid,average,no,6,aws
male,"english, sinhala, tamil",bachelor's degree,data science,3.13,2,2,3.57,Cybersecurity Analyst,"SIEM, Risk Analysis, Python, Firewalls",low,kinesthetic,qa engineer,onsite,average,yes,1,none
female,"english, sinhala",bachelor's degree,cyber security,3.27,2,1,3.94,Ethical Hacker,"Burp Suite, Metasploit, Kali Linux, Python",moderate,auditory,data scientist,onsite,excellent,yes,10,azure
female,english,bachelor's degree,computer science,2.39,4,2,2.37,Security Engineer,"SIEM, Encryption, IAM, Firewalls",excellent,auditory,data scientist,hybrid,average,no,1,google
female,"english, sinhala, tamil",bachelor's degree,information technology,3.26,1,1,2.34,Information Security Analyst,"SIEM, Networking, Compliance, SOC Tools",moderate,visual,devops engineer,remote,average,no,9,none
male,"english, sinhala, tamil",bachelor's degree,data science,2.99,3,1,3.99,Network Engineer,"Firewalls, Cisco, Switching, VPN",excellent,auditory,security engineer,hybrid,excellent,yes,11,cisco
male,"tamil, english",bachelor's degree,software engineering,3.23,2,2,3.51,System Administrator,"Bash, Linux, Active Directory, Windows Server",excellent,auditory,data scientist,hybrid,average,no,0,none
male,tamil,bachelor's degree,software engineering,2.02,4,2,2.75,IT Support Engineer,"Troubleshooting, Windows, Active Directory, Networking",low,kinesthetic,security engineer,hybrid,average,no,6,none
male,tamil,bachelor's degree,data science,3.29,2,2,3.73,Hardware Engineer,"PCB Design, Embedded C, Circuit Design, Arduino",moderate,visual,data scientist,hybrid,average,yes,6,aws
male,tamil,bachelor's degree,data science,2.8,2,2,2.62,QA Engineer,"Test Cases, SQL, Jira, Selenium",moderate,kinesthetic,qa engineer,onsite,excellent,yes,8,none
male,"english, sinhala, tamil",bachelor's degree,information technology,3.72,1,1,3.21,Software Tester,"Test Plans, SQL, Manual Testing, Agile",low,visual,data scientist,onsite,average,yes,1,aws
female,english,bachelor's degree,computer science,3.01,4,1,3.32,Automation Test Engineer,"CI/CD, Python, TestNG, Selenium",low,kinesthetic,software engineer,onsite,poor,yes,8,azure
male,"sinhala, tamil",bachelor's degree,information technology,3.28,4,1,3.3,UI Designer,"Figma, Color Theory, UI Principles, Photoshop",excellent,auditory,qa engineer,remote,average,no,1,none
male,english,bachelor's degree,data science,2.42,1,2,3.23,UX Designer,"Wireframing, UX Testing, Figma, Psychology",low,visual,data scientist,hybrid,poor,yes,2,cisco
male,english,bachelor's degree,software engineering,3.8,1,1,3.55,Product Designer,"User Flow, Design Systems, UX Research, Prototyping",moderate,kinesthetic,qa engineer,hybrid,poor,yes,9,none
female,english,bachelor's degree,cyber security,3.43,3,2,2.49,Blockchain Developer,"Cryptography, Node.js, Web3.js, Smart Contracts",low,kinesthetic,devops engineer,remote,average,no,11,google
male,"tamil, english",bachelor's degree,information technology,2.82,1,1,2.22,IoT Engineer,"MQTT, Sensors, C/C++, Raspberry Pi",low,kinesthetic,qa engineer,remote,excellent,yes,8,cisco
male,"english, sinhala, tamil",bachelor's degree,information technology,4.0,1,2,3.93,Embedded Systems Engineer,"PCB Design, Microcontrollers, IoT, RTOS",excellent,visual,qa engineer,hybrid,excellent,yes,0,aws
male,tamil,bachelor's degree,cyber security,2.2,1,2,2.69,AR/VR Developer,"C#, Blender, 3D Modeling, XR SDKs",excellent,visual,software engineer,remote,average,no,7,google
male,"english, sinhala",bachelor's degree,data science,2.76,4,2,3.83,SEO Specialist,"Backlinks, Google Analytics, SEO Tools, Content Strategy",excellent,visual,data scientist,hybrid,poor,yes,5,azure
female,sinhala,bachelor's degree,data science,3.16,3,1,2.31,IT Support Specialist,"Hardware, Active Directory, Troubleshooting, Networking",moderate,visual,systems analyst,remote,average,no,4,azure
male,"english, sinhala, tamil",bachelor's degree,software engineering,2.27,2,1,3.53,Software Engineer,"Git, SQL, Java, Python",low,kinesthetic,software engineer,onsite,average,yes,7,azure
female,tamil,bachelor's degree,cyber security,3.14,3,1,2.31,Full Stack Developer,"REST API, React, JavaScript, Express",low,auditory,qa engineer,remote,excellent,no,1,none
male,"sinhala, tamil",bachelor's degree,software engineering,3.11,2,2,3.2,Frontend Developer,"React, HTML, JavaScript, CSS",moderate,auditory,devops engineer,onsite,excellent,no,6,aws
female,tamil,bachelor's degree,software engineering,2.91,1,1,3.3,Backend Developer,"Spring Boot, Java, REST API, Microservices",moderate,kinesthetic,data scientist,onsite,average,yes,10,none
male,"english, sinhala, tamil",bachelor's degree,computer science,4.0,1,1,2.62,Web Developer,"MySQL, HTML, CSS, JavaScript",excellent,auditory,software engineer,remote,average,no,5,none
male,"tamil, english",bachelor's degree,cyber security,2.29,1,1,2.86,Mobile App Developer,"Java, REST API, Kotlin, Flutter",excellent,kinesthetic,qa engineer,remote,average,yes,12,none
female,tamil,bachelor's degree,data science,3.15,2,2,3.41,Data Scientist,"SQL, NumPy, Machine Learning, Python",excellent,auditory,systems analyst,remote,average,yes,8,google
female,"tamil, english",bachelor's degree,software engineering,3.69,2,1,2.45,Data Analyst,"Statistics, Excel, Power BI, Python",low,auditory,data scientist,onsite,poor,yes,6,azure
male,tamil,bachelor's degree,computer science,3.58,2,2,2.72,Machine Learning Engineer,"Scikit-learn, NumPy, TensorFlow, Python",excellent,auditory,software engineer,remote,poor,yes,8,aws
male,english,bachelor's degree,information technology,3.82,3,2,3.66,AI Engineer,"TensorFlow, NLP, Data Processing, PyTorch",moderate,auditory,security engineer,hybrid,average,yes,12,azure
female,"tamil, english",bachelor's degree,software engineering,2.89,1,1,2.33,BI Developer,"Excel, SQL, ETL Tools, DAX",low,auditory,software engineer,hybrid,poor,yes,10,cisco
male,"sinhala, tamil",bachelor's degree,information technology,3.99,3,1,2.39,DevOps Engineer,"Docker, AWS, Jenkins, Kubernetes",moderate,auditory,software engineer,hybrid,excellent,yes,3,none
female,"english, sinhala, tamil",bachelor's degree,software engineering,2.14,1,2,2.66,Cloud Engineer,"Kubernetes, Azure, AWS, Docker",moderate,auditory,software engineer,onsite,excellent,no,12,none
male,tamil,bachelor's degree,data science,2.9,2,1,2.69,Cloud Architect,"Microservices, Security, AWS/Azure Design, IaC",excellent,kinesthetic,devops engineer,onsite,poor,yes,3,none
female,"english, sinhala, tamil",bachelor's degree,data science,3.49,1,2,2.68,Cybersecurity Analyst,"Python, Firewalls, Risk Analysis, Networking",low,kinesthetic,security engineer,onsite,excellent,no,10,azure
female,"english, sinhala, tamil",bachelor's degree,data science,2.44,2,2,3.34,Ethical Hacker,"Nmap, Kali Linux, Python, Metasploit",low,kinesthetic,devops engineer,hybrid,poor,yes,5,aws
female,"english, sinhala, tamil",bachelor's degree,software engineering,3.71,4,2,3.09,Security Engineer,"SIEM, Linux, IAM, Encryption",excellent,visual,systems analyst,remote,average,no,2,none
male,"english, sinhala, tamil",bachelor's degree,information technology,3.58,4,2,3.34,Information Security Analyst,"Networking, Compliance, SOC Tools, SIEM",moderate,kinesthetic,systems analyst,remote,average,no,1,azure
female,tamil,bachelor's degree,cyber security,3.51,3,1,3.64,Network Engineer,"Routing, Firewalls, Cisco, Switching",moderate,visual,software engineer,hybrid,average,no,2,azure
female,sinhala,bachelor's degree,data science,3.73,4,1,2.45,System Administrator,"Virtualization, Windows Server, Active Directory, Linux",low,kinesthetic,software engineer,remote,excellent,no,6,none
male,sinhala,bachelor's degree,software engineering,3.61,1,1,3.87,IT Support Engineer,"Hardware, Active Directory, Networking, Ticketing Tools",excellent,visual,systems analyst,hybrid,excellent,no,10,cisco
male,"english, sinhala, tamil",bachelor's degree,data science,3.07,4,2,3.41,Hardware Engineer,"Microcontrollers, Embedded C, Electronics, Circuit Design",low,visual,data scientist,onsite,average,yes,1,cisco
male,"tamil, english",bachelor's degree,software engineering,3.69,1,1,3.45,QA Engineer,"API Testing, Selenium, Manual Testing, Jira",excellent,kinesthetic,data scientist,remote,excellent,no,7,none
male,english,bachelor's degree,software engineering,2.72,1,1,3.03,Software Tester,"SQL, Test Plans, Agile, Bug Tracking",low,kinesthetic,systems analyst,hybrid,excellent,yes,12,google
male,tamil,bachelor's degree,data science,4.0,2,2,2.39,Automation Test Engineer,"CI/CD, Java, Python, TestNG",moderate,visual,systems analyst,hybrid,average,no,5,cisco
female,"english, sinhala",bachelor's degree,information technology,2.45,3,1,3.39,UI Designer,"Prototyping, Adobe XD, Figma, UI Principles",excellent,visual,data scientist,onsite,excellent,yes,0,google
female,"tamil, english",bachelor's degree,information technology,2.46,3,2,3.29,UX Designer,"Psychology, Figma, UX Testing, Prototyping",low,auditory,security engineer,hybrid,poor,no,10,none
male,"tamil, english",bachelor's degree,cyber security,2.63,2,2,3.11,Product Designer,"UX Research, UI Design, Figma, Prototyping",excellent,kinesthetic,security engineer,remote,average,yes,6,google
female,"tamil, english",bachelor's degree,information technology,3.96,2,1,3.32,Blockchain Developer,"Node.js, Cryptography, Solidity, Web3.js",moderate,auditory,security engineer,remote,poor,yes,12,cisco
female,"english, sinhala, tamil",bachelor's degree,data science,3.9,2,2,3.81,IoT Engineer,"Arduino, MQTT, Cloud Integration, Sensors",moderate,visual,security engineer,onsite,excellent,no,6,azure
female,"sinhala, tamil",bachelor's degree,data science,2.57,4,2,3.89,Embedded Systems Engineer,"C/C++, PCB Design, RTOS, IoT",excellent,auditory,data scientist,onsite,poor,yes,4,none
female,"english, sinhala, tamil",bachelor's degree,computer science,3.3,2,1,3.21,AR/VR Developer,"3D Modeling, C#, Blender, XR SDKs",excellent,kinesthetic,qa engineer,hybrid,poor,yes,9,none
male,tamil,bachelor's degree,cyber security,3.34,4,2,2.36,SEO Specialist,"Content Strategy, Google Analytics, Keyword Research, Backlinks",low,auditory,software engineer,onsite,excellent,yes,12,cisco
male,tamil,bachelor's degree,computer science,3.46,1,2,2.35,IT Support Specialist,"Windows, Networking, Hardware, Ticketing Systems",excellent,auditory,security engineer,remote,poor,yes,9,none
male,"english, sinhala, tamil",bachelor's degree,information technology,3.27,2,1,3.81,Software Engineer,"Java, Python, Git, OOP",excellent,kinesthetic,data scientist,onsite,average,no,7,cisco
male,english,bachelor's degree,data science,3.08,3,1,2.67,Full Stack Developer,"Express, MongoDB, REST API, JavaScript",excellent,kinesthetic,software engineer,hybrid,average,no,1,aws
female,english,bachelor's degree,data science,3.52,4,1,2.54,Frontend Developer,"TypeScript, React, JavaScript, Tailwind CSS",moderate,auditory,devops engineer,hybrid,poor,no,6,azure
male,sinhala,bachelor's degree,computer science,3.68,2,1,2.32,Backend Developer,"REST API, Java, Spring Boot, Microservices",moderate,kinesthetic,data scientist,hybrid,poor,yes,9,google
female,english,bachelor's degree,cyber security,3.75,2,1,3.51,Web Developer,"PHP, HTML, Bootstrap, MySQL",moderate,visual,systems analyst,remote,average,yes,3,cisco
female,"english, sinhala, tamil",bachelor's degree,software engineering,4.0,3,2,3.72,Mobile App Developer,"Flutter, Firebase, REST API, Swift",excellent,visual,systems analyst,hybrid,poor,no,10,google
female,tamil,bachelor's degree,software engineering,2.87,1,1,3.75,Data Scientist,"NumPy, Machine Learning, SQL, Tableau",excellent,auditory,data scientist,remote,excellent,no,6,none
female,tamil,bachelor's degree,data science,3.94,4,1,3.61,Data Analyst,"Statistics, SQL, Excel, Python",moderate,visual,systems analyst,remote,poor,no,11,azure
female,tamil,bachelor's degree,cyber security,3.95,2,2,3.16,Machine Learning Engineer,"NumPy, Scikit-learn, Pandas, Python",low,kinesthetic,data scientist,onsite,excellent,no,5,azure
female,"english, sinhala, tamil",bachelor's degree,cyber security,3.87,3,1,2.53,AI Engineer,"TensorFlow, Data Processing, NLP, PyTorch",excellent,auditory,software engineer,hybrid,poor,yes,8,aws
female,english,bachelor's degree,data science,3.67,1,2,3.24,BI Developer,"ETL Tools, DAX, Tableau, SQL",low,auditory,devops engineer,remote,average,no,6,aws
male,english,bachelor's degree,cyber security,2.67,2,2,2.67,DevOps Engineer,"CI/CD, Docker, Linux, AWS",excellent,kinesthetic,software engineer,onsite,excellent,yes,2,azure
female,"sinhala, tamil",bachelor's degree,software engineering,2.71,1,2,2.84,Cloud Engineer,"Kubernetes, Docker, AWS, Azure",excellent,visual,software engineer,hybrid,average,yes,12,aws
female,"sinhala, tamil",bachelor's degree,computer science,3.51,2,2,3.2,Cloud Architect,"Scalability, Microservices, AWS/Azure Design, Security",moderate,visual,security engineer,remote,excellent,yes,8,aws
male,tamil,bachelor's degree,information technology,3.57,1,1,2.97,Cybersecurity Analyst,"Networking, Risk Analysis, Linux, Python",low,visual,systems analyst,remote,poor,no,1,none
male,"tamil, english",bachelor's degree,software engineering,2.32,4,1,3.29,Ethical Hacker,"Python, Nmap, Kali Linux, Wireshark",moderate,auditory,software engineer,hybrid,average,no,4,cisco
male,"tamil, english",bachelor's degree,information technology,2.34,1,2,2.82,Security Engineer,"Linux, Firewalls, SIEM, IAM",excellent,visual,data scientist,remote,average,yes,0,cisco
male,tamil,bachelor's degree,software engineering,2.97,1,1,2.44,Information Security Analyst,"Compliance, SIEM, Networking, Incident Response",moderate,visual,security engineer,onsite,excellent,no,7,azure
male,"tamil, english",bachelor's degree,computer science,2.58,2,2,3.84,Network Engineer,"Routing, VPN, TCP/IP, Cisco",moderate,kinesthetic,security engineer,onsite,poor,no,3,none
male,sinhala,bachelor's degree,software engineering,3.29,4,2,3.85,System Administrator,"Bash, Virtualization, Active Directory, Linux",excellent,visual,devops engineer,onsite,average,no,2,cisco
female,"english, sinhala",bachelor's degree,computer science,2.66,3,2,3.71,IT Support Engineer,"Hardware, Windows, Active Directory, Networking",excellent,visual,data scientist,hybrid,poor,yes,4,none
male,"sinhala, tamil",bachelor's degree,information technology,2.47,1,2,3.35,Hardware Engineer,"Embedded C, Circuit Design, Arduino, PCB Design",low,visual,qa engineer,onsite,poor,no,4,google
male,"english, sinhala",bachelor's degree,data science,2.11,2,2,3.92,QA Engineer,"Manual Testing, API Testing, SQL, Jira",excellent,visual,qa engineer,remote,excellent,no,5,aws
male,"tamil, english",bachelor's degree,cyber security,2.44,2,2,3.93,Software Tester,"SQL, Manual Testing, Bug Tracking, Test Plans",excellent,auditory,data scientist,remote,average,no,7,aws
female,tamil,bachelor's degree,software engineering,2.28,3,1,3.06,Automation Test Engineer,"Python, Cypress, Java, CI/CD",moderate,kinesthetic,data scientist,onsite,poor,yes,0,azure
female,"sinhala, tamil",bachelor's degree,computer science,2.34,1,1,2.26,UI Designer,"Prototyping, Figma, Color Theory, UI Principles",excellent,visual,systems analyst,onsite,average,no,1,cisco
male,"english, sinhala",bachelor's degree,data science,3.66,4,1,3.38,UX Designer,"Prototyping, User Research, UX Testing, Psychology",excellent,kinesthetic,devops engineer,hybrid,poor,yes,9,cisco
male,"english, sinhala, tamil",bachelor's degree,software engineering,3.02,1,1,2.84,Product Designer,"UI Design, UX Research, Prototyping, User Flow",low,auditory,systems analyst,hybrid,poor,yes,8,aws
female,"tamil, english",bachelor's degree,information technology,2.0,1,1,2.58,Blockchain Developer,"Web3.js, Cryptography, Ethereum, Node.js",low,visual,qa engineer,onsite,average,no,8,aws
male,"tamil, english",bachelor's degree,software engineering,2.57,1,2,2.74,IoT Engineer,"MQTT, Sensors, Raspberry Pi, Arduino",low,visual,data scientist,remote,poor,yes,9,azure
female,tamil,bachelor's degree,information technology,2.52,3,2,3.3,Embedded Systems Engineer,"RTOS, IoT, C/C++, Microcontrollers",excellent,visual,qa engineer,remote,poor,no,11,aws
male,"english, sinhala, tamil",bachelor's degree,software engineering,2.16,2,1,3.88,AR/VR Developer,"C#, Unity, 3D Modeling, Blender",moderate,visual,systems analyst,onsite,excellent,no,0,aws
female,english,bachelor's degree,data science,3.63,2,2,3.07,SEO Specialist,"Backlinks, Google Analytics, SEO Tools, Content Strategy",excellent,kinesthetic,data scientist,hybrid,average,no,4,aws
female,tamil,bachelor's degree,cyber security,2.79,1,1,2.2,IT Support Specialist,"Active Directory, Ticketing Systems, Networking, Windows",moderate,auditory,security engineer,onsite,poor,no,9,google
male,"english, sinhala",bachelor's degree,data science,3.46,3,1,3.18,Software Engineer,"Spring Boot, OOP, SQL, Git",excellent,visual,data scientist,hybrid,excellent,yes,9,google
female,sinhala,bachelor's degree,cyber security,2.98,3,2,3.99,Full Stack Developer,"Node.js, MongoDB, React, JavaScript",excellent,visual,security engineer,onsite,poor,yes,7,none
male,tamil,bachelor's degree,cyber security,2.76,1,1,2.46,Frontend Developer,"React, TypeScript, Tailwind CSS, CSS",moderate,auditory,security engineer,onsite,poor,yes,12,google
female,tamil,bachelor's degree,data science,3.32,3,2,3.7,Backend Developer,"Java, Microservices, SQL, REST API",moderate,auditory,software engineer,remote,excellent,yes,0,azure
female,"english, sinhala",bachelor's degree,computer science,3.58,1,2,3.74,Web Developer,"JavaScript, CSS, Bootstrap, PHP",low,visual,systems analyst,remote,excellent,no,11,cisco
male,english,bachelor's degree,software engineering,2.74,2,2,2.64,Mobile App Developer,"Kotlin, Swift, Firebase, Java",excellent,visual,security engineer,hybrid,excellent,no,8,aws
female,"tamil, english",bachelor's degree,data science,2.45,4,1,2.23,Data Scientist,"Machine Learning, Python, NumPy, SQL",moderate,auditory,software engineer,remote,poor,no,12,cisco
male,english,bachelor's degree,information technology,3.5,4,1,3.17,Data Analyst,"Python, Data Visualization, Excel, Statistics",excellent,auditory,data scientist,onsite,average,no,3,none
male,english,bachelor's degree,cyber security,3.82,2,1,3.2,Machine Learning Engineer,"NumPy, Scikit-learn, Python, Deep Learning",moderate,kinesthetic,data scientist,hybrid,poor,no,12,cisco
female,"sinhala, tamil",bachelor's degree,software engineering,2.03,4,1,3.43,AI Engineer,"NLP, TensorFlow, Data Processing, LLMs",excellent,auditory,data scientist,onsite,excellent,no,2,cisco
male,sinhala,bachelor's degree,information technology,3.65,4,2,3.43,BI Developer,"Power BI, ETL Tools, Tableau, Excel",low,auditory,systems analyst,hybrid,excellent,no,8,azure
male,tamil,bachelor's degree,computer science,2.2,3,1,3.69,DevOps Engineer,"Docker, CI/CD, AWS, Linux",excellent,kinesthetic,software engineer,remote,excellent,no,4,cisco
male,english,bachelor's degree,computer science,3.5,2,2,3.79,Cloud Engineer,"Docker, Kubernetes, Azure, AWS",low,auditory,systems analyst,remote,average,no,0,none
male,tamil,bachelor's degree,cyber security,3.1,2,2,3.41,Cloud Architect,"AWS/Azure Design, Scalability, Microservices, IaC",moderate,kinesthetic,systems analyst,hybrid,excellent,no,4,aws
female,"sinhala, tamil",bachelor's degree,software engineering,2.49,1,2,3.78,Cybersecurity Analyst,"Python, Networking, Firewalls, Risk Analysis",moderate,kinesthetic,devops engineer,hybrid,average,no,12,cisco
female,"english, sinhala",bachelor's degree,cyber security,2.1,3,2,3.08,Ethical Hacker,"Python, Wireshark, Burp Suite, Nmap",moderate,kinesthetic,devops engineer,remote,average,no,8,google
female,"sinhala, tamil",bachelor's degree,cyber security,2.8,1,2,3.66,Security Engineer,"Encryption, Firewalls, Cloud Security, SIEM",moderate,auditory,data scientist,remote,poor,no,6,google
male,"english, sinhala",bachelor's degree,cyber security,2.83,2,1,2.79,Information Security Analyst,"Networking, Incident Response, SIEM, Compliance",low,kinesthetic,data scientist,hybrid,average,yes,10,google
male,"english, sinhala, tamil",bachelor's degree,data science,2.66,3,2,3.03,Network Engineer,"Firewalls, Switching, Cisco, VPN",moderate,auditory,data scientist,hybrid,average,no,3,azure
male,"english, sinhala, tamil",bachelor's degree,information technology,2.94,3,1,3.7,System Administrator,"Active Directory, Linux, Networking, Virtualization",moderate,visual,devops engineer,hybrid,excellent,no,1,google
male,tamil,bachelor's degree,cyber security,3.03,4,1,2.91,IT Support Engineer,"Windows, Active Directory, Networking, Hardware",moderate,kinesthetic,systems analyst,remote,average,no,2,none
female,"english, sinhala",bachelor's degree,information technology,2.65,3,1,2.3,Hardware Engineer,"Embedded C, Electronics, Microcontrollers, Arduino",moderate,auditory,security engineer,onsite,average,no,4,cisco
female,"sinhala, tamil",bachelor's degree,computer science,3.38,3,2,3.77,QA Engineer,"Selenium, SQL, Test Cases, Jira",low,auditory,security engineer,onsite,poor,no,7,aws
female,sinhala,bachelor's degree,computer science,2.57,4,1,2.74,Software Tester,"Bug Tracking, SQL, Manual Testing, Test Plans",low,auditory,security engineer,remote,poor,no,6,cisco
male,tamil,bachelor's degree,cyber security,4.0,2,1,3.88,Automation Test Engineer,"Python, Cypress, CI/CD, TestNG",excellent,kinesthetic,devops engineer,remote,poor,no,4,azure
male,"tamil, english",bachelor's degree,information technology,2.66,2,2,3.18,UI Designer,"UI Principles, Figma, Prototyping, Color Theory",low,auditory,devops engineer,onsite,excellent,no,8,cisco
female,"english, sinhala, tamil",bachelor's degree,data science,2.25,1,1,2.41,UX Designer,"Psychology, UX Testing, Wireframing, Figma",excellent,auditory,software engineer,remote,average,yes,2,none
female,sinhala,bachelor's degree,data science,2.69,2,1,3.56,Product Designer,"Figma, UI Design, User Flow, Prototyping",moderate,auditory,qa engineer,remote,poor,no,2,aws
female,"tamil, english",bachelor's degree,cyber security,3.15,4,1,3.01,Blockchain Developer,"Smart Contracts, Node.js, Web3.js, Ethereum",excellent,visual,systems analyst,hybrid,poor,no,5,none
female,"tamil, english",bachelor's degree,data science,3.65,1,2,2.89,IoT Engineer,"Cloud Integration, Raspberry Pi, C/C++, Arduino",moderate,visual,systems analyst,remote,poor,no,4,google
male,"tamil, english",bachelor's degree,cyber security,2.91,2,2,3.49,Embedded Systems Engineer,"RTOS, Microcontrollers, PCB Design, IoT",moderate,kinesthetic,security engineer,onsite,excellent,no,9,google
female,tamil,bachelor's degree,data science,3.23,3,2,2.61,AR/VR Developer,"Unity, Unreal Engine, 3D Modeling, Blender",low,visual,devops engineer,hybrid,average,yes,2,none
female,"tamil, english",bachelor's degree,information technology,3.02,1,2,3.89,SEO Specialist,"HTML, Content Strategy, Backlinks, Keyword Research",low,kinesthetic,systems analyst,onsite,poor,yes,7,azure
male,"english, sinhala, tamil",bachelor's degree,software engineering,3.1,1,1,2.34,IT Support Specialist,"Windows, Active Directory, Hardware, Ticketing Systems",moderate,auditory,devops engineer,remote,average,no,9,cisco
male,"tamil, english",bachelor's degree,software engineering,2.75,2,1,3.95,Software Engineer,"Git, Spring Boot, Python, Java",moderate,visual,qa engineer,hybrid,excellent,yes,5,aws
female,"sinhala, tamil",bachelor's degree,cyber security,2.91,2,2,3.54,Full Stack Developer,"React, Express, MongoDB, JavaScript",excellent,auditory,systems analyst,hybrid,poor,yes,0,aws
male,"english, sinhala",bachelor's degree,information technology,2.1,4,1,2.96,Frontend Developer,"HTML, Tailwind CSS, TypeScript, JavaScript",moderate,visual,software engineer,remote,excellent,no,3,none
female,"english, sinhala, tamil",bachelor's degree,software engineering,3.05,1,1,2.3,Backend Developer,"SQL, Java, Microservices, Spring Boot",low,auditory,data scientist,onsite,average,no,0,aws
female,"english, sinhala",bachelor's degree,information technology,4.0,4,2,3.44,Web Developer,"Bootstrap, PHP, JavaScript, HTML",excellent,visual,devops engineer,hybrid,average,no,1,azure
female,"english, sinhala",bachelor's degree,computer science,2.53,1,1,3.39,Mobile App Developer,"REST API, Flutter, Kotlin, Java",moderate,kinesthetic,software engineer,hybrid,excellent,yes,10,cisco
female,"english, sinhala",bachelor's degree,software engineering,2.9,2,1,3.33,Data Scientist,"Machine Learning, NumPy, SQL, Python",low,auditory,systems analyst,hybrid,poor,no,11,cisco
female,"english, sinhala",bachelor's degree,data science,2.54,1,1,2.21,Data Analyst,"Excel, Statistics, Power BI, Data Visualization",low,auditory,systems analyst,onsite,excellent,no,1,azure
female,tamil,bachelor's degree,cyber security,3.58,3,1,3.2,Machine Learning Engineer,"TensorFlow, Python, NumPy, Pandas",excellent,kinesthetic,data scientist,remote,poor,yes,12,aws
female,english,bachelor's degree,software engineering,2.55,4,2,3.79,AI Engineer,"Python, Data Processing, PyTorch, TensorFlow",moderate,visual,data scientist,hybrid,poor,no,8,azure
male,tamil,bachelor's degree,software engineering,2.94,1,1,3.68,BI Developer,"SQL, DAX, Power BI, Excel",excellent,auditory,data scientist,onsite,average,no,3,cisco
male,"tamil, english",bachelor's degree,information technology,3.28,3,1,3.89,DevOps Engineer,"Kubernetes, CI/CD, AWS, Jenkins",moderate,visual,systems analyst,onsite,average,yes,7,google
female,sinhala,bachelor's degree,software engineering,2.41,2,2,3.47,Cloud Engineer,"AWS, Terraform, Azure, GCP",excellent,visual,devops engineer,remote,poor,no,5,azure
female,"english, sinhala, tamil",bachelor's degree,computer science,3.49,4,1,3.32,Cloud Architect,"Scalability, AWS/Azure Design, Security, IaC",low,visual,qa engineer,onsite,excellent,no,7,aws
female,tamil,bachelor's degree,software engineering,3.1,1,1,3.11,Cybersecurity Analyst,"Python, Risk Analysis, Linux, Networking",moderate,visual,data scientist,hybrid,poor,yes,12,google
male,"english, sinhala",bachelor's degree,computer science,3.71,4,1,3.65,Ethical Hacker,"Wireshark, Python, Burp Suite, Nmap",low,kinesthetic,software engineer,hybrid,poor,yes,6,none
female,english,bachelor's degree,information technology,2.83,3,1,3.07,Security Engineer,"Firewalls, IAM, Cloud Security, SIEM",low,kinesthetic,software engineer,onsite,poor,no,8,azure
female,"english, sinhala",bachelor's degree,cyber security,3.49,1,1,2.63,Information Security Analyst,"Risk Assessment, Networking, SOC Tools, Compliance",excellent,auditory,qa engineer,hybrid,excellent,yes,0,azure
female,"english, sinhala, tamil",bachelor's degree,information technology,2.74,1,2,3.32,Network Engineer,"TCP/IP, Cisco, Routing, Switching",low,auditory,systems analyst,remote,excellent,yes,0,none
female,tamil,bachelor's degree,computer science,2.52,2,1,3.81,System Administrator,"Windows Server, Active Directory, Linux, Networking",excellent,visual,devops engineer,remote,average,no,2,cisco
male,english,bachelor's degree,cyber security,3.57,1,1,3.42,IT Support Engineer,"Windows, Active Directory, Hardware, Troubleshooting",low,auditory,qa engineer,hybrid,excellent,no,1,none
female,english,bachelor's degree,data science,4.0,2,1,3.22,Hardware Engineer,"Microcontrollers, PCB Design, Circuit Design, Arduino",moderate,visual,qa engineer,remote,excellent,no,8,cisco
female,sinhala,bachelor's degree,software engineering,2.62,3,1,3.41,QA Engineer,"Jira, API Testing, SQL, Selenium",excellent,visual,systems analyst,onsite,excellent,yes,11,aws
female,tamil,bachelor's degree,data science,2.61,4,1,3.22,Software Tester,"SQL, Selenium, Manual Testing, Bug Tracking",moderate,auditory,systems analyst,remote,average,yes,11,google
female,"english, sinhala, tamil",bachelor's degree,computer science,2.66,3,1,3.08,Automation Test Engineer,"Python, CI/CD, Selenium, TestNG",low,visual,devops engineer,hybrid,poor,no,9,cisco
female,"sinhala, tamil",bachelor's degree,data science,3.58,4,2,2.65,UI Designer,"Figma, Prototyping, UI Principles, Photoshop",moderate,visual,security engineer,onsite,excellent,no,4,google
female,"tamil, english",bachelor's degree,information technology,3.76,1,1,3.31,UX Designer,"User Research, Prototyping, Wireframing, Psychology",excellent,auditory,devops engineer,onsite,poor,no,7,aws
male,"tamil, english",bachelor's degree,computer science,4.0,3,1,3.45,Product Designer,"UI Design, User Flow, Prototyping, UX Research",excellent,kinesthetic,systems analyst,remote,excellent,no,9,none
female,"english, sinhala",bachelor's degree,cyber security,3.78,4,2,2.37,Blockchain Developer,"Smart Contracts, Solidity, Ethereum, Web3.js",low,auditory,qa engineer,onsite,average,no,2,azure
female,tamil,bachelor's degree,computer science,2.56,1,1,2.27,IoT Engineer,"Raspberry Pi, MQTT, Sensors, C/C++",moderate,visual,qa engineer,onsite,poor,no,6,google
female,tamil,bachelor's degree,cyber security,2.55,3,2,2.93,Embedded Systems Engineer,"C/C++, RTOS, IoT, Microcontrollers",moderate,visual,software engineer,remote,excellent,no,4,google
male,"tamil, english",bachelor's degree,cyber security,2.6,4,1,3.75,AR/VR Developer,"C#, Unreal Engine, XR SDKs, Blender",low,kinesthetic,software engineer,onsite,average,no,6,azure
male,"sinhala, tamil",bachelor's degree,software engineering,3.46,2,1,2.49,SEO Specialist,"Backlinks, Keyword Research, Google Analytics, HTML",excellent,auditory,qa engineer,remote,average,yes,3,google
female,"english, sinhala",bachelor's degree,computer science,2.79,3,1,2.84,IT Support Specialist,"Hardware, Active Directory, Troubleshooting, Ticketing Systems",excellent,auditory,qa engineer,hybrid,average,yes,8,cisco
male,english,bachelor's degree,cyber security,2.38,2,2,2.68,Software Engineer,"Git, Spring Boot, Java, OOP",low,kinesthetic,devops engineer,onsite,excellent,yes,9,azure
male,"tamil, english",bachelor's degree,data science,3.22,2,2,2.65,Full Stack Developer,"Express, JavaScript, REST API, MongoDB",low,visual,data scientist,hybrid,average,yes,5,none
female,"english, sinhala, tamil",bachelor's degree,data science,2.82,2,2,3.55,Frontend Developer,"Tailwind CSS, TypeScript, JavaScript, HTML",moderate,auditory,systems analyst,hybrid,poor,no,12,cisco
female,"sinhala, tamil",bachelor's degree,software engineering,3.34,3,2,3.39,Backend Developer,"Spring Boot, REST API, Node.js, Microservices",low,kinesthetic,devops engineer,hybrid,poor,yes,11,none
female,"tamil, english",bachelor's degree,software engineering,2.9,2,1,3.29,Web Developer,"HTML, PHP, CSS, Bootstrap",low,visual,qa engineer,hybrid,poor,yes,9,cisco
male,sinhala,bachelor's degree,cyber security,3.56,2,2,2.57,Mobile App Developer,"REST API, Swift, Kotlin, Java",low,visual,data scientist,hybrid,average,no,6,azure
female,tamil,bachelor's degree,software engineering,2.1,3,2,2.41,Data Scientist,"SQL, Tableau, NumPy, Python",moderate,visual,security engineer,hybrid,average,yes,9,google
female,"sinhala, tamil",bachelor's degree,information technology,3.89,3,1,3.17,Data Analyst,"SQL, Python, Power BI, Excel",excellent,auditory,security engineer,hybrid,average,no,10,aws
female,tamil,bachelor's degree,information technology,2.76,1,1,3.9,Machine Learning Engineer,"Deep Learning, Python, Scikit-learn, Pandas",low,visual,security engineer,remote,average,yes,12,azure
male,english,bachelor's degree,software engineering,3.69,2,2,3.97,AI Engineer,"TensorFlow, LLMs, Python, PyTorch",low,kinesthetic,software engineer,remote,average,no,4,cisco
female,"english, sinhala",bachelor's degree,computer science,2.14,3,2,2.39,BI Developer,"DAX, ETL Tools, SQL, Tableau",moderate,kinesthetic,devops engineer,hybrid,average,no,3,aws
male,"sinhala, tamil",bachelor's degree,computer science,3.03,1,2,2.83,DevOps Engineer,"CI/CD, AWS, Jenkins, Linux",low,kinesthetic,security engineer,remote,excellent,yes,3,cisco
male,"english, sinhala, tamil",bachelor's degree,computer science,4.0,4,1,2.32,Cloud Engineer,"GCP, Azure, Docker, Kubernetes",excellent,auditory,software engineer,remote,poor,yes,5,cisco
male,sinhala,bachelor's degree,computer science,2.76,2,1,3.64,Cloud Architect,"IaC, Security, AWS/Azure Design, Microservices",moderate,visual,software engineer,hybrid,poor,no,12,cisco
female,"english, sinhala",bachelor's degree,computer science,3.34,2,2,2.97,Cybersecurity Analyst,"Firewalls, Risk Analysis, Linux, SIEM",excellent,visual,security engineer,remote,average,yes,4,none
female,"tamil, english",bachelor's degree,software engineering,4.0,3,1,3.89,Ethical Hacker,"Metasploit, Nmap, Python, Burp Suite",low,auditory,qa engineer,hybrid,excellent,yes,7,aws
female,"tamil, english",bachelor's degree,information technology,3.13,2,2,2.5,Security Engineer,"Firewalls, SIEM, Cloud Security, Encryption",excellent,auditory,data scientist,onsite,poor,no,5,none
female,sinhala,bachelor's degree,computer science,2.25,4,1,2.83,Information Security Analyst,"SIEM, SOC Tools, Risk Assessment, Networking",low,auditory,data scientist,onsite,average,yes,0,google
female,"english, sinhala",bachelor's degree,software engineering,3.47,3,1,2.31,Network Engineer,"Firewalls, Cisco, Routing, VPN",low,auditory,software engineer,hybrid,poor,yes,12,none
male,"sinhala, tamil",bachelor's degree,data science,3.39,1,2,2.77,System Administrator,"Networking, Windows Server, Virtualization, Bash",low,kinesthetic,security engineer,hybrid,excellent,no,11,azure
female,tamil,bachelor's degree,data science,3.77,3,1,3.6,IT Support Engineer,"Windows, Hardware, Ticketing Tools, Active Directory",moderate,kinesthetic,devops engineer,onsite,poor,yes,3,google
female,english,bachelor's degree,computer science,4.0,3,2,3.53,Hardware Engineer,"Microcontrollers, Electronics, Arduino, Embedded C",excellent,kinesthetic,security engineer,remote,average,no,6,aws
female,tamil,bachelor's degree,computer science,2.83,4,1,2.35,QA Engineer,"Manual Testing, Jira, Test Cases, Selenium",low,kinesthetic,qa engineer,remote,average,no,1,none
female,sinhala,bachelor's degree,software engineering,2.41,3,2,3.52,Software Tester,"Manual Testing, Selenium, SQL, Agile",moderate,kinesthetic,devops engineer,hybrid,average,no,6,azure
male,english,bachelor's degree,software engineering,3.05,1,1,3.77,Automation Test Engineer,"Cypress, Selenium, CI/CD, Java",excellent,auditory,qa engineer,remote,average,no,12,azure
female,tamil,bachelor's degree,information technology,2.54,3,2,3.93,UI Designer,"Figma, Color Theory, Prototyping, Photoshop",moderate,visual,systems analyst,onsite,excellent,no,9,cisco
male,sinhala,bachelor's degree,information technology,2.61,1,2,3.53,UX Designer,"Prototyping, Wireframing, User Research, Psychology",moderate,kinesthetic,data scientist,onsite,poor,yes,2,cisco
male,"english, sinhala",bachelor's degree,computer science,3.68,1,2,2.81,Product Designer,"UX Research, UI Design, Figma, Design Systems",low,kinesthetic,qa engineer,remote,average,no,10,none
male,english,bachelor's degree,information technology,2.23,4,1,2.21,Blockchain Developer,"Cryptography, Solidity, Web3.js, Smart Contracts",low,auditory,systems analyst,remote,excellent,no,11,cisco
male,english,bachelor's degree,cyber security,3.35,1,2,3.51,IoT Engineer,"Raspberry Pi, Arduino, C/C++, MQTT",low,visual,data scientist,remote,poor,no,5,none
female,sinhala,bachelor's degree,data science,3.73,3,1,2.57,Embedded Systems Engineer,"C/C++, PCB Design, Microcontrollers, RTOS",moderate,auditory,devops engineer,onsite,average,no,0,cisco
female,english,bachelor's degree,data science,2.4,1,1,3.08,AR/VR Developer,"Unity, XR SDKs, 3D Modeling, C#",moderate,kinesthetic,qa engineer,remote,excellent,yes,3,azure
female,english,bachelor's degree,cyber security,2.43,4,1,3.67,SEO Specialist,"Keyword Research, Backlinks, HTML, SEO Tools",excellent,visual,qa engineer,remote,poor,yes,8,azure
male,tamil,bachelor's degree,data science,2.23,2,2,3.99,IT Support Specialist,"Windows, Active Directory, Hardware, Ticketing Systems",moderate,kinesthetic,devops engineer,hybrid,poor,yes,12,cisco
female,"english, sinhala",bachelor's degree,information technology,2.75,2,1,3.86,Software Engineer,"Spring Boot, Java, SQL, Git",low,visual,devops engineer,hybrid,average,no,0,cisco
male,tamil,bachelor's degree,software engineering,3.47,2,1,3.45,Full Stack Developer,"JavaScript, REST API, Express, Node.js",excellent,auditory,data scientist,remote,poor,yes,5,azure
female,tamil,bachelor's degree,cyber security,3.78,3,2,3.27,Frontend Developer,"CSS, React, HTML, JavaScript",moderate,kinesthetic,systems analyst,remote,excellent,yes,8,google
female,tamil,bachelor's degree,computer science,2.41,3,2,3.67,Backend Developer,"Java, Node.js, REST API, Microservices",low,auditory,software engineer,remote,poor,yes,4,aws
female,"english, sinhala, tamil",bachelor's degree,data science,3.47,2,1,2.21,Web Developer,"JavaScript, Bootstrap, MySQL, CSS",excellent,auditory,qa engineer,onsite,poor,no,0,google
female,"english, sinhala",bachelor's degree,information technology,4.0,3,1,3.67,Mobile App Developer,"Kotlin, Flutter, Java, Firebase",low,auditory,security engineer,onsite,average,yes,4,aws
male,"sinhala, tamil",bachelor's degree,software engineering,3.33,2,2,2.3,Data Scientist,"SQL, Pandas, NumPy, Tableau",moderate,visual,qa engineer,hybrid,poor,no,4,google
female,tamil,bachelor's degree,data science,3.36,2,2,3.01,Data Analyst,"Python, Excel, Power BI, SQL",low,visual,qa engineer,remote,poor,no,4,none
female,"english, sinhala, tamil",bachelor's degree,information technology,2.87,4,2,2.29,Machine Learning Engineer,"Python, Deep Learning, Scikit-learn, Pandas",low,kinesthetic,data scientist,onsite,poor,no,10,none
male,"sinhala, tamil",bachelor's degree,cyber security,3.44,2,2,3.59,AI Engineer,"Python, PyTorch, Data Processing, LLMs",excellent,visual,software engineer,hybrid,poor,yes,12,azure
male,"sinhala, tamil",bachelor's degree,data science,2.68,2,2,3.8,BI Developer,"SQL, Power BI, Excel, Tableau",low,auditory,qa engineer,hybrid,poor,yes,6,aws
female,"sinhala, tamil",bachelor's degree,computer science,2.78,2,2,3.95,DevOps Engineer,"Kubernetes, Jenkins, CI/CD, AWS",low,kinesthetic,software engineer,remote,average,yes,8,azure
female,"english, sinhala",bachelor's degree,data science,2.59,1,1,2.38,Cloud Engineer,"GCP, Terraform, AWS, Azure",moderate,visual,software engineer,remote,poor,no,5,google
female,tamil,bachelor's degree,computer science,2.44,2,2,3.62,Cloud Architect,"Microservices, IaC, Scalability, AWS/Azure Design",low,visual,devops engineer,hybrid,poor,yes,7,google
female,"english, sinhala",bachelor's degree,information technology,2.66,3,2,2.93,Cybersecurity Analyst,"Python, SIEM, Firewalls, Linux",low,kinesthetic,software engineer,onsite,excellent,yes,0,none
male,"sinhala, tamil",bachelor's degree,software engineering,2.51,1,2,3.19,Ethical Hacker,"Wireshark, Burp Suite, Python, Kali Linux",excellent,kinesthetic,data scientist,onsite,average,yes,2,cisco
male,"english, sinhala, tamil",bachelor's degree,cyber security,3.69,3,1,2.94,Security Engineer,"Encryption, Cloud Security, SIEM, Firewalls",low,auditory,systems analyst,hybrid,poor,no,7,cisco
male,"tamil, english",bachelor's degree,software engineering,2.8,4,1,3.36,Information Security Analyst,"SOC Tools, Compliance, Networking, Risk Assessment",low,kinesthetic,devops engineer,remote,poor,no,3,none
female,"sinhala, tamil",bachelor's degree,data science,4.0,3,1,2.65,Network Engineer,"TCP/IP, Firewalls, Routing, VPN",low,visual,data scientist,hybrid,poor,yes,11,google
female,"tamil, english",bachelor's degree,cyber security,3.63,4,1,3.72,System Administrator,"Active Directory, Windows Server, Networking, Linux",excellent,auditory,software engineer,remote,excellent,no,6,aws
female,english,bachelor's degree,cyber security,2.83,2,1,2.84,IT Support Engineer,"Active Directory, Networking, Hardware, Ticketing Tools",low,visual,qa engineer,hybrid,excellent,no,5,google
male,tamil,bachelor's degree,data science,2.51,1,2,3.3,Hardware Engineer,"Microcontrollers, PCB Design, Electronics, Arduino",excellent,kinesthetic,systems analyst,remote,average,yes,1,cisco
male,sinhala,bachelor's degree,software engineering,2.45,1,1,3.8,QA Engineer,"Test Cases, Jira, SQL, API Testing",excellent,kinesthetic,qa engineer,onsite,poor,no,4,google
female,"english, sinhala, tamil",bachelor's degree,information technology,2.31,2,1,3.67,Software Tester,"Agile, Manual Testing, Selenium, Test Plans",low,kinesthetic,qa engineer,remote,poor,no,12,azure
male,"english, sinhala, tamil",bachelor's degree,data science,3.82,3,1,2.69,Automation Test Engineer,"Cypress, Java, CI/CD, Python",excellent,visual,software engineer,hybrid,poor,no,7,cisco
female,tamil,bachelor's degree,computer science,2.83,2,1,3.42,UI Designer,"Adobe XD, Photoshop, Prototyping, UI Principles",excellent,kinesthetic,software engineer,onsite,poor,no,1,cisco
male,"english, sinhala",bachelor's degree,software engineering,2.69,3,1,2.82,UX Designer,"Prototyping, Figma, UX Testing, User Research",moderate,visual,systems analyst,onsite,average,no,10,none
female,"tamil, english",bachelor's degree,cyber security,3.06,2,2,2.41,Product Designer,"Figma, UX Research, UI Design, User Flow",moderate,auditory,qa engineer,hybrid,poor,no,3,cisco
male,sinhala,bachelor's degree,software engineering,2.52,3,1,3.89,Blockchain Developer,"Node.js, Cryptography, Solidity, Web3.js",low,visual,software engineer,onsite,excellent,no,10,aws
male,tamil,bachelor's degree,computer science,3.08,3,2,3.0,IoT Engineer,"Arduino, Sensors, MQTT, Cloud Integration",moderate,kinesthetic,software engineer,remote,average,yes,4,google
female,"english, sinhala",bachelor's degree,information technology,2.17,4,2,3.44,Embedded Systems Engineer,"IoT, Electronics, Microcontrollers, C/C++",excellent,kinesthetic,systems analyst,hybrid,average,no,11,none
male,"english, sinhala, tamil",bachelor's degree,computer science,3.78,1,1,2.31,AR/VR Developer,"Unity, XR SDKs, 3D Modeling, C#",moderate,visual,software engineer,remote,average,no,5,azure
female,"english, sinhala",bachelor's degree,software engineering,2.47,2,1,3.64,SEO Specialist,"Content Strategy, SEO Tools, HTML, Keyword Research",low,kinesthetic,qa engineer,hybrid,excellent,yes,2,google
female,"english, sinhala",bachelor's degree,cyber security,4.0,3,1,3.57,IT Support Specialist,"Ticketing Systems, Networking, Hardware, Windows",excellent,visual,qa engineer,hybrid,excellent,yes,11,none
female,"tamil, english",bachelor's degree,information technology,3.29,4,1,3.58,Software Engineer,"Spring Boot, SQL, Java, Git",excellent,visual,systems analyst,hybrid,average,no,9,cisco
female,"english, sinhala, tamil",bachelor's degree,software engineering,3.09,4,1,3.94,Full Stack Developer,"React, JavaScript, MongoDB, REST API",excellent,visual,data scientist,remote,average,yes,11,cisco
male,"tamil, english",bachelor's degree,information technology,2.79,3,1,3.99,Frontend Developer,"HTML, JavaScript, Tailwind CSS, React",excellent,visual,data scientist,onsite,excellent,yes,2,aws
male,"tamil, english",bachelor's degree,cyber security,2.14,4,1,3.36,Backend Developer,"Node.js, Spring Boot, Microservices, REST API",moderate,auditory,data scientist,onsite,poor,no,6,cisco
female,english,bachelor's degree,cyber security,3.93,1,1,3.05,Web Developer,"MySQL, CSS, HTML, Bootstrap",excellent,visual,data scientist,remote,average,no,3,google
female,tamil,bachelor's degree,computer science,2.45,2,1,3.86,Mobile App Developer,"REST API, Flutter, Java, Swift",moderate,visual,security engineer,hybrid,poor,no,12,aws
female,"english, sinhala, tamil",bachelor's degree,software engineering,2.61,3,1,2.86,Data Scientist,"Tableau, NumPy, Pandas, Machine Learning",excellent,auditory,data scientist,remote,average,no,12,cisco
female,"english, sinhala",bachelor's degree,data science,3.11,3,1,3.16,Data Analyst,"Power BI, Data Visualization, SQL, Excel",moderate,kinesthetic,devops engineer,onsite,poor,yes,4,cisco
female,"sinhala, tamil",bachelor's degree,cyber security,3.95,2,1,2.32,Machine Learning Engineer,"Python, Deep Learning, TensorFlow, Pandas",excellent,visual,software engineer,remote,poor,yes,8,google
female,english,bachelor's degree,information technology,3.1,3,2,2.36,AI Engineer,"LLMs, Python, PyTorch, NLP",excellent,kinesthetic,devops engineer,hybrid,average,yes,1,cisco
female,"english, sinhala",bachelor's degree,computer science,2.22,2,1,3.27,BI Developer,"ETL Tools, DAX, Tableau, SQL",excellent,auditory,devops engineer,onsite,excellent,no,0,cisco
male,"sinhala, tamil",bachelor's degree,cyber security,4.0,1,2,3.2,DevOps Engineer,"Jenkins, CI/CD, Docker, Linux",moderate,visual,data scientist,onsite,excellent,no,12,aws
female,sinhala,bachelor's degree,data science,3.46,1,2,3.1,Cloud Engineer,"GCP, Terraform, Azure, Kubernetes",excellent,visual,systems analyst,onsite,average,no,11,cisco
female,sinhala,bachelor's degree,computer science,2.75,4,1,2.27,Cloud Architect,"Scalability, Microservices, IaC, Networking",excellent,kinesthetic,systems analyst,onsite,excellent,yes,10,azure
female,english,bachelor's degree,information technology,3.42,2,1,3.59,Cybersecurity Analyst,"Firewalls, SIEM, Networking, Python",moderate,visual,systems analyst,hybrid,poor,no,7,none
female,english,bachelor's degree,information technology,3.75,1,1,3.49,Ethical Hacker,"Python, Kali Linux, Wireshark, Burp Suite",moderate,kinesthetic,devops engineer,remote,excellent,no,0,google
male,"sinhala, tamil",bachelor's degree,data science,3.46,3,2,2.8,Security Engineer,"SIEM, IAM, Encryption, Linux",excellent,auditory,software engineer,hybrid,poor,no,9,azure
female,"english, sinhala",bachelor's degree,information technology,2.56,3,1,3.44,Information Security Analyst,"Networking, SIEM, Incident Response, Compliance",excellent,kinesthetic,systems analyst,hybrid,poor,yes,8,cisco
male,"tamil, english",bachelor's degree,data science,3.41,4,1,3.12,Network Engineer,"VPN, Firewalls, Routing, TCP/IP",excellent,auditory,qa engineer,onsite,average,no,7,google
female,"english, sinhala",bachelor's degree,data science,3.53,3,1,2.65,System Administrator,"Networking, Active Directory, Linux, Windows Server",excellent,kinesthetic,devops engineer,remote,poor,yes,6,none
female,"english, sinhala, tamil",bachelor's degree,software engineering,2.22,3,2,3.98,IT Support Engineer,"Windows, Troubleshooting, Active Directory, Hardware",excellent,auditory,data scientist,hybrid,poor,no,11,none
male,"sinhala, tamil",bachelor's degree,information technology,3.57,3,2,2.81,Hardware Engineer,"Electronics, PCB Design, Arduino, Microcontrollers",moderate,auditory,qa engineer,onsite,average,yes,11,azure
male,"sinhala, tamil",bachelor's degree,data science,2.46,4,2,2.2,QA Engineer,"API Testing, SQL, Test Cases, Selenium",excellent,kinesthetic,security engineer,onsite,average,yes,5,azure
female,english,bachelor's degree,data science,2.45,3,1,2.35,Software Tester,"Bug Tracking, Test Plans, Agile, SQL",excellent,visual,qa engineer,onsite,poor,no,10,none
male,"english, sinhala, tamil",bachelor's degree,computer science,3.68,4,1,3.03,Automation Test Engineer,"Java, TestNG, CI/CD, Python",moderate,kinesthetic,systems analyst,onsite,poor,yes,6,aws
female,"english, sinhala",bachelor's degree,data science,2.56,1,2,3.26,UI Designer,"UI Principles, Photoshop, Figma, Prototyping",moderate,kinesthetic,devops engineer,remote,excellent,no,9,google
female,"english, sinhala",bachelor's degree,computer science,3.27,4,1,2.54,UX Designer,"User Research, Prototyping, Wireframing, Figma",excellent,auditory,qa engineer,hybrid,excellent,no,1,cisco
female,tamil,bachelor's degree,cyber security,3.75,1,1,3.72,Product Designer,"User Flow, Prototyping, Design Systems, UI Design",low,visual,systems analyst,hybrid,poor,no,7,cisco
male,tamil,bachelor's degree,information technology,4.0,4,1,3.2,Blockchain Developer,"Node.js, Solidity, Ethereum, Smart Contracts",moderate,auditory,qa engineer,remote,average,yes,0,cisco
female,sinhala,bachelor's degree,data science,3.8,2,2,3.9,IoT Engineer,"Raspberry Pi, Arduino, Cloud Integration, C/C++",excellent,kinesthetic,data scientist,remote,average,no,10,aws
female,tamil,bachelor's degree,information technology,3.23,2,1,3.96,Embedded Systems Engineer,"RTOS, C/C++, IoT, Microcontrollers",moderate,kinesthetic,systems analyst,hybrid,poor,yes,3,google
female,"english, sinhala",bachelor's degree,information technology,2.22,4,2,2.93,AR/VR Developer,"C#, Unity, XR SDKs, Blender",low,kinesthetic,systems analyst,remote,excellent,yes,9,none
male,sinhala,bachelor's degree,cyber security,3.61,3,2,3.76,SEO Specialist,"Keyword Research, Content Strategy, Google Analytics, Backlinks",excellent,visual,devops engineer,remote,excellent,no,6,cisco
female,"sinhala, tamil",bachelor's degree,software engineering,2.45,4,1,2.52,IT Support Specialist,"Active Directory, Troubleshooting, Windows, Hardware",low,visual,software engineer,hybrid,excellent,yes,6,cisco
male,tamil,bachelor's degree,information technology,2.56,2,2,2.22,Software Engineer,"Git, Python, OOP, Java",low,kinesthetic,software engineer,hybrid,excellent,yes,0,google
male,english,bachelor's degree,data science,2.51,4,1,3.99,Full Stack Developer,"Node.js, Express, JavaScript, React",excellent,visual,qa engineer,onsite,average,yes,9,azure
female,"tamil, english",bachelor's degree,information technology,2.59,1,1,3.7,Frontend Developer,"Tailwind CSS, JavaScript, CSS, TypeScript",excellent,visual,qa engineer,hybrid,average,no,7,azure
male,"english, sinhala",bachelor's degree,computer science,3.59,4,1,3.65,Backend Developer,"SQL, Java, Microservices, Node.js",excellent,kinesthetic,data scientist,onsite,average,yes,7,none
male,sinhala,bachelor's degree,computer science,2.46,1,2,3.54,Web Developer,"HTML, PHP, JavaScript, CSS",moderate,kinesthetic,devops engineer,onsite,average,yes,5,azure
male,"english, sinhala, tamil",bachelor's degree,software engineering,3.99,1,1,2.75,Mobile App Developer,"Swift, Kotlin, Java, Firebase",low,kinesthetic,software engineer,hybrid,excellent,no,5,aws
male,"english, sinhala, tamil",bachelor's degree,software engineering,2.74,4,1,3.67,Data Scientist,"Pandas, NumPy, Python, Machine Learning",low,kinesthetic,software engineer,hybrid,average,no,10,aws
female,"sinhala, tamil",bachelor's degree,software engineering,3.34,1,2,3.71,Data Analyst,"SQL, Statistics, Excel, Power BI",moderate,visual,devops engineer,remote,average,yes,2,google
female,"english, sinhala",bachelor's degree,software engineering,2.7,2,2,2.41,Machine Learning Engineer,"Pandas, TensorFlow, Scikit-learn, Deep Learning",excellent,auditory,devops engineer,remote,poor,no,5,aws
male,"english, sinhala",bachelor's degree,information technology,3.18,2,2,2.7,AI Engineer,"Data Processing, NLP, PyTorch, TensorFlow",low,kinesthetic,software engineer,hybrid,excellent,yes,0,google
female,"english, sinhala, tamil",bachelor's degree,computer science,2.99,1,2,3.05,BI Developer,"Tableau, DAX, ETL Tools, Power BI",excellent,visual,systems analyst,remote,poor,no,11,none
female,tamil,bachelor's degree,information technology,4.0,2,2,2.94,DevOps Engineer,"Linux, AWS, Kubernetes, Jenkins",moderate,visual,security engineer,remote,poor,no,1,cisco
female,sinhala,bachelor's degree,data science,3.89,2,2,2.79,Cloud Engineer,"Terraform, Docker, AWS, Azure",moderate,visual,software engineer,remote,average,no,7,google
female,"english, sinhala",bachelor's degree,software engineering,2.44,4,2,2.25,Cloud Architect,"Scalability, Networking, AWS/Azure Design, IaC",excellent,kinesthetic,qa engineer,remote,excellent,yes,6,none
male,"english, sinhala, tamil",bachelor's degree,cyber security,2.86,1,1,3.33,Cybersecurity Analyst,"Networking, SIEM, Firewalls, Linux",moderate,visual,data scientist,hybrid,excellent,no,2,cisco
male,sinhala,bachelor's degree,information technology,3.12,1,1,2.32,Ethical Hacker,"Burp Suite, Nmap, Python, Wireshark",moderate,auditory,devops engineer,hybrid,poor,yes,8,google
female,sinhala,bachelor's degree,cyber security,3.89,1,2,2.52,Security Engineer,"Firewalls, Encryption, Cloud Security, Linux",excellent,kinesthetic,qa engineer,onsite,excellent,no,7,azure
female,"english, sinhala, tamil",bachelor's degree,data science,3.03,1,1,2.27,Information Security Analyst,"Compliance, SIEM, Risk Assessment, Networking",moderate,auditory,devops engineer,onsite,excellent,yes,6,google
female,sinhala,bachelor's degree,data science,3.01,1,2,2.38,Network Engineer,"Cisco, Firewalls, TCP/IP, Switching",moderate,kinesthetic,systems analyst,remote,excellent,yes,2,aws
male,"tamil, english",bachelor's degree,computer science,2.87,2,2,2.69,System Administrator,"Virtualization, Active Directory, Windows Server, Linux",moderate,auditory,devops engineer,onsite,poor,yes,7,none
male,"english, sinhala",bachelor's degree,computer science,2.47,2,1,2.83,IT Support Engineer,"Active Directory, Troubleshooting, Ticketing Tools, Hardware",low,kinesthetic,devops engineer,onsite,poor,no,11,aws
male,"tamil, english",bachelor's degree,data science,3.34,4,1,2.5,Hardware Engineer,"Circuit Design, Arduino, Electronics, PCB Design",low,visual,systems analyst,remote,average,yes,9,none
male,sinhala,bachelor's degree,software engineering,2.45,1,1,3.94,QA Engineer,"Test Cases, Selenium, API Testing, Jira",excellent,kinesthetic,software engineer,hybrid,poor,no,0,google
male,sinhala,bachelor's degree,computer science,3.74,1,1,3.4,Software Tester,"Selenium, Bug Tracking, Manual Testing, Agile",moderate,auditory,devops engineer,remote,poor,no,11,cisco
male,"tamil, english",bachelor's degree,software engineering,3.58,2,1,3.86,Automation Test Engineer,"CI/CD, Java, Selenium, TestNG",moderate,auditory,devops engineer,onsite,excellent,yes,7,none
male,sinhala,bachelor's degree,computer science,2.77,3,1,3.39,UI Designer,"Photoshop, Adobe XD, Figma, Prototyping",low,visual,security engineer,onsite,poor,yes,11,google
female,sinhala,bachelor's degree,information technology,2.08,3,1,2.74,UX Designer,"Prototyping, Figma, UX Testing, Wireframing",moderate,auditory,systems analyst,onsite,excellent,no,0,azure
female,"sinhala, tamil",bachelor's degree,cyber security,3.32,1,2,3.57,Product Designer,"Prototyping, Figma, UX Research, UI Design",low,kinesthetic,security engineer,onsite,poor,no,11,aws
female,"sinhala, tamil",bachelor's degree,cyber security,3.8,2,1,3.77,Blockchain Developer,"Web3.js, Solidity, Node.js, Cryptography",moderate,auditory,security engineer,hybrid,average,no,7,google
female,"english, sinhala, tamil",bachelor's degree,information technology,3.35,1,2,3.03,IoT Engineer,"Raspberry Pi, Sensors, Cloud Integration, MQTT",moderate,kinesthetic,security engineer,hybrid,average,yes,0,cisco
female,english,bachelor's degree,data science,3.0,1,2,3.1,Embedded Systems Engineer,"PCB Design, Electronics, Microcontrollers, RTOS",excellent,visual,security engineer,onsite,excellent,yes,6,aws
male,english,bachelor's degree,software engineering,3.44,2,1,3.28,AR/VR Developer,"XR SDKs, Blender, C#, Unity",low,kinesthetic,qa engineer,onsite,average,no,3,google
male,tamil,bachelor's degree,data science,3.78,2,1,2.58,SEO Specialist,"HTML, Content Strategy, SEO Tools, Backlinks",low,auditory,software engineer,onsite,poor,no,11,google
male,sinhala,bachelor's degree,cyber security,3.45,3,1,2.7,IT Support Specialist,"Windows, Active Directory, Ticketing Systems, Troubleshooting",excellent,kinesthetic,devops engineer,hybrid,excellent,yes,9,aws
male,sinhala,bachelor's degree,information technology,3.64,4,1,3.58,Software Engineer,"Java, OOP, Python, Spring Boot",moderate,visual,data scientist,remote,average,yes,10,none
male,tamil,bachelor's degree,cyber security,2.14,4,1,2.9,Full Stack Developer,"MongoDB, JavaScript, React, Node.js",low,auditory,qa engineer,hybrid,excellent,yes,9,google
male,sinhala,bachelor's degree,software engineering,2.81,3,2,2.98,Frontend Developer,"JavaScript, TypeScript, Tailwind CSS, React",low,kinesthetic,software engineer,remote,poor,yes,6,google
female,"tamil, english",bachelor's degree,software engineering,3.63,3,1,2.35,Backend Developer,"Spring Boot, SQL, Java, REST API",low,kinesthetic,software engineer,remote,excellent,yes,6,aws
female,sinhala,bachelor's degree,data science,2.47,2,1,2.78,Web Developer,"CSS, HTML, JavaScript, PHP",excellent,auditory,qa engineer,hybrid,poor,no,3,cisco
female,"sinhala, tamil",bachelor's degree,information technology,3.12,1,2,2.97,Mobile App Developer,"Firebase, Java, Kotlin, Swift",moderate,visual,software engineer,remote,excellent,yes,6,cisco
female,"tamil, english",bachelor's degree,software engineering,2.5,3,1,2.87,Data Scientist,"NumPy, Python, SQL, Machine Learning",excellent,kinesthetic,security engineer,remote,poor,no,1,cisco
female,"sinhala, tamil",bachelor's degree,data science,2.4,2,2,2.86,Data Analyst,"Python, Excel, Power BI, Statistics",low,auditory,devops engineer,hybrid,excellent,no,10,aws
male,"english, sinhala, tamil",bachelor's degree,data science,4.0,3,2,2.65,Machine Learning Engineer,"NumPy, Deep Learning, Scikit-learn, TensorFlow",excellent,visual,security engineer,hybrid,excellent,yes,6,cisco
female,"english, sinhala, tamil",bachelor's degree,cyber security,2.94,1,2,3.73,AI Engineer,"TensorFlow, NLP, PyTorch, LLMs",moderate,auditory,security engineer,onsite,poor,yes,8,aws
male,english,bachelor's degree,information technology,3.41,2,2,2.79,BI Developer,"Power BI, SQL, ETL Tools, Tableau",excellent,visual,devops engineer,hybrid,poor,yes,10,azure
male,"tamil, english",bachelor's degree,software engineering,2.48,2,2,3.13,DevOps Engineer,"Kubernetes, Jenkins, CI/CD, AWS",moderate,kinesthetic,devops engineer,hybrid,poor,no,1,google
female,"tamil, english",bachelor's degree,software engineering,3.26,3,1,3.24,Cloud Engineer,"Azure, Terraform, AWS, GCP",excellent,auditory,devops engineer,remote,poor,no,6,azure
female,"english, sinhala",bachelor's degree,data science,3.77,4,2,2.54,Cloud Architect,"Scalability, Microservices, Security, Networking",low,kinesthetic,security engineer,hybrid,excellent,no,1,azure
male,"sinhala, tamil",bachelor's degree,computer science,3.17,3,1,3.34,Cybersecurity Analyst,"Risk Analysis, Python, Firewalls, Networking",moderate,auditory,data scientist,remote,average,yes,0,cisco
female,"english, sinhala, tamil",bachelor's degree,software engineering,3.63,3,1,2.37,Ethical Hacker,"Kali Linux, Nmap, Burp Suite, Metasploit",low,auditory,data scientist,onsite,average,yes,1,aws
female,"english, sinhala",bachelor's degree,data science,3.41,1,2,3.29,Security Engineer,"Firewalls, Encryption, SIEM, Linux",excellent,kinesthetic,qa engineer,remote,average,yes,9,aws
female,"tamil, english",bachelor's degree,software engineering,3.47,1,1,2.56,Information Security Analyst,"SIEM, Networking, SOC Tools, Compliance",excellent,kinesthetic,devops engineer,onsite,average,no,11,cisco
male,"tamil, english",bachelor's degree,software engineering,2.81,1,1,2.88,Network Engineer,"Switching, TCP/IP, Firewalls, Routing",low,auditory,systems analyst,onsite,average,no,12,azure
female,"english, sinhala",bachelor's degree,information technology,2.08,3,1,2.66,System Administrator,"Active Directory, Windows Server, Networking, Bash",excellent,visual,security engineer,remote,average,no,9,aws
female,"english, sinhala",bachelor's degree,cyber security,2.29,1,1,3.31,IT Support Engineer,"Active Directory, Windows, Ticketing Tools, Troubleshooting",low,kinesthetic,software engineer,remote,average,yes,6,aws
female,"sinhala, tamil",bachelor's degree,computer science,3.15,4,2,3.53,Hardware Engineer,"Microcontrollers, Arduino, Electronics, PCB Design",excellent,auditory,devops engineer,remote,excellent,yes,4,google
female,"sinhala, tamil",bachelor's degree,computer science,2.28,4,1,3.13,QA Engineer,"Selenium, Test Cases, Jira, SQL",excellent,visual,qa engineer,remote,average,no,5,google
male,tamil,bachelor's degree,cyber security,3.02,4,1,3.73,Software Tester,"Bug Tracking, Agile, Test Plans, Selenium",low,kinesthetic,systems analyst,remote,excellent,yes,6,aws
male,"sinhala, tamil",bachelor's degree,software engineering,3.27,1,2,3.32,Automation Test Engineer,"Java, CI/CD, TestNG, Cypress",excellent,auditory,qa engineer,onsite,average,no,12,aws
male,english,bachelor's degree,software engineering,3.49,2,2,3.0,UI Designer,"Color Theory, UI Principles, Photoshop, Prototyping",moderate,auditory,security engineer,onsite,average,no,7,aws
male,tamil,bachelor's degree,data science,3.62,1,1,3.65,UX Designer,"Wireframing, Figma, Psychology, UX Testing",moderate,visual,security engineer,onsite,average,no,9,cisco
male,"tamil, english",bachelor's degree,software engineering,3.15,1,1,3.33,Product Designer,"UX Research, UI Design, Prototyping, Figma",low,visual,qa engineer,hybrid,excellent,no,2,none
male,sinhala,bachelor's degree,cyber security,3.0,3,1,2.76,Blockchain Developer,"Solidity, Cryptography, Smart Contracts, Node.js",excellent,auditory,systems analyst,hybrid,excellent,no,10,google
female,"english, sinhala",bachelor's degree,cyber security,2.74,2,1,2.7,IoT Engineer,"C/C++, Cloud Integration, MQTT, Arduino",moderate,visual,data scientist,remote,average,no,4,cisco
female,sinhala,bachelor's degree,cyber security,2.0,2,2,3.6,Embedded Systems Engineer,"PCB Design, IoT, C/C++, Microcontrollers",excellent,kinesthetic,data scientist,hybrid,excellent,yes,6,cisco
female,"english, sinhala",bachelor's degree,computer science,3.45,1,1,2.34,AR/VR Developer,"Blender, XR SDKs, Unity, C#",moderate,visual,systems analyst,remote,excellent,no,9,none
female,sinhala,bachelor's degree,information technology,3.28,3,1,3.32,SEO Specialist,"Content Strategy, HTML, Google Analytics, SEO Tools",moderate,auditory,software engineer,onsite,excellent,yes,3,cisco
male,"english, sinhala, tamil",bachelor's degree,information technology,2.33,4,2,3.42,IT Support Specialist,"Troubleshooting, Ticketing Systems, Networking, Hardware",excellent,visual,software engineer,remote,excellent,no,10,none
male,"tamil, english",bachelor's degree,software engineering,3.25,4,2,3.84,Software Engineer,"Git, OOP, Spring Boot, SQL",moderate,auditory,security engineer,remote,average,yes,12,azure
female,"sinhala, tamil",bachelor's degree,software engineering,3.93,1,2,3.45,Full Stack Developer,"React, REST API, MongoDB, JavaScript",excellent,kinesthetic,security engineer,onsite,poor,yes,8,google
female,tamil,bachelor's degree,data science,3.95,1,1,2.66,Frontend Developer,"HTML, React, JavaScript, TypeScript",moderate,auditory,systems analyst,hybrid,excellent,no,3,azure
female,"tamil, english",bachelor's degree,cyber security,3.15,2,1,3.0,Backend Developer,"SQL, Microservices, REST API, Java",excellent,visual,systems analyst,remote,poor,no,4,azure
female,english,bachelor's degree,computer science,2.91,3,1,2.38,Web Developer,"Bootstrap, HTML, CSS, MySQL",excellent,kinesthetic,devops engineer,remote,average,no,0,cisco
male,"english, sinhala",bachelor's degree,data science,4.0,4,2,3.13,Mobile App Developer,"Kotlin, Java, Firebase, Flutter",moderate,visual,security engineer,hybrid,average,no,5,google
male,"sinhala, tamil",bachelor's degree,information technology,2.3,1,1,3.01,Data Scientist,"SQL, NumPy, Python, Tableau",low,visual,devops engineer,remote,excellent,yes,12,aws
male,"english, sinhala",bachelor's degree,computer science,3.96,2,1,3.86,Data Analyst,"Python, Excel, SQL, Statistics",moderate,visual,software engineer,remote,poor,yes,12,none
female,"sinhala, tamil",bachelor's degree,software engineering,3.29,2,2,2.39,Machine Learning Engineer,"Python, Scikit-learn, Deep Learning, NumPy",moderate,visual,data scientist,remote,poor,yes,3,google
female,english,bachelor's degree,information technology,3.76,1,1,3.78,AI Engineer,"Data Processing, Python, LLMs, NLP",excellent,visual,security engineer,onsite,average,yes,6,none
female,"english, sinhala, tamil",bachelor's degree,cyber security,2.6,1,1,3.15,BI Developer,"Tableau, Power BI, ETL Tools, DAX",excellent,kinesthetic,devops engineer,onsite,poor,no,9,aws
male,sinhala,bachelor's degree,cyber security,3.36,3,2,3.15,DevOps Engineer,"CI/CD, Jenkins, AWS, Linux",excellent,visual,data scientist,hybrid,excellent,yes,7,none
male,"sinhala, tamil",bachelor's degree,information technology,2.41,2,1,2.24,Cloud Engineer,"Kubernetes, Azure, Docker, Terraform",excellent,visual,qa engineer,remote,poor,yes,0,cisco
female,english,bachelor's degree,computer science,2.6,3,1,3.36,Cloud Architect,"Microservices, IaC, Scalability, AWS/Azure Design",moderate,visual,devops engineer,onsite,poor,yes,11,cisco
male,sinhala,bachelor's degree,information technology,2.43,4,2,3.82,Cybersecurity Analyst,"Risk Analysis, Firewalls, Python, Linux",moderate,auditory,systems analyst,remote,poor,yes,7,google
female,tamil,bachelor's degree,cyber security,2.56,2,1,3.67,Ethical Hacker,"Python, Metasploit, Kali Linux, Nmap",low,visual,qa engineer,remote,average,yes,12,none
male,"english, sinhala",bachelor's degree,software engineering,4.0,3,2,3.83,Security Engineer,"Encryption, SIEM, Firewalls, Cloud Security",moderate,auditory,devops engineer,hybrid,excellent,yes,9,none
male,"english, sinhala",bachelor's degree,data science,2.38,2,2,2.47,Information Security Analyst,"SIEM, Incident Response, SOC Tools, Risk Assessment",low,kinesthetic,systems analyst,remote,poor,no,9,google
male,tamil,bachelor's degree,computer science,2.19,4,1,3.94,Network Engineer,"VPN, Firewalls, Routing, Cisco",moderate,visual,data scientist,onsite,average,no,9,google
male,"tamil, english",bachelor's degree,computer science,2.27,1,2,2.32,System Administrator,"Bash, Linux, Windows Server, Virtualization",moderate,kinesthetic,software engineer,hybrid,poor,no,2,azure
female,english,bachelor's degree,cyber security,3.84,3,1,2.53,IT Support Engineer,"Troubleshooting, Networking, Active Directory, Hardware",excellent,visual,data scientist,onsite,excellent,no,10,none
male,sinhala,bachelor's degree,cyber security,2.97,3,1,3.82,Hardware Engineer,"Arduino, Electronics, Microcontrollers, Circuit Design",low,auditory,security engineer,onsite,poor,no,11,aws
female,"english, sinhala, tamil",bachelor's degree,computer science,2.73,4,2,3.2,QA Engineer,"Selenium, API Testing, Jira, SQL",excellent,kinesthetic,qa engineer,onsite,average,no,11,azure
female,sinhala,bachelor's degree,data science,3.87,1,2,2.65,Software Tester,"Agile, SQL, Manual Testing, Test Plans",low,auditory,data scientist,remote,excellent,no,1,cisco
male,"english, sinhala, tamil",bachelor's degree,cyber security,3.91,3,1,3.71,Automation Test Engineer,"CI/CD, Java, TestNG, Selenium",low,auditory,security engineer,hybrid,excellent,yes,1,google
female,english,bachelor's degree,computer science,3.68,3,1,2.38,UI Designer,"Prototyping, Color Theory, UI Principles, Figma",moderate,kinesthetic,qa engineer,remote,average,no,10,google
female,english,bachelor's degree,data science,2.86,3,2,3.84,UX Designer,"Wireframing, Psychology, User Research, Prototyping",excellent,kinesthetic,devops engineer,remote,average,no,0,azure
female,english,bachelor's degree,information technology,3.52,3,1,2.67,Product Designer,"Prototyping, UX Research, User Flow, UI Design",moderate,visual,systems analyst,onsite,poor,no,9,azure
male,"english, sinhala, tamil",bachelor's degree,computer science,3.21,3,2,3.94,Blockchain Developer,"Ethereum, Cryptography, Smart Contracts, Solidity",moderate,kinesthetic,qa engineer,remote,average,no,9,cisco
male,sinhala,bachelor's degree,computer science,3.34,2,1,3.27,IoT Engineer,"Raspberry Pi, MQTT, Cloud Integration, Arduino",low,kinesthetic,systems analyst,onsite,excellent,no,7,aws
male,english,bachelor's degree,cyber security,3.43,3,1,2.49,Embedded Systems Engineer,"RTOS, Electronics, Microcontrollers, IoT",low,auditory,systems analyst,onsite,excellent,no,9,aws
male,"english, sinhala",bachelor's degree,cyber security,3.26,1,2,2.84,AR/VR Developer,"XR SDKs, Blender, Unity, C#",excellent,kinesthetic,qa engineer,remote,excellent,yes,0,aws
male,tamil,bachelor's degree,cyber security,2.27,1,1,2.9,SEO Specialist,"Backlinks, Google Analytics, Content Strategy, Keyword Research",moderate,auditory,qa engineer,hybrid,excellent,yes,10,google
female,"sinhala, tamil",bachelor's degree,computer science,2.74,1,1,2.87,IT Support Specialist,"Windows, Ticketing Systems, Networking, Hardware",moderate,visual,data scientist,hybrid,excellent,yes,0,cisco
male,sinhala,bachelor's degree,data science,3.33,3,1,3.39,Software Engineer,"OOP, Python, Spring Boot, SQL",moderate,kinesthetic,qa engineer,hybrid,poor,no,4,aws
male,english,bachelor's degree,software engineering,4.0,3,2,2.23,Full Stack Developer,"React, JavaScript, Express, MongoDB",excellent,visual,systems analyst,onsite,average,yes,3,none
female,"english, sinhala, tamil",bachelor's degree,software engineering,3.73,2,2,3.73,Frontend Developer,"TypeScript, JavaScript, Tailwind CSS, CSS",excellent,visual,systems analyst,onsite,excellent,yes,7,cisco
male,"english, sinhala",bachelor's degree,data science,3.05,4,1,2.75,Backend Developer,"Microservices, Node.js, REST API, SQL",excellent,auditory,devops engineer,onsite,excellent,no,9,google
male,"tamil, english",bachelor's degree,information technology,2.59,4,1,3.94,Web Developer,"HTML, PHP, CSS, MySQL",excellent,kinesthetic,software engineer,onsite,average,no,6,aws
female,tamil,bachelor's degree,computer science,2.62,3,1,2.24,Mobile App Developer,"Swift, Java, Firebase, Flutter",moderate,kinesthetic,data scientist,onsite,average,no,1,aws
male,tamil,bachelor's degree,information technology,3.22,4,1,3.12,Data Scientist,"Machine Learning, NumPy, Python, SQL",low,kinesthetic,systems analyst,onsite,excellent,yes,10,cisco
female,"english, sinhala",bachelor's degree,data science,3.33,3,1,3.59,Data Analyst,"Python, Power BI, Data Visualization, Excel",moderate,kinesthetic,devops engineer,hybrid,average,yes,1,aws
male,"english, sinhala",bachelor's degree,cyber security,2.34,4,2,2.23,Machine Learning Engineer,"Scikit-learn, Deep Learning, Python, NumPy",low,kinesthetic,software engineer,remote,poor,yes,8,cisco
male,sinhala,bachelor's degree,computer science,3.44,3,2,2.82,AI Engineer,"LLMs, PyTorch, NLP, TensorFlow",moderate,visual,data scientist,hybrid,poor,yes,2,azure
female,"sinhala, tamil",bachelor's degree,computer science,2.99,3,2,2.92,BI Developer,"SQL, Tableau, ETL Tools, Excel",moderate,visual,qa engineer,onsite,average,no,4,none
female,"sinhala, tamil",bachelor's degree,computer science,2.69,1,1,3.35,DevOps Engineer,"AWS, CI/CD, Kubernetes, Jenkins",excellent,auditory,devops engineer,remote,average,yes,3,aws
female,sinhala,bachelor's degree,information technology,2.77,3,2,3.11,Cloud Engineer,"Azure, Kubernetes, AWS, GCP",low,kinesthetic,security engineer,onsite,excellent,yes,2,aws
female,english,bachelor's degree,information technology,3.54,4,1,3.54,Cloud Architect,"IaC, Scalability, AWS/Azure Design, Microservices",moderate,visual,software engineer,remote,excellent,yes,3,google
male,"tamil, english",bachelor's degree,cyber security,2.08,1,1,2.31,Cybersecurity Analyst,"Firewalls, Linux, Risk Analysis, SIEM",excellent,visual,systems analyst,hybrid,excellent,no,10,cisco
male,sinhala,bachelor's degree,cyber security,3.35,4,2,3.47,Ethical Hacker,"Wireshark, Kali Linux, Burp Suite, Python",low,kinesthetic,systems analyst,hybrid,poor,yes,11,google
male,tamil,bachelor's degree,information technology,3.61,2,1,3.87,Security Engineer,"IAM, Cloud Security, Encryption, SIEM",moderate,kinesthetic,devops engineer,onsite,poor,no,12,none
male,english,bachelor's degree,cyber security,3.49,2,1,3.14,Information Security Analyst,"Risk Assessment, Incident Response, Compliance, SOC Tools",excellent,visual,software engineer,onsite,poor,no,10,cisco
female,sinhala,bachelor's degree,information technology,3.24,1,2,3.52,Network Engineer,"Routing, TCP/IP, Cisco, Firewalls",excellent,visual,security engineer,hybrid,average,no,12,azure
female,"english, sinhala",bachelor's degree,cyber security,2.5,1,1,3.33,System Administrator,"Windows Server, Bash, Virtualization, Active Directory",low,kinesthetic,devops engineer,remote,poor,yes,6,aws
male,"english, sinhala, tamil",bachelor's degree,computer science,3.63,1,1,2.6,IT Support Engineer,"Ticketing Tools, Networking, Hardware, Troubleshooting",low,visual,software engineer,onsite,excellent,no,4,azure
male,"tamil, english",bachelor's degree,software engineering,2.0,3,2,3.97,Hardware Engineer,"Electronics, Microcontrollers, PCB Design, Circuit Design",low,kinesthetic,data scientist,hybrid,average,yes,2,azure
female,"tamil, english",bachelor's degree,information technology,2.71,1,2,3.68,QA Engineer,"SQL, Manual Testing, Jira, API Testing",excellent,kinesthetic,data scientist,remote,average,no,5,aws
male,"tamil, english",bachelor's degree,computer science,3.14,1,1,3.44,Software Tester,"Manual Testing, Agile, Bug Tracking, Test Plans",low,visual,security engineer,onsite,average,yes,4,cisco
male,"english, sinhala",bachelor's degree,computer science,2.49,4,1,3.07,Automation Test Engineer,"CI/CD, TestNG, Selenium, Python",low,visual,qa engineer,onsite,average,yes,7,aws
female,sinhala,bachelor's degree,information technology,2.62,2,2,2.22,UI Designer,"Figma, UI Principles, Adobe XD, Color Theory",moderate,kinesthetic,systems analyst,remote,poor,no,12,azure
male,"english, sinhala, tamil",bachelor's degree,software engineering,4.0,2,2,2.99,UX Designer,"Prototyping, UX Testing, Figma, User Research",excellent,kinesthetic,systems analyst,onsite,average,yes,9,google
male,"english, sinhala, tamil",bachelor's degree,software engineering,2.17,2,1,2.91,Product Designer,"Design Systems, User Flow, Figma, UX Research",moderate,visual,qa engineer,onsite,average,no,9,azure
female,"tamil, english",bachelor's degree,data science,4.0,1,2,3.92,Blockchain Developer,"Ethereum, Node.js, Solidity, Cryptography",excellent,visual,systems analyst,onsite,average,yes,2,aws
male,"english, sinhala",bachelor's degree,information technology,2.68,4,1,2.99,IoT Engineer,"Cloud Integration, C/C++, Raspberry Pi, Arduino",excellent,auditory,qa engineer,onsite,excellent,yes,6,cisco
male,english,bachelor's degree,computer science,3.37,2,1,3.71,Embedded Systems Engineer,"C/C++, IoT, RTOS, Microcontrollers",low,kinesthetic,devops engineer,remote,poor,no,6,none
female,"tamil, english",bachelor's degree,computer science,2.57,3,1,3.41,AR/VR Developer,"XR SDKs, Blender, Unreal Engine, 3D Modeling",moderate,auditory,data scientist,onsite,poor,yes,0,none
male,tamil,bachelor's degree,information technology,2.32,2,1,3.77,SEO Specialist,"Content Strategy, Keyword Research, HTML, Backlinks",excellent,visual,data scientist,hybrid,poor,no,3,google
male,"tamil, english",bachelor's degree,cyber security,2.07,3,1,2.85,IT Support Specialist,"Hardware, Troubleshooting, Networking, Active Directory",excellent,auditory,software engineer,onsite,excellent,no,8,aws
female,"tamil, english",bachelor's degree,information technology,2.63,3,2,3.8,Software Engineer,"OOP, Python, Java, Git",moderate,visual,systems analyst,hybrid,poor,yes,10,cisco
male,english,bachelor's degree,data science,3.08,1,2,3.73,Full Stack Developer,"Express, React, Node.js, REST API",excellent,kinesthetic,qa engineer,remote,average,yes,7,azure
female,english,bachelor's degree,data science,3.69,2,1,2.32,Frontend Developer,"HTML, Tailwind CSS, TypeScript, React",excellent,auditory,data scientist,onsite,excellent,no,11,none
male,english,bachelor's degree,information technology,3.68,1,2,3.76,Backend Developer,"SQL, Microservices, REST API, Spring Boot",moderate,auditory,systems analyst,hybrid,poor,yes,10,aws
female,english,bachelor's degree,cyber security,3.77,3,1,2.53,Web Developer,"JavaScript, MySQL, PHP, Bootstrap",excellent,kinesthetic,qa engineer,hybrid,poor,yes,5,aws
male,"tamil, english",bachelor's degree,cyber security,3.23,1,2,2.9,Mobile App Developer,"Swift, Firebase, Java, Kotlin",low,visual,systems analyst,onsite,average,yes,9,azure
female,"english, sinhala, tamil",bachelor's degree,information technology,3.05,2,1,2.56,Data Scientist,"SQL, NumPy, Tableau, Machine Learning",moderate,visual,devops engineer,remote,average,yes,10,azure
male,sinhala,bachelor's degree,software engineering,2.54,1,1,3.99,Data Analyst,"Data Visualization, Excel, Statistics, SQL",low,visual,security engineer,remote,average,no,3,azure
female,"english, sinhala, tamil",bachelor's degree,data science,2.28,2,1,3.32,Machine Learning Engineer,"TensorFlow, NumPy, Scikit-learn, Deep Learning",moderate,auditory,qa engineer,onsite,excellent,yes,0,cisco
male,tamil,bachelor's degree,cyber security,2.95,4,2,2.46,AI Engineer,"Data Processing, LLMs, Python, TensorFlow",low,visual,software engineer,hybrid,poor,yes,8,cisco
male,sinhala,bachelor's degree,data science,2.06,1,2,3.25,BI Developer,"Excel, DAX, SQL, Tableau",excellent,kinesthetic,qa engineer,remote,excellent,yes,12,google
male,"english, sinhala, tamil",bachelor's degree,cyber security,2.69,1,1,3.32,DevOps Engineer,"AWS, Docker, CI/CD, Jenkins",moderate,auditory,qa engineer,onsite,poor,yes,9,none
female,english,bachelor's degree,data science,3.26,2,2,2.43,Cloud Engineer,"AWS, Kubernetes, Docker, GCP",low,auditory,systems analyst,onsite,poor,no,8,none
female,"tamil, english",bachelor's degree,cyber security,2.98,1,1,3.09,Cloud Architect,"Security, Scalability, Networking, AWS/Azure Design",low,visual,devops engineer,hybrid,poor,no,1,cisco
male,english,bachelor's degree,software engineering,2.86,3,2,3.32,Cybersecurity Analyst,"Firewalls, Risk Analysis, Python, SIEM",low,visual,software engineer,remote,average,yes,11,cisco
female,sinhala,bachelor's degree,data science,3.35,1,1,2.88,Ethical Hacker,"Python, Wireshark, Burp Suite, Metasploit",low,auditory,security engineer,hybrid,excellent,yes,3,none
female,tamil,bachelor's degree,software engineering,3.19,1,1,3.96,Security Engineer,"Firewalls, Linux, SIEM, Encryption",excellent,auditory,systems analyst,hybrid,excellent,no,9,none
male,sinhala,bachelor's degree,computer science,3.63,1,1,3.34,Information Security Analyst,"Risk Assessment, SOC Tools, SIEM, Networking",low,auditory,software engineer,hybrid,excellent,yes,11,aws
female,"tamil, english",bachelor's degree,software engineering,3.12,2,2,2.41,Network Engineer,"Firewalls, Routing, Switching, TCP/IP",excellent,auditory,devops engineer,hybrid,average,no,7,cisco
female,tamil,bachelor's degree,information technology,2.33,1,1,3.99,System Administrator,"Virtualization, Active Directory, Linux, Networking",low,visual,data scientist,onsite,excellent,no,8,azure
male,"english, sinhala",bachelor's degree,data science,3.29,2,2,3.77,IT Support Engineer,"Windows, Troubleshooting, Ticketing Tools, Hardware",low,auditory,systems analyst,hybrid,poor,yes,2,none
female,english,bachelor's degree,software engineering,3.99,3,1,3.07,Hardware Engineer,"Circuit Design, Arduino, PCB Design, Electronics",low,kinesthetic,data scientist,remote,poor,no,7,google
male,tamil,bachelor's degree,computer science,3.55,3,2,3.58,QA Engineer,"API Testing, Selenium, Jira, SQL",moderate,visual,systems analyst,onsite,excellent,no,7,aws
female,"tamil, english",bachelor's degree,information technology,3.98,4,1,3.53,Software Tester,"Selenium, Bug Tracking, SQL, Manual Testing",low,auditory,data scientist,remote,average,yes,12,cisco
female,"english, sinhala, tamil",bachelor's degree,cyber security,2.96,4,2,2.6,Automation Test Engineer,"Selenium, CI/CD, Java, Python",low,auditory,devops engineer,hybrid,excellent,yes,9,cisco
female,sinhala,bachelor's degree,cyber security,2.42,3,1,2.53,UI Designer,"Figma, UI Principles, Prototyping, Photoshop",excellent,visual,data scientist,remote,excellent,yes,2,google
female,english,bachelor's degree,cyber security,3.88,3,2,3.03,UX Designer,"UX Testing, Psychology, Prototyping, Figma",excellent,auditory,qa engineer,remote,average,no,2,azure
female,english,bachelor's degree,information technology,3.35,2,2,3.09,Product Designer,"User Flow, UX Research, UI Design, Figma",low,auditory,devops engineer,remote,poor,yes,5,none
male,"english, sinhala, tamil",bachelor's degree,software engineering,3.2,4,2,3.55,Blockchain Developer,"Solidity, Ethereum, Node.js, Cryptography",low,kinesthetic,security engineer,hybrid,poor,no,0,cisco
female,sinhala,bachelor's degree,information technology,2.52,3,1,2.86,IoT Engineer,"Arduino, Cloud Integration, Raspberry Pi, C/C++",low,kinesthetic,software engineer,hybrid,excellent,no,10,none
female,sinhala,bachelor's degree,computer science,2.0,3,1,2.52,Embedded Systems Engineer,"C/C++, PCB Design, Microcontrollers, IoT",excellent,visual,qa engineer,remote,excellent,no,2,cisco
female,"tamil, english",bachelor's degree,computer science,3.81,2,2,2.65,AR/VR Developer,"Blender, C#, XR SDKs, Unreal Engine",excellent,auditory,data scientist,remote,poor,no,1,google
female,"english, sinhala, tamil",bachelor's degree,information technology,2.21,4,1,3.37,SEO Specialist,"Content Strategy, HTML, Keyword Research, SEO Tools",moderate,visual,data scientist,hybrid,average,no,2,aws
male,sinhala,bachelor's degree,software engineering,2.89,4,2,2.54,IT Support Specialist,"Ticketing Systems, Windows, Active Directory, Troubleshooting",moderate,kinesthetic,data scientist,remote,average,no,1,cisco
female,"english, sinhala, tamil",bachelor's degree,computer science,3.25,1,1,2.68,Software Engineer,"SQL, Java, Git, Python",excellent,visual,security engineer,remote,poor,no,3,cisco
female,"sinhala, tamil",bachelor's degree,software engineering,3.17,4,2,3.88,Full Stack Developer,"Express, React, Node.js, JavaScript",moderate,visual,data scientist,onsite,excellent,no,8,cisco
male,"sinhala, tamil",bachelor's degree,software engineering,2.28,3,1,3.84,Frontend Developer,"React, Tailwind CSS, JavaScript, HTML",excellent,visual,devops engineer,remote,excellent,no,6,cisco
male,tamil,bachelor's degree,computer science,2.35,4,1,3.45,Backend Developer,"REST API, Spring Boot, Microservices, Java",low,kinesthetic,devops engineer,remote,excellent,yes,0,azure
female,"english, sinhala",bachelor's degree,software engineering,2.53,4,1,3.42,Web Developer,"MySQL, HTML, JavaScript, Bootstrap",excellent,auditory,devops engineer,onsite,poor,no,2,azure
female,"english, sinhala",bachelor's degree,cyber security,3.84,4,2,3.43,Mobile App Developer,"Java, Swift, Flutter, REST API",excellent,visual,software engineer,hybrid,poor,yes,1,aws
female,"tamil, english",bachelor's degree,computer science,3.55,3,2,2.88,Data Scientist,"Python, Machine Learning, NumPy, SQL",low,visual,data scientist,hybrid,poor,yes,12,azure
male,"english, sinhala",bachelor's degree,software engineering,3.67,4,1,3.65,Data Analyst,"Data Visualization, Statistics, Python, SQL",excellent,kinesthetic,data scientist,remote,excellent,no,6,azure
female,"tamil, english",bachelor's degree,data science,2.9,3,1,2.32,Machine Learning Engineer,"Deep Learning, Scikit-learn, Pandas, Python",excellent,visual,qa engineer,onsite,excellent,yes,12,google
male,"tamil, english",bachelor's degree,software engineering,3.73,4,1,3.32,AI Engineer,"TensorFlow, LLMs, PyTorch, NLP",low,kinesthetic,security engineer,remote,poor,no,1,aws
female,"english, sinhala",bachelor's degree,software engineering,2.25,4,1,3.47,BI Developer,"Tableau, ETL Tools, DAX, SQL",excellent,kinesthetic,data scientist,remote,average,no,4,none
male,tamil,bachelor's degree,information technology,2.25,3,1,3.08,DevOps Engineer,"Linux, Kubernetes, Jenkins, CI/CD",low,auditory,data scientist,hybrid,average,no,12,cisco
male,"english, sinhala",bachelor's degree,cyber security,3.63,4,1,3.03,Cloud Engineer,"AWS, GCP, Terraform, Azure",excellent,auditory,devops engineer,remote,average,no,9,none
male,sinhala,bachelor's degree,software engineering,3.84,1,2,3.05,Cloud Architect,"AWS/Azure Design, Microservices, Scalability, IaC",moderate,visual,qa engineer,hybrid,poor,yes,2,none
male,sinhala,bachelor's degree,software engineering,3.85,4,2,3.94,Cybersecurity Analyst,"Linux, Firewalls, Networking, Risk Analysis",excellent,visual,devops engineer,hybrid,poor,no,4,azure
female,"sinhala, tamil",bachelor's degree,software engineering,4.0,4,2,3.32,Ethical Hacker,"Metasploit, Kali Linux, Python, Burp Suite",low,auditory,devops engineer,remote,poor,no,8,cisco
male,"tamil, english",bachelor's degree,computer science,2.12,4,2,2.81,Security Engineer,"IAM, Firewalls, Cloud Security, SIEM",excellent,visual,software engineer,remote,average,yes,10,none
female,"english, sinhala, tamil",bachelor's degree,computer science,3.95,4,2,3.6,Information Security Analyst,"Networking, SOC Tools, SIEM, Incident Response",moderate,visual,devops engineer,hybrid,poor,no,12,azure
female,"english, sinhala, tamil",bachelor's degree,cyber security,3.61,2,1,3.78,Network Engineer,"Cisco, Routing, Firewalls, TCP/IP",low,auditory,security engineer,hybrid,average,yes,8,google
female,sinhala,bachelor's degree,computer science,3.08,2,1,2.84,System Administrator,"Virtualization, Windows Server, Linux, Active Directory",moderate,kinesthetic,qa engineer,remote,average,yes,2,google
male,"english, sinhala, tamil",bachelor's degree,computer science,3.36,3,2,2.97,IT Support Engineer,"Windows, Ticketing Tools, Hardware, Troubleshooting",moderate,kinesthetic,qa engineer,remote,excellent,no,0,azure
female,"tamil, english",bachelor's degree,computer science,3.8,4,1,2.93,Hardware Engineer,"Arduino, Electronics, Microcontrollers, PCB Design",moderate,auditory,data scientist,hybrid,average,yes,5,azure
female,"sinhala, tamil",bachelor's degree,software engineering,3.92,2,1,2.4,QA Engineer,"SQL, Test Cases, Selenium, Manual Testing",moderate,visual,data scientist,hybrid,excellent,yes,2,aws
male,"english, sinhala",bachelor's degree,data science,2.74,4,2,3.88,Software Tester,"SQL, Manual Testing, Agile, Test Plans",low,visual,software engineer,onsite,average,yes,2,none
female,english,bachelor's degree,data science,2.76,4,1,3.33,Automation Test Engineer,"Java, TestNG, Cypress, Selenium",low,auditory,qa engineer,hybrid,poor,no,1,aws
male,"sinhala, tamil",bachelor's degree,information technology,3.53,1,2,2.81,UI Designer,"Adobe XD, Photoshop, Color Theory, Prototyping",low,auditory,software engineer,onsite,poor,yes,3,none
female,"english, sinhala",bachelor's degree,data science,3.09,2,1,2.74,UX Designer,"Figma, Psychology, Prototyping, User Research",low,visual,devops engineer,remote,poor,no,10,none
female,english,bachelor's degree,data science,2.71,3,1,3.37,Product Designer,"UX Research, Prototyping, User Flow, Figma",excellent,kinesthetic,software engineer,onsite,average,yes,12,aws
female,"tamil, english",bachelor's degree,data science,3.47,4,2,2.27,Blockchain Developer,"Ethereum, Cryptography, Web3.js, Node.js",moderate,visual,data scientist,onsite,excellent,yes,12,google
female,"tamil, english",bachelor's degree,computer science,2.66,1,1,3.92,IoT Engineer,"Arduino, Raspberry Pi, Cloud Integration, C/C++",excellent,auditory,data scientist,hybrid,average,yes,2,aws
male,tamil,bachelor's degree,cyber security,2.22,4,2,2.23,Embedded Systems Engineer,"Microcontrollers, Electronics, IoT, PCB Design",moderate,kinesthetic,devops engineer,onsite,poor,no,8,aws
male,english,bachelor's degree,cyber security,3.08,1,1,2.78,AR/VR Developer,"Unity, Blender, XR SDKs, Unreal Engine",excellent,visual,security engineer,remote,poor,yes,2,google
female,"english, sinhala",bachelor's degree,software engineering,3.5,1,2,2.56,SEO Specialist,"HTML, Google Analytics, Backlinks, Keyword Research",moderate,auditory,software engineer,hybrid,average,no,1,cisco
female,"sinhala, tamil",bachelor's degree,cyber security,3.2,2,2,2.27,IT Support Specialist,"Active Directory, Windows, Ticketing Systems, Hardware",low,visual,security engineer,hybrid,excellent,yes,12,azure
female,"sinhala, tamil",bachelor's degree,software engineering,2.39,4,2,3.24,Software Engineer,"SQL, OOP, Python, Spring Boot",excellent,auditory,qa engineer,hybrid,average,yes,6,azure
female,"english, sinhala",bachelor's degree,information technology,3.29,1,2,3.82,Full Stack Developer,"Node.js, REST API, MongoDB, JavaScript",excellent,kinesthetic,data scientist,remote,poor,no,1,google
female,"sinhala, tamil",bachelor's degree,information technology,2.51,4,2,2.81,Frontend Developer,"CSS, JavaScript, Tailwind CSS, HTML",excellent,visual,devops engineer,remote,excellent,no,0,azure
male,tamil,bachelor's degree,data science,2.5,2,2,2.37,Backend Developer,"REST API, Node.js, Microservices, Spring Boot",low,visual,software engineer,onsite,poor,yes,1,azure
male,tamil,bachelor's degree,data science,3.07,2,1,3.27,Web Developer,"JavaScript, MySQL, CSS, Bootstrap",low,kinesthetic,qa engineer,hybrid,excellent,yes,3,google
female,"english, sinhala, tamil",bachelor's degree,data science,3.7,3,2,3.95,Mobile App Developer,"Firebase, Java, REST API, Flutter",excellent,auditory,devops engineer,hybrid,poor,no,10,none
male,"tamil, english",bachelor's degree,data science,3.39,4,1,2.76,Data Scientist,"Tableau, Python, Machine Learning, SQL",low,visual,qa engineer,remote,poor,yes,11,aws
male,sinhala,bachelor's degree,cyber security,2.37,3,1,3.08,Data Analyst,"Python, SQL, Power BI, Excel",low,auditory,qa engineer,onsite,average,yes,9,cisco
female,"english, sinhala",bachelor's degree,software engineering,3.01,4,1,2.68,Machine Learning Engineer,"TensorFlow, NumPy, Python, Deep Learning",excellent,auditory,software engineer,hybrid,poor,no,10,cisco
male,"english, sinhala",bachelor's degree,cyber security,2.33,3,2,3.39,AI Engineer,"Data Processing, NLP, Python, LLMs",moderate,auditory,software engineer,hybrid,average,no,1,none
male,"tamil, english",bachelor's degree,cyber security,2.84,2,1,3.66,BI Developer,"DAX, SQL, Power BI, Excel",low,auditory,qa engineer,onsite,excellent,yes,0,azure
female,sinhala,bachelor's degree,data science,3.28,4,1,2.6,DevOps Engineer,"CI/CD, Docker, AWS, Jenkins",low,kinesthetic,security engineer,hybrid,poor,no,2,azure
female,"english, sinhala",bachelor's degree,computer science,2.96,2,2,3.97,Cloud Engineer,"Azure, Docker, AWS, GCP",excellent,auditory,systems analyst,onsite,excellent,no,11,aws
male,"tamil, english",bachelor's degree,cyber security,3.72,1,2,3.66,Cloud Architect,"AWS/Azure Design, IaC, Microservices, Security",moderate,kinesthetic,qa engineer,hybrid,average,yes,4,none
male,english,bachelor's degree,data science,2.98,4,2,3.35,Cybersecurity Analyst,"Risk Analysis, Python, Networking, Firewalls",low,auditory,qa engineer,remote,poor,no,5,none
male,"english, sinhala",bachelor's degree,computer science,3.82,1,2,2.76,Ethical Hacker,"Wireshark, Metasploit, Burp Suite, Python",excellent,auditory,data scientist,onsite,excellent,no,3,cisco
male,"sinhala, tamil",bachelor's degree,cyber security,2.38,3,1,3.54,Security Engineer,"Firewalls, Encryption, SIEM, Cloud Security",moderate,auditory,software engineer,hybrid,excellent,yes,3,none
male,"sinhala, tamil",bachelor's degree,computer science,3.75,1,2,3.4,Information Security Analyst,"SOC Tools, Risk Assessment, SIEM, Compliance",excellent,auditory,software engineer,hybrid,average,no,8,aws
female,tamil,bachelor's degree,software engineering,2.35,4,1,3.38,Network Engineer,"TCP/IP, Firewalls, Routing, Switching",excellent,kinesthetic,systems analyst,remote,excellent,no,1,aws
female,"sinhala, tamil",bachelor's degree,information technology,2.61,4,2,3.28,System Administrator,"Bash, Virtualization, Linux, Networking",moderate,kinesthetic,systems analyst,onsite,poor,no,12,azure
male,english,bachelor's degree,information technology,2.99,1,1,3.1,IT Support Engineer,"Active Directory, Hardware, Windows, Networking",low,visual,data scientist,hybrid,poor,yes,7,none
male,"tamil, english",bachelor's degree,software engineering,2.89,1,2,3.34,Hardware Engineer,"Microcontrollers, Embedded C, PCB Design, Electronics",excellent,auditory,software engineer,hybrid,excellent,no,3,google
female,sinhala,bachelor's degree,software engineering,2.62,4,2,3.14,QA Engineer,"SQL, Selenium, Manual Testing, API Testing",moderate,visual,software engineer,hybrid,excellent,no,2,cisco
female,"sinhala, tamil",bachelor's degree,information technology,3.05,2,1,2.51,Software Tester,"Manual Testing, SQL, Test Plans, Selenium",moderate,visual,qa engineer,remote,excellent,no,9,aws
male,"tamil, english",bachelor's degree,cyber security,2.16,3,1,2.84,Automation Test Engineer,"TestNG, Cypress, Selenium, CI/CD",low,visual,devops engineer,hybrid,excellent,yes,6,none
male,"sinhala, tamil",bachelor's degree,cyber security,2.74,2,2,2.38,UI Designer,"Photoshop, Prototyping, Figma, Adobe XD",excellent,auditory,systems analyst,hybrid,poor,yes,0,cisco
male,sinhala,bachelor's degree,cyber security,3.45,3,2,2.46,UX Designer,"UX Testing, Psychology, Wireframing, Figma",low,visual,security engineer,onsite,average,no,6,aws
female,sinhala,bachelor's degree,data science,3.57,2,1,2.63,Product Designer,"User Flow, Design Systems, Figma, UI Design",excellent,kinesthetic,software engineer,remote,excellent,no,12,cisco
female,"english, sinhala",bachelor's degree,software engineering,3.08,3,2,3.59,Blockchain Developer,"Cryptography, Web3.js, Smart Contracts, Solidity",low,kinesthetic,systems analyst,hybrid,excellent,yes,5,azure
male,sinhala,bachelor's degree,information technology,3.22,2,2,3.64,IoT Engineer,"Raspberry Pi, Arduino, C/C++, MQTT",moderate,kinesthetic,software engineer,hybrid,average,yes,12,none
female,english,bachelor's degree,cyber security,2.63,4,1,3.97,Embedded Systems Engineer,"RTOS, Microcontrollers, Electronics, C/C++",excellent,auditory,qa engineer,remote,average,yes,7,google
male,tamil,bachelor's degree,cyber security,2.8,1,2,2.31,AR/VR Developer,"C#, Unreal Engine, 3D Modeling, Unity",excellent,kinesthetic,qa engineer,remote,excellent,yes,8,azure
male,english,bachelor's degree,data science,2.36,1,2,2.64,SEO Specialist,"Content Strategy, Backlinks, Keyword Research, Google Analytics",excellent,kinesthetic,qa engineer,remote,excellent,no,4,google
male,"english, sinhala, tamil",bachelor's degree,data science,2.46,2,1,2.75,IT Support Specialist,"Windows, Ticketing Systems, Troubleshooting, Hardware",moderate,visual,data scientist,hybrid,average,no,2,aws
male,sinhala,bachelor's degree,information technology,3.53,3,1,2.27,Software Engineer,"OOP, Python, Git, Java",moderate,auditory,qa engineer,hybrid,poor,yes,3,google
male,sinhala,bachelor's degree,cyber security,2.76,4,1,2.58,Full Stack Developer,"React, MongoDB, Node.js, JavaScript",excellent,auditory,systems analyst,remote,poor,no,11,aws
female,sinhala,bachelor's degree,cyber security,2.29,2,2,2.56,Frontend Developer,"JavaScript, React, HTML, TypeScript",excellent,visual,systems analyst,hybrid,excellent,yes,4,azure
male,english,bachelor's degree,data science,2.54,3,2,3.13,Backend Developer,"SQL, Java, Spring Boot, Node.js",low,auditory,devops engineer,hybrid,average,yes,6,aws
female,"tamil, english",bachelor's degree,computer science,3.56,3,1,2.47,Web Developer,"PHP, JavaScript, HTML, CSS",moderate,auditory,software engineer,hybrid,poor,yes,6,cisco
male,english,bachelor's degree,computer science,3.81,3,1,3.95,Mobile App Developer,"Kotlin, REST API, Flutter, Java",moderate,visual,software engineer,hybrid,excellent,yes,5,aws
female,"english, sinhala",bachelor's degree,information technology,3.13,4,2,3.07,Data Scientist,"Tableau, Python, Machine Learning, SQL",excellent,visual,qa engineer,onsite,excellent,no,2,none
female,"sinhala, tamil",bachelor's degree,computer science,2.6,3,2,2.44,Data Analyst,"Python, Excel, Power BI, Statistics",excellent,auditory,security engineer,hybrid,average,no,2,azure
male,"tamil, english",bachelor's degree,cyber security,2.45,4,1,2.54,Machine Learning Engineer,"NumPy, Python, Pandas, TensorFlow",excellent,auditory,devops engineer,remote,excellent,yes,2,cisco
male,tamil,bachelor's degree,information technology,2.56,3,2,2.23,AI Engineer,"PyTorch, Data Processing, Python, LLMs",low,kinesthetic,software engineer,remote,excellent,no,5,azure
male,"english, sinhala, tamil",bachelor's degree,cyber security,2.23,2,2,2.39,BI Developer,"Power BI, DAX, Excel, SQL",low,visual,software engineer,onsite,average,no,8,azure
female,"tamil, english",bachelor's degree,data science,3.19,1,1,2.45,DevOps Engineer,"CI/CD, Kubernetes, Jenkins, Linux",moderate,visual,data scientist,onsite,poor,no,2,azure
male,"english, sinhala, tamil",bachelor's degree,computer science,2.13,2,2,3.13,Cloud Engineer,"Kubernetes, Docker, Azure, Terraform",low,kinesthetic,data scientist,hybrid,poor,yes,0,azure
female,tamil,bachelor's degree,information technology,3.0,2,2,2.88,Cloud Architect,"Microservices, Scalability, IaC, Networking",moderate,visual,systems analyst,hybrid,poor,yes,8,cisco
male,"sinhala, tamil",bachelor's degree,computer science,3.22,2,1,2.35,Cybersecurity Analyst,"Linux, SIEM, Firewalls, Risk Analysis",low,auditory,systems analyst,onsite,excellent,no,3,azure
male,tamil,bachelor's degree,computer science,4.0,2,1,3.91,Ethical Hacker,"Metasploit, Nmap, Kali Linux, Burp Suite",moderate,visual,qa engineer,hybrid,excellent,no,0,none
female,"tamil, english",bachelor's degree,cyber security,3.96,4,1,3.02,Security Engineer,"SIEM, Cloud Security, Firewalls, IAM",low,visual,data scientist,onsite,poor,yes,3,aws
female,"tamil, english",bachelor's degree,computer science,2.23,1,2,2.7,Information Security Analyst,"SOC Tools, Incident Response, Risk Assessment, Compliance",excellent,visual,qa engineer,onsite,average,no,5,google
male,english,bachelor's degree,information technology,2.48,1,2,3.64,Network Engineer,"Routing, VPN, Cisco, Switching",low,visual,systems analyst,hybrid,average,yes,3,google
female,"sinhala, tamil",bachelor's degree,computer science,2.51,1,1,3.45,System Administrator,"Linux, Networking, Bash, Active Directory",low,kinesthetic,software engineer,onsite,poor,no,1,none
male,sinhala,bachelor's degree,computer science,3.47,1,2,2.53,IT Support Engineer,"Troubleshooting, Hardware, Ticketing Tools, Windows",low,kinesthetic,security engineer,hybrid,average,yes,2,azure
male,sinhala,bachelor's degree,software engineering,2.07,3,2,2.71,Hardware Engineer,"PCB Design, Electronics, Arduino, Microcontrollers",low,visual,qa engineer,onsite,poor,no,1,google
female,english,bachelor's degree,cyber security,3.22,3,1,2.69,QA Engineer,"Test Cases, SQL, Jira, Manual Testing",moderate,kinesthetic,systems analyst,onsite,excellent,no,12,cisco
female,sinhala,bachelor's degree,computer science,2.35,4,2,2.91,Software Tester,"SQL, Test Plans, Agile, Bug Tracking",low,visual,devops engineer,hybrid,average,yes,3,cisco
female,"english, sinhala, tamil",bachelor's degree,information technology,2.85,1,1,2.83,Automation Test Engineer,"CI/CD, Java, Cypress, Selenium",excellent,kinesthetic,software engineer,hybrid,excellent,yes,7,cisco
male,"sinhala, tamil",bachelor's degree,software engineering,4.0,4,2,3.36,UI Designer,"Adobe XD, Figma, Color Theory, UI Principles",excellent,visual,security engineer,remote,poor,yes,5,azure
male,english,bachelor's degree,cyber security,2.84,3,2,2.76,UX Designer,"Psychology, Prototyping, User Research, UX Testing",excellent,kinesthetic,devops engineer,onsite,poor,yes,10,azure
female,"english, sinhala",bachelor's degree,data science,3.89,4,1,2.54,Product Designer,"Figma, User Flow, Design Systems, Prototyping",moderate,auditory,devops engineer,onsite,poor,yes,10,cisco
female,"english, sinhala, tamil",bachelor's degree,data science,2.5,4,2,2.7,Blockchain Developer,"Solidity, Web3.js, Smart Contracts, Ethereum",low,auditory,systems analyst,onsite,average,no,0,azure
male,english,bachelor's degree,information technology,3.5,2,2,3.68,IoT Engineer,"C/C++, MQTT, Raspberry Pi, Cloud Integration",excellent,auditory,security engineer,onsite,excellent,yes,2,cisco
female,tamil,bachelor's degree,information technology,2.51,2,2,3.58,Embedded Systems Engineer,"PCB Design, RTOS, IoT, Electronics",low,kinesthetic,data scientist,onsite,average,no,6,aws
female,"english, sinhala",bachelor's degree,software engineering,3.8,1,2,3.28,AR/VR Developer,"Blender, Unity, XR SDKs, Unreal Engine",low,auditory,devops engineer,hybrid,excellent,no,12,cisco
female,english,bachelor's degree,data science,3.42,4,1,3.91,SEO Specialist,"Google Analytics, Backlinks, Keyword Research, Content Strategy",low,auditory,software engineer,onsite,average,yes,4,google
male,tamil,bachelor's degree,software engineering,2.65,1,2,2.61,IT Support Specialist,"Networking, Hardware, Troubleshooting, Windows",moderate,auditory,devops engineer,onsite,average,no,1,azure
male,"english, sinhala",bachelor's degree,cyber security,4.0,3,2,3.27,Software Engineer,"Spring Boot, SQL, Java, Python",moderate,visual,security engineer,onsite,poor,yes,3,google
male,sinhala,bachelor's degree,information technology,2.06,2,2,2.8,Full Stack Developer,"REST API, MongoDB, JavaScript, Node.js",low,auditory,systems analyst,remote,poor,no,3,cisco
male,sinhala,bachelor's degree,data science,2.3,1,2,3.13,Frontend Developer,"HTML, TypeScript, React, Tailwind CSS",moderate,kinesthetic,devops engineer,remote,poor,yes,11,none
female,"sinhala, tamil",bachelor's degree,data science,2.04,2,1,2.67,Backend Developer,"Java, Microservices, Node.js, REST API",moderate,kinesthetic,devops engineer,hybrid,poor,no,10,aws
female,"sinhala, tamil",bachelor's degree,software engineering,3.31,4,2,3.34,Web Developer,"CSS, PHP, JavaScript, HTML",moderate,visual,data scientist,onsite,poor,no,12,cisco
male,english,bachelor's degree,computer science,4.0,3,1,3.39,Mobile App Developer,"Kotlin, Swift, Firebase, Flutter",moderate,kinesthetic,security engineer,remote,excellent,no,1,none
female,tamil,bachelor's degree,computer science,2.3,1,1,2.96,Data Scientist,"Python, Pandas, Tableau, SQL",low,auditory,devops engineer,remote,average,yes,1,none
male,tamil,bachelor's degree,computer science,2.74,2,2,3.69,Data Analyst,"Excel, Power BI, Statistics, SQL",excellent,visual,data scientist,hybrid,average,no,8,cisco
male,"english, sinhala, tamil",bachelor's degree,computer science,2.45,1,2,2.92,Machine Learning Engineer,"Deep Learning, Python, Scikit-learn, TensorFlow",moderate,visual,qa engineer,onsite,excellent,yes,3,none
male,sinhala,bachelor's degree,computer science,2.02,3,2,2.8,AI Engineer,"TensorFlow, NLP, Python, LLMs",excellent,auditory,devops engineer,onsite,poor,yes,9,none
female,"tamil, english",bachelor's degree,cyber security,2.37,4,1,2.89,BI Developer,"Tableau, Power BI, SQL, DAX",excellent,auditory,software engineer,remote,excellent,no,6,google
female,"tamil, english",bachelor's degree,cyber security,3.07,3,2,3.55,DevOps Engineer,"Docker, CI/CD, Kubernetes, AWS",excellent,auditory,systems analyst,onsite,excellent,no,5,none
female,"tamil, english",bachelor's degree,information technology,2.85,4,2,2.78,Cloud Engineer,"Kubernetes, AWS, GCP, Azure",low,auditory,software engineer,hybrid,excellent,no,7,aws
male,tamil,bachelor's degree,computer science,3.29,2,1,2.97,Cloud Architect,"Security, AWS/Azure Design, Scalability, Networking",excellent,visual,systems analyst,onsite,average,yes,11,google
female,"tamil, english",bachelor's degree,cyber security,2.93,2,2,2.58,Cybersecurity Analyst,"Python, Risk Analysis, SIEM, Networking",low,visual,devops engineer,remote,poor,yes,11,google
male,"english, sinhala, tamil",bachelor's degree,computer science,3.72,2,2,3.4,Ethical Hacker,"Burp Suite, Nmap, Wireshark, Python",low,auditory,data scientist,hybrid,poor,yes,1,azure
female,sinhala,bachelor's degree,cyber security,3.85,1,1,3.73,Security Engineer,"Encryption, SIEM, Firewalls, Cloud Security",moderate,auditory,qa engineer,hybrid,average,yes,7,google
female,"english, sinhala",bachelor's degree,cyber security,3.4,2,2,2.46,Information Security Analyst,"SOC Tools, Compliance, Risk Assessment, SIEM",moderate,auditory,security engineer,hybrid,poor,yes,11,aws
female,"sinhala, tamil",bachelor's degree,information technology,2.0,2,1,3.23,Network Engineer,"VPN, TCP/IP, Firewalls, Cisco",excellent,auditory,data scientist,remote,average,yes,12,none
male,"sinhala, tamil",bachelor's degree,cyber security,2.14,4,2,2.29,System Administrator,"Networking, Windows Server, Virtualization, Active Directory",excellent,kinesthetic,security engineer,remote,average,yes,11,cisco
female,"english, sinhala",bachelor's degree,information technology,2.66,3,1,3.69,IT Support Engineer,"Ticketing Tools, Windows, Active Directory, Hardware",moderate,visual,security engineer,onsite,average,no,5,google
male,tamil,bachelor's degree,cyber security,2.87,3,2,2.86,Hardware Engineer,"PCB Design, Electronics, Circuit Design, Embedded C",moderate,auditory,systems analyst,onsite,poor,no,4,none
female,"sinhala, tamil",bachelor's degree,computer science,2.12,4,1,3.0,QA Engineer,"Test Cases, Manual Testing, Jira, SQL",low,auditory,systems analyst,remote,average,no,6,azure
male,"english, sinhala",bachelor's degree,information technology,2.61,4,1,2.24,Software Tester,"Manual Testing, Selenium, Agile, Test Plans",moderate,auditory,qa engineer,remote,excellent,yes,4,none
male,sinhala,bachelor's degree,information technology,3.87,3,2,2.63,Automation Test Engineer,"Cypress, Python, Java, Selenium",excellent,auditory,software engineer,hybrid,poor,no,5,none
female,sinhala,bachelor's degree,information technology,2.89,2,1,3.24,UI Designer,"Adobe XD, Photoshop, Prototyping, Figma",moderate,kinesthetic,software engineer,remote,excellent,yes,5,none
female,"tamil, english",bachelor's degree,information technology,2.21,4,2,3.45,UX Designer,"Psychology, Wireframing, UX Testing, Prototyping",low,kinesthetic,security engineer,remote,excellent,no,7,azure
female,"tamil, english",bachelor's degree,software engineering,3.2,3,1,2.69,Product Designer,"User Flow, Prototyping, Design Systems, UI Design",moderate,visual,devops engineer,remote,poor,no,11,none
male,tamil,bachelor's degree,cyber security,3.0,2,2,2.97,Blockchain Developer,"Node.js, Smart Contracts, Web3.js, Solidity",low,auditory,software engineer,remote,excellent,yes,12,aws
female,"english, sinhala",bachelor's degree,cyber security,3.47,1,2,2.55,IoT Engineer,"Arduino, C/C++, Raspberry Pi, Sensors",excellent,visual,devops engineer,onsite,average,yes,1,azure
female,"tamil, english",bachelor's degree,cyber security,4.0,4,2,2.51,Embedded Systems Engineer,"Electronics, IoT, Microcontrollers, RTOS",excellent,kinesthetic,qa engineer,hybrid,poor,no,2,azure
male,"sinhala, tamil",bachelor's degree,computer science,2.73,1,1,3.01,AR/VR Developer,"Unreal Engine, Blender, C#, XR SDKs",moderate,auditory,data scientist,onsite,average,yes,2,aws
female,english,bachelor's degree,information technology,3.91,3,1,3.91,SEO Specialist,"Keyword Research, Backlinks, HTML, Content Strategy",moderate,auditory,software engineer,remote,poor,no,1,aws
female,"english, sinhala, tamil",bachelor's degree,information technology,3.71,2,1,3.94,IT Support Specialist,"Networking, Hardware, Windows, Ticketing Systems",low,kinesthetic,data scientist,hybrid,average,no,5,google
male,sinhala,bachelor's degree,information technology,3.98,2,1,2.55,Software Engineer,"Java, OOP, Python, Git",excellent,kinesthetic,security engineer,onsite,excellent,yes,2,google
female,tamil,bachelor's degree,cyber security,3.47,1,2,3.99,Full Stack Developer,"React, REST API, Express, Node.js",low,visual,systems analyst,hybrid,poor,yes,9,azure
female,"sinhala, tamil",bachelor's degree,software engineering,2.84,1,1,3.14,Frontend Developer,"Tailwind CSS, HTML, CSS, React",low,auditory,software engineer,hybrid,average,yes,7,aws
female,"tamil, english",bachelor's degree,information technology,3.54,2,2,3.22,Backend Developer,"Node.js, REST API, SQL, Java",excellent,visual,devops engineer,onsite,poor,yes,7,google
female,"english, sinhala",bachelor's degree,data science,2.75,3,1,3.94,Web Developer,"CSS, PHP, Bootstrap, HTML",low,visual,systems analyst,hybrid,excellent,no,11,aws
male,english,bachelor's degree,software engineering,3.01,1,2,3.16,Mobile App Developer,"Kotlin, REST API, Firebase, Swift",low,kinesthetic,data scientist,hybrid,poor,no,5,none
male,"sinhala, tamil",bachelor's degree,information technology,2.65,3,2,2.54,Data Scientist,"Tableau, Pandas, Machine Learning, NumPy",excellent,visual,software engineer,onsite,excellent,yes,11,cisco
female,"english, sinhala, tamil",bachelor's degree,cyber security,3.31,1,2,3.17,Data Analyst,"Python, Excel, Data Visualization, Power BI",excellent,kinesthetic,data scientist,remote,excellent,no,2,azure
female,english,bachelor's degree,software engineering,3.15,3,1,3.45,Machine Learning Engineer,"NumPy, Pandas, Deep Learning, Scikit-learn",excellent,visual,data scientist,remote,excellent,no,12,aws
female,english,bachelor's degree,computer science,3.15,1,2,2.73,AI Engineer,"TensorFlow, Python, Data Processing, NLP",moderate,auditory,software engineer,remote,excellent,no,10,google
male,"sinhala, tamil",bachelor's degree,software engineering,3.75,4,2,2.45,BI Developer,"DAX, ETL Tools, Power BI, Tableau",excellent,visual,qa engineer,hybrid,average,yes,2,google
male,"english, sinhala, tamil",bachelor's degree,software engineering,3.74,3,2,2.87,DevOps Engineer,"AWS, Linux, Docker, Kubernetes",excellent,kinesthetic,devops engineer,hybrid,average,no,12,aws
female,"english, sinhala, tamil",bachelor's degree,software engineering,3.0,1,1,2.58,Cloud Engineer,"Terraform, GCP, AWS, Azure",low,visual,qa engineer,hybrid,average,no,6,aws
male,sinhala,bachelor's degree,computer science,4.0,1,2,2.88,Cloud Architect,"IaC, Scalability, Security, Networking",low,kinesthetic,systems analyst,remote,average,no,10,cisco
male,sinhala,bachelor's degree,software engineering,3.48,4,2,2.97,Cybersecurity Analyst,"Firewalls, Risk Analysis, Python, Linux",low,auditory,software engineer,onsite,excellent,no,5,azure
male,"sinhala, tamil",bachelor's degree,software engineering,3.54,3,1,2.5,Ethical Hacker,"Wireshark, Kali Linux, Burp Suite, Python",moderate,auditory,data scientist,onsite,excellent,yes,0,aws
male,"english, sinhala, tamil",bachelor's degree,computer science,3.7,3,1,3.1,Security Engineer,"Encryption, IAM, Cloud Security, SIEM",moderate,kinesthetic,data scientist,onsite,average,no,10,google
female,"sinhala, tamil",bachelor's degree,software engineering,2.85,1,2,2.24,Information Security Analyst,"Incident Response, SOC Tools, Risk Assessment, Networking",moderate,visual,qa engineer,hybrid,average,no,11,aws
female,tamil,bachelor's degree,data science,3.46,4,2,3.83,Network Engineer,"TCP/IP, Firewalls, Routing, Switching",low,visual,systems analyst,hybrid,poor,no,11,google
female,"sinhala, tamil",bachelor's degree,computer science,2.68,2,2,2.34,System Administrator,"Bash, Active Directory, Virtualization, Linux",moderate,auditory,data scientist,hybrid,excellent,no,10,google
female,english,bachelor's degree,data science,3.32,3,2,2.31,IT Support Engineer,"Windows, Networking, Ticketing Tools, Troubleshooting",moderate,visual,software engineer,onsite,excellent,yes,4,cisco
male,"tamil, english",bachelor's degree,software engineering,3.41,2,1,3.99,Hardware Engineer,"Electronics, Arduino, Circuit Design, Embedded C",excellent,kinesthetic,data scientist,onsite,poor,yes,1,azure
female,english,bachelor's degree,information technology,3.83,1,1,3.36,QA Engineer,"Selenium, API Testing, Jira, Test Cases",moderate,visual,devops engineer,hybrid,excellent,no,11,google
male,tamil,bachelor's degree,data science,3.63,2,1,3.55,Software Tester,"Agile, Selenium, SQL, Manual Testing",low,kinesthetic,data scientist,remote,excellent,no,7,cisco
female,"english, sinhala, tamil",bachelor's degree,data science,3.54,1,1,2.97,Automation Test Engineer,"Java, Cypress, Selenium, CI/CD",low,visual,devops engineer,onsite,excellent,yes,4,aws
female,"tamil, english",bachelor's degree,data science,3.77,1,2,3.74,UI Designer,"Figma, Color Theory, Adobe XD, Prototyping",excellent,auditory,systems analyst,onsite,poor,no,9,azure
female,"sinhala, tamil",bachelor's degree,information technology,3.4,3,1,3.88,UX Designer,"User Research, UX Testing, Psychology, Wireframing",excellent,kinesthetic,software engineer,onsite,excellent,no,1,google
female,"tamil, english",bachelor's degree,information technology,3.25,4,1,2.99,Product Designer,"User Flow, Figma, Prototyping, Design Systems",moderate,auditory,qa engineer,hybrid,average,yes,3,none
male,"english, sinhala, tamil",bachelor's degree,software engineering,3.78,3,2,3.38,Blockchain Developer,"Smart Contracts, Web3.js, Cryptography, Node.js",moderate,auditory,security engineer,remote,poor,yes,2,google
male,"english, sinhala",bachelor's degree,computer science,3.99,1,1,2.21,IoT Engineer,"C/C++, Arduino, Raspberry Pi, MQTT",excellent,visual,qa engineer,hybrid,average,yes,2,none
male,tamil,bachelor's degree,information technology,2.62,1,1,2.61,Embedded Systems Engineer,"Electronics, PCB Design, Microcontrollers, C/C++",low,auditory,security engineer,remote,poor,no,3,azure
female,english,bachelor's degree,cyber security,2.77,4,1,3.78,AR/VR Developer,"3D Modeling, Unreal Engine, XR SDKs, Unity",excellent,visual,software engineer,remote,poor,yes,11,google
female,"english, sinhala, tamil",bachelor's degree,cyber security,3.69,2,2,3.89,SEO Specialist,"Backlinks, SEO Tools, Content Strategy, Keyword Research",excellent,visual,devops engineer,remote,excellent,no,6,cisco
male,tamil,bachelor's degree,computer science,2.57,2,2,2.78,IT Support Specialist,"Active Directory, Windows, Networking, Ticketing Systems",low,visual,data scientist,onsite,excellent,no,10,none
female,"sinhala, tamil",bachelor's degree,computer science,2.48,4,1,2.95,Software Engineer,"Spring Boot, OOP, Java, Python",excellent,visual,data scientist,remote,average,no,0,aws
male,"english, sinhala",bachelor's degree,information technology,3.46,4,2,2.44,Full Stack Developer,"React, MongoDB, REST API, Express",low,visual,data scientist,hybrid,poor,yes,5,azure
female,tamil,bachelor's degree,data science,3.52,4,2,2.23,Frontend Developer,"Tailwind CSS, JavaScript, React, TypeScript",excellent,kinesthetic,software engineer,remote,poor,yes,5,none
female,english,bachelor's degree,computer science,3.46,4,2,2.48,Backend Developer,"Java, Node.js, Microservices, REST API",low,visual,qa engineer,hybrid,poor,yes,9,google
male,english,bachelor's degree,cyber security,3.04,4,1,3.79,Web Developer,"Bootstrap, HTML, MySQL, PHP",low,auditory,data scientist,hybrid,average,no,6,none
male,"tamil, english",bachelor's degree,computer science,2.47,3,1,3.41,Mobile App Developer,"Flutter, REST API, Firebase, Swift",low,kinesthetic,software engineer,hybrid,excellent,yes,7,google
male,"english, sinhala",bachelor's degree,computer science,2.99,2,1,2.74,Data Scientist,"Tableau, SQL, Pandas, Python",moderate,kinesthetic,software engineer,hybrid,average,yes,1,cisco
male,sinhala,bachelor's degree,software engineering,3.81,2,1,3.3,Data Analyst,"Python, Data Visualization, SQL, Excel",low,auditory,systems analyst,remote,excellent,no,10,cisco
male,tamil,bachelor's degree,information technology,3.17,4,2,3.91,Machine Learning Engineer,"Scikit-learn, Pandas, Python, TensorFlow",moderate,auditory,systems analyst,remote,poor,yes,7,cisco
female,"tamil, english",bachelor's degree,data science,3.96,2,2,3.11,AI Engineer,"PyTorch, Python, Data Processing, NLP",low,auditory,qa engineer,hybrid,poor,no,12,cisco
female,"english, sinhala, tamil",bachelor's degree,data science,4.0,2,2,3.23,BI Developer,"DAX, Power BI, ETL Tools, Excel",excellent,visual,qa engineer,onsite,average,yes,1,none
female,tamil,bachelor's degree,data science,3.91,3,1,3.79,DevOps Engineer,"Jenkins, AWS, Docker, CI/CD",excellent,kinesthetic,qa engineer,remote,average,yes,10,aws
female,"english, sinhala, tamil",bachelor's degree,information technology,2.27,3,2,3.18,Cloud Engineer,"Kubernetes, Terraform, Docker, AWS",moderate,kinesthetic,security engineer,remote,average,yes,1,azure
female,sinhala,bachelor's degree,software engineering,3.86,2,2,3.24,Cloud Architect,"Scalability, Networking, Security, Microservices",low,auditory,software engineer,onsite,poor,no,9,google
female,"tamil, english",bachelor's degree,computer science,2.62,1,1,3.19,Cybersecurity Analyst,"Linux, Firewalls, Risk Analysis, Python",moderate,kinesthetic,security engineer,hybrid,poor,no,8,google
male,english,bachelor's degree,software engineering,4.0,1,1,2.65,Ethical Hacker,"Nmap, Python, Kali Linux, Burp Suite",low,visual,systems analyst,remote,average,yes,7,none
male,sinhala,bachelor's degree,data science,2.82,4,1,2.27,Security Engineer,"Linux, Firewalls, Cloud Security, Encryption",excellent,kinesthetic,systems analyst,onsite,average,no,0,cisco
male,"english, sinhala, tamil",bachelor's degree,information technology,3.03,2,1,2.74,Information Security Analyst,"Risk Assessment, SOC Tools, Incident Response, Compliance",moderate,visual,software engineer,remote,average,yes,9,azure
female,tamil,bachelor's degree,computer science,4.0,4,2,2.96,Network Engineer,"VPN, TCP/IP, Routing, Cisco",low,kinesthetic,systems analyst,onsite,poor,no,3,aws
male,"english, sinhala, tamil",bachelor's degree,software engineering,2.61,1,2,3.91,System Administrator,"Virtualization, Windows Server, Active Directory, Linux",low,kinesthetic,data scientist,remote,average,no,11,google
male,sinhala,bachelor's degree,information technology,3.77,3,2,2.93,IT Support Engineer,"Troubleshooting, Windows, Ticketing Tools, Active Directory",excellent,kinesthetic,devops engineer,remote,average,no,6,cisco
male,tamil,bachelor's degree,cyber security,4.0,1,2,3.64,Hardware Engineer,"PCB Design, Microcontrollers, Circuit Design, Arduino",moderate,visual,software engineer,hybrid,excellent,yes,0,none
male,"english, sinhala, tamil",bachelor's degree,cyber security,2.2,1,1,2.47,QA Engineer,"Manual Testing, Selenium, API Testing, SQL",low,auditory,data scientist,hybrid,average,no,0,aws
female,"sinhala, tamil",bachelor's degree,computer science,3.47,2,2,3.53,Software Tester,"Manual Testing, SQL, Selenium, Agile",excellent,visual,security engineer,onsite,average,no,12,none
male,sinhala,bachelor's degree,software engineering,2.21,1,2,3.63,Automation Test Engineer,"Java, Selenium, TestNG, CI/CD",moderate,auditory,software engineer,hybrid,poor,no,12,google
male,"sinhala, tamil",bachelor's degree,computer science,3.61,2,1,2.63,UI Designer,"Color Theory, Adobe XD, Photoshop, UI Principles",low,auditory,devops engineer,hybrid,excellent,no,7,azure
male,"tamil, english",bachelor's degree,computer science,4.0,1,1,3.0,UX Designer,"Psychology, Wireframing, Prototyping, User Research",excellent,kinesthetic,qa engineer,hybrid,average,no,10,aws
male,"sinhala, tamil",bachelor's degree,computer science,3.14,4,1,3.94,Product Designer,"Prototyping, UI Design, Figma, Design Systems",moderate,kinesthetic,data scientist,onsite,average,yes,10,aws
female,"english, sinhala, tamil",bachelor's degree,data science,2.36,3,1,2.92,Blockchain Developer,"Cryptography, Smart Contracts, Ethereum, Node.js",low,visual,software engineer,onsite,average,yes,6,google
female,"sinhala, tamil",bachelor's degree,data science,3.77,4,1,2.97,IoT Engineer,"Raspberry Pi, MQTT, Cloud Integration, Arduino",moderate,visual,devops engineer,hybrid,average,yes,7,aws
male,"tamil, english",bachelor's degree,computer science,4.0,4,2,3.16,Embedded Systems Engineer,"PCB Design, Electronics, C/C++, IoT",moderate,visual,software engineer,remote,average,no,5,google
female,"english, sinhala",bachelor's degree,information technology,3.8,3,1,2.82,AR/VR Developer,"Unreal Engine, XR SDKs, Unity, Blender",moderate,auditory,systems analyst,remote,poor,yes,0,azure
female,"sinhala, tamil",bachelor's degree,information technology,2.58,4,1,2.77,SEO Specialist,"Backlinks, HTML, Keyword Research, Google Analytics",moderate,kinesthetic,security engineer,hybrid,excellent,yes,11,aws
female,"english, sinhala, tamil",bachelor's degree,software engineering,3.85,3,1,2.54,IT Support Specialist,"Active Directory, Hardware, Networking, Windows",low,kinesthetic,data scientist,remote,average,no,7,google
male,sinhala,bachelor's degree,information technology,3.35,1,2,2.32,Software Engineer,"OOP, Spring Boot, SQL, Python",moderate,auditory,systems analyst,onsite,average,yes,0,none
female,"tamil, english",bachelor's degree,computer science,3.17,1,2,2.43,Full Stack Developer,"React, Express, REST API, JavaScript",moderate,kinesthetic,qa engineer,hybrid,excellent,yes,1,azure
female,"english, sinhala, tamil",bachelor's degree,data science,3.25,4,1,3.01,Frontend Developer,"HTML, TypeScript, JavaScript, Tailwind CSS",moderate,visual,qa engineer,remote,excellent,no,5,azure
male,"tamil, english",bachelor's degree,data science,2.42,2,1,2.34,Backend Developer,"SQL, Spring Boot, Node.js, Microservices",moderate,visual,data scientist,remote,excellent,no,11,aws
female,"sinhala, tamil",bachelor's degree,computer science,3.24,3,1,3.48,Web Developer,"PHP, JavaScript, MySQL, Bootstrap",excellent,auditory,systems analyst,hybrid,poor,no,11,azure
male,"sinhala, tamil",bachelor's degree,computer science,4.0,3,1,2.45,Mobile App Developer,"Java, Flutter, Firebase, Kotlin",moderate,visual,devops engineer,remote,average,yes,7,none
female,"sinhala, tamil",bachelor's degree,computer science,2.81,4,2,2.9,Data Scientist,"Pandas, NumPy, Tableau, Python",excellent,kinesthetic,systems analyst,remote,excellent,yes,3,aws
male,english,bachelor's degree,software engineering,3.1,3,2,2.3,Data Analyst,"Statistics, SQL, Power BI, Excel",moderate,auditory,data scientist,remote,excellent,yes,8,none
female,"english, sinhala, tamil",bachelor's degree,software engineering,2.14,3,2,3.6,Machine Learning Engineer,"Pandas, TensorFlow, NumPy, Scikit-learn",excellent,auditory,devops engineer,hybrid,average,no,1,none
male,sinhala,bachelor's degree,information technology,2.75,1,1,2.54,AI Engineer,"NLP, Data Processing, TensorFlow, LLMs",low,kinesthetic,software engineer,hybrid,poor,yes,9,aws
male,"english, sinhala",bachelor's degree,cyber security,3.04,4,1,3.65,BI Developer,"Power BI, Tableau, DAX, ETL Tools",excellent,auditory,security engineer,hybrid,average,yes,12,azure
male,"english, sinhala",bachelor's degree,data science,2.37,1,2,2.61,DevOps Engineer,"Kubernetes, Docker, CI/CD, Linux",moderate,auditory,security engineer,remote,excellent,no,5,google
female,sinhala,bachelor's degree,software engineering,2.17,4,1,3.09,Cloud Engineer,"GCP, Azure, Terraform, Docker",moderate,visual,software engineer,hybrid,poor,yes,1,none
male,"tamil, english",bachelor's degree,data science,2.01,3,2,3.29,Cloud Architect,"AWS/Azure Design, IaC, Security, Networking",low,kinesthetic,software engineer,onsite,poor,yes,9,cisco
male,"english, sinhala, tamil",bachelor's degree,software engineering,2.6,4,1,3.8,Cybersecurity Analyst,"Networking, Linux, Firewalls, Risk Analysis",low,visual,security engineer,onsite,excellent,no,1,google
female,"tamil, english",bachelor's degree,cyber security,2.98,4,1,2.85,Ethical Hacker,"Python, Burp Suite, Metasploit, Nmap",low,kinesthetic,software engineer,remote,average,yes,11,aws
female,english,bachelor's degree,cyber security,2.94,3,2,3.43,Security Engineer,"Linux, Encryption, SIEM, Firewalls",low,kinesthetic,data scientist,onsite,average,yes,0,azure
female,english,bachelor's degree,data science,2.8,3,2,2.47,Information Security Analyst,"SIEM, Compliance, SOC Tools, Risk Assessment",moderate,kinesthetic,security engineer,hybrid,excellent,yes,1,cisco
female,"english, sinhala",bachelor's degree,cyber security,3.24,2,2,3.06,Network Engineer,"Cisco, Routing, Switching, TCP/IP",moderate,kinesthetic,devops engineer,hybrid,excellent,no,5,none
male,sinhala,bachelor's degree,cyber security,2.89,1,2,3.76,System Administrator,"Virtualization, Linux, Active Directory, Windows Server",moderate,visual,systems analyst,onsite,average,yes,12,aws
female,"english, sinhala",bachelor's degree,data science,3.85,2,1,3.79,IT Support Engineer,"Hardware, Troubleshooting, Windows, Ticketing Tools",low,kinesthetic,qa engineer,remote,poor,yes,5,none
female,"tamil, english",bachelor's degree,computer science,2.46,1,2,2.43,Hardware Engineer,"Arduino, PCB Design, Circuit Design, Microcontrollers",moderate,visual,security engineer,remote,average,no,7,cisco
female,"sinhala, tamil",bachelor's degree,software engineering,4.0,3,2,3.92,QA Engineer,"Jira, Test Cases, Selenium, SQL",moderate,kinesthetic,software engineer,onsite,average,yes,2,cisco
female,english,bachelor's degree,computer science,2.31,4,2,2.5,Software Tester,"SQL, Agile, Selenium, Bug Tracking",low,visual,systems analyst,remote,poor,no,9,none
male,tamil,bachelor's degree,software engineering,3.76,4,2,3.3,Automation Test Engineer,"CI/CD, Java, Cypress, TestNG",low,kinesthetic,software engineer,remote,poor,yes,12,cisco
female,english,bachelor's degree,information technology,2.94,3,2,3.24,UI Designer,"Photoshop, Prototyping, Color Theory, Figma",moderate,auditory,security engineer,remote,poor,no,8,google
male,"english, sinhala, tamil",bachelor's degree,computer science,3.34,3,2,3.18,UX Designer,"Prototyping, Figma, UX Testing, Wireframing",moderate,auditory,systems analyst,remote,excellent,no,8,azure
female,"english, sinhala, tamil",bachelor's degree,software engineering,2.33,1,1,3.92,Product Designer,"UX Research, Prototyping, Design Systems, User Flow",excellent,kinesthetic,security engineer,hybrid,average,no,4,cisco
female,tamil,bachelor's degree,software engineering,2.92,4,1,3.91,Blockchain Developer,"Solidity, Ethereum, Web3.js, Node.js",excellent,visual,software engineer,hybrid,poor,yes,1,google
female,tamil,bachelor's degree,software engineering,3.94,4,1,3.68,IoT Engineer,"Raspberry Pi, MQTT, C/C++, Arduino",excellent,visual,data scientist,onsite,poor,no,10,google
female,english,bachelor's degree,cyber security,3.28,1,1,3.57,Embedded Systems Engineer,"PCB Design, C/C++, Electronics, Microcontrollers",excellent,visual,systems analyst,remote,average,no,5,none
male,"english, sinhala",bachelor's degree,data science,2.16,2,1,3.5,AR/VR Developer,"C#, 3D Modeling, Blender, Unreal Engine",excellent,visual,systems analyst,remote,average,yes,7,cisco
female,"english, sinhala",bachelor's degree,data science,2.61,4,1,3.81,SEO Specialist,"HTML, Keyword Research, SEO Tools, Content Strategy",excellent,visual,data scientist,onsite,average,yes,5,aws
male,english,bachelor's degree,information technology,2.97,2,2,2.24,IT Support Specialist,"Windows, Networking, Ticketing Systems, Active Directory",low,auditory,software engineer,remote,excellent,yes,11,azure
male,tamil,bachelor's degree,information technology,3.92,4,2,3.65,Software Engineer,"Git, Python, Java, OOP",low,kinesthetic,software engineer,remote,excellent,yes,7,none
male,english,bachelor's degree,software engineering,2.31,1,1,3.7,Full Stack Developer,"REST API, React, Express, JavaScript",low,auditory,data scientist,onsite,poor,yes,5,google
male,tamil,bachelor's degree,cyber security,3.16,4,1,2.63,Frontend Developer,"HTML, React, TypeScript, CSS",moderate,kinesthetic,software engineer,hybrid,average,yes,0,aws
male,tamil,bachelor's degree,computer science,2.49,4,1,2.76,Backend Developer,"Node.js, Java, Microservices, Spring Boot",excellent,kinesthetic,security engineer,remote,poor,yes,1,aws
male,tamil,bachelor's degree,software engineering,3.68,3,2,2.87,Web Developer,"Bootstrap, PHP, JavaScript, CSS",low,kinesthetic,security engineer,remote,excellent,no,9,cisco
female,"english, sinhala, tamil",bachelor's degree,data science,3.65,3,1,3.34,Mobile App Developer,"Swift, Java, REST API, Kotlin",excellent,visual,data scientist,hybrid,average,yes,4,azure
male,"english, sinhala",bachelor's degree,computer science,2.73,3,1,3.13,Data Scientist,"Tableau, SQL, Machine Learning, Pandas",low,kinesthetic,security engineer,onsite,average,no,1,azure
male,"sinhala, tamil",bachelor's degree,information technology,2.4,2,2,2.48,Data Analyst,"Python, Data Visualization, Statistics, Power BI",excellent,auditory,devops engineer,remote,excellent,yes,4,none
female,tamil,bachelor's degree,information technology,3.69,3,2,3.09,Machine Learning Engineer,"Python, TensorFlow, Pandas, NumPy",moderate,visual,security engineer,onsite,poor,yes,7,none
female,"english, sinhala",bachelor's degree,cyber security,2.46,4,1,3.49,AI Engineer,"Python, TensorFlow, Data Processing, PyTorch",low,auditory,qa engineer,onsite,average,no,11,none
female,"english, sinhala",bachelor's degree,data science,2.41,4,1,3.64,BI Developer,"Tableau, SQL, DAX, Excel",low,auditory,systems analyst,hybrid,poor,yes,4,azure
female,"sinhala, tamil",bachelor's degree,information technology,3.15,2,1,3.55,DevOps Engineer,"AWS, Kubernetes, CI/CD, Jenkins",low,kinesthetic,devops engineer,hybrid,average,no,12,google
female,english,bachelor's degree,information technology,3.14,1,1,3.74,Cloud Engineer,"Azure, GCP, AWS, Docker",moderate,kinesthetic,data scientist,hybrid,average,no,9,azure
female,english,bachelor's degree,cyber security,3.64,3,2,2.87,Cloud Architect,"Scalability, Security, Microservices, Networking",excellent,visual,systems analyst,remote,average,no,1,none
male,sinhala,bachelor's degree,software engineering,2.31,4,1,3.08,Cybersecurity Analyst,"Linux, Firewalls, Python, Networking",excellent,visual,security engineer,onsite,average,no,8,none
male,tamil,bachelor's degree,computer science,3.24,3,1,3.61,Ethical Hacker,"Kali Linux, Metasploit, Python, Nmap",excellent,auditory,security engineer,remote,excellent,yes,7,google
female,"english, sinhala, tamil",bachelor's degree,computer science,2.33,4,1,2.23,Security Engineer,"IAM, Firewalls, Encryption, SIEM",moderate,kinesthetic,data scientist,hybrid,average,yes,4,none
female,"english, sinhala, tamil",bachelor's degree,software engineering,2.94,3,1,3.72,Information Security Analyst,"SIEM, SOC Tools, Networking, Risk Assessment",excellent,auditory,qa engineer,remote,excellent,no,12,google
male,"tamil, english",bachelor's degree,data science,3.95,1,1,2.72,Network Engineer,"TCP/IP, Switching, VPN, Firewalls",excellent,auditory,qa engineer,remote,excellent,yes,0,azure
male,sinhala,bachelor's degree,information technology,2.31,1,1,3.55,System Administrator,"Linux, Networking, Windows Server, Active Directory",excellent,visual,security engineer,hybrid,poor,no,1,cisco
female,"tamil, english",bachelor's degree,cyber security,3.04,2,2,3.78,IT Support Engineer,"Active Directory, Hardware, Troubleshooting, Windows",excellent,auditory,systems analyst,hybrid,average,yes,11,google
male,"tamil, english",bachelor's degree,software engineering,3.55,4,2,3.3,Hardware Engineer,"Microcontrollers, Circuit Design, Electronics, Arduino",low,visual,security engineer,hybrid,excellent,yes,6,azure
male,sinhala,bachelor's degree,cyber security,3.26,4,2,2.73,QA Engineer,"API Testing, Jira, SQL, Test Cases",moderate,kinesthetic,security engineer,hybrid,poor,no,3,aws
male,sinhala,bachelor's degree,computer science,4.0,4,1,3.28,Software Tester,"Selenium, Manual Testing, SQL, Bug Tracking",low,auditory,systems analyst,onsite,excellent,yes,7,azure
male,"english, sinhala, tamil",bachelor's degree,cyber security,3.99,2,2,2.93,Automation Test Engineer,"Python, TestNG, Selenium, Java",moderate,kinesthetic,software engineer,hybrid,average,yes,1,cisco
female,"english, sinhala",bachelor's degree,cyber security,2.44,4,1,2.97,UI Designer,"Figma, Adobe XD, Prototyping, Color Theory",low,kinesthetic,qa engineer,hybrid,average,yes,9,none
female,"tamil, english",bachelor's degree,data science,2.89,3,1,3.94,UX Designer,"Wireframing, Figma, User Research, UX Testing",moderate,kinesthetic,software engineer,onsite,poor,yes,1,google
female,"sinhala, tamil",bachelor's degree,software engineering,3.74,3,1,3.18,Product Designer,"Figma, UX Research, Design Systems, User Flow",low,kinesthetic,software engineer,onsite,excellent,no,1,cisco
female,english,bachelor's degree,software engineering,3.24,3,1,3.22,Blockchain Developer,"Ethereum, Node.js, Web3.js, Smart Contracts",excellent,kinesthetic,security engineer,remote,excellent,no,7,none
female,english,bachelor's degree,cyber security,3.37,1,1,3.09,IoT Engineer,"Raspberry Pi, Cloud Integration, Sensors, MQTT",moderate,visual,systems analyst,onsite,average,yes,2,google
male,"english, sinhala",bachelor's degree,computer science,3.09,4,2,3.97,Embedded Systems Engineer,"RTOS, Electronics, Microcontrollers, PCB Design",low,visual,qa engineer,hybrid,poor,yes,5,cisco
male,"english, sinhala, tamil",bachelor's degree,computer science,2.17,1,1,3.12,AR/VR Developer,"XR SDKs, Unity, C#, Unreal Engine",low,kinesthetic,systems analyst,onsite,average,yes,1,aws
male,sinhala,bachelor's degree,computer science,3.8,4,2,2.63,SEO Specialist,"Content Strategy, Keyword Research, Backlinks, SEO Tools",excellent,visual,systems analyst,remote,excellent,yes,5,aws
female,"tamil, english",bachelor's degree,cyber security,3.62,2,1,2.76,IT Support Specialist,"Hardware, Windows, Networking, Ticketing Systems",excellent,kinesthetic,data scientist,hybrid,poor,no,5,none
male,sinhala,bachelor's degree,data science,4.0,2,1,2.27,Software Engineer,"Java, Python, Spring Boot, SQL",low,kinesthetic,data scientist,onsite,average,no,2,none
male,"english, sinhala",bachelor's degree,software engineering,2.8,1,2,3.27,Full Stack Developer,"React, Express, MongoDB, Node.js",excellent,kinesthetic,software engineer,hybrid,poor,yes,7,cisco
female,"english, sinhala, tamil",bachelor's degree,cyber security,2.7,3,2,2.31,Frontend Developer,"TypeScript, Tailwind CSS, HTML, CSS",low,visual,software engineer,remote,excellent,yes,8,cisco
female,"tamil, english",bachelor's degree,cyber security,3.23,2,1,2.57,Backend Developer,"Node.js, Java, Microservices, Spring Boot",low,auditory,software engineer,onsite,poor,no,7,aws
male,tamil,bachelor's degree,data science,3.05,4,1,3.15,Web Developer,"Bootstrap, HTML, JavaScript, CSS",excellent,auditory,software engineer,hybrid,excellent,yes,11,none
female,sinhala,bachelor's degree,data science,2.8,2,2,3.8,Mobile App Developer,"Java, Kotlin, Swift, REST API",low,auditory,software engineer,remote,poor,no,10,none
male,"english, sinhala",bachelor's degree,information technology,2.42,4,1,3.0,Data Scientist,"Pandas, Python, Tableau, SQL",moderate,kinesthetic,software engineer,remote,poor,no,10,azure
male,"english, sinhala, tamil",bachelor's degree,computer science,3.88,2,2,2.82,Data Analyst,"Power BI, SQL, Statistics, Python",moderate,auditory,systems analyst,hybrid,excellent,no,0,none
male,"tamil, english",bachelor's degree,cyber security,3.31,1,1,3.86,Machine Learning Engineer,"Python, Pandas, Scikit-learn, NumPy",excellent,auditory,qa engineer,hybrid,poor,yes,10,cisco
female,"tamil, english",bachelor's degree,cyber security,2.86,2,1,3.31,AI Engineer,"Python, LLMs, NLP, TensorFlow",excellent,visual,security engineer,hybrid,poor,no,1,cisco
female,sinhala,bachelor's degree,computer science,2.67,3,1,2.47,BI Developer,"DAX, Excel, SQL, Tableau",low,auditory,systems analyst,remote,excellent,no,3,none
female,english,bachelor's degree,software engineering,3.51,4,1,2.39,DevOps Engineer,"CI/CD, Jenkins, Docker, Linux",low,kinesthetic,systems analyst,onsite,excellent,yes,9,google
male,sinhala,bachelor's degree,data science,4.0,4,1,3.49,Cloud Engineer,"Azure, Terraform, AWS, Kubernetes",moderate,auditory,qa engineer,hybrid,average,no,8,none
male,"sinhala, tamil",bachelor's degree,data science,3.67,3,1,2.93,Cloud Architect,"IaC, Security, Scalability, Networking",excellent,auditory,devops engineer,hybrid,average,no,4,none
female,"english, sinhala, tamil",bachelor's degree,data science,3.39,4,2,3.72,Cybersecurity Analyst,"Risk Analysis, Networking, Python, Linux",low,visual,security engineer,hybrid,average,yes,12,none
female,tamil,bachelor's degree,data science,3.07,3,1,3.45,Ethical Hacker,"Kali Linux, Python, Burp Suite, Wireshark",excellent,kinesthetic,software engineer,hybrid,excellent,no,2,cisco
male,"sinhala, tamil",bachelor's degree,computer science,2.57,4,1,3.55,Security Engineer,"Linux, Encryption, IAM, Cloud Security",low,visual,software engineer,onsite,poor,no,1,azure
female,sinhala,bachelor's degree,information technology,2.91,4,1,2.72,Information Security Analyst,"Incident Response, Compliance, Risk Assessment, SIEM",moderate,kinesthetic,systems analyst,hybrid,average,no,1,google
male,"english, sinhala, tamil",bachelor's degree,cyber security,3.0,4,1,3.97,Network Engineer,"Cisco, Switching, Firewalls, Routing",excellent,visual,qa engineer,onsite,poor,yes,0,google
male,"english, sinhala, tamil",bachelor's degree,computer science,3.52,1,1,3.7,System Administrator,"Bash, Networking, Active Directory, Windows Server",excellent,kinesthetic,data scientist,onsite,average,no,1,google
male,"sinhala, tamil",bachelor's degree,cyber security,2.75,3,2,2.71,IT Support Engineer,"Windows, Active Directory, Hardware, Networking",moderate,kinesthetic,devops engineer,remote,excellent,no,2,aws
male,"sinhala, tamil",bachelor's degree,data science,3.73,3,1,3.13,Hardware Engineer,"Arduino, PCB Design, Microcontrollers, Embedded C",moderate,kinesthetic,security engineer,remote,average,no,7,azure
female,english,bachelor's degree,software engineering,4.0,4,1,3.53,QA Engineer,"Selenium, API Testing, SQL, Jira",moderate,auditory,systems analyst,hybrid,excellent,yes,5,none
female,sinhala,bachelor's degree,software engineering,3.08,1,2,3.96,Software Tester,"Agile, Bug Tracking, Manual Testing, SQL",low,auditory,devops engineer,hybrid,poor,yes,5,google
female,"tamil, english",bachelor's degree,software engineering,2.3,3,1,3.61,Automation Test Engineer,"CI/CD, Selenium, Cypress, Java",excellent,visual,data scientist,onsite,excellent,no,0,cisco
male,sinhala,bachelor's degree,information technology,2.66,2,1,3.08,UI Designer,"Color Theory, Figma, Photoshop, UI Principles",excellent,visual,security engineer,onsite,poor,no,10,azure
male,tamil,bachelor's degree,computer science,3.32,2,1,2.49,UX Designer,"Prototyping, User Research, Wireframing, Psychology",low,auditory,qa engineer,onsite,poor,no,0,aws
male,"english, sinhala",bachelor's degree,information technology,3.25,3,1,3.36,Product Designer,"UX Research, User Flow, UI Design, Figma",low,kinesthetic,devops engineer,onsite,average,yes,1,cisco
female,"english, sinhala, tamil",bachelor's degree,data science,2.72,3,1,3.17,Blockchain Developer,"Cryptography, Solidity, Node.js, Ethereum",low,visual,qa engineer,remote,average,no,12,aws
female,"english, sinhala",bachelor's degree,software engineering,2.69,1,2,3.69,IoT Engineer,"Sensors, Cloud Integration, Raspberry Pi, MQTT",excellent,auditory,qa engineer,hybrid,excellent,no,11,aws
female,sinhala,bachelor's degree,software engineering,3.28,1,2,3.22,Embedded Systems Engineer,"RTOS, PCB Design, C/C++, Electronics",excellent,auditory,qa engineer,hybrid,poor,yes,2,aws
male,english,bachelor's degree,data science,3.22,4,2,3.65,AR/VR Developer,"Unity, Unreal Engine, Blender, XR SDKs",low,auditory,software engineer,hybrid,average,no,8,azure
female,english,bachelor's degree,computer science,3.7,2,1,2.83,SEO Specialist,"Keyword Research, SEO Tools, HTML, Content Strategy",moderate,auditory,devops engineer,remote,excellent,yes,12,none
male,english,bachelor's degree,computer science,2.1,2,2,3.98,IT Support Specialist,"Ticketing Systems, Active Directory, Troubleshooting, Windows",excellent,kinesthetic,devops engineer,hybrid,average,yes,12,cisco
male,"tamil, english",bachelor's degree,computer science,3.59,2,2,3.78,Software Engineer,"Python, Git, SQL, Java",excellent,auditory,security engineer,onsite,average,yes,0,google
male,"english, sinhala, tamil",bachelor's degree,data science,3.01,2,1,3.36,Full Stack Developer,"REST API, Node.js, JavaScript, MongoDB",excellent,auditory,systems analyst,hybrid,poor,yes,0,azure
male,sinhala,bachelor's degree,software engineering,3.82,1,2,2.33,Frontend Developer,"Tailwind CSS, CSS, HTML, React",low,auditory,devops engineer,remote,average,yes,11,aws
female,sinhala,bachelor's degree,computer science,2.95,4,1,3.18,Backend Developer,"Microservices, Spring Boot, Java, Node.js",low,kinesthetic,devops engineer,hybrid,poor,yes,7,cisco
male,english,bachelor's degree,data science,3.7,2,1,3.18,Web Developer,"PHP, MySQL, Bootstrap, CSS",low,kinesthetic,software engineer,onsite,poor,no,7,google
female,"english, sinhala, tamil",bachelor's degree,cyber security,3.74,1,1,2.48,Mobile App Developer,"Flutter, Firebase, Swift, REST API",low,auditory,software engineer,remote,excellent,yes,7,google
female,sinhala,bachelor's degree,software engineering,3.02,1,1,3.69,Data Scientist,"NumPy, SQL, Python, Pandas",low,kinesthetic,security engineer,remote,average,no,4,none
male,english,bachelor's degree,information technology,2.0,1,1,3.37,Data Analyst,"Data Visualization, Power BI, Python, SQL",excellent,kinesthetic,data scientist,remote,poor,yes,10,cisco
male,sinhala,bachelor's degree,information technology,2.63,1,1,3.25,Machine Learning Engineer,"Python, Deep Learning, Scikit-learn, TensorFlow",excellent,visual,devops engineer,onsite,excellent,yes,4,none
male,"english, sinhala, tamil",bachelor's degree,information technology,3.13,2,1,3.32,AI Engineer,"PyTorch, LLMs, NLP, Python",excellent,kinesthetic,devops engineer,remote,average,no,7,cisco
male,"sinhala, tamil",bachelor's degree,data science,3.18,3,2,3.88,BI Developer,"Power BI, ETL Tools, DAX, SQL",excellent,auditory,devops engineer,onsite,poor,yes,10,cisco
male,"sinhala, tamil",bachelor's degree,computer science,3.45,1,2,2.62,DevOps Engineer,"AWS, Jenkins, Kubernetes, Linux",low,kinesthetic,software engineer,hybrid,average,yes,9,cisco
female,"english, sinhala",bachelor's degree,data science,3.88,4,2,3.28,Cloud Engineer,"Azure, GCP, Terraform, Docker",excellent,kinesthetic,systems analyst,hybrid,average,yes,11,google
female,sinhala,bachelor's degree,data science,3.91,1,2,3.52,Cloud Architect,"AWS/Azure Design, Microservices, Networking, IaC",excellent,auditory,data scientist,onsite,excellent,yes,5,none
female,tamil,bachelor's degree,software engineering,3.16,4,1,2.25,Cybersecurity Analyst,"Firewalls, Linux, Python, Networking",low,kinesthetic,qa engineer,hybrid,excellent,no,11,aws
female,"sinhala, tamil",bachelor's degree,data science,3.6,3,2,2.27,Ethical Hacker,"Metasploit, Kali Linux, Nmap, Python",excellent,auditory,qa engineer,onsite,excellent,no,11,cisco
male,"sinhala, tamil",bachelor's degree,software engineering,2.65,4,2,2.23,Security Engineer,"Linux, Cloud Security, IAM, Encryption",moderate,auditory,qa engineer,onsite,average,no,12,none
female,"sinhala, tamil",bachelor's degree,cyber security,3.35,4,2,2.93,Information Security Analyst,"SOC Tools, Risk Assessment, Compliance, Networking",moderate,auditory,systems analyst,hybrid,excellent,no,10,aws
male,tamil,bachelor's degree,cyber security,3.65,4,1,2.82,Network Engineer,"TCP/IP, Routing, Switching, VPN",excellent,auditory,data scientist,onsite,excellent,yes,1,none
female,"english, sinhala, tamil",bachelor's degree,information technology,2.21,2,1,3.94,System Administrator,"Bash, Windows Server, Networking, Linux",low,auditory,devops engineer,onsite,excellent,yes,6,none
male,"english, sinhala, tamil",bachelor's degree,data science,3.07,1,1,3.35,IT Support Engineer,"Troubleshooting, Hardware, Networking, Windows",low,auditory,qa engineer,remote,poor,yes,9,google
male,"tamil, english",bachelor's degree,cyber security,3.4,2,2,2.66,Hardware Engineer,"Circuit Design, PCB Design, Embedded C, Electronics",excellent,auditory,software engineer,remote,poor,yes,9,aws
male,sinhala,bachelor's degree,cyber security,3.33,4,1,3.51,QA Engineer,"Jira, Test Cases, API Testing, SQL",moderate,auditory,security engineer,onsite,average,no,0,google
male,"sinhala, tamil",bachelor's degree,information technology,2.85,2,2,2.98,Software Tester,"SQL, Bug Tracking, Manual Testing, Selenium",low,auditory,systems analyst,onsite,poor,no,9,none
female,"english, sinhala, tamil",bachelor's degree,cyber security,2.31,1,1,2.88,Automation Test Engineer,"Cypress, Selenium, CI/CD, TestNG",excellent,auditory,data scientist,onsite,average,no,4,cisco
male,"english, sinhala",bachelor's degree,cyber security,2.47,2,1,2.85,UI Designer,"Photoshop, Adobe XD, Figma, Prototyping",excellent,visual,security engineer,remote,excellent,no,7,cisco
female,"english, sinhala, tamil",bachelor's degree,software engineering,3.31,3,1,2.41,UX Designer,"Wireframing, Figma, UX Testing, User Research",low,kinesthetic,systems analyst,hybrid,excellent,yes,11,none
female,"english, sinhala",bachelor's degree,information technology,2.7,1,2,2.41,Product Designer,"Design Systems, UI Design, Prototyping, User Flow",moderate,visual,systems analyst,onsite,excellent,no,9,none
female,english,bachelor's degree,data science,3.55,3,2,3.45,Blockchain Developer,"Ethereum, Solidity, Smart Contracts, Node.js",low,auditory,security engineer,onsite,poor,no,3,cisco
male,"english, sinhala",bachelor's degree,cyber security,3.34,2,1,2.38,IoT Engineer,"Arduino, C/C++, MQTT, Cloud Integration",excellent,kinesthetic,devops engineer,hybrid,excellent,no,10,cisco
female,sinhala,bachelor's degree,information technology,2.56,1,2,3.4,Embedded Systems Engineer,"Electronics, IoT, RTOS, PCB Design",excellent,auditory,data scientist,onsite,excellent,no,9,aws
female,tamil,bachelor's degree,computer science,2.4,3,2,2.71,AR/VR Developer,"XR SDKs, Blender, Unreal Engine, C#",excellent,visual,security engineer,remote,poor,yes,0,google
male,english,bachelor's degree,software engineering,3.68,2,1,2.28,SEO Specialist,"Keyword Research, Google Analytics, SEO Tools, Content Strategy",moderate,visual,devops engineer,hybrid,poor,yes,10,aws
male,"english, sinhala",bachelor's degree,data science,2.91,3,2,2.32,IT Support Specialist,"Hardware, Ticketing Systems, Active Directory, Troubleshooting",moderate,auditory,security engineer,hybrid,excellent,yes,0,aws
male,"sinhala, tamil",bachelor's degree,computer science,3.2,1,1,2.72,Software Engineer,"OOP, Python, Git, SQL",moderate,visual,qa engineer,hybrid,excellent,yes,0,google
female,"english, sinhala",bachelor's degree,software engineering,2.67,1,2,2.72,Full Stack Developer,"JavaScript, REST API, React, Express",excellent,visual,data scientist,hybrid,average,yes,10,azure
male,"english, sinhala",bachelor's degree,computer science,3.75,4,1,2.25,Frontend Developer,"TypeScript, CSS, JavaScript, HTML",moderate,kinesthetic,devops engineer,remote,average,yes,6,google
female,"tamil, english",bachelor's degree,cyber security,3.9,3,1,3.22,Backend Developer,"SQL, Node.js, REST API, Java",low,auditory,software engineer,hybrid,average,yes,2,aws
male,sinhala,bachelor's degree,software engineering,3.66,4,1,2.24,Web Developer,"MySQL, HTML, Bootstrap, JavaScript",low,visual,software engineer,onsite,average,yes,11,azure
male,tamil,bachelor's degree,data science,3.65,4,2,3.81,Mobile App Developer,"Swift, Kotlin, Java, Firebase",low,auditory,devops engineer,onsite,excellent,yes,6,google
male,"english, sinhala, tamil",bachelor's degree,software engineering,2.71,2,1,2.37,Data Scientist,"NumPy, Machine Learning, Pandas, Python",low,kinesthetic,software engineer,remote,poor,yes,12,none
male,sinhala,bachelor's degree,software engineering,3.05,1,1,2.63,Data Analyst,"Excel, Python, SQL, Data Visualization",moderate,auditory,systems analyst,remote,average,yes,7,aws
male,sinhala,bachelor's degree,data science,2.72,1,1,2.65,Machine Learning Engineer,"Deep Learning, Pandas, NumPy, Scikit-learn",excellent,kinesthetic,software engineer,hybrid,average,yes,8,google
female,"english, sinhala",bachelor's degree,software engineering,3.49,4,2,3.75,AI Engineer,"LLMs, NLP, TensorFlow, PyTorch",low,visual,data scientist,hybrid,average,yes,4,none
male,tamil,bachelor's degree,cyber security,3.69,4,1,3.18,BI Developer,"ETL Tools, SQL, DAX, Tableau",moderate,visual,qa engineer,hybrid,average,yes,9,none
male,"sinhala, tamil",bachelor's degree,information technology,2.22,4,2,3.06,DevOps Engineer,"CI/CD, Jenkins, Kubernetes, AWS",low,kinesthetic,software engineer,hybrid,poor,no,6,aws
male,"tamil, english",bachelor's degree,computer science,2.95,4,2,2.4,Cloud Engineer,"GCP, Docker, Terraform, Kubernetes",moderate,kinesthetic,devops engineer,onsite,average,yes,3,azure
male,tamil,bachelor's degree,cyber security,3.69,3,2,3.19,Cloud Architect,"Security, Microservices, IaC, AWS/Azure Design",moderate,kinesthetic,devops engineer,hybrid,excellent,yes,1,azure
male,"tamil, english",bachelor's degree,cyber security,2.15,4,1,2.54,Cybersecurity Analyst,"SIEM, Python, Linux, Networking",low,kinesthetic,security engineer,onsite,excellent,no,11,google
female,"tamil, english",bachelor's degree,software engineering,3.02,1,1,3.06,Ethical Hacker,"Python, Nmap, Burp Suite, Kali Linux",excellent,kinesthetic,software engineer,hybrid,average,yes,4,cisco
female,english,bachelor's degree,data science,2.57,4,2,3.38,Security Engineer,"Encryption, Firewalls, IAM, Linux",moderate,kinesthetic,data scientist,hybrid,poor,no,12,azure
female,"tamil, english",bachelor's degree,information technology,3.6,1,1,3.84,Information Security Analyst,"Risk Assessment, Incident Response, Compliance, Networking",excellent,auditory,security engineer,remote,excellent,no,4,azure
male,sinhala,bachelor's degree,computer science,3.2,3,1,3.71,Network Engineer,"Cisco, Switching, VPN, Routing",low,visual,devops engineer,hybrid,excellent,no,1,aws
male,"tamil, english",bachelor's degree,computer science,2.49,1,1,3.7,System Administrator,"Bash, Active Directory, Networking, Linux",low,kinesthetic,security engineer,onsite,poor,no,12,none
male,english,bachelor's degree,software engineering,3.49,2,2,3.17,IT Support Engineer,"Hardware, Windows, Networking, Ticketing Tools",excellent,visual,qa engineer,hybrid,excellent,no,1,none
male,"sinhala, tamil",bachelor's degree,data science,2.7,2,1,3.56,Hardware Engineer,"Circuit Design, Arduino, Embedded C, Microcontrollers",excellent,visual,systems analyst,hybrid,poor,yes,12,none
female,english,bachelor's degree,cyber security,2.56,1,2,2.23,QA Engineer,"Manual Testing, SQL, Selenium, API Testing",moderate,visual,qa engineer,onsite,average,yes,0,aws
male,"sinhala, tamil",bachelor's degree,data science,2.48,4,2,3.98,Software Tester,"SQL, Agile, Selenium, Test Plans",low,kinesthetic,security engineer,hybrid,average,yes,0,none
male,english,bachelor's degree,computer science,2.84,1,2,2.92,Automation Test Engineer,"Cypress, TestNG, CI/CD, Python",low,kinesthetic,security engineer,remote,excellent,yes,4,google
male,"tamil, english",bachelor's degree,computer science,3.03,3,2,2.53,UI Designer,"UI Principles, Adobe XD, Figma, Color Theory",excellent,visual,qa engineer,remote,excellent,no,11,google
male,"english, sinhala",bachelor's degree,software engineering,2.79,4,2,2.33,UX Designer,"Wireframing, Figma, Psychology, User Research",moderate,auditory,systems analyst,hybrid,poor,no,11,azure
female,"english, sinhala, tamil",bachelor's degree,information technology,3.8,1,1,2.92,Product Designer,"Prototyping, Figma, UX Research, Design Systems",low,kinesthetic,devops engineer,hybrid,excellent,no,10,azure
female,"tamil, english",bachelor's degree,software engineering,3.42,2,2,3.25,Blockchain Developer,"Web3.js, Solidity, Ethereum, Cryptography",excellent,visual,data scientist,remote,average,no,11,azure
male,"sinhala, tamil",bachelor's degree,software engineering,3.21,1,1,3.53,IoT Engineer,"Sensors, C/C++, Raspberry Pi, Arduino",moderate,visual,systems analyst,hybrid,excellent,no,12,cisco
female,sinhala,bachelor's degree,software engineering,3.87,3,2,2.82,Embedded Systems Engineer,"IoT, Microcontrollers, C/C++, PCB Design",moderate,visual,software engineer,hybrid,excellent,yes,2,azure
male,"english, sinhala",bachelor's degree,data science,3.29,2,1,2.66,AR/VR Developer,"3D Modeling, Unreal Engine, C#, XR SDKs",moderate,visual,devops engineer,remote,average,yes,9,none
female,"tamil, english",bachelor's degree,cyber security,3.97,2,1,2.67,SEO Specialist,"Google Analytics, HTML, Backlinks, SEO Tools",low,auditory,qa engineer,hybrid,poor,yes,12,cisco
female,tamil,bachelor's degree,software engineering,2.77,4,1,2.27,IT Support Specialist,"Hardware, Troubleshooting, Active Directory, Ticketing Systems",excellent,visual,security engineer,hybrid,poor,no,4,cisco
female,sinhala,bachelor's degree,data science,2.83,2,1,2.63,Software Engineer,"Python, Spring Boot, OOP, Java",moderate,visual,security engineer,onsite,poor,yes,4,google
female,"sinhala, tamil",bachelor's degree,software engineering,3.19,4,1,2.33,Full Stack Developer,"Express, JavaScript, React, Node.js",moderate,visual,systems analyst,remote,excellent,yes,2,azure
male,english,bachelor's degree,software engineering,4.0,3,1,2.28,Frontend Developer,"Tailwind CSS, HTML, JavaScript, React",moderate,kinesthetic,data scientist,onsite,excellent,yes,4,google
male,english,bachelor's degree,information technology,4.0,1,1,2.98,Backend Developer,"Node.js, Java, SQL, Spring Boot",low,kinesthetic,data scientist,remote,excellent,yes,0,none
male,"english, sinhala",bachelor's degree,data science,2.73,1,2,2.75,Web Developer,"JavaScript, HTML, MySQL, CSS",excellent,kinesthetic,security engineer,remote,poor,yes,7,aws
male,"english, sinhala, tamil",bachelor's degree,computer science,3.76,2,2,2.22,Mobile App Developer,"Firebase, Kotlin, Flutter, Java",moderate,auditory,qa engineer,remote,poor,no,10,aws
female,"english, sinhala",bachelor's degree,computer science,2.22,2,1,3.92,Data Scientist,"Python, NumPy, Machine Learning, Tableau",excellent,auditory,software engineer,hybrid,poor,yes,5,azure
female,english,bachelor's degree,information technology,3.09,2,2,2.74,Data Analyst,"SQL, Data Visualization, Power BI, Statistics",moderate,visual,data scientist,onsite,excellent,no,12,google
male,sinhala,bachelor's degree,information technology,3.7,3,1,2.2,Machine Learning Engineer,"Deep Learning, NumPy, TensorFlow, Python",moderate,auditory,devops engineer,remote,average,yes,6,cisco
female,"english, sinhala, tamil",bachelor's degree,information technology,3.36,4,1,3.07,AI Engineer,"Data Processing, NLP, LLMs, Python",moderate,visual,security engineer,hybrid,poor,yes,8,google
male,english,bachelor's degree,data science,3.45,2,1,3.34,BI Developer,"Tableau, Excel, ETL Tools, SQL",moderate,visual,software engineer,remote,average,yes,1,azure
male,"english, sinhala",bachelor's degree,software engineering,3.63,3,2,3.22,DevOps Engineer,"Kubernetes, Docker, CI/CD, AWS",excellent,visual,software engineer,onsite,average,yes,7,cisco
female,sinhala,bachelor's degree,software engineering,2.01,3,1,2.72,Cloud Engineer,"AWS, Kubernetes, Terraform, Docker",excellent,kinesthetic,data scientist,onsite,excellent,no,0,aws
male,sinhala,bachelor's degree,cyber security,3.26,2,2,2.54,Cloud Architect,"Security, Microservices, IaC, Scalability",low,kinesthetic,software engineer,remote,poor,no,1,azure
female,"sinhala, tamil",bachelor's degree,computer science,3.17,3,2,3.76,Cybersecurity Analyst,"Risk Analysis, Firewalls, SIEM, Python",low,visual,data scientist,remote,excellent,yes,4,aws
male,sinhala,bachelor's degree,information technology,2.86,1,2,2.99,Ethical Hacker,"Burp Suite, Kali Linux, Python, Wireshark",low,visual,devops engineer,hybrid,poor,no,9,azure
female,"english, sinhala, tamil",bachelor's degree,information technology,3.59,1,1,2.63,Security Engineer,"SIEM, Linux, Firewalls, Encryption",excellent,kinesthetic,software engineer,remote,average,yes,4,azure
male,english,bachelor's degree,information technology,2.28,3,2,2.27,Information Security Analyst,"Risk Assessment, SIEM, SOC Tools, Incident Response",low,visual,devops engineer,onsite,average,no,10,google
female,"english, sinhala, tamil",bachelor's degree,information technology,2.8,4,2,3.27,Network Engineer,"Switching, Routing, VPN, Firewalls",excellent,auditory,qa engineer,onsite,average,yes,5,google
male,"sinhala, tamil",bachelor's degree,cyber security,2.67,4,2,3.74,System Administrator,"Active Directory, Windows Server, Virtualization, Networking",excellent,kinesthetic,systems analyst,onsite,poor,yes,7,azure
female,"english, sinhala, tamil",bachelor's degree,computer science,2.84,1,2,2.31,IT Support Engineer,"Ticketing Tools, Hardware, Troubleshooting, Networking",moderate,visual,qa engineer,hybrid,average,no,4,google
female,english,bachelor's degree,data science,2.19,4,1,2.48,Hardware Engineer,"Arduino, Microcontrollers, Circuit Design, PCB Design",moderate,visual,qa engineer,hybrid,poor,yes,6,aws
male,"english, sinhala",bachelor's degree,data science,3.52,3,2,3.42,QA Engineer,"API Testing, Manual Testing, Selenium, Test Cases",low,auditory,devops engineer,hybrid,excellent,yes,1,none
female,"english, sinhala",bachelor's degree,information technology,3.46,2,2,2.77,Software Tester,"Manual Testing, Selenium, Bug Tracking, SQL",excellent,auditory,qa engineer,hybrid,poor,no,0,cisco
male,english,bachelor's degree,computer science,3.93,4,2,3.76,Automation Test Engineer,"Python, Cypress, CI/CD, Selenium",moderate,auditory,qa engineer,remote,average,yes,11,none
male,sinhala,bachelor's degree,data science,2.51,2,2,3.44,UI Designer,"UI Principles, Color Theory, Adobe XD, Prototyping",excellent,kinesthetic,devops engineer,remote,excellent,yes,7,cisco
female,sinhala,bachelor's degree,information technology,2.89,4,1,3.67,UX Designer,"UX Testing, User Research, Psychology, Figma",excellent,auditory,data scientist,remote,excellent,no,9,aws
female,english,bachelor's degree,computer science,3.74,1,2,4.0,Product Designer,"UX Research, UI Design, Figma, Prototyping",low,auditory,systems analyst,hybrid,average,yes,2,google
male,tamil,bachelor's degree,computer science,3.47,2,1,2.8,Blockchain Developer,"Web3.js, Ethereum, Smart Contracts, Node.js",low,kinesthetic,systems analyst,remote,excellent,no,4,cisco
female,"english, sinhala, tamil",bachelor's degree,cyber security,2.94,4,2,2.41,IoT Engineer,"Arduino, C/C++, Raspberry Pi, Cloud Integration",excellent,auditory,devops engineer,hybrid,average,yes,9,google
male,english,bachelor's degree,software engineering,2.49,1,2,3.41,Embedded Systems Engineer,"PCB Design, RTOS, Microcontrollers, C/C++",low,visual,systems analyst,remote,poor,yes,10,aws
male,sinhala,bachelor's degree,software engineering,2.47,4,2,3.14,AR/VR Developer,"3D Modeling, Unity, Unreal Engine, XR SDKs",low,visual,security engineer,remote,average,no,4,azure
female,"tamil, english",bachelor's degree,data science,3.69,3,2,3.27,SEO Specialist,"Backlinks, SEO Tools, Google Analytics, HTML",low,kinesthetic,qa engineer,hybrid,excellent,yes,12,azure
female,"tamil, english",bachelor's degree,software engineering,3.62,3,1,3.8,IT Support Specialist,"Networking, Ticketing Systems, Active Directory, Windows",low,kinesthetic,devops engineer,remote,excellent,no,0,cisco
female,"english, sinhala",bachelor's degree,software engineering,2.31,2,2,3.05,Software Engineer,"Git, Spring Boot, Python, SQL",excellent,kinesthetic,data scientist,hybrid,excellent,yes,5,aws
male,"tamil, english",bachelor's degree,software engineering,2.68,3,1,3.85,Full Stack Developer,"MongoDB, JavaScript, Express, REST API",excellent,kinesthetic,security engineer,remote,excellent,no,7,google
female,tamil,bachelor's degree,information technology,2.51,1,1,3.32,Frontend Developer,"Tailwind CSS, React, JavaScript, TypeScript",low,visual,systems analyst,remote,average,yes,7,azure
male,"sinhala, tamil",bachelor's degree,information technology,3.67,2,2,3.91,Backend Developer,"SQL, Java, Node.js, Microservices",moderate,kinesthetic,qa engineer,remote,excellent,yes,2,google
male,tamil,bachelor's degree,cyber security,3.11,2,1,2.6,Web Developer,"PHP, MySQL, CSS, Bootstrap",low,auditory,systems analyst,remote,poor,no,3,cisco
female,tamil,bachelor's degree,software engineering,2.53,2,1,3.79,Mobile App Developer,"Swift, Kotlin, Java, REST API",moderate,auditory,data scientist,hybrid,average,yes,7,none
male,sinhala,bachelor's degree,computer science,2.55,1,2,3.18,Data Scientist,"Python, NumPy, Tableau, SQL",excellent,auditory,qa engineer,onsite,poor,no,10,cisco
female,"english, sinhala, tamil",bachelor's degree,computer science,3.67,4,1,3.62,Data Analyst,"Data Visualization, Statistics, Excel, Python",excellent,auditory,qa engineer,onsite,poor,yes,11,none
male,"english, sinhala, tamil",bachelor's degree,cyber security,3.01,1,1,3.71,Machine Learning Engineer,"Deep Learning, NumPy, TensorFlow, Scikit-learn",moderate,visual,software engineer,hybrid,average,yes,0,aws
male,"english, sinhala",bachelor's degree,computer science,3.67,4,2,3.16,AI Engineer,"PyTorch, NLP, Data Processing, Python",excellent,kinesthetic,systems analyst,onsite,poor,no,1,cisco
male,english,bachelor's degree,software engineering,2.63,1,1,2.82,BI Developer,"DAX, ETL Tools, Power BI, Excel",excellent,kinesthetic,qa engineer,onsite,average,yes,9,azure
female,sinhala,bachelor's degree,data science,3.47,2,2,2.72,DevOps Engineer,"AWS, Jenkins, CI/CD, Docker",low,auditory,data scientist,onsite,poor,no,6,none
male,sinhala,bachelor's degree,data science,2.74,2,2,3.28,Cloud Engineer,"AWS, Terraform, Kubernetes, Azure",low,kinesthetic,qa engineer,onsite,poor,no,6,azure
male,sinhala,bachelor's degree,information technology,3.42,1,1,2.42,Cloud Architect,"AWS/Azure Design, Microservices, Security, Networking",low,visual,devops engineer,remote,excellent,yes,12,azure
female,"english, sinhala, tamil",bachelor's degree,software engineering,2.31,4,1,2.58,Cybersecurity Analyst,"SIEM, Firewalls, Networking, Risk Analysis",excellent,kinesthetic,qa engineer,onsite,average,no,5,google
female,"english, sinhala, tamil",bachelor's degree,cyber security,3.15,4,2,3.31,Ethical Hacker,"Wireshark, Python, Metasploit, Kali Linux",moderate,kinesthetic,software engineer,hybrid,average,yes,3,none
male,tamil,bachelor's degree,computer science,3.62,3,1,3.0,Security Engineer,"Linux, SIEM, Firewalls, Cloud Security",excellent,auditory,systems analyst,hybrid,excellent,yes,7,none
female,"sinhala, tamil",bachelor's degree,computer science,3.26,2,2,2.61,Information Security Analyst,"Networking, Compliance, SIEM, Incident Response",excellent,kinesthetic,qa engineer,hybrid,average,no,12,google
male,"english, sinhala",bachelor's degree,software engineering,3.56,1,1,2.51,Network Engineer,"VPN, Firewalls, Switching, Cisco",moderate,visual,devops engineer,remote,average,no,3,aws
female,"sinhala, tamil",bachelor's degree,computer science,2.83,4,1,2.3,System Administrator,"Linux, Windows Server, Networking, Bash",moderate,visual,security engineer,remote,average,yes,10,none
female,"tamil, english",bachelor's degree,data science,3.58,4,2,3.0,IT Support Engineer,"Ticketing Tools, Active Directory, Hardware, Networking",excellent,auditory,systems analyst,remote,excellent,yes,5,google
female,tamil,bachelor's degree,cyber security,2.54,1,2,2.62,Hardware Engineer,"PCB Design, Circuit Design, Arduino, Electronics",moderate,kinesthetic,qa engineer,remote,average,no,0,azure
male,"english, sinhala",bachelor's degree,computer science,3.57,1,1,2.89,QA Engineer,"API Testing, Test Cases, Selenium, SQL",low,auditory,security engineer,remote,poor,no,8,azure
male,"tamil, english",bachelor's degree,data science,3.29,3,1,2.57,Software Tester,"Selenium, Manual Testing, Test Plans, SQL",low,auditory,systems analyst,onsite,poor,no,9,google
female,"tamil, english",bachelor's degree,computer science,2.43,4,1,3.17,Automation Test Engineer,"Java, TestNG, Python, Selenium",excellent,auditory,security engineer,hybrid,average,no,7,google
female,"sinhala, tamil",bachelor's degree,software engineering,2.4,4,1,3.63,UI Designer,"Figma, Photoshop, UI Principles, Prototyping",moderate,auditory,qa engineer,hybrid,average,yes,1,none
male,"english, sinhala, tamil",bachelor's degree,cyber security,3.4,4,1,3.38,UX Designer,"User Research, Wireframing, Prototyping, Figma",moderate,kinesthetic,software engineer,hybrid,average,yes,3,aws
female,tamil,bachelor's degree,computer science,4.0,4,2,2.89,Product Designer,"UX Research, Design Systems, Prototyping, UI Design",low,kinesthetic,data scientist,hybrid,average,yes,7,azure
male,"tamil, english",bachelor's degree,cyber security,2.31,3,1,3.7,Blockchain Developer,"Cryptography, Node.js, Web3.js, Solidity",excellent,kinesthetic,qa engineer,hybrid,poor,no,1,none
male,sinhala,bachelor's degree,information technology,2.78,4,1,3.99,IoT Engineer,"C/C++, Sensors, MQTT, Arduino",low,auditory,devops engineer,remote,excellent,yes,7,azure
male,english,bachelor's degree,cyber security,3.68,4,1,3.44,Embedded Systems Engineer,"IoT, Electronics, Microcontrollers, PCB Design",excellent,visual,security engineer,hybrid,excellent,no,0,cisco
male,english,bachelor's degree,cyber security,3.85,1,2,2.6,AR/VR Developer,"Unreal Engine, C#, Blender, 3D Modeling",moderate,auditory,data scientist,onsite,excellent,no,6,none
male,"sinhala, tamil",bachelor's degree,data science,2.94,3,1,3.04,SEO Specialist,"Backlinks, Keyword Research, HTML, SEO Tools",excellent,visual,software engineer,onsite,excellent,yes,10,azure
female,"tamil, english",bachelor's degree,information technology,3.51,3,1,3.99,IT Support Specialist,"Ticketing Systems, Networking, Troubleshooting, Active Directory",low,auditory,security engineer,hybrid,excellent,yes,0,azure
female,english,bachelor's degree,data science,2.34,1,2,2.77,Software Engineer,"SQL, Java, Python, Spring Boot",low,kinesthetic,qa engineer,onsite,excellent,no,5,cisco
female,"tamil, english",bachelor's degree,computer science,3.68,1,2,2.53,Full Stack Developer,"React, REST API, MongoDB, Express",excellent,visual,security engineer,hybrid,average,yes,1,google
male,"english, sinhala, tamil",bachelor's degree,data science,3.79,1,1,2.77,Frontend Developer,"React, TypeScript, HTML, Tailwind CSS",moderate,kinesthetic,systems analyst,onsite,poor,no,10,none
female,"english, sinhala, tamil",bachelor's degree,information technology,3.46,2,1,3.84,Backend Developer,"SQL, Spring Boot, Node.js, Java",excellent,kinesthetic,security engineer,remote,excellent,yes,3,aws
male,tamil,bachelor's degree,cyber security,2.67,2,2,2.48,Web Developer,"CSS, Bootstrap, MySQL, HTML",excellent,kinesthetic,security engineer,hybrid,average,no,0,cisco
female,"tamil, english",bachelor's degree,information technology,3.99,3,1,3.15,Mobile App Developer,"Swift, REST API, Kotlin, Flutter",low,visual,data scientist,hybrid,poor,no,0,none
male,"english, sinhala, tamil",bachelor's degree,information technology,4.0,2,1,2.94,Data Scientist,"SQL, Tableau, Python, NumPy",excellent,kinesthetic,systems analyst,onsite,average,no,5,aws
female,"sinhala, tamil",bachelor's degree,cyber security,3.75,1,2,3.98,Data Analyst,"Python, SQL, Data Visualization, Excel",moderate,kinesthetic,data scientist,onsite,poor,yes,10,cisco
female,sinhala,bachelor's degree,computer science,2.74,2,2,3.51,Machine Learning Engineer,"TensorFlow, Pandas, Deep Learning, Scikit-learn",moderate,kinesthetic,data scientist,hybrid,poor,yes,8,google
male,sinhala,bachelor's degree,software engineering,2.23,3,2,3.51,AI Engineer,"LLMs, Data Processing, Python, PyTorch",low,auditory,systems analyst,remote,poor,yes,5,google
male,"english, sinhala",bachelor's degree,computer science,3.74,3,2,3.1,BI Developer,"ETL Tools, SQL, DAX, Power BI",excellent,kinesthetic,software engineer,hybrid,poor,yes,8,google
male,english,bachelor's degree,data science,2.69,3,1,2.84,DevOps Engineer,"Jenkins, CI/CD, Kubernetes, Docker",moderate,visual,data scientist,remote,poor,no,11,aws
female,"english, sinhala, tamil",bachelor's degree,information technology,3.15,4,1,3.82,Cloud Engineer,"Kubernetes, GCP, Terraform, Docker",low,auditory,devops engineer,onsite,poor,yes,11,google
male,"english, sinhala",bachelor's degree,cyber security,3.43,3,1,2.32,Cloud Architect,"Microservices, AWS/Azure Design, IaC, Networking",excellent,kinesthetic,systems analyst,hybrid,excellent,no,9,aws
female,sinhala,bachelor's degree,software engineering,3.86,1,1,3.23,Cybersecurity Analyst,"Risk Analysis, SIEM, Linux, Networking",moderate,visual,data scientist,hybrid,excellent,yes,1,google
male,"tamil, english",bachelor's degree,cyber security,2.78,2,1,2.85,Ethical Hacker,"Python, Wireshark, Metasploit, Kali Linux",excellent,kinesthetic,systems analyst,hybrid,poor,no,0,none
female,english,bachelor's degree,software engineering,2.86,1,2,3.77,Security Engineer,"Encryption, Linux, SIEM, IAM",excellent,visual,security engineer,onsite,excellent,no,5,aws
female,"sinhala, tamil",bachelor's degree,cyber security,4.0,1,2,2.44,Information Security Analyst,"Incident Response, Risk Assessment, Networking, SOC Tools",moderate,auditory,devops engineer,remote,average,no,5,cisco
female,"english, sinhala, tamil",bachelor's degree,computer science,3.69,1,1,3.84,Network Engineer,"VPN, Switching, Routing, TCP/IP",moderate,kinesthetic,security engineer,remote,excellent,no,8,aws
male,"english, sinhala",bachelor's degree,data science,2.64,1,2,3.08,System Administrator,"Virtualization, Linux, Windows Server, Networking",excellent,kinesthetic,software engineer,remote,average,yes,3,azure
female,english,bachelor's degree,computer science,2.77,3,2,2.71,IT Support Engineer,"Hardware, Ticketing Tools, Windows, Active Directory",low,auditory,data scientist,hybrid,average,no,9,aws
male,sinhala,bachelor's degree,information technology,3.06,1,2,2.93,Hardware Engineer,"Embedded C, Arduino, Microcontrollers, Electronics",low,auditory,devops engineer,remote,average,yes,1,aws
male,"tamil, english",bachelor's degree,data science,2.93,1,2,2.75,QA Engineer,"Jira, Test Cases, API Testing, Selenium",moderate,kinesthetic,qa engineer,hybrid,poor,yes,7,none
male,sinhala,bachelor's degree,data science,4.0,1,1,2.4,Software Tester,"SQL, Manual Testing, Test Plans, Selenium",moderate,visual,data scientist,remote,excellent,yes,1,aws
female,"english, sinhala",bachelor's degree,software engineering,2.71,1,1,3.24,Automation Test Engineer,"TestNG, Python, Cypress, Selenium",excellent,kinesthetic,security engineer,hybrid,poor,no,5,google
male,sinhala,bachelor's degree,data science,2.23,4,1,2.74,UI Designer,"Figma, Adobe XD, Color Theory, UI Principles",excellent,visual,security engineer,onsite,average,yes,9,cisco
male,"tamil, english",bachelor's degree,computer science,2.71,2,1,3.11,UX Designer,"Prototyping, Figma, Psychology, UX Testing",moderate,visual,software engineer,remote,poor,yes,2,google
male,"sinhala, tamil",bachelor's degree,cyber security,3.81,2,1,3.59,Product Designer,"Figma, Prototyping, UX Research, User Flow",excellent,auditory,security engineer,remote,excellent,no,6,google
female,english,bachelor's degree,cyber security,2.95,2,2,2.59,Blockchain Developer,"Node.js, Smart Contracts, Solidity, Web3.js",low,auditory,qa engineer,onsite,excellent,yes,4,azure
male,english,bachelor's degree,software engineering,3.36,3,1,3.24,IoT Engineer,"Cloud Integration, C/C++, Sensors, Raspberry Pi",moderate,kinesthetic,devops engineer,hybrid,excellent,yes,6,azure
female,sinhala,bachelor's degree,computer science,2.97,1,1,3.41,Embedded Systems Engineer,"IoT, Electronics, C/C++, PCB Design",excellent,kinesthetic,systems analyst,onsite,average,no,10,azure
female,tamil,bachelor's degree,information technology,2.4,4,2,2.97,AR/VR Developer,"3D Modeling, XR SDKs, Unity, Blender",low,visual,security engineer,hybrid,poor,yes,2,google
female,english,bachelor's degree,data science,2.38,1,1,3.56,SEO Specialist,"Keyword Research, Backlinks, Content Strategy, HTML",excellent,auditory,systems analyst,onsite,average,yes,11,google
female,sinhala,bachelor's degree,information technology,2.0,2,1,3.04,IT Support Specialist,"Windows, Troubleshooting, Networking, Active Directory",low,kinesthetic,software engineer,remote,average,yes,0,azure
female,sinhala,bachelor's degree,cyber security,2.67,3,2,3.7,Software Engineer,"Java, Git, Python, OOP",moderate,kinesthetic,security engineer,remote,poor,no,9,none
male,tamil,bachelor's degree,computer science,2.71,1,2,2.55,Full Stack Developer,"MongoDB, REST API, Node.js, JavaScript",excellent,kinesthetic,systems analyst,remote,poor,no,10,cisco
male,"tamil, english",bachelor's degree,information technology,2.53,4,2,3.93,Frontend Developer,"TypeScript, HTML, Tailwind CSS, JavaScript",moderate,visual,devops engineer,remote,poor,yes,3,none
female,sinhala,bachelor's degree,information technology,2.77,3,1,3.11,Backend Developer,"Java, Node.js, REST API, Spring Boot",excellent,auditory,devops engineer,onsite,poor,yes,1,aws
male,sinhala,bachelor's degree,computer science,2.92,2,2,2.42,Web Developer,"JavaScript, Bootstrap, MySQL, CSS",low,auditory,devops engineer,hybrid,average,no,7,aws
male,tamil,bachelor's degree,cyber security,2.95,1,2,3.84,Mobile App Developer,"Java, Swift, Kotlin, REST API",excellent,auditory,security engineer,hybrid,average,yes,11,azure
male,"english, sinhala",bachelor's degree,data science,2.75,4,1,3.13,Data Scientist,"Pandas, Python, Tableau, SQL",low,visual,security engineer,onsite,excellent,yes,0,aws
female,"sinhala, tamil",bachelor's degree,data science,2.46,1,2,2.92,Data Analyst,"Data Visualization, Excel, Python, SQL",moderate,kinesthetic,security engineer,hybrid,excellent,no,6,google
male,tamil,bachelor's degree,information technology,4.0,4,1,2.5,Machine Learning Engineer,"TensorFlow, NumPy, Pandas, Deep Learning",moderate,visual,security engineer,onsite,average,yes,7,aws
male,"english, sinhala, tamil",bachelor's degree,data science,3.23,1,2,3.79,AI Engineer,"Data Processing, LLMs, TensorFlow, NLP",excellent,kinesthetic,data scientist,hybrid,excellent,yes,10,cisco
male,"english, sinhala, tamil",bachelor's degree,cyber security,3.61,1,2,2.29,BI Developer,"Tableau, DAX, Excel, ETL Tools",low,auditory,qa engineer,remote,excellent,no,9,none
male,"english, sinhala",bachelor's degree,data science,2.81,4,1,2.7,DevOps Engineer,"Jenkins, CI/CD, Linux, Docker",excellent,auditory,systems analyst,hybrid,excellent,yes,4,none
female,english,bachelor's degree,computer science,3.08,3,2,2.43,Cloud Engineer,"GCP, AWS, Kubernetes, Terraform",moderate,visual,systems analyst,onsite,average,no,12,aws
male,"tamil, english",bachelor's degree,cyber security,2.92,4,2,2.58,Cloud Architect,"IaC, Networking, Security, Scalability",moderate,kinesthetic,devops engineer,onsite,poor,no,10,google
female,"english, sinhala",bachelor's degree,data science,3.67,1,1,3.63,Cybersecurity Analyst,"SIEM, Firewalls, Risk Analysis, Python",moderate,kinesthetic,qa engineer,hybrid,excellent,no,11,azure
male,"tamil, english",bachelor's degree,data science,3.76,4,2,3.8,Ethical Hacker,"Wireshark, Python, Metasploit, Kali Linux",moderate,visual,systems analyst,hybrid,average,no,8,google
male,"english, sinhala, tamil",bachelor's degree,software engineering,3.06,2,2,3.59,Security Engineer,"SIEM, Cloud Security, Linux, IAM",excellent,visual,systems analyst,hybrid,excellent,no,5,google
male,"english, sinhala",bachelor's degree,information technology,2.52,3,1,3.22,Information Security Analyst,"SOC Tools, Networking, SIEM, Compliance",low,auditory,devops engineer,hybrid,average,no,9,azure
female,"english, sinhala",bachelor's degree,data science,2.89,3,1,3.32,Network Engineer,"VPN, Switching, Firewalls, Cisco",low,auditory,systems analyst,hybrid,poor,yes,2,azure
female,"english, sinhala",bachelor's degree,computer science,2.57,1,2,3.82,System Administrator,"Active Directory, Networking, Windows Server, Virtualization",low,auditory,systems analyst,remote,excellent,no,1,azure
female,sinhala,bachelor's degree,computer science,3.5,1,1,2.71,IT Support Engineer,"Troubleshooting, Hardware, Ticketing Tools, Active Directory",low,auditory,security engineer,onsite,excellent,no,1,none
male,"english, sinhala",bachelor's degree,computer science,3.6,3,2,2.63,Hardware Engineer,"Microcontrollers, PCB Design, Circuit Design, Arduino",moderate,auditory,data scientist,hybrid,poor,no,7,azure
female,sinhala,bachelor's degree,information technology,3.27,3,2,3.45,QA Engineer,"Selenium, Test Cases, Jira, API Testing",excellent,visual,devops engineer,remote,poor,no,11,aws
male,"sinhala, tamil",bachelor's degree,software engineering,3.02,2,1,2.77,Software Tester,"Agile, Bug Tracking, Selenium, Manual Testing",excellent,visual,qa engineer,hybrid,excellent,yes,5,none
female,sinhala,bachelor's degree,data science,2.87,2,1,3.64,Automation Test Engineer,"TestNG, Java, Selenium, Python",moderate,auditory,systems analyst,hybrid,average,no,9,azure
female,english,bachelor's degree,data science,3.23,1,2,2.97,UI Designer,"Color Theory, Figma, Adobe XD, Photoshop",low,visual,devops engineer,remote,average,yes,0,azure
male,english,bachelor's degree,computer science,2.32,3,1,2.2,UX Designer,"User Research, Figma, Psychology, Wireframing",low,visual,data scientist,onsite,excellent,no,7,azure
male,sinhala,bachelor's degree,information technology,2.97,2,2,2.46,Product Designer,"Figma, Design Systems, UI Design, Prototyping",excellent,kinesthetic,software engineer,hybrid,excellent,no,10,aws
female,"tamil, english",bachelor's degree,cyber security,3.32,1,2,2.61,Blockchain Developer,"Ethereum, Web3.js, Smart Contracts, Cryptography",moderate,kinesthetic,systems analyst,remote,poor,no,11,aws
male,"tamil, english",bachelor's degree,information technology,2.08,2,1,2.77,IoT Engineer,"C/C++, Raspberry Pi, Sensors, MQTT",moderate,kinesthetic,devops engineer,onsite,poor,no,5,cisco
male,sinhala,bachelor's degree,computer science,2.2,2,1,3.58,Embedded Systems Engineer,"C/C++, IoT, Microcontrollers, RTOS",excellent,visual,software engineer,remote,poor,no,5,cisco
male,tamil,bachelor's degree,information technology,3.86,2,1,2.53,AR/VR Developer,"C#, Blender, Unity, Unreal Engine",low,auditory,security engineer,hybrid,poor,yes,6,azure
female,"english, sinhala",bachelor's degree,cyber security,3.9,2,1,3.94,SEO Specialist,"Backlinks, Content Strategy, Google Analytics, Keyword Research",excellent,visual,software engineer,remote,poor,no,1,none
female,"sinhala, tamil",bachelor's degree,software engineering,2.93,4,2,2.27,IT Support Specialist,"Active Directory, Windows, Hardware, Ticketing Systems",moderate,auditory,software engineer,remote,average,no,9,azure
female,"tamil, english",bachelor's degree,information technology,3.79,1,1,2.44,Software Engineer,"SQL, OOP, Spring Boot, Python",excellent,kinesthetic,systems analyst,hybrid,average,no,2,cisco
male,"english, sinhala, tamil",bachelor's degree,software engineering,3.01,2,2,2.21,Full Stack Developer,"MongoDB, React, JavaScript, Node.js",excellent,kinesthetic,security engineer,hybrid,poor,no,11,azure
male,sinhala,bachelor's degree,information technology,2.41,4,2,2.9,Frontend Developer,"JavaScript, React, Tailwind CSS, TypeScript",low,auditory,data scientist,onsite,poor,yes,2,google
male,tamil,bachelor's degree,information technology,3.91,4,1,3.57,Backend Developer,"Spring Boot, REST API, Java, SQL",moderate,kinesthetic,software engineer,onsite,poor,yes,6,aws
male,sinhala,bachelor's degree,software engineering,2.87,3,2,2.98,Web Developer,"JavaScript, MySQL, HTML, CSS",low,visual,security engineer,remote,poor,no,2,google
female,tamil,bachelor's degree,software engineering,2.83,2,2,2.82,Mobile App Developer,"Swift, REST API, Firebase, Java",moderate,visual,security engineer,remote,average,yes,6,none
male,"sinhala, tamil",bachelor's degree,cyber security,2.42,2,2,2.84,Data Scientist,"Pandas, NumPy, SQL, Python",moderate,kinesthetic,qa engineer,remote,excellent,no,11,google
female,tamil,bachelor's degree,computer science,3.17,3,1,3.96,Data Analyst,"SQL, Python, Statistics, Excel",moderate,kinesthetic,software engineer,remote,excellent,no,12,google
female,english,bachelor's degree,data science,4.0,3,2,2.88,Machine Learning Engineer,"Scikit-learn, Pandas, Deep Learning, TensorFlow",low,visual,qa engineer,remote,excellent,no,0,cisco
female,"sinhala, tamil",bachelor's degree,computer science,2.36,4,1,3.76,AI Engineer,"TensorFlow, PyTorch, Data Processing, Python",low,visual,software engineer,remote,average,yes,7,none
male,tamil,bachelor's degree,cyber security,2.81,4,1,2.81,BI Developer,"Power BI, Tableau, Excel, DAX",low,kinesthetic,devops engineer,remote,excellent,no,3,azure
male,"tamil, english",bachelor's degree,software engineering,4.0,2,1,3.71,DevOps Engineer,"Kubernetes, Linux, AWS, CI/CD",low,visual,qa engineer,remote,poor,no,6,aws
male,"sinhala, tamil",bachelor's degree,data science,2.6,2,1,2.21,Cloud Engineer,"Kubernetes, Docker, AWS, Terraform",excellent,auditory,data scientist,remote,excellent,yes,4,azure
male,"sinhala, tamil",bachelor's degree,computer science,3.33,3,1,3.45,Cloud Architect,"IaC, Scalability, Security, Microservices",moderate,kinesthetic,systems analyst,remote,excellent,no,2,aws
female,sinhala,bachelor's degree,cyber security,3.14,2,1,3.42,Cybersecurity Analyst,"Python, Risk Analysis, Networking, Firewalls",excellent,visual,qa engineer,onsite,excellent,no,2,aws
male,"sinhala, tamil",bachelor's degree,information technology,3.44,1,1,3.3,Ethical Hacker,"Burp Suite, Python, Nmap, Kali Linux",excellent,visual,software engineer,remote,poor,no,9,aws
female,"sinhala, tamil",bachelor's degree,data science,3.1,4,2,2.83,Security Engineer,"SIEM, Firewalls, IAM, Linux",moderate,visual,software engineer,onsite,poor,yes,8,none
female,tamil,bachelor's degree,software engineering,2.59,1,1,3.37,Information Security Analyst,"Compliance, SOC Tools, Networking, Incident Response",moderate,kinesthetic,security engineer,hybrid,poor,no,5,google
male,"sinhala, tamil",bachelor's degree,data science,2.41,4,1,3.67,Network Engineer,"Cisco, Routing, TCP/IP, Switching",low,auditory,software engineer,hybrid,poor,yes,11,azure
male,english,bachelor's degree,cyber security,2.8,2,2,3.45,System Administrator,"Windows Server, Virtualization, Active Directory, Linux",low,auditory,data scientist,hybrid,excellent,yes,10,none
female,"sinhala, tamil",bachelor's degree,computer science,3.14,1,2,2.78,IT Support Engineer,"Hardware, Ticketing Tools, Troubleshooting, Windows",excellent,visual,systems analyst,hybrid,poor,no,5,none
female,"sinhala, tamil",bachelor's degree,cyber security,3.33,1,1,3.28,Hardware Engineer,"Electronics, Arduino, PCB Design, Embedded C",moderate,kinesthetic,software engineer,hybrid,average,no,6,google
female,tamil,bachelor's degree,computer science,3.85,4,2,3.36,QA Engineer,"SQL, Manual Testing, Test Cases, API Testing",excellent,auditory,qa engineer,onsite,poor,no,10,google
female,"english, sinhala",bachelor's degree,software engineering,2.83,3,2,2.75,Software Tester,"SQL, Selenium, Manual Testing, Bug Tracking",low,visual,security engineer,hybrid,average,no,12,azure
female,sinhala,bachelor's degree,data science,3.67,4,2,3.71,Automation Test Engineer,"CI/CD, Java, TestNG, Selenium",low,kinesthetic,systems analyst,hybrid,average,no,0,none
male,"english, sinhala, tamil",bachelor's degree,computer science,2.79,3,2,2.55,UI Designer,"UI Principles, Prototyping, Figma, Photoshop",moderate,visual,security engineer,remote,average,no,12,cisco
female,sinhala,bachelor's degree,computer science,3.8,4,2,2.59,UX Designer,"Prototyping, Figma, Psychology, Wireframing",excellent,kinesthetic,devops engineer,onsite,average,yes,0,azure
female,"tamil, english",bachelor's degree,information technology,3.67,3,2,3.97,Product Designer,"UX Research, User Flow, Prototyping, Figma",low,visual,security engineer,remote,average,no,10,none
male,"sinhala, tamil",bachelor's degree,software engineering,2.85,1,1,2.23,Blockchain Developer,"Solidity, Smart Contracts, Web3.js, Ethereum",excellent,visual,systems analyst,remote,poor,yes,9,cisco
female,"tamil, english",bachelor's degree,computer science,2.77,2,2,3.41,IoT Engineer,"Cloud Integration, MQTT, Raspberry Pi, Sensors",low,visual,software engineer,onsite,average,yes,10,none
female,"english, sinhala, tamil",bachelor's degree,cyber security,3.82,1,1,3.32,Embedded Systems Engineer,"C/C++, RTOS, PCB Design, Microcontrollers",low,auditory,qa engineer,hybrid,poor,yes,10,cisco
male,"english, sinhala, tamil",bachelor's degree,data science,3.42,2,1,2.79,AR/VR Developer,"C#, XR SDKs, Unreal Engine, Blender",low,visual,software engineer,onsite,average,no,9,aws
female,tamil,bachelor's degree,data science,2.83,2,1,2.47,SEO Specialist,"SEO Tools, Backlinks, Google Analytics, Content Strategy",low,kinesthetic,data scientist,remote,average,yes,0,google
male,"sinhala, tamil",bachelor's degree,data science,3.57,3,2,3.03,IT Support Specialist,"Active Directory, Ticketing Systems, Windows, Troubleshooting",low,kinesthetic,devops engineer,hybrid,poor,yes,1,google
male,"english, sinhala, tamil",bachelor's degree,software engineering,2.25,3,1,3.12,Software Engineer,"SQL, Spring Boot, OOP, Git",moderate,kinesthetic,data scientist,onsite,excellent,no,2,azure
male,"tamil, english",bachelor's degree,computer science,2.07,4,2,3.01,Full Stack Developer,"MongoDB, JavaScript, Node.js, Express",moderate,visual,qa engineer,hybrid,poor,yes,8,none
male,"english, sinhala",bachelor's degree,cyber security,3.23,1,1,3.22,Frontend Developer,"HTML, JavaScript, TypeScript, React",low,auditory,systems analyst,remote,average,no,4,none
male,"english, sinhala",bachelor's degree,computer science,2.09,3,2,3.53,Backend Developer,"SQL, Microservices, Node.js, Spring Boot",moderate,visual,devops engineer,hybrid,poor,yes,2,none
female,"english, sinhala",bachelor's degree,software engineering,2.92,4,2,2.72,Web Developer,"JavaScript, CSS, PHP, HTML",low,kinesthetic,software engineer,hybrid,excellent,yes,2,aws
male,"english, sinhala, tamil",bachelor's degree,software engineering,3.09,3,2,3.3,Mobile App Developer,"Kotlin, Flutter, Firebase, Swift",moderate,kinesthetic,security engineer,onsite,average,yes,12,google
female,"english, sinhala, tamil",bachelor's degree,data science,3.01,2,1,2.85,Data Scientist,"Tableau, Pandas, NumPy, Machine Learning",excellent,auditory,software engineer,remote,average,yes,5,none
female,sinhala,bachelor's degree,information technology,3.59,3,1,3.58,Data Analyst,"Power BI, SQL, Statistics, Data Visualization",low,auditory,data scientist,onsite,average,no,0,cisco
female,"english, sinhala, tamil",bachelor's degree,cyber security,2.67,1,2,2.88,Machine Learning Engineer,"TensorFlow, Deep Learning, Python, Pandas",excellent,visual,qa engineer,onsite,poor,no,6,cisco
male,"sinhala, tamil",bachelor's degree,information technology,2.56,1,1,2.28,AI Engineer,"Python, PyTorch, NLP, Data Processing",low,kinesthetic,data scientist,onsite,poor,yes,10,none
female,"sinhala, tamil",bachelor's degree,information technology,3.55,4,2,2.52,BI Developer,"ETL Tools, SQL, DAX, Tableau",excellent,kinesthetic,security engineer,onsite,poor,yes,3,cisco
male,english,bachelor's degree,cyber security,3.86,3,1,2.53,DevOps Engineer,"CI/CD, Kubernetes, Jenkins, AWS",moderate,auditory,software engineer,onsite,poor,yes,1,cisco
male,english,bachelor's degree,software engineering,2.46,4,2,2.27,Cloud Engineer,"Docker, Azure, GCP, AWS",excellent,auditory,systems analyst,remote,average,no,4,cisco
male,"tamil, english",bachelor's degree,data science,2.86,2,1,3.37,Cloud Architect,"Networking, AWS/Azure Design, Scalability, IaC",low,kinesthetic,qa engineer,onsite,poor,no,7,google
male,"english, sinhala",bachelor's degree,software engineering,3.55,4,2,2.28,Cybersecurity Analyst,"SIEM, Risk Analysis, Python, Linux",excellent,visual,data scientist,hybrid,average,no,9,none
female,sinhala,bachelor's degree,data science,3.64,4,1,3.81,Ethical Hacker,"Wireshark, Metasploit, Nmap, Kali Linux",excellent,auditory,data scientist,remote,average,yes,10,cisco
male,"english, sinhala",bachelor's degree,data science,4.0,2,2,3.81,Security Engineer,"Firewalls, IAM, Encryption, Cloud Security",excellent,kinesthetic,software engineer,hybrid,excellent,no,3,google
female,"english, sinhala, tamil",bachelor's degree,computer science,3.14,1,1,3.11,Information Security Analyst,"SOC Tools, Risk Assessment, SIEM, Incident Response",excellent,visual,data scientist,hybrid,excellent,yes,1,cisco
female,tamil,bachelor's degree,cyber security,2.32,2,2,3.77,Network Engineer,"Firewalls, Routing, Cisco, Switching",moderate,auditory,systems analyst,hybrid,average,yes,2,azure
male,"sinhala, tamil",bachelor's degree,data science,2.57,3,1,2.43,System Administrator,"Windows Server, Networking, Virtualization, Active Directory",excellent,visual,data scientist,onsite,excellent,yes,7,azure
male,sinhala,bachelor's degree,information technology,3.35,2,2,3.38,IT Support Engineer,"Troubleshooting, Networking, Windows, Hardware",moderate,kinesthetic,qa engineer,onsite,excellent,yes,10,azure
male,sinhala,bachelor's degree,cyber security,3.47,2,1,3.77,Hardware Engineer,"Circuit Design, Microcontrollers, Electronics, Embedded C",low,auditory,data scientist,onsite,excellent,yes,1,google
female,"english, sinhala, tamil",bachelor's degree,computer science,2.54,3,1,2.32,QA Engineer,"Manual Testing, Test Cases, SQL, Jira",low,auditory,devops engineer,hybrid,excellent,no,10,aws
male,"english, sinhala, tamil",bachelor's degree,information technology,3.12,2,1,2.33,Software Tester,"SQL, Test Plans, Manual Testing, Agile",moderate,kinesthetic,qa engineer,hybrid,excellent,no,11,none
male,"english, sinhala",bachelor's degree,data science,2.94,1,2,2.38,Automation Test Engineer,"Java, TestNG, Python, Cypress",excellent,kinesthetic,devops engineer,remote,excellent,yes,2,cisco
male,"english, sinhala",bachelor's degree,computer science,2.58,2,2,2.24,UI Designer,"Prototyping, Adobe XD, UI Principles, Color Theory",excellent,visual,qa engineer,onsite,poor,no,4,aws
male,sinhala,bachelor's degree,software engineering,3.75,2,2,2.31,UX Designer,"User Research, Prototyping, Wireframing, UX Testing",low,kinesthetic,security engineer,remote,excellent,no,6,aws
female,"english, sinhala, tamil",bachelor's degree,information technology,2.58,3,1,2.31,Product Designer,"UI Design, Prototyping, UX Research, Design Systems",excellent,auditory,data scientist,onsite,excellent,yes,12,aws
male,"tamil, english",bachelor's degree,data science,3.68,3,2,2.22,Blockchain Developer,"Smart Contracts, Solidity, Web3.js, Node.js",excellent,auditory,systems analyst,remote,excellent,yes,6,azure
female,sinhala,bachelor's degree,cyber security,3.48,1,2,2.62,IoT Engineer,"Arduino, C/C++, Cloud Integration, MQTT",moderate,visual,systems analyst,onsite,average,yes,2,cisco
female,"english, sinhala, tamil",bachelor's degree,cyber security,2.27,2,1,3.69,Embedded Systems Engineer,"Microcontrollers, C/C++, RTOS, IoT",excellent,kinesthetic,devops engineer,hybrid,poor,yes,11,azure
female,tamil,bachelor's degree,computer science,3.48,4,1,3.22,AR/VR Developer,"Blender, 3D Modeling, Unreal Engine, XR SDKs",low,kinesthetic,data scientist,hybrid,excellent,yes,1,cisco
male,"sinhala, tamil",bachelor's degree,data science,3.27,4,2,2.83,SEO Specialist,"Google Analytics, Keyword Research, SEO Tools, Backlinks",moderate,kinesthetic,data scientist,hybrid,average,yes,0,none
male,"english, sinhala",bachelor's degree,cyber security,3.59,3,2,2.69,IT Support Specialist,"Windows, Hardware, Active Directory, Networking",moderate,auditory,systems analyst,remote,excellent,yes,4,cisco
male,"tamil, english",bachelor's degree,software engineering,3.19,1,2,3.34,Software Engineer,"OOP, Java, Spring Boot, Git",moderate,auditory,systems analyst,hybrid,average,no,6,google
female,english,bachelor's degree,data science,2.61,3,1,2.55,Full Stack Developer,"Node.js, React, MongoDB, REST API",excellent,kinesthetic,devops engineer,hybrid,poor,no,6,none
male,"english, sinhala, tamil",bachelor's degree,computer science,2.21,2,2,2.39,Frontend Developer,"Tailwind CSS, HTML, React, TypeScript",excellent,kinesthetic,data scientist,hybrid,average,no,10,aws
female,"english, sinhala, tamil",bachelor's degree,information technology,3.22,4,1,2.49,Backend Developer,"Microservices, Spring Boot, SQL, Node.js",moderate,visual,software engineer,hybrid,excellent,yes,8,cisco
female,"english, sinhala",bachelor's degree,information technology,3.32,2,1,2.98,Web Developer,"JavaScript, CSS, Bootstrap, PHP",low,auditory,systems analyst,remote,average,no,2,aws
male,tamil,bachelor's degree,data science,3.16,1,1,2.98,Mobile App Developer,"Java, REST API, Swift, Kotlin",excellent,visual,qa engineer,hybrid,excellent,yes,2,azure
male,"tamil, english",bachelor's degree,data science,2.29,3,2,3.06,Data Scientist,"Machine Learning, Tableau, NumPy, Pandas",moderate,auditory,devops engineer,remote,poor,yes,10,cisco
female,english,bachelor's degree,computer science,3.62,4,1,2.77,Data Analyst,"Statistics, Data Visualization, SQL, Python",excellent,visual,qa engineer,onsite,poor,yes,10,azure
female,tamil,bachelor's degree,information technology,2.73,2,1,3.52,Machine Learning Engineer,"Pandas, Python, TensorFlow, NumPy",excellent,auditory,qa engineer,onsite,poor,no,8,aws
female,"english, sinhala, tamil",bachelor's degree,cyber security,2.58,1,1,3.92,AI Engineer,"TensorFlow, PyTorch, NLP, LLMs",moderate,visual,security engineer,hybrid,excellent,yes,2,azure
male,"sinhala, tamil",bachelor's degree,information technology,3.59,3,2,2.31,BI Developer,"SQL, Excel, ETL Tools, DAX",excellent,visual,security engineer,onsite,excellent,no,7,azure
male,"sinhala, tamil",bachelor's degree,information technology,2.02,1,2,3.8,DevOps Engineer,"AWS, Linux, Jenkins, CI/CD",moderate,kinesthetic,data scientist,hybrid,excellent,yes,2,none
female,"sinhala, tamil",bachelor's degree,data science,3.72,3,2,3.87,Cloud Engineer,"Azure, Kubernetes, GCP, Docker",low,kinesthetic,security engineer,hybrid,poor,no,0,google
male,tamil,bachelor's degree,computer science,2.94,4,2,3.62,Cloud Architect,"Scalability, Security, Microservices, AWS/Azure Design",low,visual,devops engineer,hybrid,excellent,no,4,azure
female,tamil,bachelor's degree,computer science,2.16,2,2,2.27,Cybersecurity Analyst,"Networking, Python, SIEM, Linux",excellent,auditory,qa engineer,onsite,excellent,yes,1,none
male,"english, sinhala, tamil",bachelor's degree,cyber security,3.13,1,2,2.56,Ethical Hacker,"Python, Metasploit, Kali Linux, Burp Suite",excellent,kinesthetic,data scientist,hybrid,poor,no,2,none
female,english,bachelor's degree,data science,3.66,3,2,3.11,Security Engineer,"IAM, Encryption, Cloud Security, Firewalls",excellent,visual,devops engineer,onsite,excellent,yes,2,azure
female,tamil,bachelor's degree,cyber security,3.7,3,2,2.37,Information Security Analyst,"Risk Assessment, Compliance, SOC Tools, SIEM",excellent,visual,data scientist,remote,poor,yes,1,google
male,sinhala,bachelor's degree,data science,2.94,3,2,3.53,Network Engineer,"Routing, TCP/IP, Firewalls, Switching",excellent,visual,devops engineer,hybrid,poor,yes,5,cisco
male,sinhala,bachelor's degree,cyber security,3.43,1,2,3.88,System Administrator,"Virtualization, Linux, Networking, Windows Server",low,visual,security engineer,remote,average,yes,5,azure
male,"english, sinhala",bachelor's degree,software engineering,3.87,3,1,2.54,IT Support Engineer,"Troubleshooting, Networking, Windows, Active Directory",low,visual,qa engineer,hybrid,poor,yes,12,google
male,tamil,bachelor's degree,software engineering,2.94,2,1,3.02,Hardware Engineer,"Arduino, Embedded C, Electronics, PCB Design",moderate,visual,devops engineer,remote,excellent,no,10,none
female,"tamil, english",bachelor's degree,computer science,2.55,2,1,3.07,QA Engineer,"Test Cases, SQL, Selenium, Jira",excellent,visual,data scientist,remote,poor,yes,3,none
male,"tamil, english",bachelor's degree,cyber security,3.72,4,2,2.91,Software Tester,"SQL, Bug Tracking, Selenium, Test Plans",excellent,auditory,data scientist,onsite,poor,yes,10,cisco
male,sinhala,bachelor's degree,software engineering,2.56,3,1,3.89,Automation Test Engineer,"TestNG, Python, CI/CD, Java",moderate,auditory,software engineer,onsite,poor,no,4,google
female,english,bachelor's degree,computer science,2.37,3,1,2.7,UI Designer,"Photoshop, Adobe XD, Color Theory, Figma",moderate,auditory,systems analyst,remote,excellent,yes,7,azure
female,tamil,bachelor's degree,cyber security,3.04,4,1,2.98,UX Designer,"Prototyping, Psychology, User Research, Wireframing",low,visual,software engineer,onsite,excellent,no,5,azure
male,"sinhala, tamil",bachelor's degree,information technology,3.16,3,1,3.64,Product Designer,"Figma, Design Systems, Prototyping, User Flow",low,auditory,devops engineer,remote,average,no,6,none
male,tamil,bachelor's degree,information technology,2.91,4,1,3.22,Blockchain Developer,"Node.js, Smart Contracts, Solidity, Web3.js",excellent,auditory,systems analyst,onsite,average,yes,1,aws
male,english,bachelor's degree,software engineering,4.0,1,2,2.22,IoT Engineer,"C/C++, Arduino, Raspberry Pi, MQTT",excellent,visual,devops engineer,remote,excellent,yes,2,aws
female,"english, sinhala, tamil",bachelor's degree,information technology,3.67,3,2,2.93,Embedded Systems Engineer,"IoT, Electronics, Microcontrollers, C/C++",moderate,kinesthetic,systems analyst,remote,poor,yes,1,cisco
male,"english, sinhala, tamil",bachelor's degree,information technology,2.56,1,1,2.38,AR/VR Developer,"Unreal Engine, 3D Modeling, XR SDKs, C#",low,kinesthetic,systems analyst,remote,poor,yes,5,none
female,sinhala,bachelor's degree,cyber security,2.28,2,1,3.1,SEO Specialist,"Google Analytics, Content Strategy, Backlinks, Keyword Research",moderate,auditory,security engineer,remote,poor,yes,10,google
male,english,bachelor's degree,information technology,3.12,3,2,3.92,IT Support Specialist,"Troubleshooting, Hardware, Active Directory, Networking",low,kinesthetic,security engineer,hybrid,excellent,no,3,aws
female,"english, sinhala",bachelor's degree,data science,2.28,4,2,2.84,Software Engineer,"OOP, Spring Boot, Java, Git",low,auditory,security engineer,remote,excellent,no,7,aws
female,"sinhala, tamil",bachelor's degree,information technology,3.61,2,2,2.91,Full Stack Developer,"React, Node.js, REST API, Express",moderate,auditory,security engineer,remote,average,yes,12,cisco
male,tamil,bachelor's degree,cyber security,2.46,2,1,3.4,Frontend Developer,"React, TypeScript, Tailwind CSS, JavaScript",excellent,visual,software engineer,remote,average,no,0,cisco
male,english,bachelor's degree,software engineering,2.19,4,1,2.7,Backend Developer,"Microservices, Node.js, Spring Boot, REST API",low,visual,devops engineer,onsite,excellent,no,12,aws
male,tamil,bachelor's degree,information technology,2.7,2,1,3.14,Web Developer,"HTML, MySQL, JavaScript, CSS",low,visual,qa engineer,hybrid,poor,yes,8,cisco
female,"tamil, english",bachelor's degree,cyber security,2.75,4,2,2.3,Mobile App Developer,"REST API, Java, Swift, Firebase",moderate,visual,qa engineer,hybrid,excellent,no,0,none
male,english,bachelor's degree,data science,2.86,1,1,3.0,Data Scientist,"Pandas, SQL, Python, Machine Learning",low,kinesthetic,software engineer,hybrid,excellent,yes,7,none
female,sinhala,bachelor's degree,computer science,3.52,4,2,3.5,Data Analyst,"SQL, Statistics, Python, Power BI",low,visual,devops engineer,remote,excellent,yes,6,cisco
female,"sinhala, tamil",bachelor's degree,software engineering,2.81,1,1,2.87,Machine Learning Engineer,"Pandas, NumPy, Python, Scikit-learn",excellent,kinesthetic,systems analyst,remote,poor,no,6,azure
female,english,bachelor's degree,data science,3.53,3,2,3.0,AI Engineer,"PyTorch, Python, LLMs, NLP",low,kinesthetic,data scientist,onsite,average,no,2,none
male,tamil,bachelor's degree,information technology,2.93,1,2,3.94,BI Developer,"DAX, SQL, ETL Tools, Excel",low,visual,software engineer,remote,poor,no,12,azure
female,"english, sinhala",bachelor's degree,cyber security,3.51,2,1,3.72,DevOps Engineer,"AWS, Docker, CI/CD, Kubernetes",moderate,auditory,software engineer,onsite,excellent,no,4,azure
male,sinhala,bachelor's degree,computer science,3.17,2,1,3.16,Cloud Engineer,"Terraform, Azure, GCP, Kubernetes",excellent,visual,security engineer,remote,poor,yes,4,google
male,sinhala,bachelor's degree,information technology,3.88,3,1,3.53,Cloud Architect,"AWS/Azure Design, Scalability, IaC, Security",low,visual,qa engineer,onsite,poor,yes,9,cisco
male,sinhala,bachelor's degree,information technology,2.72,3,1,2.69,Cybersecurity Analyst,"Linux, Networking, Python, Firewalls",excellent,auditory,systems analyst,onsite,poor,no,2,azure
female,"english, sinhala",bachelor's degree,information technology,3.39,2,1,2.73,Ethical Hacker,"Metasploit, Nmap, Burp Suite, Python",low,kinesthetic,systems analyst,remote,poor,no,0,azure
male,tamil,bachelor's degree,cyber security,3.08,4,1,3.49,Security Engineer,"Cloud Security, IAM, SIEM, Firewalls",low,auditory,security engineer,onsite,excellent,yes,10,none
female,english,bachelor's degree,cyber security,2.41,3,2,2.58,Information Security Analyst,"Risk Assessment, Compliance, Incident Response, SIEM",excellent,visual,devops engineer,hybrid,average,no,9,aws
male,tamil,bachelor's degree,data science,3.44,3,2,2.71,Network Engineer,"Switching, Cisco, VPN, TCP/IP",moderate,auditory,data scientist,remote,average,no,2,none
male,english,bachelor's degree,software engineering,2.48,4,1,3.16,System Administrator,"Linux, Windows Server, Networking, Bash",moderate,kinesthetic,qa engineer,onsite,excellent,no,10,azure
female,sinhala,bachelor's degree,software engineering,2.51,1,2,3.34,IT Support Engineer,"Active Directory, Ticketing Tools, Hardware, Networking",moderate,auditory,software engineer,onsite,excellent,no,6,google
male,sinhala,bachelor's degree,information technology,3.22,1,1,3.23,Hardware Engineer,"PCB Design, Arduino, Microcontrollers, Circuit Design",moderate,visual,software engineer,hybrid,excellent,no,1,none
female,sinhala,bachelor's degree,information technology,3.65,4,2,2.58,QA Engineer,"Jira, Manual Testing, SQL, Selenium",excellent,kinesthetic,systems analyst,onsite,average,no,9,cisco
female,"sinhala, tamil",bachelor's degree,data science,2.26,2,1,2.64,Software Tester,"Selenium, Manual Testing, Agile, Test Plans",moderate,auditory,software engineer,onsite,excellent,no,0,none
female,tamil,bachelor's degree,software engineering,2.92,4,1,3.61,Automation Test Engineer,"Java, Cypress, TestNG, Selenium",low,kinesthetic,data scientist,onsite,poor,no,11,aws
male,"english, sinhala",bachelor's degree,software engineering,3.63,3,2,3.61,UI Designer,"Prototyping, UI Principles, Photoshop, Figma",moderate,auditory,qa engineer,remote,poor,yes,11,google
male,"tamil, english",bachelor's degree,information technology,3.04,3,1,2.89,UX Designer,"Prototyping, UX Testing, Figma, User Research",moderate,auditory,security engineer,hybrid,poor,no,0,google
female,tamil,bachelor's degree,information technology,2.53,1,2,3.85,Product Designer,"UX Research, User Flow, UI Design, Design Systems",low,visual,systems analyst,onsite,excellent,yes,5,google
female,tamil,bachelor's degree,information technology,3.11,1,2,3.18,Blockchain Developer,"Ethereum, Smart Contracts, Node.js, Solidity",low,kinesthetic,data scientist,hybrid,excellent,yes,4,aws
male,english,bachelor's degree,software engineering,3.0,4,1,2.65,IoT Engineer,"Raspberry Pi, C/C++, Arduino, Sensors",low,kinesthetic,systems analyst,remote,average,yes,5,azure
male,sinhala,bachelor's degree,information technology,2.79,2,2,2.4,Embedded Systems Engineer,"PCB Design, Electronics, RTOS, C/C++",low,kinesthetic,data scientist,hybrid,average,no,5,cisco
male,sinhala,bachelor's degree,data science,2.52,3,1,3.25,AR/VR Developer,"Blender, XR SDKs, Unreal Engine, Unity",low,visual,software engineer,remote,average,yes,1,google
male,"english, sinhala, tamil",bachelor's degree,cyber security,2.94,1,2,3.59,SEO Specialist,"Keyword Research, Content Strategy, HTML, SEO Tools",excellent,auditory,systems analyst,onsite,average,yes,11,azure
male,english,bachelor's degree,information technology,3.89,3,1,3.55,IT Support Specialist,"Networking, Ticketing Systems, Active Directory, Troubleshooting",excellent,visual,systems analyst,remote,average,yes,4,cisco
male,"english, sinhala",bachelor's degree,computer science,3.77,3,1,2.8,Software Engineer,"Spring Boot, Git, Python, Java",low,auditory,software engineer,hybrid,poor,yes,7,aws
female,"sinhala, tamil",bachelor's degree,computer science,3.0,2,1,3.84,Full Stack Developer,"JavaScript, MongoDB, React, REST API",moderate,kinesthetic,devops engineer,onsite,poor,yes,9,aws
female,sinhala,bachelor's degree,data science,4.0,1,1,3.63,Frontend Developer,"TypeScript, HTML, JavaScript, React",low,kinesthetic,devops engineer,onsite,average,yes,12,none
male,"sinhala, tamil",bachelor's degree,computer science,2.3,1,2,2.64,Backend Developer,"SQL, Microservices, Java, REST API",moderate,visual,data scientist,remote,poor,no,9,azure
female,"tamil, english",bachelor's degree,cyber security,3.31,2,1,2.85,Web Developer,"MySQL, JavaScript, Bootstrap, PHP",low,visual,devops engineer,onsite,excellent,yes,12,cisco
male,"english, sinhala",bachelor's degree,cyber security,2.83,3,2,2.33,Mobile App Developer,"Kotlin, REST API, Swift, Flutter",excellent,visual,systems analyst,onsite,average,no,9,cisco
male,"english, sinhala",bachelor's degree,software engineering,3.5,2,1,2.35,Data Scientist,"NumPy, Tableau, Python, Machine Learning",excellent,auditory,systems analyst,onsite,poor,yes,6,none
female,"english, sinhala, tamil",bachelor's degree,software engineering,2.65,3,2,3.66,Data Analyst,"Power BI, Excel, SQL, Data Visualization",low,visual,devops engineer,remote,excellent,yes,7,google
female,"tamil, english",bachelor's degree,cyber security,3.47,3,1,3.24,Machine Learning Engineer,"NumPy, Deep Learning, Scikit-learn, TensorFlow",moderate,auditory,devops engineer,hybrid,excellent,yes,1,google
female,"sinhala, tamil",bachelor's degree,software engineering,2.73,1,2,2.47,AI Engineer,"Data Processing, LLMs, TensorFlow, PyTorch",excellent,auditory,devops engineer,onsite,average,no,8,aws
male,english,bachelor's degree,cyber security,3.74,1,2,2.71,BI Developer,"Excel, Tableau, SQL, DAX",moderate,visual,devops engineer,hybrid,poor,no,6,aws
female,tamil,bachelor's degree,information technology,3.63,2,2,3.02,DevOps Engineer,"Docker, Kubernetes, Linux, Jenkins",low,kinesthetic,data scientist,hybrid,poor,no,4,aws
female,english,bachelor's degree,information technology,4.0,1,2,2.29,Cloud Engineer,"Docker, AWS, GCP, Terraform",excellent,auditory,software engineer,hybrid,average,no,7,azure
female,"tamil, english",bachelor's degree,information technology,2.52,3,1,2.37,Cloud Architect,"IaC, Networking, Security, Scalability",low,auditory,devops engineer,remote,poor,no,2,google
female,"sinhala, tamil",bachelor's degree,software engineering,2.77,3,2,2.43,Cybersecurity Analyst,"SIEM, Linux, Networking, Python",low,auditory,data scientist,hybrid,poor,no,4,azure
female,tamil,bachelor's degree,information technology,3.56,3,2,2.52,Ethical Hacker,"Kali Linux, Burp Suite, Nmap, Python",excellent,auditory,devops engineer,hybrid,excellent,no,4,google
female,english,bachelor's degree,data science,2.0,4,2,3.39,Security Engineer,"Cloud Security, Encryption, SIEM, Firewalls",low,kinesthetic,systems analyst,remote,poor,yes,2,cisco
female,"english, sinhala",bachelor's degree,computer science,3.03,4,1,2.34,Information Security Analyst,"Networking, Risk Assessment, SIEM, SOC Tools",excellent,auditory,qa engineer,onsite,average,yes,2,aws
female,"tamil, english",bachelor's degree,computer science,4.0,4,2,3.73,Network Engineer,"Routing, Switching, Cisco, Firewalls",moderate,visual,security engineer,remote,average,yes,7,azure
male,"sinhala, tamil",bachelor's degree,software engineering,2.82,1,1,3.27,System Administrator,"Linux, Active Directory, Bash, Virtualization",excellent,auditory,devops engineer,remote,average,yes,6,cisco
male,"english, sinhala, tamil",bachelor's degree,information technology,3.37,2,2,2.63,IT Support Engineer,"Hardware, Active Directory, Networking, Ticketing Tools",low,auditory,devops engineer,onsite,excellent,yes,6,none
male,"sinhala, tamil",bachelor's degree,data science,2.88,4,2,2.25,Hardware Engineer,"Microcontrollers, Embedded C, Circuit Design, Arduino",excellent,auditory,qa engineer,onsite,average,yes,8,azure
male,"english, sinhala, tamil",bachelor's degree,computer science,3.2,4,2,2.76,QA Engineer,"API Testing, Test Cases, SQL, Jira",low,auditory,systems analyst,onsite,poor,yes,0,google
male,tamil,bachelor's degree,software engineering,2.89,3,1,3.77,Software Tester,"Manual Testing, Selenium, Agile, SQL",moderate,visual,security engineer,remote,excellent,yes,2,cisco
male,sinhala,bachelor's degree,information technology,2.54,4,2,3.03,Automation Test Engineer,"CI/CD, Selenium, Java, Cypress",moderate,auditory,devops engineer,onsite,average,no,2,google
male,"english, sinhala",bachelor's degree,information technology,3.17,2,2,2.61,UI Designer,"Prototyping, UI Principles, Adobe XD, Color Theory",moderate,kinesthetic,software engineer,hybrid,average,no,10,azure
female,tamil,bachelor's degree,data science,3.42,3,2,2.49,UX Designer,"Psychology, User Research, Prototyping, Figma",excellent,visual,devops engineer,remote,average,yes,1,azure
male,english,bachelor's degree,software engineering,2.95,4,2,3.31,Product Designer,"UX Research, Figma, Design Systems, UI Design",moderate,kinesthetic,software engineer,remote,excellent,yes,0,none
female,sinhala,bachelor's degree,software engineering,2.52,3,2,3.96,Blockchain Developer,"Cryptography, Solidity, Web3.js, Smart Contracts",moderate,kinesthetic,security engineer,onsite,excellent,no,11,google
male,"sinhala, tamil",bachelor's degree,software engineering,2.52,2,1,2.58,IoT Engineer,"Raspberry Pi, Cloud Integration, Arduino, Sensors",excellent,kinesthetic,qa engineer,onsite,average,no,6,aws
female,english,bachelor's degree,data science,3.57,2,1,3.81,Embedded Systems Engineer,"RTOS, PCB Design, Electronics, C/C++",low,auditory,data scientist,onsite,average,no,10,aws
female,"english, sinhala",bachelor's degree,information technology,2.47,3,2,2.34,AR/VR Developer,"Blender, Unreal Engine, 3D Modeling, XR SDKs",excellent,kinesthetic,qa engineer,remote,excellent,yes,4,aws
female,"english, sinhala",bachelor's degree,cyber security,3.49,4,2,3.25,SEO Specialist,"Content Strategy, Backlinks, Keyword Research, HTML",moderate,visual,devops engineer,onsite,poor,no,4,azure
female,tamil,bachelor's degree,information technology,2.54,3,1,3.35,IT Support Specialist,"Active Directory, Windows, Troubleshooting, Networking",low,auditory,security engineer,hybrid,average,yes,3,azure
female,sinhala,bachelor's degree,software engineering,3.67,2,2,2.3,Software Engineer,"OOP, SQL, Git, Spring Boot",low,visual,systems analyst,onsite,excellent,no,6,google
female,sinhala,bachelor's degree,data science,3.03,1,1,3.44,Full Stack Developer,"React, JavaScript, Express, MongoDB",moderate,visual,systems analyst,onsite,poor,yes,3,aws
female,tamil,bachelor's degree,software engineering,2.57,2,2,2.57,Frontend Developer,"JavaScript, Tailwind CSS, HTML, TypeScript",excellent,visual,security engineer,onsite,average,yes,10,google
male,"tamil, english",bachelor's degree,computer science,4.0,2,1,2.91,Backend Developer,"Node.js, Spring Boot, Microservices, SQL",low,auditory,data scientist,onsite,average,yes,10,aws
male,"english, sinhala",bachelor's degree,data science,2.8,2,2,2.39,Web Developer,"HTML, Bootstrap, CSS, PHP",low,auditory,systems analyst,remote,poor,yes,0,none
male,"sinhala, tamil",bachelor's degree,information technology,2.52,1,2,3.89,Mobile App Developer,"Java, Firebase, REST API, Flutter",low,auditory,software engineer,onsite,average,no,11,aws
female,"english, sinhala",bachelor's degree,cyber security,3.82,2,1,3.52,Data Scientist,"Machine Learning, Tableau, Python, NumPy",moderate,kinesthetic,software engineer,remote,average,no,2,azure
female,"tamil, english",bachelor's degree,data science,3.34,1,1,2.94,Data Analyst,"Python, Data Visualization, Statistics, SQL",low,visual,devops engineer,hybrid,poor,no,0,cisco
male,"tamil, english",bachelor's degree,data science,2.52,4,2,3.39,Machine Learning Engineer,"Pandas, Python, TensorFlow, NumPy",excellent,visual,data scientist,onsite,excellent,no,10,cisco
male,"english, sinhala, tamil",bachelor's degree,software engineering,2.51,2,1,2.25,AI Engineer,"NLP, TensorFlow, Python, Data Processing",excellent,kinesthetic,security engineer,onsite,average,yes,6,google
male,tamil,bachelor's degree,data science,4.0,3,2,3.99,BI Developer,"Power BI, DAX, SQL, Excel",low,visual,qa engineer,onsite,poor,yes,1,cisco
male,sinhala,bachelor's degree,software engineering,3.53,2,2,3.17,DevOps Engineer,"Kubernetes, Docker, Linux, AWS",low,auditory,qa engineer,onsite,average,yes,6,aws
male,sinhala,bachelor's degree,software engineering,2.24,1,1,3.43,Cloud Engineer,"AWS, Docker, Kubernetes, GCP",excellent,auditory,software engineer,hybrid,average,no,4,google
male,sinhala,bachelor's degree,information technology,4.0,1,2,3.66,Cloud Architect,"Networking, IaC, AWS/Azure Design, Security",moderate,kinesthetic,qa engineer,onsite,poor,no,2,google
male,tamil,bachelor's degree,software engineering,3.1,4,1,3.1,Cybersecurity Analyst,"Risk Analysis, Networking, Firewalls, Python",moderate,auditory,qa engineer,hybrid,poor,yes,5,none
male,"sinhala, tamil",bachelor's degree,software engineering,2.69,4,1,3.78,Ethical Hacker,"Kali Linux, Burp Suite, Nmap, Metasploit",low,kinesthetic,systems analyst,onsite,poor,no,1,google
female,"english, sinhala, tamil",bachelor's degree,software engineering,3.37,3,1,2.91,Security Engineer,"Linux, Firewalls, Encryption, IAM",excellent,visual,software engineer,onsite,average,yes,8,azure
male,"english, sinhala, tamil",bachelor's degree,cyber security,3.2,4,2,3.61,Information Security Analyst,"SIEM, Risk Assessment, Incident Response, Networking",moderate,kinesthetic,qa engineer,hybrid,poor,no,1,aws
male,tamil,bachelor's degree,information technology,3.29,4,2,2.79,Network Engineer,"Routing, Firewalls, TCP/IP, Switching",low,kinesthetic,systems analyst,hybrid,excellent,yes,8,none
female,sinhala,bachelor's degree,data science,2.46,2,2,3.05,System Administrator,"Linux, Networking, Active Directory, Virtualization",low,visual,devops engineer,onsite,average,no,6,azure
male,"english, sinhala, tamil",bachelor's degree,software engineering,3.8,1,2,3.73,IT Support Engineer,"Hardware, Troubleshooting, Networking, Windows",excellent,auditory,qa engineer,remote,excellent,no,8,azure
female,"english, sinhala",bachelor's degree,software engineering,2.65,2,1,2.6,Hardware Engineer,"Circuit Design, Arduino, Microcontrollers, Electronics",excellent,auditory,software engineer,onsite,excellent,no,3,none
male,english,bachelor's degree,computer science,2.16,4,2,2.26,QA Engineer,"Jira, Selenium, Test Cases, SQL",excellent,auditory,devops engineer,onsite,poor,no,4,none
male,"english, sinhala",bachelor's degree,information technology,3.69,2,2,2.84,Software Tester,"Bug Tracking, Selenium, Agile, SQL",moderate,auditory,data scientist,hybrid,poor,no,7,cisco
female,"sinhala, tamil",bachelor's degree,computer science,2.31,2,1,2.88,Automation Test Engineer,"Java, Selenium, CI/CD, TestNG",low,kinesthetic,data scientist,hybrid,excellent,no,7,google
male,sinhala,bachelor's degree,data science,3.71,1,2,2.52,UI Designer,"Photoshop, Color Theory, Prototyping, UI Principles",low,visual,qa engineer,onsite,poor,no,7,cisco
male,sinhala,bachelor's degree,cyber security,3.44,1,2,2.26,UX Designer,"Wireframing, User Research, Psychology, UX Testing",low,auditory,devops engineer,remote,excellent,yes,12,none
male,"sinhala, tamil",bachelor's degree,software engineering,2.5,4,2,2.2,Product Designer,"Prototyping, User Flow, UI Design, UX Research",moderate,kinesthetic,devops engineer,remote,average,yes,7,azure
male,tamil,bachelor's degree,information technology,2.58,2,1,2.41,Blockchain Developer,"Web3.js, Node.js, Smart Contracts, Solidity",excellent,auditory,systems analyst,onsite,excellent,no,10,google
female,sinhala,bachelor's degree,computer science,3.64,3,1,3.72,IoT Engineer,"Sensors, Cloud Integration, C/C++, MQTT",low,visual,software engineer,onsite,excellent,no,11,google
male,english,bachelor's degree,data science,3.19,4,2,2.29,Embedded Systems Engineer,"RTOS, Electronics, PCB Design, IoT",moderate,visual,security engineer,hybrid,excellent,no,12,aws
male,"sinhala, tamil",bachelor's degree,data science,3.29,4,1,3.54,AR/VR Developer,"Blender, Unity, Unreal Engine, 3D Modeling",moderate,visual,data scientist,hybrid,poor,no,4,none
female,english,bachelor's degree,information technology,3.52,2,1,3.92,SEO Specialist,"Content Strategy, SEO Tools, Google Analytics, Backlinks",excellent,auditory,security engineer,hybrid,excellent,no,0,cisco
male,english,bachelor's degree,information technology,3.34,2,2,2.64,IT Support Specialist,"Troubleshooting, Networking, Hardware, Active Directory",moderate,visual,security engineer,remote,average,no,2,none
male,"tamil, english",bachelor's degree,information technology,2.65,1,2,3.74,Software Engineer,"SQL, Java, OOP, Spring Boot",excellent,kinesthetic,qa engineer,hybrid,poor,yes,4,google
female,english,bachelor's degree,cyber security,3.29,2,2,2.71,Full Stack Developer,"React, REST API, Express, JavaScript",low,auditory,data scientist,onsite,average,no,8,aws
female,"sinhala, tamil",bachelor's degree,software engineering,2.34,3,1,3.4,Frontend Developer,"React, TypeScript, Tailwind CSS, JavaScript",moderate,kinesthetic,security engineer,hybrid,average,no,7,google
female,"english, sinhala, tamil",bachelor's degree,information technology,2.23,2,2,3.14,Backend Developer,"Spring Boot, Java, REST API, Node.js",low,kinesthetic,software engineer,hybrid,average,no,10,none
female,"english, sinhala, tamil",bachelor's degree,data science,2.88,1,2,3.84,Web Developer,"PHP, Bootstrap, JavaScript, HTML",moderate,kinesthetic,qa engineer,onsite,poor,no,10,google
female,english,bachelor's degree,software engineering,2.32,4,2,2.9,Mobile App Developer,"Flutter, REST API, Java, Kotlin",moderate,visual,qa engineer,hybrid,poor,yes,4,aws
female,sinhala,bachelor's degree,cyber security,3.48,2,1,2.75,Data Scientist,"SQL, NumPy, Pandas, Tableau",excellent,visual,software engineer,onsite,excellent,yes,9,none
male,"tamil, english",bachelor's degree,cyber security,2.51,1,2,2.44,Data Analyst,"Statistics, Python, Power BI, SQL",moderate,kinesthetic,systems analyst,remote,poor,no,7,none
male,"english, sinhala, tamil",bachelor's degree,computer science,3.01,3,1,3.29,Machine Learning Engineer,"Deep Learning, NumPy, Scikit-learn, Python",moderate,visual,software engineer,onsite,excellent,yes,12,google
female,"sinhala, tamil",bachelor's degree,information technology,2.95,2,2,3.68,AI Engineer,"Data Processing, TensorFlow, LLMs, Python",excellent,kinesthetic,qa engineer,hybrid,excellent,yes,11,aws
male,"sinhala, tamil",bachelor's degree,information technology,2.54,3,1,2.49,BI Developer,"Tableau, SQL, Excel, Power BI",low,kinesthetic,devops engineer,remote,poor,no,5,aws
female,"tamil, english",bachelor's degree,data science,3.15,4,2,2.34,DevOps Engineer,"Docker, AWS, CI/CD, Kubernetes",excellent,visual,devops engineer,hybrid,poor,yes,8,aws
female,sinhala,bachelor's degree,cyber security,3.17,2,2,2.91,Cloud Engineer,"Azure, GCP, Kubernetes, AWS",excellent,visual,software engineer,onsite,excellent,no,11,none
male,english,bachelor's degree,software engineering,2.74,4,2,3.07,Cloud Architect,"Networking, Scalability, AWS/Azure Design, Security",moderate,visual,qa engineer,onsite,average,no,4,google
female,sinhala,bachelor's degree,computer science,2.6,1,1,3.57,Cybersecurity Analyst,"Linux, Networking, Python, SIEM",moderate,visual,data scientist,onsite,average,yes,6,google
female,"english, sinhala, tamil",bachelor's degree,software engineering,2.44,1,1,3.58,Ethical Hacker,"Kali Linux, Burp Suite, Wireshark, Metasploit",low,visual,systems analyst,hybrid,poor,no,11,google
male,english,bachelor's degree,cyber security,2.82,3,1,3.82,Security Engineer,"Encryption, SIEM, Cloud Security, Firewalls",moderate,kinesthetic,qa engineer,hybrid,excellent,no,12,aws
female,"sinhala, tamil",bachelor's degree,computer science,3.17,4,2,2.49,Information Security Analyst,"Compliance, Incident Response, Risk Assessment, Networking",moderate,visual,security engineer,onsite,average,no,2,none
female,"sinhala, tamil",bachelor's degree,software engineering,4.0,2,1,3.68,Network Engineer,"Switching, TCP/IP, Cisco, Firewalls",moderate,visual,data scientist,onsite,average,yes,0,none
female,sinhala,bachelor's degree,computer science,2.63,3,2,2.68,System Administrator,"Virtualization, Bash, Linux, Active Directory",low,visual,systems analyst,onsite,excellent,yes,2,google
male,"sinhala, tamil",bachelor's degree,information technology,3.35,3,1,2.65,IT Support Engineer,"Networking, Troubleshooting, Active Directory, Windows",excellent,auditory,qa engineer,remote,excellent,yes,9,azure
female,"english, sinhala",bachelor's degree,information technology,2.94,3,2,2.59,Hardware Engineer,"PCB Design, Embedded C, Arduino, Circuit Design",excellent,kinesthetic,qa engineer,remote,average,no,9,azure
male,"english, sinhala, tamil",bachelor's degree,information technology,3.45,3,1,3.16,QA Engineer,"Manual Testing, Jira, Selenium, API Testing",excellent,visual,qa engineer,hybrid,poor,yes,4,google
male,"tamil, english",bachelor's degree,software engineering,2.53,2,2,3.23,Software Tester,"Selenium, Bug Tracking, SQL, Agile",excellent,kinesthetic,systems analyst,onsite,excellent,no,7,none
female,tamil,bachelor's degree,software engineering,3.34,3,1,2.22,Automation Test Engineer,"Python, CI/CD, Cypress, TestNG",excellent,auditory,devops engineer,onsite,average,no,7,cisco
male,"english, sinhala, tamil",bachelor's degree,software engineering,2.54,1,1,3.04,UI Designer,"UI Principles, Figma, Prototyping, Photoshop",low,visual,data scientist,hybrid,poor,yes,9,cisco
female,"english, sinhala, tamil",bachelor's degree,computer science,3.07,1,2,2.35,UX Designer,"Figma, User Research, Wireframing, UX Testing",excellent,auditory,data scientist,hybrid,poor,no,7,aws
male,"tamil, english",bachelor's degree,data science,3.2,2,2,2.59,Product Designer,"Figma, UX Research, UI Design, Prototyping",excellent,kinesthetic,security engineer,hybrid,excellent,no,4,none
female,english,bachelor's degree,cyber security,2.58,1,2,2.3,Blockchain Developer,"Ethereum, Cryptography, Solidity, Web3.js",low,visual,qa engineer,hybrid,poor,no,9,google
male,tamil,bachelor's degree,information technology,3.16,4,2,3.12,IoT Engineer,"C/C++, Raspberry Pi, Arduino, Sensors",excellent,kinesthetic,systems analyst,hybrid,average,yes,1,google
male,"english, sinhala, tamil",bachelor's degree,information technology,3.14,1,2,2.35,Embedded Systems Engineer,"Microcontrollers, IoT, PCB Design, Electronics",low,kinesthetic,devops engineer,hybrid,average,no,4,azure
female,"english, sinhala, tamil",bachelor's degree,cyber security,2.77,4,2,2.98,AR/VR Developer,"Unreal Engine, Unity, Blender, C#",low,auditory,data scientist,hybrid,poor,yes,0,azure
male,"tamil, english",bachelor's degree,software engineering,3.11,4,2,2.64,SEO Specialist,"Google Analytics, HTML, Content Strategy, Backlinks",moderate,visual,security engineer,hybrid,poor,no,11,azure
female,"tamil, english",bachelor's degree,software engineering,3.7,2,2,3.64,IT Support Specialist,"Networking, Ticketing Systems, Active Directory, Windows",low,kinesthetic,security engineer,hybrid,poor,no,12,google
male,"sinhala, tamil",bachelor's degree,cyber security,3.12,3,1,3.75,Software Engineer,"Java, Spring Boot, OOP, Python",excellent,auditory,data scientist,onsite,poor,yes,4,aws
female,tamil,bachelor's degree,information technology,2.46,4,1,3.46,Full Stack Developer,"REST API, React, Express, JavaScript",moderate,visual,devops engineer,hybrid,average,no,4,none
female,"tamil, english",bachelor's degree,cyber security,2.49,1,2,3.72,Frontend Developer,"TypeScript, Tailwind CSS, JavaScript, React",low,auditory,data scientist,onsite,average,yes,10,azure
female,english,bachelor's degree,software engineering,3.71,1,1,3.85,Backend Developer,"REST API, Spring Boot, Node.js, Java",excellent,kinesthetic,software engineer,hybrid,average,yes,4,azure
male,english,bachelor's degree,information technology,3.64,2,1,2.24,Web Developer,"HTML, Bootstrap, JavaScript, CSS",excellent,visual,devops engineer,onsite,poor,yes,4,azure
male,"english, sinhala",bachelor's degree,cyber security,3.32,1,2,3.72,Mobile App Developer,"Kotlin, Swift, REST API, Java",moderate,auditory,devops engineer,remote,excellent,yes,10,azure
male,tamil,bachelor's degree,computer science,2.09,4,1,2.71,Data Scientist,"Pandas, NumPy, Machine Learning, SQL",moderate,visual,software engineer,remote,average,yes,3,cisco
female,"tamil, english",bachelor's degree,data science,3.12,2,1,3.11,Data Analyst,"Data Visualization, SQL, Excel, Power BI",low,auditory,qa engineer,remote,poor,yes,2,none
female,"english, sinhala, tamil",bachelor's degree,software engineering,2.89,3,1,3.71,Machine Learning Engineer,"Scikit-learn, Python, NumPy, Deep Learning",low,auditory,devops engineer,hybrid,average,no,12,cisco
female,"english, sinhala, tamil",bachelor's degree,data science,2.47,1,1,2.65,AI Engineer,"PyTorch, Data Processing, NLP, TensorFlow",excellent,visual,security engineer,hybrid,poor,no,6,aws
male,tamil,bachelor's degree,data science,3.31,1,1,2.86,BI Developer,"ETL Tools, Tableau, Excel, Power BI",low,auditory,systems analyst,remote,excellent,no,8,none
male,"tamil, english",bachelor's degree,data science,3.0,4,2,2.75,DevOps Engineer,"Docker, Jenkins, Linux, CI/CD",moderate,visual,devops engineer,onsite,poor,no,12,azure
male,"sinhala, tamil",bachelor's degree,computer science,3.53,3,2,3.81,Cloud Engineer,"Kubernetes, AWS, GCP, Terraform",low,kinesthetic,security engineer,onsite,average,yes,2,google
female,"english, sinhala",bachelor's degree,cyber security,3.52,3,1,3.33,Cloud Architect,"Microservices, IaC, Scalability, Security",moderate,visual,devops engineer,hybrid,poor,no,10,google
male,"english, sinhala",bachelor's degree,computer science,3.36,3,1,2.73,Cybersecurity Analyst,"Firewalls, Linux, Python, SIEM",excellent,auditory,data scientist,remote,poor,yes,8,azure
male,english,bachelor's degree,software engineering,2.78,3,1,3.69,Ethical Hacker,"Kali Linux, Burp Suite, Wireshark, Nmap",excellent,visual,devops engineer,remote,excellent,no,2,google
female,sinhala,bachelor's degree,software engineering,2.49,4,1,2.75,Security Engineer,"Linux, Cloud Security, SIEM, Firewalls",moderate,visual,qa engineer,hybrid,poor,no,8,cisco
male,"english, sinhala, tamil",bachelor's degree,information technology,2.82,4,2,2.49,Information Security Analyst,"Risk Assessment, Networking, Compliance, SOC Tools",low,kinesthetic,systems analyst,remote,excellent,no,0,none
male,"english, sinhala, tamil",bachelor's degree,information technology,3.65,2,1,2.58,Network Engineer,"VPN, TCP/IP, Firewalls, Routing",low,auditory,qa engineer,onsite,average,no,3,azure
female,"sinhala, tamil",bachelor's degree,software engineering,2.88,2,2,2.74,System Administrator,"Windows Server, Virtualization, Networking, Bash",moderate,auditory,devops engineer,onsite,average,no,9,google
female,"tamil, english",bachelor's degree,computer science,2.53,2,2,2.6,IT Support Engineer,"Hardware, Ticketing Tools, Networking, Active Directory",moderate,kinesthetic,systems analyst,remote,average,no,1,google
female,english,bachelor's degree,cyber security,3.4,2,2,2.35,Hardware Engineer,"PCB Design, Embedded C, Arduino, Electronics",excellent,kinesthetic,data scientist,onsite,average,no,11,aws
male,english,bachelor's degree,software engineering,3.58,3,2,3.48,QA Engineer,"SQL, Manual Testing, Selenium, API Testing",excellent,auditory,software engineer,hybrid,excellent,no,7,none
female,sinhala,bachelor's degree,information technology,3.0,1,2,3.26,Software Tester,"Bug Tracking, Agile, Manual Testing, SQL",moderate,visual,devops engineer,remote,excellent,yes,10,azure
male,"tamil, english",bachelor's degree,computer science,2.81,3,2,3.55,Automation Test Engineer,"TestNG, Java, Python, CI/CD",low,kinesthetic,software engineer,remote,average,no,4,none
female,"sinhala, tamil",bachelor's degree,software engineering,2.51,2,2,3.53,UI Designer,"Color Theory, Figma, Adobe XD, UI Principles",excellent,kinesthetic,devops engineer,hybrid,poor,yes,2,google
male,"sinhala, tamil",bachelor's degree,software engineering,2.36,3,1,3.78,UX Designer,"UX Testing, Psychology, User Research, Wireframing",moderate,kinesthetic,devops engineer,onsite,average,yes,6,google
male,"english, sinhala, tamil",bachelor's degree,information technology,3.35,2,1,2.91,Product Designer,"UX Research, User Flow, UI Design, Design Systems",low,auditory,qa engineer,onsite,poor,yes,1,aws
female,sinhala,bachelor's degree,computer science,3.39,3,2,2.27,Blockchain Developer,"Solidity, Cryptography, Web3.js, Node.js",excellent,visual,qa engineer,remote,average,no,0,aws
male,tamil,bachelor's degree,software engineering,3.58,2,2,3.84,IoT Engineer,"Cloud Integration, MQTT, Sensors, C/C++",low,visual,qa engineer,hybrid,poor,yes,4,aws
male,"english, sinhala",bachelor's degree,information technology,2.49,2,2,3.16,Embedded Systems Engineer,"PCB Design, Electronics, C/C++, RTOS",excellent,visual,devops engineer,remote,poor,no,5,google
male,"sinhala, tamil",bachelor's degree,software engineering,3.75,4,1,2.71,AR/VR Developer,"XR SDKs, Unreal Engine, Blender, Unity",moderate,visual,security engineer,onsite,average,no,0,azure
male,"tamil, english",bachelor's degree,software engineering,3.17,4,1,2.94,SEO Specialist,"SEO Tools, Content Strategy, Keyword Research, Backlinks",low,auditory,qa engineer,onsite,average,yes,1,google
male,english,bachelor's degree,computer science,2.94,2,1,2.39,IT Support Specialist,"Hardware, Active Directory, Troubleshooting, Networking",excellent,kinesthetic,devops engineer,onsite,excellent,no,1,aws
female,tamil,bachelor's degree,cyber security,2.86,4,1,3.7,Software Engineer,"Spring Boot, Python, Java, SQL",moderate,auditory,security engineer,onsite,excellent,no,2,cisco
male,tamil,bachelor's degree,data science,3.01,3,1,3.56,Full Stack Developer,"MongoDB, Express, JavaScript, REST API",excellent,visual,systems analyst,hybrid,average,yes,6,none
male,"sinhala, tamil",bachelor's degree,data science,3.68,2,2,2.77,Frontend Developer,"JavaScript, TypeScript, CSS, HTML",excellent,visual,systems analyst,remote,poor,yes,1,azure
female,"english, sinhala",bachelor's degree,cyber security,2.78,1,2,3.31,Backend Developer,"SQL, Spring Boot, REST API, Java",low,kinesthetic,qa engineer,onsite,excellent,yes,7,cisco
female,"english, sinhala",bachelor's degree,cyber security,3.4,4,2,3.97,Web Developer,"MySQL, CSS, HTML, Bootstrap",excellent,auditory,systems analyst,hybrid,excellent,yes,4,google
female,"english, sinhala, tamil",bachelor's degree,information technology,3.67,4,1,3.93,Mobile App Developer,"Java, Swift, Kotlin, REST API",excellent,visual,systems analyst,onsite,average,no,5,aws
female,"english, sinhala",bachelor's degree,information technology,4.0,2,1,2.39,Data Scientist,"Tableau, Machine Learning, Python, Pandas",moderate,auditory,security engineer,onsite,poor,no,0,none
male,sinhala,bachelor's degree,information technology,3.98,3,1,3.24,Data Analyst,"Python, Data Visualization, SQL, Power BI",low,visual,data scientist,remote,excellent,no,5,google
male,"english, sinhala",bachelor's degree,cyber security,3.23,4,1,3.27,Machine Learning Engineer,"Scikit-learn, Pandas, Python, Deep Learning",excellent,visual,devops engineer,hybrid,average,yes,9,cisco
male,tamil,bachelor's degree,information technology,3.87,4,2,2.77,AI Engineer,"TensorFlow, Data Processing, LLMs, NLP",excellent,auditory,qa engineer,remote,average,no,10,none
female,tamil,bachelor's degree,software engineering,3.51,1,1,2.77,BI Developer,"Excel, ETL Tools, DAX, Power BI",moderate,kinesthetic,data scientist,remote,average,no,9,none
female,english,bachelor's degree,computer science,3.61,1,1,3.65,DevOps Engineer,"CI/CD, Jenkins, Docker, AWS",low,kinesthetic,systems analyst,onsite,average,no,12,google
female,tamil,bachelor's degree,cyber security,4.0,1,1,3.13,Cloud Engineer,"AWS, Kubernetes, Terraform, Azure",low,kinesthetic,data scientist,remote,average,no,6,none
female,"english, sinhala",bachelor's degree,data science,3.28,1,1,2.94,Cloud Architect,"IaC, Microservices, Networking, AWS/Azure Design",excellent,kinesthetic,software engineer,remote,average,no,7,google
female,tamil,bachelor's degree,computer science,3.31,4,1,3.27,Cybersecurity Analyst,"Networking, Python, Firewalls, Risk Analysis",excellent,kinesthetic,software engineer,remote,excellent,no,4,google
female,"english, sinhala, tamil",bachelor's degree,information technology,2.82,1,1,3.6,Ethical Hacker,"Wireshark, Kali Linux, Python, Metasploit",low,kinesthetic,security engineer,hybrid,poor,no,3,azure
male,tamil,bachelor's degree,cyber security,3.69,3,1,3.21,Security Engineer,"Linux, IAM, Encryption, Cloud Security",low,kinesthetic,qa engineer,remote,excellent,no,9,cisco
female,"english, sinhala",bachelor's degree,software engineering,3.55,1,1,2.44,Information Security Analyst,"Incident Response, Networking, SOC Tools, Compliance",excellent,kinesthetic,software engineer,remote,poor,no,8,cisco
male,english,bachelor's degree,software engineering,2.46,3,1,3.89,Network Engineer,"Switching, Firewalls, Cisco, Routing",low,visual,systems analyst,remote,average,yes,1,none
female,"sinhala, tamil",bachelor's degree,computer science,2.0,2,1,2.67,System Administrator,"Windows Server, Bash, Active Directory, Linux",excellent,auditory,systems analyst,onsite,average,yes,3,azure
female,tamil,bachelor's degree,information technology,3.16,4,1,3.82,IT Support Engineer,"Troubleshooting, Ticketing Tools, Hardware, Networking",moderate,kinesthetic,qa engineer,remote,average,yes,3,google
male,"sinhala, tamil",bachelor's degree,information technology,3.48,3,2,2.62,Hardware Engineer,"Electronics, Circuit Design, Microcontrollers, Embedded C",moderate,auditory,systems analyst,remote,excellent,yes,1,none
male,"english, sinhala",bachelor's degree,cyber security,2.8,4,2,2.25,QA Engineer,"API Testing, Test Cases, Jira, SQL",moderate,auditory,security engineer,hybrid,excellent,no,8,azure
female,"tamil, english",bachelor's degree,information technology,2.96,4,1,2.27,Software Tester,"Selenium, Bug Tracking, Agile, Test Plans",excellent,visual,systems analyst,remote,poor,no,6,aws
male,"english, sinhala",bachelor's degree,cyber security,2.7,4,2,3.1,Automation Test Engineer,"Selenium, Python, CI/CD, TestNG",excellent,kinesthetic,devops engineer,hybrid,poor,yes,4,cisco
female,"tamil, english",bachelor's degree,computer science,2.81,3,1,2.43,UI Designer,"Figma, Color Theory, Photoshop, Prototyping",excellent,kinesthetic,data scientist,remote,average,yes,11,azure
male,"sinhala, tamil",bachelor's degree,data science,4.0,2,1,2.81,UX Designer,"User Research, Figma, Psychology, UX Testing",excellent,auditory,qa engineer,remote,average,no,11,aws
female,english,bachelor's degree,information technology,2.52,2,2,3.46,Product Designer,"Prototyping, Figma, UX Research, User Flow",low,kinesthetic,qa engineer,remote,excellent,yes,0,aws
male,"sinhala, tamil",bachelor's degree,software engineering,4.0,3,2,3.78,Blockchain Developer,"Node.js, Smart Contracts, Ethereum, Solidity",moderate,visual,software engineer,onsite,excellent,no,11,none
female,english,bachelor's degree,computer science,3.62,3,1,3.82,IoT Engineer,"Cloud Integration, Arduino, Sensors, C/C++",low,auditory,qa engineer,hybrid,average,no,5,cisco
male,tamil,bachelor's degree,computer science,3.14,3,1,2.94,Embedded Systems Engineer,"Microcontrollers, RTOS, C/C++, PCB Design",moderate,visual,qa engineer,remote,excellent,no,10,aws
male,"english, sinhala",bachelor's degree,cyber security,2.96,1,2,2.97,AR/VR Developer,"Unity, C#, Unreal Engine, Blender",moderate,auditory,devops engineer,remote,poor,no,2,cisco
male,"tamil, english",bachelor's degree,data science,3.2,1,2,3.37,SEO Specialist,"HTML, SEO Tools, Google Analytics, Keyword Research",moderate,visual,security engineer,hybrid,excellent,no,8,cisco
male,"tamil, english",bachelor's degree,computer science,2.64,3,1,3.39,IT Support Specialist,"Hardware, Active Directory, Troubleshooting, Windows",excellent,kinesthetic,systems analyst,remote,average,no,9,google
male,tamil,bachelor's degree,cyber security,2.55,1,1,2.47,Software Engineer,"OOP, Spring Boot, SQL, Git",low,visual,data scientist,remote,average,no,2,azure
male,"tamil, english",bachelor's degree,data science,4.0,4,1,2.44,Full Stack Developer,"MongoDB, React, Express, REST API",low,kinesthetic,systems analyst,remote,average,yes,10,none
female,"english, sinhala, tamil",bachelor's degree,software engineering,3.11,1,2,2.58,Frontend Developer,"Tailwind CSS, TypeScript, JavaScript, HTML",moderate,auditory,security engineer,remote,excellent,yes,11,google
male,"english, sinhala, tamil",bachelor's degree,cyber security,3.4,2,1,2.22,Backend Developer,"REST API, Java, Node.js, Microservices",excellent,auditory,software engineer,hybrid,excellent,yes,2,none
male,tamil,bachelor's degree,software engineering,3.14,3,1,2.92,Web Developer,"CSS, JavaScript, Bootstrap, PHP",moderate,auditory,systems analyst,onsite,poor,yes,3,none
female,english,bachelor's degree,data science,3.23,3,2,2.45,Mobile App Developer,"REST API, Firebase, Flutter, Kotlin",low,visual,software engineer,onsite,average,yes,12,none
female,sinhala,bachelor's degree,data science,2.45,2,2,3.11,Data Scientist,"Python, SQL, Machine Learning, Pandas",moderate,auditory,software engineer,remote,excellent,yes,8,aws
male,sinhala,bachelor's degree,software engineering,3.76,1,2,2.93,Data Analyst,"Excel, Power BI, Statistics, Data Visualization",low,visual,systems analyst,remote,poor,no,4,aws
male,"english, sinhala",bachelor's degree,software engineering,3.69,2,1,2.88,Machine Learning Engineer,"Pandas, NumPy, Scikit-learn, Python",moderate,kinesthetic,security engineer,remote,average,yes,8,aws
female,english,bachelor's degree,data science,2.83,4,2,2.48,AI Engineer,"TensorFlow, Data Processing, NLP, LLMs",low,kinesthetic,qa engineer,remote,excellent,no,11,google
female,"english, sinhala, tamil",bachelor's degree,software engineering,3.4,4,1,3.47,BI Developer,"DAX, SQL, Tableau, Excel",excellent,auditory,security engineer,onsite,excellent,yes,11,azure
male,english,bachelor's degree,cyber security,3.19,3,2,3.58,DevOps Engineer,"AWS, CI/CD, Jenkins, Docker",moderate,auditory,data scientist,hybrid,excellent,no,12,aws
female,"english, sinhala",bachelor's degree,data science,2.71,1,1,2.43,Cloud Engineer,"Terraform, GCP, AWS, Kubernetes",moderate,auditory,data scientist,remote,excellent,yes,2,azure
male,sinhala,bachelor's degree,software engineering,3.13,2,1,2.64,Cloud Architect,"Networking, AWS/Azure Design, Microservices, Scalability",excellent,visual,devops engineer,onsite,average,yes,2,cisco
male,sinhala,bachelor's degree,computer science,3.24,3,1,3.27,Cybersecurity Analyst,"SIEM, Risk Analysis, Firewalls, Python",moderate,kinesthetic,security engineer,remote,poor,no,2,azure
male,sinhala,bachelor's degree,computer science,2.99,3,1,2.37,Ethical Hacker,"Metasploit, Kali Linux, Nmap, Python",low,kinesthetic,security engineer,onsite,excellent,no,9,aws
male,"english, sinhala",bachelor's degree,data science,2.9,4,2,3.38,Security Engineer,"Firewalls, SIEM, Encryption, IAM",excellent,kinesthetic,data scientist,remote,poor,no,5,azure
male,english,bachelor's degree,information technology,3.93,1,2,3.08,Information Security Analyst,"Risk Assessment, SOC Tools, Compliance, SIEM",moderate,kinesthetic,devops engineer,onsite,excellent,no,4,aws
male,sinhala,bachelor's degree,information technology,3.28,1,1,3.42,Network Engineer,"Switching, Firewalls, Routing, Cisco",low,kinesthetic,software engineer,onsite,poor,no,8,cisco
female,"tamil, english",bachelor's degree,data science,3.52,4,1,3.69,System Administrator,"Bash, Active Directory, Linux, Networking",excellent,auditory,systems analyst,hybrid,excellent,yes,0,google
female,"tamil, english",bachelor's degree,computer science,3.49,3,1,3.49,IT Support Engineer,"Ticketing Tools, Troubleshooting, Hardware, Active Directory",moderate,visual,software engineer,onsite,poor,no,0,google
female,english,bachelor's degree,information technology,3.75,1,2,3.87,Hardware Engineer,"Arduino, Circuit Design, PCB Design, Electronics",excellent,kinesthetic,devops engineer,hybrid,excellent,yes,9,none
male,"english, sinhala, tamil",bachelor's degree,data science,3.62,4,1,2.48,QA Engineer,"API Testing, Test Cases, Jira, Selenium",low,visual,systems analyst,hybrid,poor,no,0,cisco
female,tamil,bachelor's degree,software engineering,2.92,3,2,3.6,Software Tester,"Selenium, Test Plans, Bug Tracking, SQL",excellent,auditory,devops engineer,hybrid,excellent,yes,6,aws
female,sinhala,bachelor's degree,information technology,3.23,4,1,2.28,Automation Test Engineer,"TestNG, Java, CI/CD, Python",moderate,auditory,devops engineer,hybrid,poor,yes,10,aws
female,"english, sinhala, tamil",bachelor's degree,data science,3.67,3,2,2.55,UI Designer,"Figma, Color Theory, Prototyping, UI Principles",low,visual,data scientist,remote,excellent,no,10,none
male,tamil,bachelor's degree,information technology,3.43,2,2,3.52,UX Designer,"Prototyping, User Research, Psychology, Figma",low,auditory,qa engineer,onsite,excellent,no,11,none
male,english,bachelor's degree,cyber security,2.36,1,1,3.57,Product Designer,"UI Design, Prototyping, UX Research, Figma",low,kinesthetic,security engineer,remote,average,yes,11,azure
female,tamil,bachelor's degree,data science,2.11,3,2,2.95,Blockchain Developer,"Smart Contracts, Ethereum, Node.js, Solidity",low,kinesthetic,devops engineer,hybrid,poor,yes,10,azure
male,english,bachelor's degree,software engineering,3.27,4,1,2.29,IoT Engineer,"Arduino, Sensors, MQTT, Raspberry Pi",low,visual,devops engineer,onsite,average,no,1,none
male,tamil,bachelor's degree,computer science,3.04,1,2,2.28,Embedded Systems Engineer,"Electronics, Microcontrollers, IoT, C/C++",excellent,visual,software engineer,hybrid,average,yes,2,google
male,sinhala,bachelor's degree,cyber security,3.79,3,2,2.53,AR/VR Developer,"3D Modeling, Blender, Unity, C#",moderate,visual,data scientist,remote,excellent,yes,8,none
female,tamil,bachelor's degree,cyber security,2.66,2,1,3.87,SEO Specialist,"Backlinks, Content Strategy, Keyword Research, HTML",low,auditory,data scientist,remote,average,yes,2,none
female,sinhala,bachelor's degree,data science,3.92,2,1,3.31,IT Support Specialist,"Troubleshooting, Networking, Hardware, Windows",excellent,visual,devops engineer,hybrid,excellent,no,2,none
female,english,bachelor's degree,data science,3.2,4,1,2.21,Software Engineer,"OOP, Java, Python, SQL",excellent,visual,security engineer,onsite,excellent,no,4,azure
male,english,bachelor's degree,data science,2.75,3,2,2.42,Full Stack Developer,"Node.js, REST API, React, JavaScript",low,kinesthetic,software engineer,hybrid,poor,yes,3,aws
male,tamil,bachelor's degree,cyber security,2.79,4,1,3.92,Frontend Developer,"CSS, JavaScript, Tailwind CSS, TypeScript",moderate,visual,security engineer,hybrid,excellent,yes,4,aws
male,"sinhala, tamil",bachelor's degree,cyber security,2.1,2,2,3.77,Backend Developer,"Node.js, Java, SQL, Microservices",low,kinesthetic,devops engineer,remote,excellent,yes,12,aws
female,"tamil, english",bachelor's degree,computer science,3.71,2,1,2.94,Web Developer,"MySQL, JavaScript, HTML, Bootstrap",excellent,auditory,devops engineer,onsite,excellent,no,0,cisco
male,english,bachelor's degree,cyber security,2.47,2,1,3.92,Mobile App Developer,"Kotlin, Java, Flutter, REST API",moderate,kinesthetic,data scientist,remote,excellent,yes,1,aws
male,"english, sinhala, tamil",bachelor's degree,information technology,2.43,4,1,3.87,Data Scientist,"Tableau, Machine Learning, SQL, Python",low,visual,systems analyst,hybrid,poor,no,8,google
male,"english, sinhala",bachelor's degree,cyber security,3.21,4,1,2.21,Data Analyst,"Excel, Statistics, Power BI, SQL",excellent,visual,devops engineer,onsite,excellent,yes,2,none
male,"sinhala, tamil",bachelor's degree,cyber security,2.07,1,2,3.07,Machine Learning Engineer,"NumPy, Pandas, TensorFlow, Python",excellent,visual,devops engineer,hybrid,excellent,yes,9,cisco
female,"english, sinhala, tamil",bachelor's degree,information technology,3.77,2,2,3.66,AI Engineer,"Python, PyTorch, LLMs, TensorFlow",excellent,auditory,security engineer,onsite,poor,no,11,cisco
female,"sinhala, tamil",bachelor's degree,data science,3.8,4,1,2.7,BI Developer,"DAX, Excel, ETL Tools, Power BI",moderate,auditory,qa engineer,remote,excellent,no,9,google
male,"english, sinhala, tamil",bachelor's degree,computer science,3.74,1,2,2.26,DevOps Engineer,"Kubernetes, CI/CD, Linux, Docker",excellent,kinesthetic,systems analyst,onsite,poor,yes,2,cisco
female,"tamil, english",bachelor's degree,information technology,3.05,2,2,3.79,Cloud Engineer,"Kubernetes, Azure, AWS, GCP",excellent,kinesthetic,devops engineer,remote,poor,no,9,google
female,"english, sinhala",bachelor's degree,data science,3.36,4,1,2.83,Cloud Architect,"IaC, Scalability, AWS/Azure Design, Microservices",moderate,visual,security engineer,remote,excellent,no,6,cisco
male,"english, sinhala",bachelor's degree,data science,2.25,3,2,3.93,Cybersecurity Analyst,"Python, Firewalls, SIEM, Networking",moderate,auditory,devops engineer,hybrid,average,yes,10,none
female,"english, sinhala",bachelor's degree,data science,3.37,1,2,3.34,Ethical Hacker,"Metasploit, Kali Linux, Burp Suite, Python",moderate,visual,security engineer,hybrid,poor,yes,8,aws
male,"sinhala, tamil",bachelor's degree,software engineering,3.93,1,1,2.63,Security Engineer,"Firewalls, Encryption, Linux, Cloud Security",low,auditory,security engineer,onsite,excellent,no,7,cisco
male,sinhala,bachelor's degree,software engineering,3.16,2,2,2.79,Information Security Analyst,"SOC Tools, Risk Assessment, Networking, Incident Response",low,visual,systems analyst,remote,poor,yes,1,google
female,tamil,bachelor's degree,cyber security,2.9,1,2,2.89,Network Engineer,"VPN, Firewalls, TCP/IP, Routing",moderate,kinesthetic,qa engineer,remote,poor,no,5,aws
female,tamil,bachelor's degree,computer science,2.87,2,2,3.66,System Administrator,"Virtualization, Active Directory, Linux, Windows Server",excellent,visual,software engineer,onsite,poor,yes,0,none
female,"sinhala, tamil",bachelor's degree,computer science,2.45,2,1,3.78,IT Support Engineer,"Networking, Troubleshooting, Windows, Hardware",low,auditory,devops engineer,onsite,poor,no,11,cisco
female,"sinhala, tamil",bachelor's degree,cyber security,3.69,1,2,3.28,Hardware Engineer,"Electronics, Arduino, Microcontrollers, Circuit Design",moderate,visual,data scientist,onsite,poor,no,11,azure
male,"sinhala, tamil",bachelor's degree,information technology,4.0,1,1,2.25,QA Engineer,"Selenium, Manual Testing, Test Cases, SQL",excellent,visual,systems analyst,hybrid,poor,no,7,cisco
female,tamil,bachelor's degree,cyber security,2.95,3,2,2.82,Software Tester,"Bug Tracking, Manual Testing, Test Plans, Agile",moderate,kinesthetic,qa engineer,onsite,poor,no,9,azure
female,"sinhala, tamil",bachelor's degree,computer science,2.93,3,1,3.49,Automation Test Engineer,"Selenium, Java, TestNG, CI/CD",excellent,visual,security engineer,onsite,poor,no,12,none
female,"english, sinhala",bachelor's degree,software engineering,2.77,4,1,3.56,UI Designer,"Prototyping, Color Theory, UI Principles, Figma",low,kinesthetic,software engineer,onsite,average,yes,2,google
male,"english, sinhala, tamil",bachelor's degree,data science,3.46,1,1,3.29,UX Designer,"UX Testing, Figma, Prototyping, User Research",low,visual,systems analyst,onsite,excellent,yes,11,cisco
male,"sinhala, tamil",bachelor's degree,cyber security,3.62,2,1,3.18,Product Designer,"UX Research, Figma, UI Design, Prototyping",excellent,kinesthetic,systems analyst,hybrid,poor,no,2,cisco
male,tamil,bachelor's degree,information technology,2.48,1,2,3.79,Blockchain Developer,"Ethereum, Smart Contracts, Web3.js, Solidity",moderate,auditory,software engineer,remote,excellent,yes,12,none
male,"english, sinhala, tamil",bachelor's degree,computer science,3.53,4,2,3.38,IoT Engineer,"C/C++, Arduino, Sensors, MQTT",moderate,kinesthetic,systems analyst,remote,average,no,12,google
female,"english, sinhala, tamil",bachelor's degree,information technology,2.69,4,2,3.4,Embedded Systems Engineer,"C/C++, RTOS, IoT, PCB Design",low,auditory,software engineer,remote,poor,no,12,none
male,"tamil, english",bachelor's degree,software engineering,2.0,3,1,3.96,AR/VR Developer,"XR SDKs, C#, Blender, 3D Modeling",low,auditory,data scientist,hybrid,poor,no,3,aws
female,sinhala,bachelor's degree,software engineering,3.55,3,2,3.66,SEO Specialist,"HTML, Keyword Research, Backlinks, Google Analytics",low,auditory,systems analyst,remote,excellent,no,7,aws
female,tamil,bachelor's degree,information technology,3.0,1,1,3.62,IT Support Specialist,"Hardware, Active Directory, Ticketing Systems, Networking",moderate,visual,devops engineer,remote,excellent,yes,9,none
female,"english, sinhala",bachelor's degree,data science,3.3,4,2,3.72,Software Engineer,"Python, OOP, Java, Spring Boot",excellent,auditory,data scientist,onsite,average,yes,10,azure
male,sinhala,bachelor's degree,data science,3.76,1,2,2.53,Full Stack Developer,"JavaScript, Express, React, MongoDB",moderate,kinesthetic,security engineer,onsite,average,yes,0,google
female,"sinhala, tamil",bachelor's degree,software engineering,3.67,3,2,2.45,Frontend Developer,"CSS, Tailwind CSS, HTML, JavaScript",excellent,visual,systems analyst,hybrid,excellent,yes,8,aws
female,english,bachelor's degree,cyber security,3.32,1,2,3.76,Backend Developer,"Microservices, SQL, REST API, Node.js",low,auditory,systems analyst,hybrid,average,no,0,none
female,english,bachelor's degree,data science,2.23,4,2,3.7,Web Developer,"MySQL, HTML, CSS, Bootstrap",low,visual,qa engineer,hybrid,poor,yes,12,cisco
female,"english, sinhala, tamil",bachelor's degree,information technology,3.33,4,1,3.1,Mobile App Developer,"REST API, Swift, Firebase, Kotlin",low,visual,qa engineer,onsite,average,yes,2,azure
male,"english, sinhala, tamil",bachelor's degree,software engineering,2.77,3,2,3.11,Data Scientist,"NumPy, SQL, Machine Learning, Tableau",moderate,kinesthetic,software engineer,hybrid,poor,yes,9,azure
female,sinhala,bachelor's degree,cyber security,3.36,3,2,2.26,Data Analyst,"Excel, Python, Statistics, Data Visualization",low,visual,qa engineer,onsite,average,no,7,azure
female,"sinhala, tamil",bachelor's degree,information technology,2.7,4,1,2.3,Machine Learning Engineer,"Scikit-learn, NumPy, Pandas, TensorFlow",low,visual,qa engineer,remote,average,yes,2,azure
female,"english, sinhala, tamil",bachelor's degree,cyber security,2.64,3,1,3.14,AI Engineer,"TensorFlow, NLP, Python, PyTorch",excellent,visual,qa engineer,remote,average,no,9,cisco
female,"english, sinhala",bachelor's degree,data science,2.29,3,1,3.93,BI Developer,"Tableau, Power BI, Excel, DAX",moderate,kinesthetic,security engineer,onsite,poor,yes,2,aws
male,sinhala,bachelor's degree,software engineering,3.21,3,2,2.32,DevOps Engineer,"CI/CD, Linux, AWS, Kubernetes",excellent,auditory,systems analyst,onsite,excellent,no,11,cisco
male,english,bachelor's degree,data science,3.98,2,1,3.26,Cloud Engineer,"Azure, Docker, GCP, Terraform",excellent,auditory,systems analyst,hybrid,poor,no,8,aws
female,english,bachelor's degree,computer science,2.62,3,1,3.81,Cloud Architect,"IaC, Security, Scalability, Networking",excellent,auditory,data scientist,hybrid,poor,no,4,aws
male,"sinhala, tamil",bachelor's degree,information technology,3.23,2,2,3.13,Cybersecurity Analyst,"Linux, Firewalls, Networking, Python",low,visual,data scientist,remote,excellent,no,3,azure
female,"english, sinhala, tamil",bachelor's degree,cyber security,3.85,4,2,2.61,Ethical Hacker,"Metasploit, Nmap, Wireshark, Kali Linux",low,visual,security engineer,remote,poor,yes,4,aws
male,"english, sinhala, tamil",bachelor's degree,software engineering,3.77,2,2,3.57,Security Engineer,"IAM, Cloud Security, Linux, Encryption",low,auditory,systems analyst,onsite,poor,yes,11,none
female,"english, sinhala, tamil",bachelor's degree,cyber security,2.49,3,1,3.35,Information Security Analyst,"Networking, SOC Tools, Risk Assessment, Incident Response",moderate,visual,qa engineer,remote,excellent,yes,11,none
male,english,bachelor's degree,information technology,3.14,2,1,3.29,Network Engineer,"Firewalls, Routing, VPN, Cisco",low,kinesthetic,qa engineer,onsite,poor,yes,7,none
female,"tamil, english",bachelor's degree,data science,3.65,4,2,2.9,System Administrator,"Active Directory, Bash, Windows Server, Linux",moderate,kinesthetic,security engineer,hybrid,excellent,yes,2,cisco
female,"tamil, english",bachelor's degree,information technology,2.97,4,1,3.19,IT Support Engineer,"Active Directory, Troubleshooting, Windows, Networking",low,auditory,qa engineer,remote,excellent,yes,0,aws
female,"english, sinhala, tamil",bachelor's degree,software engineering,3.57,4,1,2.48,Hardware Engineer,"Arduino, Embedded C, Electronics, PCB Design",moderate,auditory,systems analyst,hybrid,poor,no,1,cisco
male,"english, sinhala",bachelor's degree,software engineering,2.47,3,2,3.96,QA Engineer,"SQL, Manual Testing, Test Cases, Jira",low,auditory,devops engineer,hybrid,average,no,6,cisco
female,"english, sinhala",bachelor's degree,cyber security,2.38,3,1,3.13,Software Tester,"Test Plans, Bug Tracking, Agile, Manual Testing",moderate,visual,security engineer,onsite,poor,yes,5,google
male,tamil,bachelor's degree,information technology,2.61,1,2,3.49,Automation Test Engineer,"Cypress, Selenium, TestNG, CI/CD",excellent,kinesthetic,data scientist,onsite,average,yes,11,cisco
male,"english, sinhala",bachelor's degree,data science,3.4,3,2,2.94,UI Designer,"Prototyping, UI Principles, Photoshop, Color Theory",low,auditory,devops engineer,hybrid,excellent,yes,0,cisco
male,"sinhala, tamil",bachelor's degree,software engineering,2.67,3,2,2.37,UX Designer,"UX Testing, Psychology, Figma, Prototyping",moderate,auditory,qa engineer,onsite,average,no,5,none
female,"sinhala, tamil",bachelor's degree,software engineering,3.11,3,2,3.96,Product Designer,"Design Systems, Figma, UX Research, Prototyping",moderate,auditory,data scientist,onsite,average,yes,11,google
female,"tamil, english",bachelor's degree,software engineering,3.06,1,1,2.84,Blockchain Developer,"Web3.js, Node.js, Solidity, Cryptography",moderate,auditory,security engineer,remote,excellent,no,1,cisco
male,"tamil, english",bachelor's degree,data science,3.08,4,1,3.32,IoT Engineer,"MQTT, Arduino, C/C++, Raspberry Pi",moderate,visual,qa engineer,remote,average,yes,1,cisco
male,"tamil, english",bachelor's degree,software engineering,2.74,2,2,3.62,Embedded Systems Engineer,"C/C++, IoT, Electronics, PCB Design",moderate,kinesthetic,systems analyst,hybrid,poor,yes,6,cisco
female,"sinhala, tamil",bachelor's degree,computer science,4.0,3,1,3.43,AR/VR Developer,"3D Modeling, Blender, Unity, Unreal Engine",excellent,kinesthetic,devops engineer,remote,poor,yes,6,none
male,tamil,bachelor's degree,cyber security,3.38,2,1,2.9,SEO Specialist,"Keyword Research, HTML, Backlinks, Content Strategy",low,visual,devops engineer,hybrid,poor,yes,2,azure
female,"sinhala, tamil",bachelor's degree,information technology,4.0,3,1,3.01,IT Support Specialist,"Ticketing Systems, Troubleshooting, Networking, Active Directory",excellent,kinesthetic,security engineer,remote,average,yes,0,cisco
female,sinhala,bachelor's degree,data science,3.08,4,2,2.43,Software Engineer,"SQL, Python, Java, Spring Boot",moderate,auditory,devops engineer,onsite,poor,no,6,google
female,"sinhala, tamil",bachelor's degree,cyber security,2.57,3,1,2.22,Full Stack Developer,"JavaScript, REST API, MongoDB, Express",moderate,kinesthetic,systems analyst,remote,poor,yes,8,azure
female,"english, sinhala",bachelor's degree,information technology,3.36,3,2,2.57,Frontend Developer,"HTML, React, CSS, TypeScript",low,visual,data scientist,remote,excellent,no,3,none
female,"english, sinhala",bachelor's degree,data science,3.65,1,1,2.91,Backend Developer,"Spring Boot, SQL, Java, REST API",moderate,auditory,security engineer,hybrid,average,no,10,azure
male,sinhala,bachelor's degree,data science,3.12,1,1,3.61,Web Developer,"Bootstrap, HTML, CSS, MySQL",excellent,kinesthetic,qa engineer,remote,excellent,no,12,azure
female,tamil,bachelor's degree,cyber security,2.63,1,2,2.2,Mobile App Developer,"Java, Flutter, REST API, Kotlin",excellent,auditory,security engineer,remote,poor,yes,0,aws
female,sinhala,bachelor's degree,cyber security,3.52,4,1,3.38,Data Scientist,"SQL, Pandas, Python, NumPy",excellent,auditory,qa engineer,remote,excellent,yes,10,cisco
male,tamil,bachelor's degree,computer science,2.23,2,1,3.38,Data Analyst,"Power BI, Python, SQL, Data Visualization",moderate,visual,systems analyst,hybrid,poor,no,2,aws
female,"tamil, english",bachelor's degree,computer science,4.0,4,2,3.46,Machine Learning Engineer,"Pandas, Python, TensorFlow, Scikit-learn",moderate,kinesthetic,software engineer,hybrid,average,no,5,aws
male,tamil,bachelor's degree,cyber security,3.41,3,2,3.48,AI Engineer,"LLMs, Data Processing, TensorFlow, NLP",low,visual,qa engineer,remote,average,no,9,azure
male,"tamil, english",bachelor's degree,software engineering,2.89,4,2,3.54,BI Developer,"Tableau, SQL, ETL Tools, DAX",moderate,visual,software engineer,remote,average,no,1,aws
male,english,bachelor's degree,computer science,3.56,3,1,3.17,DevOps Engineer,"AWS, Kubernetes, Jenkins, CI/CD",excellent,auditory,devops engineer,onsite,poor,yes,0,google
male,"english, sinhala",bachelor's degree,data science,3.4,3,1,2.39,Cloud Engineer,"GCP, AWS, Azure, Terraform",moderate,visual,security engineer,hybrid,poor,yes,9,azure
male,tamil,bachelor's degree,software engineering,2.6,4,1,2.76,Cloud Architect,"Microservices, Networking, Security, AWS/Azure Design",moderate,auditory,qa engineer,onsite,average,no,12,aws
female,tamil,bachelor's degree,information technology,2.35,4,1,3.89,Cybersecurity Analyst,"Risk Analysis, Networking, Firewalls, Linux",low,kinesthetic,devops engineer,remote,average,yes,5,none
male,"sinhala, tamil",bachelor's degree,cyber security,2.91,4,2,2.49,Ethical Hacker,"Wireshark, Kali Linux, Python, Nmap",excellent,auditory,systems analyst,remote,poor,yes,8,azure
female,"english, sinhala",bachelor's degree,data science,3.01,4,2,3.84,Security Engineer,"Linux, SIEM, Encryption, IAM",excellent,kinesthetic,qa engineer,remote,poor,no,10,cisco
male,"english, sinhala",bachelor's degree,information technology,3.68,3,2,2.71,Information Security Analyst,"SOC Tools, SIEM, Networking, Incident Response",low,visual,security engineer,onsite,poor,no,10,none
male,"sinhala, tamil",bachelor's degree,cyber security,2.97,3,2,3.3,Network Engineer,"Routing, Cisco, VPN, Switching",excellent,visual,security engineer,remote,poor,no,9,aws
female,"english, sinhala, tamil",bachelor's degree,computer science,3.94,4,1,2.53,System Administrator,"Virtualization, Linux, Networking, Active Directory",moderate,visual,security engineer,onsite,excellent,yes,1,google
male,"english, sinhala, tamil",bachelor's degree,information technology,2.4,4,2,2.82,IT Support Engineer,"Networking, Active Directory, Windows, Hardware",excellent,kinesthetic,data scientist,remote,excellent,yes,12,azure
male,"english, sinhala",bachelor's degree,information technology,2.3,1,1,3.89,Hardware Engineer,"Embedded C, Arduino, Circuit Design, Electronics",excellent,kinesthetic,qa engineer,hybrid,excellent,no,3,aws
male,sinhala,bachelor's degree,computer science,3.91,2,1,2.68,QA Engineer,"Jira, Selenium, API Testing, SQL",low,kinesthetic,qa engineer,hybrid,average,yes,9,cisco
male,"sinhala, tamil",bachelor's degree,software engineering,2.43,4,2,2.42,Software Tester,"SQL, Test Plans, Bug Tracking, Manual Testing",low,auditory,data scientist,hybrid,poor,yes,6,none
male,"english, sinhala",bachelor's degree,cyber security,3.97,3,2,3.79,Automation Test Engineer,"Python, Selenium, Cypress, TestNG",low,visual,qa engineer,remote,excellent,yes,1,aws
female,tamil,bachelor's degree,computer science,2.17,4,1,2.74,UI Designer,"Figma, Adobe XD, UI Principles, Color Theory",excellent,kinesthetic,qa engineer,hybrid,excellent,no,9,azure
female,"english, sinhala, tamil",bachelor's degree,information technology,2.88,2,1,2.85,UX Designer,"Figma, User Research, Prototyping, Wireframing",low,visual,software engineer,remote,poor,no,12,azure
male,tamil,bachelor's degree,data science,3.87,2,2,2.76,Product Designer,"Design Systems, UI Design, Figma, UX Research",moderate,visual,qa engineer,onsite,excellent,yes,0,aws
female,"english, sinhala",bachelor's degree,cyber security,2.87,1,1,2.23,Blockchain Developer,"Cryptography, Web3.js, Solidity, Node.js",low,auditory,qa engineer,hybrid,excellent,no,2,google
male,"sinhala, tamil",bachelor's degree,cyber security,2.18,1,1,2.78,IoT Engineer,"C/C++, Sensors, Raspberry Pi, Arduino",moderate,kinesthetic,systems analyst,onsite,excellent,no,1,google
female,sinhala,bachelor's degree,cyber security,3.08,4,1,3.2,Embedded Systems Engineer,"IoT, Microcontrollers, Electronics, RTOS",low,visual,data scientist,remote,poor,yes,2,google
female,"tamil, english",bachelor's degree,software engineering,3.3,1,2,3.54,AR/VR Developer,"3D Modeling, C#, Unreal Engine, XR SDKs",excellent,visual,data scientist,hybrid,average,yes,9,aws
female,tamil,bachelor's degree,information technology,2.06,1,1,2.71,SEO Specialist,"Backlinks, SEO Tools, Google Analytics, Keyword Research",low,visual,data scientist,remote,average,yes,12,aws
female,"sinhala, tamil",bachelor's degree,information technology,2.92,1,1,3.61,IT Support Specialist,"Networking, Ticketing Systems, Troubleshooting, Hardware",excellent,kinesthetic,systems analyst,remote,poor,yes,0,aws
male,sinhala,bachelor's degree,software engineering,2.15,2,2,2.35,Software Engineer,"Java, Spring Boot, OOP, Python",moderate,kinesthetic,qa engineer,hybrid,average,yes,4,cisco
male,english,bachelor's degree,computer science,2.61,2,1,2.98,Full Stack Developer,"React, Node.js, Express, JavaScript",moderate,auditory,security engineer,hybrid,excellent,no,6,cisco
male,"tamil, english",bachelor's degree,computer science,2.61,2,2,2.56,Frontend Developer,"TypeScript, Tailwind CSS, React, JavaScript",moderate,kinesthetic,security engineer,remote,excellent,no,1,cisco
female,"sinhala, tamil",bachelor's degree,data science,3.35,1,2,2.89,Backend Developer,"Node.js, SQL, Java, Spring Boot",moderate,auditory,qa engineer,remote,average,yes,5,azure
female,tamil,bachelor's degree,computer science,2.89,3,2,2.92,Web Developer,"JavaScript, HTML, CSS, PHP",excellent,visual,software engineer,onsite,poor,yes,4,google
female,tamil,bachelor's degree,software engineering,2.96,3,2,3.27,Mobile App Developer,"Java, Flutter, Swift, REST API",excellent,auditory,qa engineer,hybrid,excellent,yes,5,cisco
female,tamil,bachelor's degree,software engineering,2.63,1,1,2.73,Data Scientist,"NumPy, Pandas, Machine Learning, Tableau",low,auditory,data scientist,remote,excellent,yes,2,google
female,sinhala,bachelor's degree,information technology,2.94,4,1,2.29,Data Analyst,"Power BI, Data Visualization, Python, Excel",low,auditory,qa engineer,onsite,poor,no,5,google
female,english,bachelor's degree,cyber security,2.93,2,1,3.66,Machine Learning Engineer,"TensorFlow, NumPy, Python, Pandas",moderate,kinesthetic,devops engineer,onsite,excellent,yes,7,google
male,"english, sinhala",bachelor's degree,information technology,3.47,4,2,3.58,AI Engineer,"LLMs, TensorFlow, NLP, PyTorch",low,kinesthetic,software engineer,hybrid,excellent,yes,11,aws
female,tamil,bachelor's degree,data science,2.34,2,1,2.78,BI Developer,"Power BI, Excel, Tableau, DAX",moderate,auditory,data scientist,remote,average,no,1,google
female,"sinhala, tamil",bachelor's degree,software engineering,3.46,4,2,3.37,DevOps Engineer,"AWS, Linux, Docker, CI/CD",moderate,kinesthetic,software engineer,hybrid,poor,no,12,aws
male,sinhala,bachelor's degree,software engineering,2.53,1,1,3.12,Cloud Engineer,"Docker, Terraform, Kubernetes, AWS",low,auditory,qa engineer,onsite,excellent,yes,3,google
female,"english, sinhala, tamil",bachelor's degree,information technology,3.77,4,2,3.4,Cloud Architect,"Microservices, Scalability, IaC, AWS/Azure Design",excellent,kinesthetic,data scientist,hybrid,poor,yes,12,google
male,"english, sinhala",bachelor's degree,information technology,2.44,4,1,2.88,Cybersecurity Analyst,"Linux, SIEM, Firewalls, Networking",excellent,visual,software engineer,remote,poor,yes,2,none
female,"tamil, english",bachelor's degree,cyber security,3.29,3,2,3.64,Ethical Hacker,"Nmap, Wireshark, Kali Linux, Metasploit",moderate,kinesthetic,data scientist,remote,poor,no,0,azure
male,sinhala,bachelor's degree,data science,2.71,2,2,2.91,Security Engineer,"IAM, SIEM, Encryption, Firewalls",moderate,kinesthetic,qa engineer,remote,excellent,no,12,google
male,english,bachelor's degree,software engineering,2.69,2,1,3.91,Information Security Analyst,"Risk Assessment, Incident Response, Networking, SOC Tools",excellent,kinesthetic,devops engineer,remote,excellent,yes,3,google
female,"tamil, english",bachelor's degree,data science,2.32,2,2,3.78,Network Engineer,"Cisco, Routing, Firewalls, Switching",excellent,auditory,devops engineer,remote,excellent,no,5,azure
female,tamil,bachelor's degree,computer science,3.33,2,1,3.63,System Administrator,"Networking, Windows Server, Active Directory, Bash",low,kinesthetic,qa engineer,onsite,average,yes,10,google
female,english,bachelor's degree,software engineering,2.47,2,2,2.64,IT Support Engineer,"Active Directory, Networking, Hardware, Windows",moderate,kinesthetic,systems analyst,hybrid,excellent,yes,7,none
female,sinhala,bachelor's degree,computer science,3.31,1,1,2.95,Hardware Engineer,"Circuit Design, Electronics, Arduino, PCB Design",moderate,auditory,devops engineer,remote,excellent,no,11,none
male,"english, sinhala",bachelor's degree,cyber security,3.15,2,2,2.35,QA Engineer,"Manual Testing, Jira, SQL, API Testing",low,kinesthetic,security engineer,hybrid,average,no,3,aws
female,"english, sinhala",bachelor's degree,data science,3.34,3,1,3.71,Software Tester,"Selenium, SQL, Manual Testing, Test Plans",low,visual,systems analyst,remote,excellent,no,6,cisco
male,"tamil, english",bachelor's degree,cyber security,3.01,4,2,2.82,Automation Test Engineer,"Selenium, TestNG, Java, Cypress",excellent,auditory,systems analyst,onsite,excellent,yes,0,none
male,english,bachelor's degree,computer science,3.22,4,2,2.7,UI Designer,"Color Theory, Figma, UI Principles, Adobe XD",moderate,visual,software engineer,remote,average,yes,10,none
female,"english, sinhala",bachelor's degree,cyber security,3.16,1,1,3.29,UX Designer,"UX Testing, Psychology, User Research, Figma",low,auditory,qa engineer,remote,excellent,yes,12,google
male,"english, sinhala",bachelor's degree,data science,3.21,2,1,3.57,Product Designer,"UX Research, Figma, UI Design, Design Systems",excellent,kinesthetic,software engineer,remote,poor,no,1,google
female,"english, sinhala, tamil",bachelor's degree,cyber security,2.1,1,2,3.17,Blockchain Developer,"Web3.js, Solidity, Ethereum, Cryptography",moderate,visual,software engineer,onsite,poor,yes,9,none
male,sinhala,bachelor's degree,software engineering,3.33,2,2,3.68,IoT Engineer,"Raspberry Pi, Sensors, Arduino, C/C++",moderate,kinesthetic,software engineer,remote,poor,yes,11,azure
female,"sinhala, tamil",bachelor's degree,computer science,3.86,3,1,3.1,Embedded Systems Engineer,"PCB Design, C/C++, Electronics, Microcontrollers",moderate,kinesthetic,security engineer,onsite,poor,no,6,cisco
male,tamil,bachelor's degree,software engineering,2.3,4,1,2.28,AR/VR Developer,"Unreal Engine, Unity, XR SDKs, C#",excellent,kinesthetic,qa engineer,hybrid,excellent,no,7,aws
male,sinhala,bachelor's degree,software engineering,3.41,4,1,3.73,SEO Specialist,"SEO Tools, Backlinks, Content Strategy, HTML",excellent,visual,data scientist,remote,average,no,7,cisco
male,sinhala,bachelor's degree,information technology,2.56,2,2,3.1,IT Support Specialist,"Ticketing Systems, Hardware, Networking, Troubleshooting",moderate,visual,software engineer,hybrid,excellent,yes,9,google
male,tamil,bachelor's degree,computer science,2.18,2,2,2.75,Software Engineer,"SQL, OOP, Git, Python",moderate,auditory,data scientist,onsite,excellent,no,4,none
female,sinhala,bachelor's degree,data science,3.28,2,1,3.76,Full Stack Developer,"Express, Node.js, JavaScript, MongoDB",low,auditory,software engineer,hybrid,excellent,yes,9,google
female,sinhala,bachelor's degree,computer science,3.16,1,1,2.46,Frontend Developer,"HTML, Tailwind CSS, CSS, TypeScript",moderate,visual,qa engineer,remote,average,no,2,cisco
female,"sinhala, tamil",bachelor's degree,data science,2.62,3,2,2.52,Backend Developer,"REST API, Spring Boot, SQL, Java",low,kinesthetic,security engineer,onsite,poor,yes,10,google
male,"sinhala, tamil",bachelor's degree,information technology,3.65,2,2,2.91,Web Developer,"HTML, CSS, PHP, Bootstrap",low,visual,data scientist,remote,average,yes,12,none
male,"english, sinhala, tamil",bachelor's degree,computer science,3.64,4,2,3.39,Mobile App Developer,"Java, REST API, Firebase, Kotlin",low,visual,qa engineer,hybrid,poor,no,10,aws
male,sinhala,bachelor's degree,computer science,3.72,3,2,2.57,Data Scientist,"Python, Tableau, Pandas, NumPy",moderate,kinesthetic,security engineer,remote,poor,no,0,aws
female,english,bachelor's degree,information technology,3.75,4,2,3.73,Data Analyst,"Python, Excel, Power BI, Data Visualization",excellent,visual,data scientist,onsite,poor,no,11,google
female,tamil,bachelor's degree,cyber security,3.17,4,2,3.81,Machine Learning Engineer,"Pandas, NumPy, Python, Deep Learning",excellent,auditory,qa engineer,remote,poor,no,4,aws
female,sinhala,bachelor's degree,information technology,3.59,2,1,3.07,AI Engineer,"TensorFlow, LLMs, Data Processing, NLP",excellent,auditory,software engineer,hybrid,excellent,yes,3,google
male,tamil,bachelor's degree,software engineering,2.61,1,2,3.5,BI Developer,"DAX, ETL Tools, Excel, Tableau",moderate,auditory,qa engineer,hybrid,average,no,2,cisco
female,sinhala,bachelor's degree,computer science,2.78,2,1,2.44,DevOps Engineer,"Docker, AWS, Linux, Kubernetes",moderate,kinesthetic,systems analyst,remote,poor,yes,6,google
male,tamil,bachelor's degree,software engineering,3.55,4,2,3.67,Cloud Engineer,"Azure, Terraform, Kubernetes, GCP",moderate,visual,qa engineer,remote,poor,no,12,azure
female,"english, sinhala, tamil",bachelor's degree,computer science,2.54,3,1,3.76,Cloud Architect,"Security, AWS/Azure Design, Networking, Scalability",low,visual,security engineer,remote,excellent,yes,6,azure
female,"tamil, english",bachelor's degree,cyber security,2.12,1,1,2.7,Cybersecurity Analyst,"Python, Networking, Firewalls, Risk Analysis",low,auditory,qa engineer,remote,excellent,no,5,cisco
female,"tamil, english",bachelor's degree,computer science,3.05,4,2,2.32,Ethical Hacker,"Metasploit, Nmap, Python, Kali Linux",moderate,auditory,security engineer,hybrid,average,no,1,google
male,tamil,bachelor's degree,information technology,2.71,3,1,2.69,Security Engineer,"IAM, SIEM, Firewalls, Cloud Security",moderate,kinesthetic,software engineer,onsite,poor,no,0,aws
male,sinhala,bachelor's degree,data science,2.9,1,1,3.27,Information Security Analyst,"Risk Assessment, Incident Response, Networking, Compliance",moderate,auditory,devops engineer,remote,excellent,yes,8,none
male,"english, sinhala",bachelor's degree,information technology,2.18,3,1,3.95,Network Engineer,"VPN, Cisco, TCP/IP, Routing",excellent,visual,security engineer,hybrid,average,yes,3,none
male,"tamil, english",bachelor's degree,computer science,3.58,3,2,2.9,System Administrator,"Virtualization, Linux, Bash, Networking",low,visual,security engineer,hybrid,excellent,no,1,azure
male,tamil,bachelor's degree,information technology,3.89,1,2,2.6,IT Support Engineer,"Networking, Windows, Troubleshooting, Ticketing Tools",moderate,visual,software engineer,remote,average,yes,11,google
female,"tamil, english",bachelor's degree,information technology,2.69,3,1,2.52,Hardware Engineer,"Microcontrollers, Electronics, Circuit Design, PCB Design",excellent,visual,software engineer,onsite,excellent,yes,3,cisco
male,"english, sinhala, tamil",bachelor's degree,cyber security,2.18,1,1,3.04,QA Engineer,"Manual Testing, Selenium, Test Cases, Jira",excellent,auditory,security engineer,onsite,poor,yes,9,none
female,"tamil, english",bachelor's degree,software engineering,3.21,1,2,2.5,Software Tester,"Bug Tracking, Agile, Manual Testing, Test Plans",excellent,visual,security engineer,remote,average,no,12,google
female,"sinhala, tamil",bachelor's degree,computer science,3.9,1,2,3.04,Automation Test Engineer,"Selenium, TestNG, Cypress, Java",moderate,auditory,data scientist,remote,poor,no,3,none
male,sinhala,bachelor's degree,information technology,3.12,1,1,3.82,UI Designer,"Figma, UI Principles, Prototyping, Photoshop",moderate,visual,software engineer,hybrid,excellent,no,2,aws
female,"tamil, english",bachelor's degree,data science,3.57,4,2,2.33,UX Designer,"Prototyping, UX Testing, Figma, User Research",moderate,visual,data scientist,hybrid,poor,no,10,aws
female,"english, sinhala",bachelor's degree,information technology,3.32,4,1,3.9,Product Designer,"User Flow, Figma, UX Research, Prototyping",moderate,kinesthetic,data scientist,hybrid,average,no,9,azure
female,"sinhala, tamil",bachelor's degree,cyber security,3.75,3,1,3.49,Blockchain Developer,"Node.js, Ethereum, Smart Contracts, Web3.js",excellent,kinesthetic,data scientist,remote,poor,yes,3,google
male,"sinhala, tamil",bachelor's degree,information technology,2.65,3,2,3.56,IoT Engineer,"Arduino, MQTT, C/C++, Cloud Integration",low,auditory,data scientist,hybrid,average,yes,2,aws
female,"english, sinhala, tamil",bachelor's degree,cyber security,3.44,1,2,3.81,Embedded Systems Engineer,"RTOS, PCB Design, IoT, C/C++",moderate,auditory,software engineer,onsite,poor,yes,5,aws
female,english,bachelor's degree,information technology,3.56,1,1,2.72,AR/VR Developer,"3D Modeling, Unity, XR SDKs, Blender",excellent,kinesthetic,systems analyst,hybrid,excellent,no,6,cisco
male,sinhala,bachelor's degree,software engineering,3.92,3,2,2.56,SEO Specialist,"Keyword Research, Google Analytics, SEO Tools, HTML",moderate,visual,security engineer,onsite,excellent,yes,7,cisco
female,"tamil, english",bachelor's degree,data science,3.61,4,1,3.34,IT Support Specialist,"Windows, Troubleshooting, Networking, Active Directory",low,visual,systems analyst,remote,poor,no,4,aws
female,"english, sinhala",bachelor's degree,computer science,3.26,1,1,3.51,Software Engineer,"Java, OOP, Python, Spring Boot",excellent,visual,security engineer,onsite,poor,yes,5,google
female,"sinhala, tamil",bachelor's degree,data science,2.5,2,2,3.75,Full Stack Developer,"MongoDB, JavaScript, React, Express",low,kinesthetic,data scientist,remote,poor,yes,8,none
female,"tamil, english",bachelor's degree,information technology,3.32,1,1,2.46,Frontend Developer,"React, JavaScript, TypeScript, CSS",low,kinesthetic,security engineer,remote,average,no,11,aws
female,tamil,bachelor's degree,computer science,3.47,2,2,2.62,Backend Developer,"SQL, Java, Spring Boot, REST API",excellent,visual,security engineer,hybrid,poor,no,9,none
female,tamil,bachelor's degree,information technology,2.91,4,2,3.73,Web Developer,"HTML, CSS, Bootstrap, JavaScript",low,visual,devops engineer,remote,average,no,4,none
female,"english, sinhala, tamil",bachelor's degree,computer science,2.97,3,2,2.72,Mobile App Developer,"REST API, Kotlin, Firebase, Swift",excellent,auditory,devops engineer,remote,poor,no,8,aws
male,tamil,bachelor's degree,cyber security,2.46,1,1,3.41,Data Scientist,"SQL, Tableau, NumPy, Python",moderate,auditory,qa engineer,hybrid,poor,no,11,azure
male,"english, sinhala, tamil",bachelor's degree,software engineering,3.08,2,1,2.79,Data Analyst,"SQL, Statistics, Data Visualization, Python",excellent,auditory,software engineer,onsite,poor,yes,11,cisco
female,"english, sinhala",bachelor's degree,data science,3.3,1,1,3.21,Machine Learning Engineer,"Pandas, Scikit-learn, Python, NumPy",low,auditory,devops engineer,onsite,excellent,yes,12,aws
female,tamil,bachelor's degree,cyber security,4.0,3,1,2.59,AI Engineer,"Python, LLMs, TensorFlow, PyTorch",low,auditory,data scientist,onsite,poor,yes,9,azure
male,"english, sinhala",bachelor's degree,cyber security,3.38,3,2,3.2,BI Developer,"Tableau, Power BI, Excel, SQL",low,visual,qa engineer,onsite,poor,yes,8,google
male,"english, sinhala, tamil",bachelor's degree,data science,2.67,1,1,2.77,DevOps Engineer,"Linux, AWS, Jenkins, Kubernetes",low,kinesthetic,software engineer,hybrid,poor,yes,8,cisco
female,english,bachelor's degree,computer science,2.81,1,2,3.04,Cloud Engineer,"Azure, Terraform, AWS, GCP",excellent,visual,data scientist,remote,excellent,no,8,azure
female,tamil,bachelor's degree,cyber security,3.99,1,1,2.99,Cloud Architect,"Scalability, IaC, Security, Networking",low,visual,security engineer,onsite,average,yes,7,google
male,"english, sinhala, tamil",bachelor's degree,information technology,2.41,1,2,3.38,Cybersecurity Analyst,"Risk Analysis, Networking, SIEM, Python",low,visual,devops engineer,onsite,average,yes,3,azure
male,"tamil, english",bachelor's degree,cyber security,2.27,2,1,2.65,Ethical Hacker,"Python, Burp Suite, Metasploit, Kali Linux",low,kinesthetic,qa engineer,remote,poor,no,5,aws
male,sinhala,bachelor's degree,data science,2.35,1,1,3.18,Security Engineer,"Encryption, Linux, IAM, Firewalls",low,visual,data scientist,onsite,average,no,12,none
male,"english, sinhala, tamil",bachelor's degree,computer science,2.57,4,2,2.38,Information Security Analyst,"SOC Tools, Risk Assessment, SIEM, Networking",moderate,auditory,data scientist,onsite,average,yes,3,azure
male,"sinhala, tamil",bachelor's degree,information technology,2.51,2,1,2.94,Network Engineer,"Routing, Cisco, Switching, VPN",excellent,visual,qa engineer,onsite,poor,no,0,cisco
female,"tamil, english",bachelor's degree,data science,3.5,2,1,2.21,System Administrator,"Bash, Windows Server, Networking, Linux",moderate,kinesthetic,devops engineer,remote,poor,yes,2,none
female,"tamil, english",bachelor's degree,software engineering,3.93,1,2,2.66,IT Support Engineer,"Networking, Hardware, Windows, Active Directory",low,kinesthetic,data scientist,hybrid,average,no,2,aws
male,"sinhala, tamil",bachelor's degree,cyber security,2.35,2,2,3.26,Hardware Engineer,"Electronics, PCB Design, Circuit Design, Microcontrollers",moderate,auditory,security engineer,remote,poor,yes,12,azure
male,english,bachelor's degree,data science,2.88,1,2,3.35,QA Engineer,"Test Cases, API Testing, Jira, SQL",moderate,visual,qa engineer,hybrid,average,no,11,azure
female,"sinhala, tamil",bachelor's degree,computer science,3.25,4,1,3.27,Software Tester,"Agile, Selenium, SQL, Bug Tracking",low,kinesthetic,security engineer,hybrid,poor,no,1,none
male,"tamil, english",bachelor's degree,information technology,3.04,1,1,3.37,Automation Test Engineer,"Java, CI/CD, TestNG, Cypress",low,visual,security engineer,onsite,average,yes,0,aws
male,english,bachelor's degree,data science,2.56,4,2,3.47,UI Designer,"UI Principles, Figma, Prototyping, Photoshop",excellent,auditory,software engineer,hybrid,poor,no,1,aws
male,english,bachelor's degree,information technology,2.46,3,2,3.22,UX Designer,"User Research, Figma, UX Testing, Prototyping",excellent,kinesthetic,security engineer,remote,excellent,yes,4,none
male,english,bachelor's degree,computer science,3.81,4,1,2.64,Product Designer,"Prototyping, UX Research, UI Design, User Flow",excellent,kinesthetic,security engineer,hybrid,average,yes,10,aws
male,tamil,bachelor's degree,data science,3.56,4,1,3.45,Blockchain Developer,"Node.js, Smart Contracts, Cryptography, Solidity",moderate,kinesthetic,systems analyst,remote,poor,no,0,google
male,"tamil, english",bachelor's degree,data science,3.63,3,2,3.33,IoT Engineer,"Sensors, MQTT, Arduino, C/C++",low,visual,devops engineer,remote,excellent,no,7,cisco
female,sinhala,bachelor's degree,cyber security,2.23,2,1,3.64,Embedded Systems Engineer,"Electronics, Microcontrollers, PCB Design, RTOS",low,visual,devops engineer,hybrid,poor,yes,11,cisco
male,tamil,bachelor's degree,computer science,2.26,4,1,3.11,AR/VR Developer,"XR SDKs, 3D Modeling, Unity, C#",low,auditory,data scientist,onsite,poor,yes,11,google
male,"english, sinhala, tamil",bachelor's degree,software engineering,2.35,2,2,3.78,SEO Specialist,"Content Strategy, HTML, SEO Tools, Google Analytics",low,visual,devops engineer,hybrid,excellent,no,6,azure
male,tamil,bachelor's degree,information technology,2.2,1,2,3.09,IT Support Specialist,"Active Directory, Troubleshooting, Hardware, Networking",moderate,auditory,systems analyst,onsite,poor,yes,1,cisco
female,"sinhala, tamil",bachelor's degree,software engineering,3.33,2,2,3.22,Software Engineer,"OOP, Java, SQL, Python",excellent,auditory,software engineer,onsite,poor,no,12,google
female,"tamil, english",bachelor's degree,information technology,2.61,3,2,2.95,Full Stack Developer,"React, JavaScript, Express, Node.js",low,kinesthetic,systems analyst,onsite,average,yes,6,cisco
female,"sinhala, tamil",bachelor's degree,computer science,2.73,4,1,3.54,Frontend Developer,"Tailwind CSS, HTML, CSS, React",moderate,visual,qa engineer,hybrid,average,yes,11,none
female,"tamil, english",bachelor's degree,cyber security,3.76,3,2,2.56,Backend Developer,"Spring Boot, Microservices, Node.js, Java",excellent,auditory,qa engineer,hybrid,average,yes,12,google
male,"english, sinhala, tamil",bachelor's degree,information technology,2.66,1,2,2.81,Web Developer,"Bootstrap, HTML, MySQL, PHP",moderate,kinesthetic,qa engineer,remote,average,yes,2,none
female,sinhala,bachelor's degree,cyber security,2.92,4,1,3.86,Mobile App Developer,"Swift, Java, REST API, Flutter",low,visual,qa engineer,onsite,average,yes,7,none
female,"english, sinhala",bachelor's degree,information technology,2.37,1,2,3.85,Data Scientist,"NumPy, Tableau, SQL, Pandas",excellent,visual,data scientist,hybrid,poor,no,3,azure
female,"sinhala, tamil",bachelor's degree,data science,3.16,1,1,2.53,Data Analyst,"Data Visualization, Statistics, Excel, Python",excellent,auditory,systems analyst,onsite,excellent,no,2,aws
male,"english, sinhala",bachelor's degree,information technology,2.7,2,2,3.94,Machine Learning Engineer,"Pandas, Deep Learning, TensorFlow, NumPy",moderate,visual,devops engineer,onsite,excellent,yes,10,google
male,tamil,bachelor's degree,computer science,2.42,2,2,3.33,AI Engineer,"Data Processing, PyTorch, NLP, LLMs",moderate,kinesthetic,qa engineer,onsite,average,no,8,azure
female,sinhala,bachelor's degree,cyber security,2.54,3,2,3.26,BI Developer,"DAX, Excel, ETL Tools, Power BI",low,kinesthetic,data scientist,remote,excellent,yes,10,google
male,"english, sinhala",bachelor's degree,data science,2.47,2,2,2.23,DevOps Engineer,"CI/CD, Docker, Jenkins, Linux",excellent,auditory,qa engineer,onsite,excellent,no,5,none
male,tamil,bachelor's degree,data science,2.91,4,1,3.92,Cloud Engineer,"Kubernetes, Azure, GCP, Docker",moderate,kinesthetic,software engineer,remote,excellent,no,8,google
male,english,bachelor's degree,cyber security,2.66,2,1,2.89,Cloud Architect,"Scalability, IaC, Security, Networking",low,kinesthetic,security engineer,hybrid,poor,yes,9,aws
female,tamil,bachelor's degree,information technology,2.58,3,2,3.76,Cybersecurity Analyst,"SIEM, Python, Firewalls, Networking",moderate,auditory,security engineer,remote,poor,yes,12,none
male,sinhala,bachelor's degree,software engineering,3.61,3,2,2.23,Ethical Hacker,"Metasploit, Python, Nmap, Burp Suite",moderate,kinesthetic,systems analyst,hybrid,excellent,yes,10,none
female,english,bachelor's degree,software engineering,3.42,3,1,3.81,Security Engineer,"Encryption, Firewalls, IAM, Cloud Security",low,auditory,devops engineer,remote,excellent,no,8,cisco
male,tamil,bachelor's degree,data science,2.95,4,1,2.77,Information Security Analyst,"Compliance, SIEM, Networking, SOC Tools",low,auditory,security engineer,hybrid,poor,yes,6,none
male,"english, sinhala, tamil",bachelor's degree,cyber security,4.0,1,1,2.44,Network Engineer,"Routing, Cisco, Firewalls, VPN",excellent,visual,data scientist,onsite,average,yes,11,cisco
male,english,bachelor's degree,information technology,2.35,2,1,2.3,System Administrator,"Networking, Virtualization, Bash, Linux",low,auditory,systems analyst,remote,poor,no,1,none
female,"sinhala, tamil",bachelor's degree,information technology,4.0,2,2,3.18,IT Support Engineer,"Troubleshooting, Active Directory, Networking, Ticketing Tools",excellent,kinesthetic,data scientist,onsite,poor,yes,6,none
male,sinhala,bachelor's degree,software engineering,3.15,3,2,3.06,Hardware Engineer,"Electronics, Embedded C, Microcontrollers, PCB Design",excellent,auditory,qa engineer,onsite,excellent,yes,1,azure
female,english,bachelor's degree,data science,2.66,3,1,3.04,QA Engineer,"API Testing, Jira, Manual Testing, Test Cases",moderate,auditory,software engineer,hybrid,average,yes,3,aws
female,"english, sinhala, tamil",bachelor's degree,computer science,3.4,1,2,2.55,Software Tester,"Selenium, Bug Tracking, Test Plans, SQL",moderate,auditory,devops engineer,onsite,poor,yes,10,none
male,tamil,bachelor's degree,software engineering,3.02,1,2,2.71,Automation Test Engineer,"TestNG, Python, Cypress, Java",low,kinesthetic,software engineer,remote,poor,no,7,azure
female,"english, sinhala, tamil",bachelor's degree,information technology,3.71,3,1,3.24,UI Designer,"Prototyping, Photoshop, Figma, Color Theory",moderate,visual,qa engineer,onsite,poor,no,6,cisco
female,english,bachelor's degree,software engineering,3.38,4,2,3.57,UX Designer,"Psychology, UX Testing, User Research, Prototyping",excellent,kinesthetic,devops engineer,hybrid,average,yes,1,google
male,sinhala,bachelor's degree,cyber security,3.51,4,1,3.37,Product Designer,"UX Research, Prototyping, Figma, UI Design",low,kinesthetic,software engineer,remote,excellent,yes,0,azure
female,"english, sinhala",bachelor's degree,data science,2.56,2,2,3.69,Blockchain Developer,"Solidity, Node.js, Web3.js, Smart Contracts",low,visual,security engineer,hybrid,excellent,no,1,none
female,sinhala,bachelor's degree,data science,3.44,4,2,2.61,IoT Engineer,"C/C++, Sensors, Raspberry Pi, MQTT",low,kinesthetic,systems analyst,hybrid,poor,yes,9,none
female,tamil,bachelor's degree,computer science,3.39,4,1,2.53,Embedded Systems Engineer,"IoT, C/C++, PCB Design, Electronics",moderate,kinesthetic,software engineer,remote,average,no,5,azure
female,"sinhala, tamil",bachelor's degree,data science,3.0,3,1,3.21,AR/VR Developer,"Unreal Engine, C#, Unity, 3D Modeling",excellent,kinesthetic,systems analyst,hybrid,average,no,2,cisco
male,tamil,bachelor's degree,computer science,3.21,3,2,3.72,SEO Specialist,"SEO Tools, Content Strategy, HTML, Google Analytics",low,auditory,security engineer,onsite,excellent,no,0,cisco
male,english,bachelor's degree,data science,2.89,2,2,3.75,IT Support Specialist,"Networking, Troubleshooting, Ticketing Systems, Hardware",moderate,visual,systems analyst,hybrid,excellent,no,3,none
female,"english, sinhala, tamil",bachelor's degree,information technology,2.48,1,2,2.81,Software Engineer,"Git, Java, Spring Boot, SQL",low,kinesthetic,qa engineer,onsite,poor,yes,7,cisco
male,"tamil, english",bachelor's degree,computer science,2.88,3,2,3.18,Full Stack Developer,"React, MongoDB, REST API, Node.js",excellent,auditory,security engineer,remote,poor,no,11,azure
male,"tamil, english",bachelor's degree,cyber security,2.71,3,2,3.9,Frontend Developer,"HTML, TypeScript, CSS, Tailwind CSS",excellent,auditory,qa engineer,onsite,average,yes,5,none
male,"english, sinhala, tamil",bachelor's degree,data science,2.02,1,1,3.12,Backend Developer,"REST API, Java, SQL, Node.js",excellent,visual,systems analyst,onsite,average,no,12,aws
female,english,bachelor's degree,cyber security,2.61,3,1,2.78,Web Developer,"CSS, Bootstrap, PHP, MySQL",excellent,auditory,qa engineer,hybrid,excellent,no,2,none
male,"english, sinhala",bachelor's degree,information technology,3.56,4,1,2.91,Mobile App Developer,"Kotlin, REST API, Flutter, Firebase",moderate,visual,software engineer,remote,poor,no,10,google
female,english,bachelor's degree,software engineering,2.96,2,1,3.63,Data Scientist,"Tableau, Machine Learning, Python, NumPy",low,auditory,qa engineer,hybrid,poor,no,9,google
male,"english, sinhala, tamil",bachelor's degree,cyber security,2.8,4,1,3.83,Data Analyst,"Statistics, SQL, Power BI, Python",low,kinesthetic,security engineer,hybrid,poor,yes,12,aws
male,"english, sinhala, tamil",bachelor's degree,software engineering,2.98,4,1,3.49,Machine Learning Engineer,"NumPy, Pandas, TensorFlow, Scikit-learn",low,auditory,security engineer,remote,excellent,yes,12,google
male,"english, sinhala",bachelor's degree,software engineering,2.72,3,2,2.49,AI Engineer,"TensorFlow, PyTorch, Data Processing, NLP",moderate,kinesthetic,data scientist,remote,poor,no,12,none
female,english,bachelor's degree,cyber security,3.0,3,2,2.78,BI Developer,"Tableau, ETL Tools, SQL, DAX",moderate,auditory,qa engineer,onsite,average,yes,1,cisco
female,"sinhala, tamil",bachelor's degree,software engineering,2.5,2,2,3.63,DevOps Engineer,"Docker, AWS, Linux, Jenkins",low,kinesthetic,qa engineer,remote,poor,yes,4,azure
female,english,bachelor's degree,cyber security,3.9,4,1,2.64,Cloud Engineer,"Terraform, GCP, Kubernetes, Azure",low,visual,qa engineer,remote,poor,no,11,azure
female,tamil,bachelor's degree,software engineering,3.39,2,1,3.86,Cloud Architect,"Microservices, Security, AWS/Azure Design, IaC",moderate,auditory,software engineer,hybrid,average,no,10,none
female,"english, sinhala",bachelor's degree,computer science,2.22,3,2,3.82,Cybersecurity Analyst,"Python, Risk Analysis, SIEM, Networking",low,auditory,devops engineer,hybrid,poor,yes,12,azure
female,tamil,bachelor's degree,cyber security,3.72,4,2,3.15,Ethical Hacker,"Kali Linux, Python, Burp Suite, Wireshark",excellent,kinesthetic,qa engineer,onsite,poor,yes,1,cisco
male,sinhala,bachelor's degree,information technology,2.88,2,1,3.31,Security Engineer,"Linux, IAM, SIEM, Firewalls",moderate,kinesthetic,qa engineer,hybrid,average,yes,0,azure
male,sinhala,bachelor's degree,cyber security,2.45,1,1,2.49,Information Security Analyst,"Compliance, SOC Tools, Incident Response, Networking",low,kinesthetic,devops engineer,hybrid,excellent,yes,4,azure
male,sinhala,bachelor's degree,computer science,2.4,2,1,3.98,Network Engineer,"Switching, VPN, Routing, TCP/IP",low,auditory,security engineer,remote,poor,yes,3,cisco
male,sinhala,bachelor's degree,computer science,2.42,4,1,3.03,System Administrator,"Virtualization, Active Directory, Windows Server, Bash",moderate,kinesthetic,security engineer,remote,excellent,yes,0,google
female,sinhala,bachelor's degree,cyber security,2.93,4,2,3.47,IT Support Engineer,"Hardware, Networking, Windows, Active Directory",low,auditory,systems analyst,onsite,excellent,no,1,none
male,"english, sinhala, tamil",bachelor's degree,computer science,2.8,2,1,2.41,Hardware Engineer,"Arduino, Microcontrollers, Circuit Design, Electronics",moderate,kinesthetic,security engineer,hybrid,poor,no,9,none
male,english,bachelor's degree,computer science,3.52,4,2,3.91,QA Engineer,"Test Cases, Jira, API Testing, SQL",moderate,visual,systems analyst,remote,excellent,no,0,google
male,english,bachelor's degree,software engineering,3.31,3,1,2.69,Software Tester,"Test Plans, Manual Testing, SQL, Bug Tracking",moderate,auditory,security engineer,hybrid,excellent,yes,11,none
female,"english, sinhala",bachelor's degree,computer science,4.0,1,2,3.31,Automation Test Engineer,"CI/CD, Selenium, Java, TestNG",moderate,auditory,devops engineer,remote,average,yes,8,aws
female,sinhala,bachelor's degree,cyber security,2.42,4,1,2.53,UI Designer,"Adobe XD, Color Theory, Photoshop, Prototyping",low,visual,qa engineer,hybrid,poor,yes,6,cisco
female,"tamil, english",bachelor's degree,software engineering,3.93,1,1,3.47,UX Designer,"Wireframing, User Research, Figma, Prototyping",excellent,auditory,software engineer,onsite,poor,no,10,none
male,english,bachelor's degree,cyber security,2.39,4,2,3.64,Product Designer,"UX Research, UI Design, Design Systems, Figma",moderate,visual,software engineer,onsite,excellent,no,12,azure
male,tamil,bachelor's degree,information technology,3.35,2,2,2.91,Blockchain Developer,"Cryptography, Web3.js, Node.js, Solidity",excellent,kinesthetic,devops engineer,hybrid,excellent,no,7,azure
male,tamil,bachelor's degree,data science,2.21,4,2,3.14,IoT Engineer,"Sensors, Arduino, Raspberry Pi, Cloud Integration",moderate,auditory,security engineer,remote,poor,no,2,google
female,"sinhala, tamil",bachelor's degree,cyber security,4.0,1,1,2.79,Embedded Systems Engineer,"Microcontrollers, RTOS, IoT, C/C++",low,kinesthetic,devops engineer,onsite,poor,yes,7,google
male,"english, sinhala",bachelor's degree,cyber security,3.81,3,2,3.09,AR/VR Developer,"Unity, C#, Blender, 3D Modeling",low,auditory,systems analyst,remote,poor,yes,1,google
male,tamil,bachelor's degree,cyber security,3.03,1,2,3.14,SEO Specialist,"Google Analytics, Content Strategy, Backlinks, Keyword Research",moderate,auditory,qa engineer,onsite,poor,yes,9,google
male,"tamil, english",bachelor's degree,software engineering,3.64,2,2,2.6,IT Support Specialist,"Ticketing Systems, Active Directory, Troubleshooting, Networking",low,kinesthetic,data scientist,onsite,average,yes,6,azure
male,english,bachelor's degree,information technology,2.38,3,1,3.07,Software Engineer,"Spring Boot, Git, SQL, OOP",low,visual,data scientist,onsite,excellent,yes,0,azure
male,"sinhala, tamil",bachelor's degree,information technology,2.78,1,1,3.55,Full Stack Developer,"JavaScript, MongoDB, React, REST API",moderate,kinesthetic,qa engineer,onsite,excellent,no,9,aws
female,"tamil, english",bachelor's degree,software engineering,2.14,2,2,3.2,Frontend Developer,"React, TypeScript, Tailwind CSS, JavaScript",moderate,auditory,qa engineer,onsite,average,yes,2,aws
female,"english, sinhala",bachelor's degree,information technology,2.76,1,1,3.8,Backend Developer,"SQL, Java, Node.js, REST API",excellent,kinesthetic,data scientist,remote,poor,no,6,none
male,sinhala,bachelor's degree,software engineering,3.23,2,2,2.55,Web Developer,"PHP, HTML, JavaScript, CSS",excellent,auditory,data scientist,onsite,excellent,no,1,azure
female,"english, sinhala",bachelor's degree,software engineering,2.77,3,1,3.02,Mobile App Developer,"Java, Swift, Firebase, REST API",excellent,auditory,systems analyst,hybrid,excellent,no,7,aws
female,"sinhala, tamil",bachelor's degree,cyber security,3.13,4,1,3.98,Data Scientist,"Tableau, Machine Learning, NumPy, Python",low,auditory,software engineer,remote,average,no,2,azure
female,"english, sinhala, tamil",bachelor's degree,data science,3.41,1,1,2.93,Data Analyst,"Excel, Python, SQL, Power BI",low,visual,security engineer,onsite,average,no,0,aws
male,tamil,bachelor's degree,computer science,3.38,1,2,3.21,Machine Learning Engineer,"Scikit-learn, TensorFlow, NumPy, Python",moderate,visual,software engineer,remote,average,no,7,none
female,"english, sinhala",bachelor's degree,cyber security,2.22,2,1,2.76,AI Engineer,"Python, TensorFlow, LLMs, NLP",excellent,auditory,security engineer,remote,average,no,11,none
female,"english, sinhala, tamil",bachelor's degree,software engineering,3.56,3,1,2.4,BI Developer,"SQL, ETL Tools, Excel, DAX",excellent,auditory,devops engineer,onsite,average,no,6,azure
female,"sinhala, tamil",bachelor's degree,software engineering,3.8,4,1,3.04,DevOps Engineer,"Kubernetes, Docker, AWS, Linux",excellent,kinesthetic,devops engineer,remote,excellent,no,12,aws
female,"english, sinhala, tamil",bachelor's degree,information technology,2.98,1,1,2.28,Cloud Engineer,"Kubernetes, Docker, Azure, GCP",excellent,auditory,systems analyst,remote,excellent,yes,4,aws
female,"english, sinhala",bachelor's degree,cyber security,3.11,1,1,2.49,Cloud Architect,"IaC, Microservices, AWS/Azure Design, Scalability",excellent,auditory,qa engineer,onsite,excellent,yes,7,aws
female,"english, sinhala, tamil",bachelor's degree,information technology,4.0,3,2,3.37,Cybersecurity Analyst,"Risk Analysis, SIEM, Firewalls, Linux",excellent,kinesthetic,systems analyst,hybrid,poor,yes,6,none
male,english,bachelor's degree,software engineering,4.0,3,2,2.45,Ethical Hacker,"Python, Kali Linux, Wireshark, Metasploit",excellent,visual,systems analyst,onsite,average,yes,9,cisco
male,"sinhala, tamil",bachelor's degree,computer science,2.88,2,2,2.97,Security Engineer,"SIEM, Cloud Security, Firewalls, IAM",moderate,kinesthetic,devops engineer,remote,average,no,7,google
male,"tamil, english",bachelor's degree,cyber security,2.77,4,1,2.24,Information Security Analyst,"Risk Assessment, SOC Tools, Compliance, Networking",low,auditory,security engineer,onsite,excellent,yes,2,google
male,"tamil, english",bachelor's degree,computer science,4.0,1,2,2.87,Network Engineer,"TCP/IP, Switching, VPN, Routing",low,auditory,security engineer,onsite,poor,no,6,azure
female,"english, sinhala",bachelor's degree,cyber security,2.53,2,2,2.34,System Administrator,"Networking, Windows Server, Bash, Linux",low,kinesthetic,qa engineer,remote,average,no,10,google
male,"english, sinhala",bachelor's degree,computer science,2.48,1,1,2.69,IT Support Engineer,"Windows, Ticketing Tools, Networking, Hardware",moderate,visual,devops engineer,remote,excellent,no,12,cisco
male,english,bachelor's degree,information technology,2.24,1,2,2.32,Hardware Engineer,"Arduino, Embedded C, PCB Design, Electronics",low,kinesthetic,systems analyst,hybrid,poor,no,7,cisco
female,"english, sinhala, tamil",bachelor's degree,cyber security,2.51,1,1,2.27,QA Engineer,"Manual Testing, SQL, Test Cases, Selenium",moderate,kinesthetic,devops engineer,hybrid,excellent,yes,0,cisco
female,"english, sinhala",bachelor's degree,cyber security,2.58,3,2,2.4,Software Tester,"Selenium, Bug Tracking, Manual Testing, SQL",excellent,visual,data scientist,remote,excellent,yes,0,cisco
female,"english, sinhala",bachelor's degree,computer science,3.48,1,2,3.69,Automation Test Engineer,"Python, Java, Cypress, CI/CD",moderate,auditory,devops engineer,onsite,poor,yes,6,cisco
male,"tamil, english",bachelor's degree,cyber security,3.53,1,2,3.87,UI Designer,"UI Principles, Adobe XD, Photoshop, Prototyping",moderate,visual,qa engineer,hybrid,excellent,yes,5,azure
female,english,bachelor's degree,data science,3.24,2,1,3.0,UX Designer,"User Research, Psychology, Figma, Wireframing",moderate,kinesthetic,data scientist,hybrid,poor,yes,2,google
female,sinhala,bachelor's degree,information technology,3.36,4,1,3.95,Product Designer,"User Flow, Design Systems, Figma, UX Research",moderate,visual,software engineer,remote,excellent,yes,10,none
female,sinhala,bachelor's degree,cyber security,2.93,2,1,3.11,Blockchain Developer,"Solidity, Web3.js, Cryptography, Node.js",excellent,visual,systems analyst,onsite,excellent,no,4,cisco
male,sinhala,bachelor's degree,cyber security,2.67,2,2,2.67,IoT Engineer,"Raspberry Pi, MQTT, Cloud Integration, Sensors",excellent,visual,data scientist,remote,poor,no,5,cisco
male,sinhala,bachelor's degree,cyber security,2.36,2,1,3.85,Embedded Systems Engineer,"C/C++, Electronics, Microcontrollers, IoT",excellent,kinesthetic,software engineer,onsite,average,no,2,azure
female,english,bachelor's degree,cyber security,3.16,2,1,3.69,AR/VR Developer,"XR SDKs, Blender, Unity, Unreal Engine",excellent,auditory,security engineer,onsite,average,yes,11,none
female,"english, sinhala, tamil",bachelor's degree,computer science,3.56,2,2,2.31,SEO Specialist,"SEO Tools, HTML, Google Analytics, Content Strategy",moderate,visual,systems analyst,onsite,excellent,no,11,cisco
male,tamil,bachelor's degree,information technology,3.73,4,2,3.81,IT Support Specialist,"Windows, Active Directory, Hardware, Networking",excellent,auditory,software engineer,hybrid,average,no,1,cisco
female,sinhala,bachelor's degree,computer science,2.14,2,2,2.79,Software Engineer,"Git, Python, Java, SQL",excellent,kinesthetic,software engineer,hybrid,excellent,yes,7,google
male,sinhala,bachelor's degree,computer science,3.94,2,1,3.51,Full Stack Developer,"Node.js, JavaScript, MongoDB, React",excellent,visual,data scientist,onsite,excellent,yes,1,none
male,"english, sinhala, tamil",bachelor's degree,computer science,2.95,1,1,3.39,Frontend Developer,"CSS, HTML, JavaScript, React",moderate,kinesthetic,devops engineer,hybrid,average,yes,12,none
male,tamil,bachelor's degree,computer science,2.76,1,1,3.99,Backend Developer,"Microservices, SQL, Spring Boot, Java",excellent,visual,security engineer,hybrid,excellent,yes,1,none
female,tamil,bachelor's degree,data science,3.27,2,1,3.87,Web Developer,"JavaScript, PHP, CSS, HTML",low,auditory,security engineer,remote,excellent,no,4,aws
female,"english, sinhala",bachelor's degree,information technology,3.52,4,1,3.88,Mobile App Developer,"Flutter, Swift, Firebase, REST API",low,visual,qa engineer,remote,poor,no,3,aws
female,"sinhala, tamil",bachelor's degree,computer science,3.35,4,2,3.02,Data Scientist,"Pandas, SQL, Tableau, Python",low,auditory,security engineer,hybrid,poor,no,0,none
female,"english, sinhala",bachelor's degree,data science,3.64,1,2,2.58,Data Analyst,"Power BI, Statistics, Python, SQL",low,kinesthetic,systems analyst,onsite,poor,yes,10,azure
male,sinhala,bachelor's degree,information technology,4.0,1,2,3.87,Machine Learning Engineer,"Scikit-learn, Python, TensorFlow, Pandas",moderate,kinesthetic,devops engineer,remote,excellent,no,8,cisco
male,"tamil, english",bachelor's degree,computer science,2.18,1,2,3.52,AI Engineer,"Data Processing, TensorFlow, NLP, PyTorch",moderate,visual,qa engineer,remote,excellent,yes,10,cisco
male,english,bachelor's degree,software engineering,2.44,3,1,2.22,BI Developer,"Power BI, ETL Tools, SQL, DAX",moderate,visual,devops engineer,hybrid,excellent,yes,7,cisco
female,tamil,bachelor's degree,cyber security,2.72,4,2,2.53,DevOps Engineer,"Docker, Kubernetes, AWS, Jenkins",low,visual,qa engineer,hybrid,average,no,10,none
male,"tamil, english",bachelor's degree,data science,2.9,4,2,3.77,Cloud Engineer,"Kubernetes, Azure, AWS, GCP",low,visual,devops engineer,hybrid,poor,yes,1,google
female,"english, sinhala",bachelor's degree,cyber security,2.09,3,2,3.88,Cloud Architect,"Networking, Scalability, Microservices, AWS/Azure Design",excellent,visual,systems analyst,hybrid,poor,no,4,none
male,english,bachelor's degree,cyber security,2.96,4,1,3.98,Cybersecurity Analyst,"Risk Analysis, Python, Linux, SIEM",excellent,visual,data scientist,onsite,average,no,5,google
male,sinhala,bachelor's degree,data science,2.48,2,1,2.79,Ethical Hacker,"Metasploit, Nmap, Wireshark, Burp Suite",low,visual,devops engineer,onsite,average,no,2,none
male,english,bachelor's degree,data science,3.7,4,1,2.36,Security Engineer,"IAM, Firewalls, Linux, SIEM",moderate,visual,devops engineer,remote,poor,yes,10,azure
male,"sinhala, tamil",bachelor's degree,software engineering,3.29,4,1,3.12,Information Security Analyst,"Incident Response, Compliance, SIEM, SOC Tools",moderate,auditory,security engineer,remote,excellent,no,9,google
female,"sinhala, tamil",bachelor's degree,information technology,3.16,1,2,3.47,Network Engineer,"TCP/IP, VPN, Switching, Cisco",moderate,kinesthetic,qa engineer,hybrid,poor,yes,9,aws
male,"english, sinhala, tamil",bachelor's degree,cyber security,4.0,4,2,3.84,System Administrator,"Windows Server, Bash, Linux, Virtualization",moderate,visual,devops engineer,remote,excellent,no,2,none
female,"english, sinhala, tamil",bachelor's degree,data science,3.55,3,1,3.61,IT Support Engineer,"Hardware, Troubleshooting, Networking, Ticketing Tools",excellent,auditory,data scientist,onsite,average,no,11,google
male,english,bachelor's degree,cyber security,2.93,3,2,3.1,Hardware Engineer,"PCB Design, Electronics, Arduino, Microcontrollers",low,kinesthetic,data scientist,hybrid,poor,no,2,cisco
male,tamil,bachelor's degree,information technology,2.7,4,1,2.39,QA Engineer,"Jira, Test Cases, API Testing, SQL",low,kinesthetic,devops engineer,onsite,poor,yes,6,google
female,sinhala,bachelor's degree,data science,3.39,3,2,3.82,Software Tester,"Selenium, Manual Testing, Test Plans, Bug Tracking",low,auditory,data scientist,hybrid,excellent,yes,10,azure
female,english,bachelor's degree,information technology,2.84,3,1,3.78,Automation Test Engineer,"Java, CI/CD, Cypress, Python",excellent,kinesthetic,security engineer,hybrid,poor,yes,10,google
male,"english, sinhala",bachelor's degree,software engineering,2.55,4,1,2.65,UI Designer,"Color Theory, Prototyping, Figma, Adobe XD",moderate,kinesthetic,systems analyst,onsite,poor,yes,10,aws
male,"english, sinhala",bachelor's degree,data science,3.68,4,2,3.37,UX Designer,"Prototyping, Figma, User Research, Wireframing",moderate,visual,software engineer,onsite,average,yes,6,azure
male,sinhala,bachelor's degree,cyber security,3.04,1,2,3.56,Product Designer,"UI Design, Figma, User Flow, Design Systems",moderate,visual,systems analyst,hybrid,average,no,7,none
female,"english, sinhala, tamil",bachelor's degree,computer science,3.43,4,2,2.34,Blockchain Developer,"Cryptography, Node.js, Solidity, Web3.js",moderate,visual,devops engineer,onsite,excellent,yes,1,cisco
male,sinhala,bachelor's degree,data science,2.85,2,2,3.42,IoT Engineer,"Sensors, Cloud Integration, C/C++, Arduino",excellent,auditory,security engineer,onsite,poor,no,12,none
female,"sinhala, tamil",bachelor's degree,data science,2.43,4,1,3.98,Embedded Systems Engineer,"C/C++, RTOS, PCB Design, Microcontrollers",excellent,kinesthetic,devops engineer,onsite,excellent,no,3,azure
male,"sinhala, tamil",bachelor's degree,computer science,3.83,3,2,2.91,AR/VR Developer,"Unreal Engine, XR SDKs, Unity, 3D Modeling",excellent,kinesthetic,qa engineer,remote,average,no,1,cisco
female,tamil,bachelor's degree,cyber security,3.3,1,2,3.95,SEO Specialist,"SEO Tools, Backlinks, Content Strategy, Keyword Research",moderate,visual,security engineer,hybrid,poor,yes,0,none
female,english,bachelor's degree,data science,2.3,1,1,3.38,IT Support Specialist,"Windows, Networking, Hardware, Ticketing Systems",moderate,auditory,qa engineer,hybrid,poor,yes,3,aws
female,english,bachelor's degree,information technology,4.0,2,2,3.07,Software Engineer,"SQL, Git, OOP, Spring Boot",low,auditory,security engineer,remote,excellent,no,12,aws
male,"tamil, english",bachelor's degree,data science,3.51,2,1,3.9,Full Stack Developer,"React, REST API, MongoDB, Express",excellent,auditory,qa engineer,remote,average,yes,12,none
male,tamil,bachelor's degree,cyber security,3.11,2,2,3.55,Frontend Developer,"HTML, React, CSS, JavaScript",moderate,kinesthetic,data scientist,remote,poor,no,2,aws
male,tamil,bachelor's degree,information technology,2.72,2,1,3.36,Backend Developer,"Microservices, Java, REST API, Node.js",excellent,visual,qa engineer,onsite,poor,no,11,cisco
female,tamil,bachelor's degree,computer science,3.89,2,2,2.64,Web Developer,"Bootstrap, JavaScript, PHP, HTML",low,visual,data scientist,remote,average,yes,12,cisco
female,"english, sinhala",bachelor's degree,computer science,3.74,1,1,3.4,Mobile App Developer,"Swift, Kotlin, REST API, Flutter",excellent,auditory,qa engineer,remote,average,yes,5,cisco
female,english,bachelor's degree,data science,3.17,3,1,2.66,Data Scientist,"Tableau, Pandas, NumPy, SQL",moderate,kinesthetic,security engineer,remote,poor,yes,6,azure
male,"english, sinhala",bachelor's degree,cyber security,2.33,2,2,3.5,Data Analyst,"Excel, SQL, Data Visualization, Power BI",low,visual,data scientist,hybrid,excellent,yes,12,azure
female,"sinhala, tamil",bachelor's degree,computer science,2.46,2,1,3.95,Machine Learning Engineer,"Pandas, TensorFlow, Scikit-learn, NumPy",excellent,auditory,software engineer,remote,excellent,yes,9,google
male,"english, sinhala, tamil",bachelor's degree,information technology,3.46,2,1,2.5,AI Engineer,"LLMs, TensorFlow, PyTorch, NLP",low,kinesthetic,systems analyst,hybrid,poor,yes,10,aws
male,"english, sinhala",bachelor's degree,cyber security,3.54,1,1,2.92,BI Developer,"Power BI, DAX, Excel, ETL Tools",moderate,auditory,data scientist,onsite,average,yes,6,none
female,sinhala,bachelor's degree,cyber security,3.31,2,2,3.9,DevOps Engineer,"CI/CD, Docker, AWS, Jenkins",moderate,kinesthetic,devops engineer,hybrid,average,no,6,aws
female,tamil,bachelor's degree,software engineering,3.61,4,1,2.39,Cloud Engineer,"Azure, AWS, Kubernetes, Terraform",low,visual,security engineer,onsite,excellent,yes,11,aws
female,tamil,bachelor's degree,cyber security,2.45,4,1,2.48,Cloud Architect,"Microservices, Networking, IaC, Scalability",low,auditory,systems analyst,onsite,excellent,yes,8,azure
female,"tamil, english",bachelor's degree,computer science,2.77,4,1,2.87,Cybersecurity Analyst,"Risk Analysis, Linux, SIEM, Python",low,auditory,systems analyst,onsite,poor,yes,11,aws
male,sinhala,bachelor's degree,cyber security,3.83,2,1,3.98,Ethical Hacker,"Nmap, Wireshark, Burp Suite, Python",low,auditory,data scientist,onsite,excellent,no,5,aws
male,"tamil, english",bachelor's degree,computer science,3.46,2,1,3.02,Security Engineer,"IAM, Encryption, Linux, SIEM",moderate,kinesthetic,security engineer,remote,excellent,no,2,aws
male,"tamil, english",bachelor's degree,data science,3.24,1,1,2.88,Information Security Analyst,"Compliance, SOC Tools, Networking, Incident Response",moderate,visual,security engineer,onsite,average,yes,10,aws
male,"sinhala, tamil",bachelor's degree,computer science,3.38,4,2,3.12,Network Engineer,"Switching, Routing, Firewalls, TCP/IP",excellent,auditory,qa engineer,remote,poor,yes,4,none
male,"tamil, english",bachelor's degree,software engineering,3.66,2,1,3.19,System Administrator,"Networking, Active Directory, Bash, Windows Server",excellent,visual,devops engineer,onsite,average,yes,1,none
male,english,bachelor's degree,information technology,2.52,3,1,2.57,IT Support Engineer,"Networking, Troubleshooting, Windows, Hardware",low,visual,systems analyst,onsite,poor,no,7,none
female,"tamil, english",bachelor's degree,cyber security,2.98,2,1,3.81,Hardware Engineer,"Embedded C, Electronics, Circuit Design, Arduino",excellent,auditory,devops engineer,remote,poor,no,7,none
male,sinhala,bachelor's degree,computer science,3.99,4,1,2.28,QA Engineer,"Jira, Test Cases, API Testing, Selenium",moderate,visual,data scientist,remote,average,yes,6,azure
female,"tamil, english",bachelor's degree,software engineering,3.03,3,1,3.4,Software Tester,"SQL, Selenium, Test Plans, Manual Testing",moderate,visual,devops engineer,hybrid,poor,no,1,aws
male,"sinhala, tamil",bachelor's degree,data science,3.2,1,2,2.84,Automation Test Engineer,"Java, Selenium, Python, TestNG",excellent,kinesthetic,qa engineer,onsite,excellent,no,7,google
male,sinhala,bachelor's degree,data science,2.35,1,1,2.27,UI Designer,"Figma, Color Theory, Adobe XD, Photoshop",low,kinesthetic,software engineer,onsite,average,no,6,aws
male,"english, sinhala, tamil",bachelor's degree,data science,2.14,4,1,2.35,UX Designer,"User Research, UX Testing, Figma, Wireframing",excellent,kinesthetic,software engineer,onsite,average,no,10,cisco
female,"sinhala, tamil",bachelor's degree,cyber security,3.91,1,1,3.97,Product Designer,"Design Systems, Figma, UX Research, Prototyping",moderate,visual,data scientist,hybrid,excellent,no,12,cisco
male,"tamil, english",bachelor's degree,information technology,2.76,1,1,2.86,Blockchain Developer,"Node.js, Solidity, Smart Contracts, Web3.js",moderate,kinesthetic,security engineer,remote,average,yes,2,aws
male,"sinhala, tamil",bachelor's degree,software engineering,2.43,2,1,3.7,IoT Engineer,"Raspberry Pi, C/C++, Sensors, Cloud Integration",excellent,auditory,data scientist,onsite,average,yes,2,azure
male,english,bachelor's degree,software engineering,3.31,4,2,2.4,Embedded Systems Engineer,"IoT, RTOS, Electronics, PCB Design",excellent,kinesthetic,systems analyst,remote,excellent,no,5,azure
male,"tamil, english",bachelor's degree,data science,3.08,2,2,3.48,AR/VR Developer,"Unity, C#, Unreal Engine, XR SDKs",excellent,visual,data scientist,remote,poor,no,7,google
male,tamil,bachelor's degree,data science,3.17,3,1,3.04,SEO Specialist,"Keyword Research, SEO Tools, Backlinks, HTML",moderate,kinesthetic,security engineer,remote,poor,yes,5,google
male,english,bachelor's degree,information technology,3.87,4,1,3.57,IT Support Specialist,"Hardware, Ticketing Systems, Troubleshooting, Windows",low,visual,devops engineer,hybrid,average,no,12,aws
female,tamil,bachelor's degree,cyber security,3.15,1,1,3.65,Software Engineer,"Git, Python, OOP, Spring Boot",moderate,kinesthetic,data scientist,hybrid,average,yes,10,none
female,sinhala,bachelor's degree,cyber security,3.05,2,1,3.4,Full Stack Developer,"MongoDB, React, REST API, Express",moderate,kinesthetic,data scientist,hybrid,average,no,2,google
male,"sinhala, tamil",bachelor's degree,computer science,2.32,3,2,3.45,Frontend Developer,"Tailwind CSS, CSS, TypeScript, React",excellent,auditory,security engineer,onsite,poor,no,12,google
female,"english, sinhala",bachelor's degree,computer science,3.03,3,2,2.4,Backend Developer,"Microservices, SQL, REST API, Node.js",moderate,visual,systems analyst,onsite,average,no,7,google
male,tamil,bachelor's degree,information technology,2.65,1,1,3.68,Web Developer,"MySQL, PHP, JavaScript, Bootstrap",low,kinesthetic,software engineer,remote,excellent,no,5,cisco
male,tamil,bachelor's degree,software engineering,3.68,1,2,2.4,Mobile App Developer,"Java, Firebase, REST API, Swift",excellent,visual,data scientist,hybrid,excellent,yes,6,azure
male,"sinhala, tamil",bachelor's degree,cyber security,3.02,3,2,3.21,Data Scientist,"SQL, Python, Pandas, Tableau",moderate,kinesthetic,systems analyst,onsite,poor,no,11,google
female,"english, sinhala",bachelor's degree,computer science,2.72,4,2,3.64,Data Analyst,"Python, Power BI, SQL, Statistics",low,visual,security engineer,onsite,average,yes,9,azure
male,"english, sinhala",bachelor's degree,information technology,2.72,2,1,3.13,Machine Learning Engineer,"Deep Learning, Pandas, Python, Scikit-learn",moderate,visual,devops engineer,remote,excellent,no,3,cisco
female,"tamil, english",bachelor's degree,computer science,2.87,4,1,3.78,AI Engineer,"LLMs, NLP, TensorFlow, PyTorch",moderate,visual,data scientist,onsite,average,no,6,cisco
male,tamil,bachelor's degree,information technology,2.72,4,1,2.97,BI Developer,"SQL, ETL Tools, Power BI, Excel",low,visual,security engineer,onsite,excellent,no,1,google
female,"english, sinhala",bachelor's degree,information technology,2.84,4,2,2.39,DevOps Engineer,"Kubernetes, AWS, Docker, Jenkins",moderate,kinesthetic,data scientist,hybrid,poor,yes,4,cisco
male,"english, sinhala, tamil",bachelor's degree,computer science,3.62,2,2,3.28,Cloud Engineer,"Terraform, GCP, Kubernetes, Azure",moderate,visual,systems analyst,hybrid,excellent,no,5,cisco
male,"tamil, english",bachelor's degree,software engineering,3.49,1,1,2.7,Cloud Architect,"Scalability, IaC, AWS/Azure Design, Microservices",low,visual,devops engineer,hybrid,average,yes,3,none
male,"english, sinhala, tamil",bachelor's degree,computer science,4.0,4,2,3.56,Cybersecurity Analyst,"Firewalls, Linux, Risk Analysis, SIEM",excellent,kinesthetic,data scientist,onsite,average,yes,9,none
female,tamil,bachelor's degree,cyber security,2.72,2,2,3.18,Ethical Hacker,"Burp Suite, Metasploit, Wireshark, Kali Linux",excellent,auditory,security engineer,remote,poor,no,9,google
male,"english, sinhala",bachelor's degree,software engineering,3.53,2,1,4.0,Security Engineer,"Encryption, IAM, SIEM, Cloud Security",moderate,visual,systems analyst,hybrid,average,no,2,azure
female,english,bachelor's degree,cyber security,3.03,4,2,2.91,Information Security Analyst,"Risk Assessment, Networking, SIEM, Compliance",low,kinesthetic,qa engineer,onsite,excellent,yes,0,azure
male,"sinhala, tamil",bachelor's degree,data science,3.85,2,2,2.59,Network Engineer,"Switching, Cisco, Routing, Firewalls",low,visual,qa engineer,remote,excellent,yes,1,none
male,english,bachelor's degree,cyber security,3.2,1,1,2.78,System Administrator,"Virtualization, Linux, Active Directory, Networking",low,visual,data scientist,hybrid,excellent,yes,8,cisco
female,"english, sinhala",bachelor's degree,information technology,3.55,1,2,3.1,IT Support Engineer,"Troubleshooting, Active Directory, Windows, Ticketing Tools",low,kinesthetic,security engineer,onsite,excellent,no,4,azure
female,"sinhala, tamil",bachelor's degree,cyber security,2.93,1,2,2.72,Hardware Engineer,"Microcontrollers, Embedded C, Circuit Design, Electronics",excellent,visual,security engineer,remote,poor,yes,9,azure
female,tamil,bachelor's degree,data science,3.14,2,1,2.93,QA Engineer,"API Testing, Test Cases, Manual Testing, SQL",excellent,visual,data scientist,hybrid,poor,no,12,google
female,sinhala,bachelor's degree,cyber security,2.54,2,1,2.88,Software Tester,"Bug Tracking, Manual Testing, SQL, Agile",excellent,kinesthetic,data scientist,remote,average,yes,5,aws
female,tamil,bachelor's degree,cyber security,2.05,4,1,2.42,Automation Test Engineer,"Java, TestNG, Selenium, Cypress",excellent,visual,data scientist,onsite,average,yes,10,azure
female,"english, sinhala, tamil",bachelor's degree,data science,3.47,2,1,2.95,UI Designer,"Figma, UI Principles, Adobe XD, Color Theory",excellent,kinesthetic,systems analyst,remote,excellent,yes,3,aws
male,"english, sinhala",bachelor's degree,cyber security,3.13,4,1,2.62,UX Designer,"Psychology, User Research, Wireframing, Prototyping",moderate,auditory,software engineer,hybrid,excellent,no,6,cisco
female,"english, sinhala",bachelor's degree,software engineering,3.55,4,2,3.35,Product Designer,"Design Systems, Prototyping, User Flow, Figma",excellent,visual,software engineer,onsite,poor,no,9,none
female,"tamil, english",bachelor's degree,cyber security,2.84,2,2,3.1,Blockchain Developer,"Cryptography, Solidity, Web3.js, Ethereum",moderate,visual,software engineer,onsite,excellent,no,3,aws
female,"english, sinhala",bachelor's degree,computer science,3.57,2,2,3.36,IoT Engineer,"C/C++, Arduino, MQTT, Raspberry Pi",low,auditory,systems analyst,hybrid,average,no,10,google
female,tamil,bachelor's degree,software engineering,3.09,2,1,3.29,Embedded Systems Engineer,"PCB Design, C/C++, RTOS, Microcontrollers",moderate,auditory,software engineer,remote,poor,yes,11,google
male,"tamil, english",bachelor's degree,information technology,3.33,2,1,3.29,AR/VR Developer,"Blender, 3D Modeling, Unity, Unreal Engine",moderate,kinesthetic,security engineer,hybrid,average,yes,3,cisco
male,english,bachelor's degree,software engineering,2.01,2,2,2.82,SEO Specialist,"Keyword Research, SEO Tools, Content Strategy, Backlinks",moderate,auditory,systems analyst,hybrid,average,yes,0,cisco
female,tamil,bachelor's degree,cyber security,3.17,4,2,2.97,IT Support Specialist,"Ticketing Systems, Windows, Active Directory, Troubleshooting",low,auditory,data scientist,onsite,average,yes,11,aws
male,tamil,bachelor's degree,information technology,3.68,1,2,2.98,Software Engineer,"Spring Boot, Python, OOP, Git",low,visual,qa engineer,hybrid,excellent,yes,1,cisco
male,english,bachelor's degree,information technology,3.93,2,2,3.32,Full Stack Developer,"REST API, MongoDB, Node.js, Express",moderate,auditory,data scientist,hybrid,average,no,12,cisco
female,"sinhala, tamil",bachelor's degree,cyber security,2.92,1,2,2.55,Frontend Developer,"HTML, JavaScript, CSS, Tailwind CSS",moderate,kinesthetic,software engineer,remote,average,no,6,none
female,sinhala,bachelor's degree,cyber security,2.47,4,1,3.91,Backend Developer,"SQL, Spring Boot, Java, REST API",moderate,auditory,security engineer,onsite,poor,yes,1,azure
male,english,bachelor's degree,computer science,2.7,4,1,3.04,Web Developer,"CSS, PHP, JavaScript, MySQL",moderate,auditory,systems analyst,onsite,average,yes,10,azure
female,sinhala,bachelor's degree,cyber security,2.83,2,1,2.45,Mobile App Developer,"Kotlin, Swift, Java, Firebase",moderate,auditory,software engineer,remote,average,no,11,aws
female,"sinhala, tamil",bachelor's degree,computer science,3.05,1,1,2.71,Data Scientist,"SQL, Pandas, Machine Learning, NumPy",excellent,visual,security engineer,remote,excellent,no,5,aws
male,english,bachelor's degree,cyber security,3.78,2,1,3.03,Data Analyst,"Python, Power BI, Excel, SQL",excellent,auditory,qa engineer,remote,excellent,yes,11,aws
female,english,bachelor's degree,software engineering,2.84,2,1,3.82,Machine Learning Engineer,"Deep Learning, NumPy, TensorFlow, Python",low,kinesthetic,systems analyst,onsite,poor,yes,1,aws
female,"sinhala, tamil",bachelor's degree,information technology,3.68,2,2,3.37,AI Engineer,"TensorFlow, LLMs, NLP, Python",excellent,auditory,devops engineer,hybrid,poor,yes,10,cisco
female,english,bachelor's degree,cyber security,2.99,1,2,3.87,BI Developer,"DAX, SQL, ETL Tools, Power BI",moderate,visual,data scientist,hybrid,average,yes,1,google
female,"english, sinhala, tamil",bachelor's degree,cyber security,3.64,3,1,3.65,DevOps Engineer,"Docker, Linux, Kubernetes, Jenkins",low,auditory,devops engineer,hybrid,average,yes,11,azure
female,"english, sinhala, tamil",bachelor's degree,computer science,2.27,1,2,2.68,Cloud Engineer,"Docker, AWS, Azure, GCP",moderate,visual,security engineer,hybrid,excellent,no,6,aws
female,"english, sinhala, tamil",bachelor's degree,cyber security,3.83,1,1,3.13,Cloud Architect,"Scalability, Security, Networking, Microservices",low,visual,systems analyst,hybrid,excellent,no,0,aws
female,"english, sinhala",bachelor's degree,computer science,2.87,1,2,3.2,Cybersecurity Analyst,"Python, Networking, Risk Analysis, SIEM",moderate,auditory,systems analyst,hybrid,poor,yes,3,cisco
male,"english, sinhala, tamil",bachelor's degree,cyber security,3.39,2,2,2.67,Ethical Hacker,"Python, Nmap, Kali Linux, Wireshark",low,visual,data scientist,hybrid,poor,yes,0,google
male,"sinhala, tamil",bachelor's degree,data science,2.79,4,2,3.98,Security Engineer,"Cloud Security, IAM, SIEM, Linux",moderate,visual,software engineer,remote,average,no,12,google
female,"english, sinhala, tamil",bachelor's degree,computer science,2.09,4,1,2.98,Information Security Analyst,"SIEM, Networking, Risk Assessment, SOC Tools",excellent,auditory,security engineer,remote,excellent,no,0,azure
female,"sinhala, tamil",bachelor's degree,software engineering,2.94,4,2,3.12,Network Engineer,"TCP/IP, VPN, Cisco, Routing",excellent,kinesthetic,data scientist,hybrid,poor,yes,1,cisco
female,"english, sinhala",bachelor's degree,data science,3.5,3,1,3.46,System Administrator,"Linux, Windows Server, Active Directory, Virtualization",moderate,kinesthetic,qa engineer,remote,average,no,5,none
female,english,bachelor's degree,information technology,3.45,4,1,2.64,IT Support Engineer,"Troubleshooting, Windows, Networking, Hardware",moderate,auditory,qa engineer,hybrid,poor,no,12,aws
female,"english, sinhala",bachelor's degree,computer science,2.56,2,2,3.97,Hardware Engineer,"Arduino, Embedded C, Circuit Design, Electronics",low,visual,data scientist,remote,poor,yes,0,azure
female,sinhala,bachelor's degree,data science,3.54,2,2,3.58,QA Engineer,"SQL, Selenium, Test Cases, Jira",excellent,visual,security engineer,remote,average,no,1,azure
male,"tamil, english",bachelor's degree,software engineering,2.73,4,1,3.24,Software Tester,"Agile, Bug Tracking, Selenium, Test Plans",low,auditory,data scientist,onsite,excellent,no,9,cisco
male,sinhala,bachelor's degree,information technology,2.43,4,2,2.4,Automation Test Engineer,"CI/CD, TestNG, Java, Python",moderate,visual,qa engineer,onsite,excellent,no,12,aws
male,"english, sinhala",bachelor's degree,data science,2.95,3,2,3.38,UI Designer,"Prototyping, Photoshop, Color Theory, Figma",moderate,visual,security engineer,hybrid,excellent,yes,0,azure
female,"sinhala, tamil",bachelor's degree,cyber security,2.85,4,1,3.51,UX Designer,"User Research, Psychology, UX Testing, Prototyping",moderate,visual,qa engineer,hybrid,excellent,no,7,google
male,"tamil, english",bachelor's degree,cyber security,3.71,2,2,3.4,Product Designer,"UX Research, Prototyping, User Flow, Figma",excellent,kinesthetic,devops engineer,remote,average,no,3,aws
female,"english, sinhala",bachelor's degree,data science,2.42,2,1,3.01,Blockchain Developer,"Solidity, Ethereum, Node.js, Smart Contracts",excellent,auditory,qa engineer,onsite,poor,yes,12,aws
male,english,bachelor's degree,computer science,3.73,2,1,3.79,IoT Engineer,"Arduino, Raspberry Pi, C/C++, Cloud Integration",moderate,kinesthetic,qa engineer,onsite,excellent,yes,7,none
female,"english, sinhala, tamil",bachelor's degree,software engineering,3.5,3,2,2.81,Embedded Systems Engineer,"C/C++, Microcontrollers, Electronics, RTOS",excellent,kinesthetic,security engineer,onsite,poor,no,9,aws
female,"english, sinhala, tamil",bachelor's degree,computer science,2.09,2,1,3.25,AR/VR Developer,"3D Modeling, Unity, XR SDKs, Blender",moderate,kinesthetic,security engineer,hybrid,average,no,7,azure
female,sinhala,bachelor's degree,cyber security,3.61,4,2,3.46,SEO Specialist,"HTML, SEO Tools, Content Strategy, Google Analytics",excellent,visual,devops engineer,onsite,average,yes,3,none
female,english,bachelor's degree,information technology,2.89,1,2,2.85,IT Support Specialist,"Networking, Active Directory, Troubleshooting, Hardware",low,visual,security engineer,onsite,excellent,no,4,azure
female,"sinhala, tamil",bachelor's degree,information technology,2.27,4,1,2.5,Software Engineer,"Java, Spring Boot, SQL, Python",low,auditory,software engineer,hybrid,average,yes,3,aws
male,"tamil, english",bachelor's degree,information technology,3.49,2,1,3.03,Full Stack Developer,"REST API, JavaScript, React, Express",moderate,visual,qa engineer,remote,poor,yes,2,none
female,"english, sinhala, tamil",bachelor's degree,software engineering,2.39,1,1,3.69,Frontend Developer,"HTML, React, TypeScript, JavaScript",low,auditory,software engineer,onsite,average,no,4,azure
male,english,bachelor's degree,cyber security,3.31,2,2,3.32,Backend Developer,"Spring Boot, SQL, Java, Node.js",moderate,visual,data scientist,onsite,average,yes,9,aws
female,"english, sinhala, tamil",bachelor's degree,software engineering,2.84,4,1,3.8,Web Developer,"HTML, PHP, Bootstrap, MySQL",low,auditory,systems analyst,hybrid,poor,yes,2,azure
female,"english, sinhala",bachelor's degree,cyber security,2.62,3,2,3.08,Mobile App Developer,"Firebase, Flutter, Java, Kotlin",low,auditory,qa engineer,onsite,poor,no,7,none
female,"tamil, english",bachelor's degree,software engineering,3.07,1,2,2.82,Data Scientist,"NumPy, Machine Learning, Python, Tableau",moderate,kinesthetic,devops engineer,remote,poor,yes,9,none
male,"tamil, english",bachelor's degree,cyber security,3.56,3,1,2.29,Data Analyst,"Data Visualization, SQL, Statistics, Python",low,auditory,software engineer,onsite,poor,yes,12,aws
male,"english, sinhala",bachelor's degree,software engineering,3.54,1,2,2.82,Machine Learning Engineer,"TensorFlow, NumPy, Scikit-learn, Deep Learning",excellent,auditory,data scientist,onsite,poor,yes,11,aws
male,"tamil, english",bachelor's degree,cyber security,3.14,2,1,3.42,AI Engineer,"NLP, Data Processing, LLMs, PyTorch",excellent,visual,software engineer,onsite,excellent,yes,10,cisco
male,"english, sinhala, tamil",bachelor's degree,cyber security,2.54,3,2,3.13,BI Developer,"SQL, ETL Tools, DAX, Excel",low,kinesthetic,devops engineer,remote,poor,yes,2,cisco
female,english,bachelor's degree,computer science,3.37,1,1,2.75,DevOps Engineer,"CI/CD, Docker, Linux, Kubernetes",moderate,kinesthetic,devops engineer,remote,poor,no,4,google
male,english,bachelor's degree,software engineering,3.19,1,1,2.25,Cloud Engineer,"AWS, Terraform, Docker, Azure",excellent,auditory,devops engineer,remote,excellent,no,3,azure
male,"sinhala, tamil",bachelor's degree,cyber security,2.73,1,1,2.69,Cloud Architect,"Networking, AWS/Azure Design, Security, IaC",excellent,kinesthetic,data scientist,hybrid,excellent,no,4,azure
male,tamil,bachelor's degree,computer science,3.24,3,2,3.45,Cybersecurity Analyst,"Risk Analysis, Firewalls, SIEM, Linux",low,kinesthetic,systems analyst,hybrid,poor,yes,7,cisco
female,"tamil, english",bachelor's degree,data science,2.98,3,1,3.39,Ethical Hacker,"Metasploit, Burp Suite, Nmap, Python",low,kinesthetic,software engineer,hybrid,poor,no,10,azure
female,sinhala,bachelor's degree,computer science,4.0,3,1,3.99,Security Engineer,"Encryption, Linux, IAM, Cloud Security",low,visual,systems analyst,remote,average,yes,11,cisco
female,"english, sinhala",bachelor's degree,computer science,3.27,1,2,3.77,Information Security Analyst,"SIEM, Compliance, SOC Tools, Incident Response",moderate,kinesthetic,devops engineer,onsite,excellent,yes,9,aws
male,"tamil, english",bachelor's degree,cyber security,3.1,3,1,3.31,Network Engineer,"Firewalls, Routing, Switching, Cisco",moderate,auditory,devops engineer,onsite,average,yes,10,aws
female,"english, sinhala",bachelor's degree,computer science,3.48,1,2,2.33,System Administrator,"Bash, Linux, Virtualization, Windows Server",moderate,auditory,devops engineer,onsite,poor,yes,7,google
female,"tamil, english",bachelor's degree,software engineering,3.64,3,1,2.31,IT Support Engineer,"Windows, Troubleshooting, Active Directory, Networking",moderate,auditory,software engineer,remote,excellent,yes,11,azure
female,sinhala,bachelor's degree,data science,2.19,2,1,3.91,Hardware Engineer,"Embedded C, Electronics, Microcontrollers, Circuit Design",excellent,auditory,qa engineer,hybrid,excellent,no,10,aws
male,sinhala,bachelor's degree,software engineering,3.09,3,2,2.4,QA Engineer,"Selenium, SQL, Test Cases, Jira",excellent,kinesthetic,qa engineer,hybrid,excellent,yes,11,aws
female,tamil,bachelor's degree,data science,3.56,2,2,2.45,Software Tester,"Bug Tracking, SQL, Test Plans, Agile",excellent,kinesthetic,systems analyst,onsite,excellent,yes,3,cisco
female,english,bachelor's degree,software engineering,3.09,1,1,2.84,Automation Test Engineer,"CI/CD, TestNG, Java, Selenium",moderate,kinesthetic,software engineer,onsite,average,yes,3,google
male,"sinhala, tamil",bachelor's degree,information technology,2.34,4,1,2.57,UI Designer,"Prototyping, Photoshop, UI Principles, Figma",excellent,auditory,data scientist,onsite,excellent,yes,1,cisco
male,"english, sinhala",bachelor's degree,data science,2.9,3,2,3.77,UX Designer,"UX Testing, Figma, User Research, Psychology",low,visual,data scientist,remote,excellent,yes,1,cisco
female,english,bachelor's degree,software engineering,3.24,4,2,3.02,Product Designer,"User Flow, Design Systems, UI Design, Prototyping",moderate,auditory,security engineer,hybrid,average,no,8,aws
male,"english, sinhala, tamil",bachelor's degree,data science,3.49,3,2,2.38,Blockchain Developer,"Solidity, Cryptography, Ethereum, Node.js",moderate,kinesthetic,systems analyst,onsite,excellent,no,7,none
male,tamil,bachelor's degree,computer science,3.57,4,1,2.74,IoT Engineer,"Arduino, C/C++, Raspberry Pi, Sensors",excellent,kinesthetic,security engineer,hybrid,excellent,no,6,google
male,"sinhala, tamil",bachelor's degree,data science,3.72,4,1,2.69,Embedded Systems Engineer,"RTOS, PCB Design, C/C++, Microcontrollers",excellent,kinesthetic,devops engineer,onsite,excellent,no,4,none
male,"tamil, english",bachelor's degree,cyber security,3.96,1,2,3.0,AR/VR Developer,"C#, Unreal Engine, 3D Modeling, Unity",low,auditory,software engineer,remote,average,no,4,none
male,english,bachelor's degree,software engineering,3.32,3,2,2.44,SEO Specialist,"SEO Tools, HTML, Keyword Research, Content Strategy",moderate,auditory,qa engineer,remote,excellent,no,0,none
female,"english, sinhala",bachelor's degree,cyber security,3.46,2,2,3.32,IT Support Specialist,"Active Directory, Networking, Troubleshooting, Hardware",excellent,visual,devops engineer,hybrid,excellent,no,6,aws
male,english,bachelor's degree,software engineering,2.34,4,2,2.5,Software Engineer,"Git, SQL, OOP, Python",excellent,auditory,software engineer,remote,average,yes,3,none
female,"english, sinhala, tamil",bachelor's degree,computer science,2.08,1,1,3.13,Full Stack Developer,"Node.js, REST API, Express, MongoDB",moderate,auditory,qa engineer,hybrid,excellent,no,4,cisco
male,english,bachelor's degree,software engineering,2.55,3,1,2.98,Frontend Developer,"TypeScript, CSS, HTML, React",low,visual,qa engineer,hybrid,excellent,no,8,azure
male,"tamil, english",bachelor's degree,computer science,3.53,1,1,2.84,Backend Developer,"REST API, Java, Microservices, SQL",moderate,visual,data scientist,onsite,poor,no,4,aws
female,"english, sinhala",bachelor's degree,data science,3.6,2,2,3.79,Web Developer,"JavaScript, HTML, Bootstrap, CSS",moderate,kinesthetic,software engineer,hybrid,average,no,4,none
female,"sinhala, tamil",bachelor's degree,cyber security,4.0,2,2,2.9,Mobile App Developer,"Java, Firebase, REST API, Kotlin",low,visual,systems analyst,remote,poor,yes,4,aws
female,sinhala,bachelor's degree,cyber security,2.55,1,2,2.72,Data Scientist,"Tableau, Machine Learning, Python, Pandas",moderate,auditory,devops engineer,remote,poor,no,6,azure
female,"english, sinhala",bachelor's degree,data science,2.46,3,1,3.75,Data Analyst,"Excel, Power BI, Python, SQL",low,visual,qa engineer,remote,average,no,0,azure
female,"english, sinhala, tamil",bachelor's degree,computer science,3.58,4,1,3.11,Machine Learning Engineer,"Pandas, Python, NumPy, Scikit-learn",low,kinesthetic,data scientist,hybrid,excellent,no,10,google
male,tamil,bachelor's degree,cyber security,3.64,2,2,2.82,AI Engineer,"Python, PyTorch, Data Processing, TensorFlow",low,kinesthetic,software engineer,onsite,poor,no,0,azure
female,sinhala,bachelor's degree,information technology,3.19,1,2,3.42,BI Developer,"ETL Tools, Power BI, SQL, Tableau",low,auditory,systems analyst,onsite,excellent,yes,12,cisco
female,sinhala,bachelor's degree,data science,3.72,4,2,2.86,DevOps Engineer,"AWS, Jenkins, Kubernetes, Linux",excellent,visual,data scientist,remote,poor,yes,2,none
female,"english, sinhala, tamil",bachelor's degree,data science,3.21,4,1,3.06,Cloud Engineer,"AWS, Terraform, Kubernetes, Docker",moderate,auditory,systems analyst,remote,average,yes,1,google
female,"sinhala, tamil",bachelor's degree,data science,2.84,2,2,3.93,Cloud Architect,"IaC, Networking, Microservices, Security",excellent,kinesthetic,security engineer,onsite,poor,no,9,aws
male,"english, sinhala, tamil",bachelor's degree,software engineering,4.0,1,2,2.29,Cybersecurity Analyst,"Firewalls, Risk Analysis, SIEM, Networking",excellent,auditory,data scientist,remote,average,no,5,aws
female,"sinhala, tamil",bachelor's degree,information technology,3.11,3,2,3.24,Ethical Hacker,"Python, Nmap, Metasploit, Kali Linux",moderate,visual,software engineer,onsite,excellent,yes,7,azure
male,"english, sinhala",bachelor's degree,software engineering,3.31,4,1,3.46,Security Engineer,"IAM, Linux, Cloud Security, Encryption",low,visual,software engineer,hybrid,excellent,yes,10,none
male,sinhala,bachelor's degree,cyber security,2.18,2,2,3.71,Information Security Analyst,"Incident Response, SIEM, Risk Assessment, Networking",excellent,kinesthetic,systems analyst,remote,excellent,yes,12,azure
female,english,bachelor's degree,software engineering,2.11,2,1,2.9,Network Engineer,"Firewalls, Switching, Routing, Cisco",moderate,auditory,software engineer,hybrid,poor,yes,6,none
female,english,bachelor's degree,cyber security,2.69,2,1,2.22,System Administrator,"Active Directory, Bash, Linux, Windows Server",excellent,auditory,devops engineer,hybrid,average,yes,0,none
female,"english, sinhala",bachelor's degree,data science,2.55,3,2,3.78,IT Support Engineer,"Active Directory, Networking, Troubleshooting, Hardware",moderate,visual,qa engineer,onsite,average,no,4,aws
male,"english, sinhala, tamil",bachelor's degree,data science,3.79,3,1,3.4,Hardware Engineer,"Microcontrollers, Embedded C, Electronics, PCB Design",low,kinesthetic,data scientist,remote,excellent,no,3,google
female,"tamil, english",bachelor's degree,data science,2.37,3,2,2.89,QA Engineer,"API Testing, Jira, Test Cases, SQL",excellent,kinesthetic,software engineer,remote,average,no,12,google
male,"tamil, english",bachelor's degree,computer science,3.18,1,2,3.94,Software Tester,"Test Plans, Agile, SQL, Bug Tracking",excellent,auditory,systems analyst,hybrid,average,yes,7,none
male,"tamil, english",bachelor's degree,software engineering,2.19,4,2,2.84,Automation Test Engineer,"Python, Cypress, CI/CD, TestNG",low,auditory,software engineer,remote,excellent,yes,5,google
female,tamil,bachelor's degree,computer science,2.77,4,1,2.91,UI Designer,"Color Theory, UI Principles, Figma, Adobe XD",excellent,kinesthetic,systems analyst,remote,poor,no,5,azure
female,tamil,bachelor's degree,data science,3.03,4,2,3.18,UX Designer,"Prototyping, Psychology, Figma, User Research",excellent,auditory,qa engineer,remote,average,no,10,azure
female,"english, sinhala",bachelor's degree,computer science,3.74,3,2,3.91,Product Designer,"Figma, User Flow, Design Systems, UX Research",low,auditory,software engineer,hybrid,excellent,yes,7,azure
female,"english, sinhala",bachelor's degree,software engineering,3.65,2,2,2.98,Blockchain Developer,"Solidity, Smart Contracts, Node.js, Cryptography",moderate,kinesthetic,software engineer,hybrid,poor,no,11,google
female,"tamil, english",bachelor's degree,software engineering,2.71,2,1,2.25,IoT Engineer,"Arduino, C/C++, Cloud Integration, Raspberry Pi",moderate,auditory,security engineer,hybrid,average,no,11,cisco
male,"sinhala, tamil",bachelor's degree,computer science,2.63,3,1,3.97,Embedded Systems Engineer,"C/C++, Electronics, RTOS, PCB Design",excellent,visual,data scientist,onsite,average,no,9,none
male,"tamil, english",bachelor's degree,software engineering,2.18,1,1,3.76,AR/VR Developer,"Blender, 3D Modeling, Unity, Unreal Engine",moderate,auditory,security engineer,hybrid,poor,no,7,aws
male,sinhala,bachelor's degree,cyber security,3.88,3,2,2.63,SEO Specialist,"HTML, Content Strategy, Keyword Research, Backlinks",moderate,kinesthetic,security engineer,remote,average,yes,2,google
male,"tamil, english",bachelor's degree,computer science,2.43,1,1,3.26,IT Support Specialist,"Ticketing Systems, Windows, Hardware, Networking",moderate,auditory,security engineer,hybrid,excellent,yes,7,none
male,"english, sinhala",bachelor's degree,information technology,3.42,1,2,3.78,Software Engineer,"Java, OOP, Spring Boot, SQL",low,kinesthetic,security engineer,onsite,average,no,3,azure
male,"english, sinhala, tamil",bachelor's degree,information technology,2.7,2,2,3.52,Full Stack Developer,"Node.js, REST API, Express, React",excellent,visual,security engineer,onsite,excellent,yes,0,azure
male,english,bachelor's degree,computer science,2.02,3,1,2.29,Frontend Developer,"HTML, JavaScript, TypeScript, React",moderate,auditory,software engineer,onsite,poor,yes,1,cisco
male,"english, sinhala",bachelor's degree,data science,3.31,3,2,3.3,Backend Developer,"Spring Boot, Node.js, SQL, REST API",excellent,visual,qa engineer,hybrid,poor,no,1,none
female,sinhala,bachelor's degree,cyber security,3.31,4,2,3.05,Web Developer,"JavaScript, PHP, Bootstrap, CSS",excellent,auditory,security engineer,remote,poor,no,4,cisco
female,english,bachelor's degree,information technology,3.89,3,2,2.63,Mobile App Developer,"Firebase, Java, Swift, Kotlin",moderate,visual,data scientist,remote,poor,yes,0,google
female,"english, sinhala",bachelor's degree,data science,2.83,2,1,2.83,Data Scientist,"NumPy, Machine Learning, Python, Pandas",excellent,kinesthetic,systems analyst,hybrid,excellent,yes,10,cisco
male,"sinhala, tamil",bachelor's degree,data science,2.03,3,2,3.25,Data Analyst,"Python, SQL, Power BI, Excel",moderate,visual,systems analyst,onsite,poor,yes,7,cisco
female,"tamil, english",bachelor's degree,cyber security,3.25,3,1,2.65,Machine Learning Engineer,"NumPy, TensorFlow, Pandas, Deep Learning",excellent,visual,devops engineer,onsite,poor,yes,8,none
female,"tamil, english",bachelor's degree,information technology,2.94,1,2,3.14,AI Engineer,"PyTorch, TensorFlow, LLMs, NLP",low,visual,systems analyst,onsite,excellent,no,9,aws
male,"english, sinhala",bachelor's degree,data science,2.96,4,1,3.04,BI Developer,"Power BI, DAX, Excel, Tableau",low,kinesthetic,data scientist,onsite,poor,yes,6,aws
female,"english, sinhala",bachelor's degree,information technology,2.97,3,2,3.07,DevOps Engineer,"Docker, Linux, AWS, Jenkins",low,auditory,devops engineer,hybrid,poor,no,5,azure
female,"tamil, english",bachelor's degree,computer science,3.94,3,1,2.38,Cloud Engineer,"Kubernetes, Docker, Azure, AWS",moderate,kinesthetic,devops engineer,remote,poor,no,2,cisco
female,"english, sinhala, tamil",bachelor's degree,computer science,2.47,4,1,3.67,Cloud Architect,"AWS/Azure Design, IaC, Scalability, Microservices",low,auditory,data scientist,hybrid,average,no,8,aws
female,"english, sinhala, tamil",bachelor's degree,computer science,3.39,2,2,3.58,Cybersecurity Analyst,"SIEM, Linux, Networking, Firewalls",low,kinesthetic,devops engineer,hybrid,poor,yes,11,cisco
female,"english, sinhala, tamil",bachelor's degree,data science,3.91,3,1,3.24,Ethical Hacker,"Metasploit, Nmap, Kali Linux, Python",low,visual,systems analyst,remote,average,no,5,aws
female,sinhala,bachelor's degree,data science,3.72,2,2,3.75,Security Engineer,"IAM, SIEM, Linux, Encryption",low,auditory,devops engineer,remote,average,yes,12,azure
female,"english, sinhala, tamil",bachelor's degree,data science,4.0,4,2,3.88,Information Security Analyst,"Incident Response, Networking, SIEM, Risk Assessment",excellent,auditory,devops engineer,remote,average,no,11,azure
female,"tamil, english",bachelor's degree,software engineering,3.29,3,1,3.17,Network Engineer,"Cisco, Switching, VPN, TCP/IP",excellent,visual,qa engineer,hybrid,poor,yes,1,azure
male,sinhala,bachelor's degree,cyber security,3.64,4,1,3.14,System Administrator,"Windows Server, Networking, Linux, Bash",low,kinesthetic,security engineer,remote,excellent,yes,2,aws
female,tamil,bachelor's degree,computer science,3.32,4,1,3.24,IT Support Engineer,"Networking, Ticketing Tools, Windows, Active Directory",moderate,kinesthetic,security engineer,onsite,excellent,yes,5,aws
male,"english, sinhala",bachelor's degree,software engineering,3.92,1,1,2.39,Hardware Engineer,"PCB Design, Arduino, Microcontrollers, Electronics",low,kinesthetic,qa engineer,onsite,excellent,no,4,aws
female,english,bachelor's degree,computer science,3.62,3,2,3.24,QA Engineer,"Selenium, SQL, API Testing, Manual Testing",moderate,visual,security engineer,onsite,average,yes,8,google
female,english,bachelor's degree,software engineering,3.46,1,2,3.42,Software Tester,"Selenium, SQL, Test Plans, Bug Tracking",excellent,auditory,devops engineer,onsite,average,yes,11,aws
female,"tamil, english",bachelor's degree,computer science,3.06,3,2,3.86,Automation Test Engineer,"Java, CI/CD, Python, Selenium",low,visual,data scientist,onsite,excellent,no,6,none
male,"english, sinhala",bachelor's degree,computer science,3.77,1,1,2.38,UI Designer,"Photoshop, Prototyping, Figma, Adobe XD",excellent,auditory,software engineer,remote,poor,yes,3,none
male,tamil,bachelor's degree,data science,3.12,3,1,3.65,UX Designer,"Figma, Psychology, User Research, UX Testing",low,kinesthetic,qa engineer,hybrid,average,yes,11,cisco
male,"english, sinhala",bachelor's degree,data science,2.15,1,2,2.75,Product Designer,"UI Design, UX Research, Design Systems, Figma",excellent,auditory,data scientist,hybrid,average,no,7,google
female,"english, sinhala, tamil",bachelor's degree,software engineering,2.33,3,1,2.26,Blockchain Developer,"Node.js, Web3.js, Cryptography, Smart Contracts",low,kinesthetic,security engineer,hybrid,poor,yes,9,aws
female,english,bachelor's degree,computer science,3.62,1,2,3.34,IoT Engineer,"Raspberry Pi, MQTT, Sensors, Cloud Integration",moderate,auditory,qa engineer,remote,average,yes,5,google
male,"tamil, english",bachelor's degree,computer science,2.82,4,2,2.95,Embedded Systems Engineer,"C/C++, IoT, RTOS, Electronics",low,kinesthetic,systems analyst,remote,average,yes,1,cisco
female,"sinhala, tamil",bachelor's degree,cyber security,3.17,1,2,2.41,AR/VR Developer,"Unreal Engine, C#, Unity, Blender",moderate,auditory,data scientist,onsite,excellent,yes,9,aws
male,"english, sinhala, tamil",bachelor's degree,cyber security,3.96,1,1,3.9,SEO Specialist,"Content Strategy, Google Analytics, HTML, Backlinks",low,kinesthetic,systems analyst,hybrid,poor,yes,5,google
male,"english, sinhala, tamil",bachelor's degree,data science,3.93,3,2,2.45,IT Support Specialist,"Troubleshooting, Windows, Hardware, Active Directory",excellent,auditory,systems analyst,onsite,poor,yes,9,azure
female,"tamil, english",bachelor's degree,computer science,3.13,4,1,2.9,Software Engineer,"Git, Python, Spring Boot, SQL",moderate,kinesthetic,security engineer,hybrid,average,yes,3,azure
male,"tamil, english",bachelor's degree,information technology,3.0,3,1,3.16,Full Stack Developer,"Node.js, React, REST API, MongoDB",low,visual,qa engineer,onsite,excellent,yes,7,none
female,"tamil, english",bachelor's degree,information technology,2.63,3,2,3.11,Frontend Developer,"JavaScript, React, CSS, TypeScript",low,visual,qa engineer,onsite,excellent,yes,9,aws
male,sinhala,bachelor's degree,information technology,2.63,2,2,2.86,Backend Developer,"Node.js, Java, Spring Boot, Microservices",excellent,kinesthetic,qa engineer,onsite,excellent,no,6,azure
male,"sinhala, tamil",bachelor's degree,computer science,3.84,1,1,2.83,Web Developer,"PHP, HTML, CSS, Bootstrap",low,kinesthetic,data scientist,onsite,poor,no,5,azure
male,"tamil, english",bachelor's degree,data science,3.39,3,2,3.15,Mobile App Developer,"Swift, Java, Firebase, Kotlin",moderate,visual,qa engineer,hybrid,excellent,yes,11,cisco
male,"english, sinhala, tamil",bachelor's degree,computer science,3.9,2,1,2.98,Data Scientist,"NumPy, Pandas, SQL, Machine Learning",excellent,visual,devops engineer,hybrid,poor,yes,8,none
female,"sinhala, tamil",bachelor's degree,information technology,2.56,4,2,3.74,Data Analyst,"Excel, SQL, Data Visualization, Power BI",moderate,auditory,devops engineer,onsite,excellent,no,5,aws
female,english,bachelor's degree,information technology,2.54,3,2,2.99,Machine Learning Engineer,"Scikit-learn, NumPy, Pandas, Deep Learning",moderate,kinesthetic,devops engineer,hybrid,excellent,no,9,aws
male,"english, sinhala, tamil",bachelor's degree,software engineering,3.5,4,1,2.41,AI Engineer,"Data Processing, Python, TensorFlow, NLP",low,kinesthetic,systems analyst,remote,poor,yes,3,none
male,english,bachelor's degree,information technology,3.92,3,2,3.53,BI Developer,"Power BI, DAX, Excel, Tableau",low,auditory,data scientist,remote,poor,yes,7,none
male,"sinhala, tamil",bachelor's degree,data science,3.64,4,1,3.53,DevOps Engineer,"Linux, CI/CD, Jenkins, Docker",excellent,auditory,qa engineer,onsite,poor,no,11,none
male,"sinhala, tamil",bachelor's degree,information technology,3.05,4,2,3.8,Cloud Engineer,"Docker, Azure, Kubernetes, Terraform",excellent,kinesthetic,software engineer,onsite,poor,yes,8,google
male,"english, sinhala",bachelor's degree,software engineering,3.46,2,2,3.6,Cloud Architect,"Microservices, Scalability, IaC, AWS/Azure Design",excellent,kinesthetic,devops engineer,hybrid,poor,yes,11,none
female,"english, sinhala, tamil",bachelor's degree,information technology,2.56,4,1,3.11,Cybersecurity Analyst,"SIEM, Firewalls, Risk Analysis, Linux",low,visual,devops engineer,remote,poor,no,4,azure
male,"sinhala, tamil",bachelor's degree,software engineering,2.85,4,1,3.08,Ethical Hacker,"Burp Suite, Metasploit, Kali Linux, Python",low,kinesthetic,data scientist,remote,poor,no,8,cisco
male,english,bachelor's degree,cyber security,2.72,3,2,3.53,Security Engineer,"Cloud Security, Linux, Encryption, Firewalls",low,visual,devops engineer,remote,average,no,6,cisco
male,"english, sinhala",bachelor's degree,data science,2.61,3,1,3.26,Information Security Analyst,"SOC Tools, Incident Response, Compliance, Risk Assessment",excellent,auditory,security engineer,onsite,average,yes,1,azure
female,tamil,bachelor's degree,data science,3.31,3,2,3.51,Network Engineer,"Routing, Cisco, Firewalls, VPN",excellent,visual,security engineer,remote,average,no,0,aws
female,english,bachelor's degree,software engineering,2.54,1,2,3.81,System Administrator,"Windows Server, Networking, Bash, Active Directory",moderate,auditory,security engineer,onsite,poor,yes,11,azure
female,"tamil, english",bachelor's degree,data science,2.27,2,1,3.27,IT Support Engineer,"Active Directory, Hardware, Windows, Ticketing Tools",moderate,auditory,qa engineer,onsite,excellent,yes,11,cisco
female,"english, sinhala, tamil",bachelor's degree,data science,3.62,1,1,2.76,Hardware Engineer,"PCB Design, Embedded C, Microcontrollers, Arduino",moderate,visual,software engineer,hybrid,average,no,11,none
female,sinhala,bachelor's degree,information technology,2.3,4,2,3.22,QA Engineer,"API Testing, Test Cases, Selenium, Manual Testing",moderate,auditory,security engineer,hybrid,average,no,2,none
female,"tamil, english",bachelor's degree,cyber security,3.73,1,2,3.94,Software Tester,"Manual Testing, SQL, Test Plans, Bug Tracking",moderate,auditory,devops engineer,remote,excellent,no,10,none
female,"english, sinhala",bachelor's degree,data science,2.05,3,1,2.95,Automation Test Engineer,"CI/CD, Java, Python, Selenium",moderate,kinesthetic,systems analyst,onsite,poor,yes,8,azure
female,"sinhala, tamil",bachelor's degree,software engineering,2.87,1,1,3.17,UI Designer,"UI Principles, Color Theory, Figma, Adobe XD",excellent,visual,devops engineer,remote,excellent,no,7,google
male,"english, sinhala, tamil",bachelor's degree,computer science,2.67,1,2,2.44,UX Designer,"User Research, Prototyping, Wireframing, Psychology",moderate,kinesthetic,software engineer,remote,average,yes,7,google
female,"tamil, english",bachelor's degree,data science,2.82,2,1,2.94,Product Designer,"Prototyping, UI Design, UX Research, Design Systems",excellent,auditory,devops engineer,hybrid,average,no,7,aws
male,sinhala,bachelor's degree,cyber security,2.28,1,2,3.88,Blockchain Developer,"Web3.js, Node.js, Ethereum, Solidity",low,auditory,data scientist,hybrid,average,yes,5,azure
female,sinhala,bachelor's degree,software engineering,2.66,4,2,3.94,IoT Engineer,"Cloud Integration, Raspberry Pi, C/C++, Arduino",low,kinesthetic,software engineer,hybrid,excellent,yes,1,azure
male,english,bachelor's degree,cyber security,2.84,3,2,2.22,Embedded Systems Engineer,"Microcontrollers, C/C++, RTOS, IoT",excellent,auditory,security engineer,onsite,average,no,9,none
female,english,bachelor's degree,information technology,2.12,4,2,3.94,AR/VR Developer,"Blender, XR SDKs, Unity, Unreal Engine",low,auditory,data scientist,onsite,excellent,yes,6,none
female,"tamil, english",bachelor's degree,data science,2.86,4,2,2.56,SEO Specialist,"HTML, Content Strategy, SEO Tools, Keyword Research",excellent,visual,data scientist,remote,poor,yes,10,aws
male,english,bachelor's degree,cyber security,3.12,3,2,2.45,IT Support Specialist,"Active Directory, Networking, Windows, Ticketing Systems",moderate,auditory,software engineer,hybrid,poor,yes,7,aws
male,sinhala,bachelor's degree,information technology,2.56,2,2,2.8,Software Engineer,"Python, Java, Spring Boot, OOP",moderate,auditory,data scientist,onsite,poor,no,6,aws
male,tamil,bachelor's degree,cyber security,2.89,1,2,3.5,Full Stack Developer,"Node.js, Express, JavaScript, REST API",moderate,auditory,systems analyst,hybrid,excellent,yes,4,cisco
female,"english, sinhala",bachelor's degree,software engineering,2.43,3,1,3.07,Frontend Developer,"Tailwind CSS, CSS, JavaScript, TypeScript",low,kinesthetic,systems analyst,onsite,excellent,no,11,google
female,english,bachelor's degree,data science,2.31,3,1,2.31,Backend Developer,"Node.js, Microservices, SQL, Spring Boot",moderate,auditory,systems analyst,hybrid,poor,yes,0,none
female,"sinhala, tamil",bachelor's degree,data science,3.01,2,1,3.82,Web Developer,"JavaScript, HTML, MySQL, PHP",low,visual,data scientist,hybrid,average,yes,5,cisco
male,"english, sinhala",bachelor's degree,software engineering,3.4,1,2,3.89,Mobile App Developer,"Kotlin, Flutter, REST API, Java",low,kinesthetic,software engineer,hybrid,poor,no,4,azure
male,"tamil, english",bachelor's degree,computer science,4.0,1,2,2.89,Data Scientist,"Tableau, Machine Learning, SQL, Pandas",low,kinesthetic,software engineer,onsite,poor,no,1,azure
male,"sinhala, tamil",bachelor's degree,cyber security,3.05,3,2,2.44,Data Analyst,"Statistics, Power BI, Python, Data Visualization",moderate,visual,qa engineer,onsite,excellent,no,3,azure
male,"english, sinhala",bachelor's degree,data science,3.91,1,2,3.39,Machine Learning Engineer,"NumPy, Python, Deep Learning, TensorFlow",moderate,kinesthetic,security engineer,remote,average,yes,3,aws
male,"sinhala, tamil",bachelor's degree,information technology,3.39,3,1,2.78,AI Engineer,"LLMs, Data Processing, PyTorch, TensorFlow",low,kinesthetic,data scientist,onsite,poor,yes,2,azure
male,"sinhala, tamil",bachelor's degree,computer science,3.49,3,1,2.82,BI Developer,"SQL, Tableau, Power BI, Excel",low,visual,data scientist,remote,average,no,0,none
male,tamil,bachelor's degree,computer science,3.44,1,1,2.43,DevOps Engineer,"Kubernetes, Jenkins, CI/CD, Docker",low,auditory,devops engineer,remote,poor,yes,12,google
female,"sinhala, tamil",bachelor's degree,information technology,2.82,2,1,3.28,Cloud Engineer,"Kubernetes, Terraform, Azure, GCP",excellent,visual,security engineer,hybrid,average,no,0,azure
female,"sinhala, tamil",bachelor's degree,information technology,3.86,4,2,3.65,Cloud Architect,"IaC, Security, AWS/Azure Design, Microservices",excellent,kinesthetic,data scientist,onsite,poor,yes,12,none
male,sinhala,bachelor's degree,software engineering,2.98,1,1,3.82,Cybersecurity Analyst,"Python, Linux, Risk Analysis, Networking",low,kinesthetic,software engineer,onsite,excellent,no,9,none
male,tamil,bachelor's degree,information technology,3.29,2,1,3.42,Ethical Hacker,"Nmap, Python, Metasploit, Kali Linux",moderate,visual,security engineer,onsite,poor,yes,10,cisco
female,english,bachelor's degree,software engineering,2.35,3,1,2.67,Security Engineer,"Linux, Encryption, SIEM, IAM",excellent,kinesthetic,data scientist,onsite,average,no,10,azure
male,english,bachelor's degree,software engineering,2.88,3,2,2.43,Information Security Analyst,"SOC Tools, Incident Response, Risk Assessment, Compliance",low,auditory,data scientist,remote,average,no,6,cisco
male,"english, sinhala, tamil",bachelor's degree,cyber security,2.87,3,2,2.28,Network Engineer,"Cisco, TCP/IP, VPN, Switching",excellent,visual,data scientist,hybrid,excellent,no,0,cisco
female,english,bachelor's degree,data science,2.62,2,2,2.63,System Administrator,"Bash, Active Directory, Networking, Linux",moderate,kinesthetic,devops engineer,hybrid,poor,no,4,azure
male,english,bachelor's degree,computer science,3.72,2,2,3.05,IT Support Engineer,"Active Directory, Ticketing Tools, Troubleshooting, Hardware",low,kinesthetic,systems analyst,hybrid,poor,yes,8,google
female,"tamil, english",bachelor's degree,information technology,2.95,2,2,3.06,Hardware Engineer,"PCB Design, Electronics, Embedded C, Arduino",excellent,auditory,software engineer,onsite,poor,no,6,none
female,"english, sinhala",bachelor's degree,computer science,2.92,4,2,3.96,QA Engineer,"SQL, Selenium, API Testing, Manual Testing",low,visual,data scientist,remote,poor,no,0,aws
female,english,bachelor's degree,computer science,2.49,4,2,3.41,Software Tester,"Bug Tracking, SQL, Agile, Test Plans",moderate,visual,qa engineer,hybrid,excellent,no,8,aws
male,"english, sinhala, tamil",bachelor's degree,information technology,3.01,1,1,2.67,Automation Test Engineer,"TestNG, Cypress, Selenium, Java",low,visual,software engineer,onsite,average,no,4,none
male,"sinhala, tamil",bachelor's degree,information technology,2.71,4,2,2.66,UI Designer,"Adobe XD, Prototyping, UI Principles, Photoshop",low,visual,qa engineer,remote,excellent,yes,0,aws
female,"english, sinhala",bachelor's degree,data science,3.78,3,2,3.23,UX Designer,"Prototyping, Wireframing, Psychology, Figma",low,kinesthetic,systems analyst,remote,poor,yes,7,cisco
male,"sinhala, tamil",bachelor's degree,software engineering,3.03,4,1,2.8,Product Designer,"UI Design, Design Systems, Prototyping, UX Research",low,auditory,devops engineer,remote,poor,yes,7,aws
male,english,bachelor's degree,information technology,3.01,1,2,3.09,Blockchain Developer,"Cryptography, Ethereum, Web3.js, Smart Contracts",excellent,auditory,security engineer,onsite,average,no,4,aws
female,"english, sinhala, tamil",bachelor's degree,software engineering,3.82,2,1,2.42,IoT Engineer,"Arduino, Sensors, C/C++, Raspberry Pi",moderate,kinesthetic,qa engineer,remote,poor,no,5,none
female,"english, sinhala",bachelor's degree,cyber security,3.6,1,2,2.98,Embedded Systems Engineer,"C/C++, PCB Design, Microcontrollers, Electronics",moderate,kinesthetic,devops engineer,onsite,average,no,8,aws
male,sinhala,bachelor's degree,cyber security,2.31,2,2,2.62,AR/VR Developer,"Blender, C#, Unity, 3D Modeling",moderate,auditory,devops engineer,hybrid,excellent,no,6,google
female,sinhala,bachelor's degree,data science,2.99,4,1,3.71,SEO Specialist,"Backlinks, Content Strategy, Google Analytics, HTML",excellent,visual,security engineer,onsite,poor,no,3,cisco
female,"english, sinhala",bachelor's degree,cyber security,3.45,2,1,2.6,IT Support Specialist,"Hardware, Ticketing Systems, Troubleshooting, Networking",moderate,visual,software engineer,hybrid,excellent,yes,2,google
male,english,bachelor's degree,computer science,3.05,2,2,3.13,Software Engineer,"OOP, Python, Spring Boot, SQL",low,auditory,data scientist,hybrid,poor,yes,10,google
female,"tamil, english",bachelor's degree,software engineering,3.5,3,2,2.52,Full Stack Developer,"Express, MongoDB, React, REST API",low,auditory,security engineer,hybrid,excellent,no,9,cisco
male,"english, sinhala",bachelor's degree,computer science,3.46,2,1,3.67,Frontend Developer,"CSS, JavaScript, TypeScript, HTML",excellent,auditory,qa engineer,remote,excellent,no,6,azure
female,tamil,bachelor's degree,data science,2.67,3,1,3.55,Backend Developer,"Node.js, Spring Boot, REST API, SQL",excellent,visual,software engineer,remote,excellent,no,6,aws
male,tamil,bachelor's degree,software engineering,2.23,3,1,3.79,Web Developer,"JavaScript, CSS, PHP, Bootstrap",moderate,visual,software engineer,hybrid,poor,yes,8,aws
female,"english, sinhala, tamil",bachelor's degree,software engineering,2.81,1,2,2.7,Mobile App Developer,"Swift, Flutter, Kotlin, Firebase",moderate,auditory,security engineer,onsite,excellent,no,9,google
female,"english, sinhala",bachelor's degree,software engineering,3.48,2,1,3.75,Data Scientist,"NumPy, Machine Learning, Python, Pandas",excellent,kinesthetic,systems analyst,hybrid,poor,no,2,azure
male,"sinhala, tamil",bachelor's degree,cyber security,3.2,4,1,2.88,Data Analyst,"SQL, Data Visualization, Excel, Statistics",low,auditory,qa engineer,onsite,average,yes,2,google
male,"sinhala, tamil",bachelor's degree,cyber security,3.89,3,1,2.65,Machine Learning Engineer,"NumPy, TensorFlow, Deep Learning, Python",excellent,kinesthetic,software engineer,onsite,poor,yes,3,azure
female,tamil,bachelor's degree,cyber security,3.85,1,2,3.21,AI Engineer,"PyTorch, Python, NLP, LLMs",low,kinesthetic,qa engineer,hybrid,average,yes,7,azure
female,"tamil, english",bachelor's degree,information technology,2.83,2,2,3.07,BI Developer,"SQL, Tableau, Excel, DAX",moderate,visual,qa engineer,hybrid,average,no,1,google
male,"sinhala, tamil",bachelor's degree,software engineering,2.04,1,2,2.63,DevOps Engineer,"Docker, Linux, AWS, Jenkins",excellent,kinesthetic,qa engineer,hybrid,average,yes,9,aws
male,english,bachelor's degree,software engineering,3.45,4,1,3.19,Cloud Engineer,"Docker, Kubernetes, AWS, Azure",low,visual,data scientist,hybrid,excellent,yes,3,aws
male,"english, sinhala, tamil",bachelor's degree,computer science,3.13,4,2,2.48,Cloud Architect,"IaC, Security, Scalability, Networking",excellent,visual,systems analyst,hybrid,average,yes,10,google
female,"sinhala, tamil",bachelor's degree,software engineering,3.53,3,1,3.69,Cybersecurity Analyst,"Risk Analysis, SIEM, Linux, Firewalls",moderate,kinesthetic,software engineer,hybrid,excellent,no,6,cisco
female,"tamil, english",bachelor's degree,software engineering,3.01,2,2,3.47,Ethical Hacker,"Python, Metasploit, Kali Linux, Nmap",low,kinesthetic,qa engineer,remote,poor,yes,8,google
female,english,bachelor's degree,computer science,2.74,3,2,3.84,Security Engineer,"Encryption, Linux, Cloud Security, SIEM",excellent,kinesthetic,software engineer,remote,excellent,no,5,google
female,sinhala,bachelor's degree,data science,2.44,2,1,3.44,Information Security Analyst,"Networking, Incident Response, SIEM, Compliance",low,kinesthetic,systems analyst,hybrid,excellent,yes,3,google
male,"english, sinhala",bachelor's degree,data science,2.18,4,1,2.63,Network Engineer,"Firewalls, TCP/IP, Cisco, VPN",excellent,visual,data scientist,onsite,poor,yes,7,cisco
male,"english, sinhala",bachelor's degree,computer science,3.36,2,2,2.75,System Administrator,"Networking, Windows Server, Bash, Virtualization",low,kinesthetic,systems analyst,remote,poor,yes,1,azure
female,"tamil, english",bachelor's degree,information technology,3.1,2,2,3.34,IT Support Engineer,"Ticketing Tools, Networking, Troubleshooting, Windows",moderate,auditory,devops engineer,onsite,poor,yes,4,aws
female,sinhala,bachelor's degree,information technology,3.02,2,1,3.98,Hardware Engineer,"Electronics, Embedded C, Arduino, Circuit Design",low,kinesthetic,devops engineer,remote,average,no,12,google
female,"english, sinhala",bachelor's degree,data science,2.79,1,2,2.96,QA Engineer,"Manual Testing, API Testing, Jira, SQL",excellent,kinesthetic,software engineer,remote,poor,no,4,aws
female,sinhala,bachelor's degree,information technology,2.75,3,2,2.95,Software Tester,"Selenium, SQL, Agile, Manual Testing",excellent,kinesthetic,security engineer,hybrid,average,no,6,none
female,english,bachelor's degree,computer science,3.72,2,1,3.72,Automation Test Engineer,"TestNG, Java, Cypress, CI/CD",moderate,kinesthetic,systems analyst,hybrid,excellent,yes,10,cisco
male,"english, sinhala, tamil",bachelor's degree,computer science,2.38,4,1,2.27,UI Designer,"Adobe XD, Figma, UI Principles, Color Theory",low,auditory,systems analyst,onsite,poor,yes,11,google
male,"tamil, english",bachelor's degree,data science,3.68,3,1,3.76,UX Designer,"User Research, Prototyping, Psychology, Wireframing",excellent,kinesthetic,systems analyst,onsite,excellent,yes,12,cisco
male,tamil,bachelor's degree,data science,2.54,2,1,3.35,Product Designer,"UX Research, UI Design, User Flow, Figma",low,kinesthetic,systems analyst,onsite,average,yes,3,azure
female,sinhala,bachelor's degree,computer science,3.48,2,1,2.59,Blockchain Developer,"Web3.js, Solidity, Cryptography, Smart Contracts",low,auditory,data scientist,onsite,poor,yes,11,aws
female,"sinhala, tamil",bachelor's degree,computer science,2.49,4,1,3.62,IoT Engineer,"Sensors, MQTT, Cloud Integration, Raspberry Pi",excellent,auditory,software engineer,remote,average,no,12,azure
female,sinhala,bachelor's degree,information technology,2.95,1,2,2.97,Embedded Systems Engineer,"PCB Design, Microcontrollers, Electronics, IoT",excellent,auditory,systems analyst,onsite,average,no,8,aws
male,"tamil, english",bachelor's degree,cyber security,2.49,4,2,3.88,AR/VR Developer,"Unreal Engine, C#, Unity, Blender",low,kinesthetic,software engineer,hybrid,poor,no,9,google
female,tamil,bachelor's degree,data science,3.4,3,2,2.29,SEO Specialist,"Content Strategy, Keyword Research, Google Analytics, Backlinks",moderate,kinesthetic,data scientist,hybrid,poor,yes,10,azure
female,sinhala,bachelor's degree,information technology,3.27,2,1,3.44,IT Support Specialist,"Windows, Active Directory, Troubleshooting, Ticketing Systems",excellent,kinesthetic,systems analyst,onsite,excellent,yes,4,azure
female,"english, sinhala",bachelor's degree,cyber security,2.38,1,2,3.31,Software Engineer,"SQL, Spring Boot, Git, Python",moderate,visual,systems analyst,onsite,average,yes,10,none
female,"english, sinhala, tamil",bachelor's degree,data science,3.5,4,1,3.47,Full Stack Developer,"Express, JavaScript, REST API, Node.js",excellent,auditory,security engineer,remote,poor,no,6,none
female,"sinhala, tamil",bachelor's degree,data science,3.29,4,1,3.86,Frontend Developer,"JavaScript, TypeScript, HTML, Tailwind CSS",moderate,auditory,devops engineer,remote,poor,yes,3,none
male,"tamil, english",bachelor's degree,cyber security,3.36,1,1,2.83,Backend Developer,"Spring Boot, SQL, Java, Microservices",moderate,kinesthetic,devops engineer,onsite,average,yes,1,azure
male,"tamil, english",bachelor's degree,cyber security,3.16,4,1,2.99,Web Developer,"PHP, JavaScript, Bootstrap, CSS",low,visual,systems analyst,remote,average,no,4,google
female,"tamil, english",bachelor's degree,computer science,2.66,3,1,2.63,Mobile App Developer,"Firebase, Java, REST API, Kotlin",excellent,kinesthetic,devops engineer,remote,poor,yes,2,aws
male,"english, sinhala, tamil",bachelor's degree,information technology,3.65,3,2,2.56,Data Scientist,"Python, Machine Learning, SQL, NumPy",low,auditory,data scientist,onsite,average,no,4,google
male,"sinhala, tamil",bachelor's degree,software engineering,3.51,1,1,3.82,Data Analyst,"Power BI, Python, Excel, Statistics",excellent,visual,security engineer,hybrid,average,no,0,aws
male,"english, sinhala, tamil",bachelor's degree,computer science,4.0,4,2,2.24,Machine Learning Engineer,"TensorFlow, Deep Learning, Scikit-learn, Python",moderate,visual,qa engineer,onsite,average,no,3,aws
female,"english, sinhala",bachelor's degree,software engineering,3.11,2,1,2.98,AI Engineer,"TensorFlow, NLP, Python, LLMs",excellent,auditory,qa engineer,onsite,excellent,no,11,cisco
female,"english, sinhala",bachelor's degree,information technology,3.52,3,1,2.63,BI Developer,"Tableau, ETL Tools, SQL, Excel",excellent,kinesthetic,qa engineer,onsite,poor,no,6,cisco
female,english,bachelor's degree,software engineering,3.17,3,2,2.79,DevOps Engineer,"Linux, CI/CD, Jenkins, AWS",excellent,kinesthetic,security engineer,hybrid,average,yes,1,google
male,"english, sinhala, tamil",bachelor's degree,software engineering,3.71,2,1,2.97,Cloud Engineer,"Docker, Terraform, GCP, Kubernetes",moderate,kinesthetic,security engineer,onsite,poor,yes,5,aws
male,"tamil, english",bachelor's degree,information technology,3.14,4,2,2.43,Cloud Architect,"Security, Microservices, AWS/Azure Design, Networking",moderate,kinesthetic,software engineer,onsite,poor,no,1,cisco
male,"english, sinhala",bachelor's degree,cyber security,2.22,4,2,3.24,Cybersecurity Analyst,"Python, Linux, Risk Analysis, SIEM",moderate,kinesthetic,data scientist,remote,average,yes,10,none
male,tamil,bachelor's degree,computer science,2.95,4,1,3.32,Ethical Hacker,"Nmap, Burp Suite, Wireshark, Python",excellent,kinesthetic,security engineer,remote,average,yes,4,cisco
male,"english, sinhala",bachelor's degree,data science,3.4,3,2,3.01,Security Engineer,"SIEM, Firewalls, Linux, IAM",low,auditory,security engineer,hybrid,poor,no,4,azure
male,"english, sinhala",bachelor's degree,software engineering,2.0,4,2,2.84,Information Security Analyst,"Networking, Incident Response, Compliance, SOC Tools",low,auditory,software engineer,hybrid,excellent,no,2,aws
female,english,bachelor's degree,cyber security,3.84,4,1,2.69,Network Engineer,"Switching, Firewalls, Cisco, Routing",moderate,visual,systems analyst,hybrid,average,yes,8,cisco
male,"sinhala, tamil",bachelor's degree,software engineering,2.52,4,2,3.39,System Administrator,"Linux, Active Directory, Networking, Windows Server",low,auditory,qa engineer,hybrid,excellent,yes,12,azure
female,english,bachelor's degree,data science,3.77,4,2,3.07,IT Support Engineer,"Networking, Hardware, Active Directory, Windows",moderate,visual,software engineer,hybrid,excellent,yes,5,cisco
male,tamil,bachelor's degree,information technology,2.57,1,1,2.31,Hardware Engineer,"Microcontrollers, Electronics, Arduino, Circuit Design",excellent,visual,data scientist,hybrid,average,no,11,cisco
female,"tamil, english",bachelor's degree,information technology,2.35,1,1,3.04,QA Engineer,"Selenium, Jira, Manual Testing, SQL",excellent,auditory,devops engineer,remote,average,yes,11,google
male,"tamil, english",bachelor's degree,cyber security,2.79,4,2,3.27,Software Tester,"Selenium, Agile, Bug Tracking, Manual Testing",moderate,visual,systems analyst,hybrid,excellent,yes,5,none
female,tamil,bachelor's degree,data science,2.12,2,1,2.89,Automation Test Engineer,"Selenium, CI/CD, Python, Cypress",low,auditory,software engineer,onsite,excellent,no,7,aws
female,"english, sinhala, tamil",bachelor's degree,software engineering,2.9,1,2,2.83,UI Designer,"Adobe XD, Prototyping, Color Theory, Figma",moderate,visual,qa engineer,onsite,excellent,no,6,azure
female,tamil,bachelor's degree,computer science,2.69,4,2,2.59,UX Designer,"Figma, User Research, UX Testing, Psychology",low,auditory,qa engineer,remote,average,no,5,aws
female,sinhala,bachelor's degree,computer science,2.31,2,1,3.2,Product Designer,"UX Research, Prototyping, Design Systems, User Flow",excellent,kinesthetic,data scientist,hybrid,excellent,yes,5,google
female,sinhala,bachelor's degree,information technology,3.19,3,2,3.76,Blockchain Developer,"Solidity, Smart Contracts, Cryptography, Node.js",moderate,kinesthetic,software engineer,hybrid,average,yes,2,cisco
male,"sinhala, tamil",bachelor's degree,information technology,3.4,3,2,2.55,IoT Engineer,"Raspberry Pi, C/C++, MQTT, Cloud Integration",low,kinesthetic,data scientist,hybrid,poor,yes,8,azure
female,"english, sinhala, tamil",bachelor's degree,cyber security,2.46,2,2,2.94,Embedded Systems Engineer,"RTOS, PCB Design, Microcontrollers, C/C++",low,auditory,systems analyst,onsite,poor,no,12,none
female,sinhala,bachelor's degree,software engineering,3.59,1,2,3.25,AR/VR Developer,"Unity, 3D Modeling, Blender, Unreal Engine",low,kinesthetic,data scientist,onsite,excellent,yes,8,aws
male,"english, sinhala, tamil",bachelor's degree,software engineering,2.37,1,1,3.45,SEO Specialist,"Google Analytics, Keyword Research, SEO Tools, HTML",excellent,kinesthetic,data scientist,hybrid,poor,no,7,google
female,"sinhala, tamil",bachelor's degree,information technology,3.2,2,2,2.33,IT Support Specialist,"Networking, Troubleshooting, Windows, Hardware",low,kinesthetic,systems analyst,hybrid,poor,no,0,azure
female,"english, sinhala",bachelor's degree,cyber security,2.49,2,2,2.35,Software Engineer,"Java, Python, Git, SQL",moderate,visual,systems analyst,hybrid,excellent,yes,8,aws
female,"tamil, english",bachelor's degree,computer science,3.6,3,1,3.47,Full Stack Developer,"Express, REST API, MongoDB, React",low,auditory,software engineer,remote,excellent,yes,0,none
female,"tamil, english",bachelor's degree,cyber security,2.36,1,1,3.63,Frontend Developer,"CSS, React, TypeScript, HTML",moderate,visual,software engineer,onsite,average,yes,8,none
male,"sinhala, tamil",bachelor's degree,computer science,2.85,2,2,3.36,Backend Developer,"Spring Boot, Microservices, Node.js, Java",moderate,auditory,devops engineer,remote,excellent,yes,6,azure
male,tamil,bachelor's degree,computer science,2.25,1,1,2.36,Web Developer,"PHP, CSS, HTML, JavaScript",excellent,kinesthetic,software engineer,remote,poor,yes,10,cisco
male,"english, sinhala, tamil",bachelor's degree,computer science,3.51,4,2,3.28,Mobile App Developer,"REST API, Firebase, Swift, Java",moderate,kinesthetic,systems analyst,remote,excellent,yes,2,none
female,"english, sinhala",bachelor's degree,data science,3.87,2,2,3.11,Data Scientist,"SQL, Pandas, Python, NumPy",moderate,visual,data scientist,remote,average,yes,7,cisco
male,"english, sinhala",bachelor's degree,cyber security,3.06,2,1,3.13,Data Analyst,"Data Visualization, Power BI, Python, Statistics",excellent,auditory,qa engineer,hybrid,poor,no,5,aws
female,sinhala,bachelor's degree,data science,2.89,4,1,3.05,Machine Learning Engineer,"NumPy, TensorFlow, Python, Scikit-learn",low,auditory,devops engineer,onsite,average,yes,10,aws
male,"english, sinhala, tamil",bachelor's degree,information technology,2.43,4,2,3.74,AI Engineer,"PyTorch, NLP, LLMs, Python",moderate,visual,security engineer,hybrid,poor,no,7,none
female,sinhala,bachelor's degree,cyber security,2.36,1,2,2.21,BI Developer,"ETL Tools, Excel, Power BI, DAX",low,visual,security engineer,remote,excellent,yes,4,none
female,"tamil, english",bachelor's degree,computer science,2.95,1,2,3.75,DevOps Engineer,"AWS, CI/CD, Docker, Linux",moderate,visual,qa engineer,hybrid,excellent,no,12,cisco
female,"english, sinhala, tamil",bachelor's degree,computer science,2.09,1,1,3.91,Cloud Engineer,"Kubernetes, AWS, GCP, Terraform",excellent,visual,data scientist,hybrid,average,no,3,cisco
female,"sinhala, tamil",bachelor's degree,cyber security,3.1,3,2,3.81,Cloud Architect,"Security, Networking, IaC, AWS/Azure Design",low,kinesthetic,software engineer,remote,poor,yes,3,cisco
male,english,bachelor's degree,information technology,3.39,1,1,3.12,Cybersecurity Analyst,"Python, Firewalls, Risk Analysis, Linux",low,auditory,qa engineer,onsite,poor,no,4,none
male,"tamil, english",bachelor's degree,software engineering,2.93,4,2,3.52,Ethical Hacker,"Kali Linux, Metasploit, Nmap, Python",excellent,visual,security engineer,remote,average,yes,1,aws
female,english,bachelor's degree,information technology,2.85,4,2,4.0,Security Engineer,"Encryption, IAM, Linux, SIEM",low,kinesthetic,systems analyst,onsite,poor,no,9,none
male,"english, sinhala, tamil",bachelor's degree,software engineering,4.0,1,2,2.97,Information Security Analyst,"Networking, Risk Assessment, SIEM, Compliance",excellent,visual,devops engineer,remote,poor,no,8,cisco
male,"english, sinhala, tamil",bachelor's degree,information technology,3.33,3,2,2.29,Network Engineer,"Routing, Firewalls, Switching, TCP/IP",low,auditory,qa engineer,remote,poor,yes,8,cisco
male,sinhala,bachelor's degree,data science,2.8,1,2,2.94,System Administrator,"Linux, Windows Server, Networking, Virtualization",excellent,visual,security engineer,remote,poor,no,5,cisco
female,tamil,bachelor's degree,data science,2.96,2,1,3.69,IT Support Engineer,"Ticketing Tools, Troubleshooting, Hardware, Windows",low,visual,systems analyst,hybrid,excellent,yes,12,aws
male,sinhala,bachelor's degree,cyber security,3.72,2,1,3.24,Hardware Engineer,"Embedded C, PCB Design, Arduino, Microcontrollers",moderate,auditory,security engineer,hybrid,poor,yes,9,cisco
male,sinhala,bachelor's degree,computer science,3.8,1,1,3.21,QA Engineer,"Jira, Manual Testing, Selenium, Test Cases",moderate,auditory,devops engineer,remote,poor,no,12,google
male,"sinhala, tamil",bachelor's degree,cyber security,3.27,1,2,3.6,Software Tester,"SQL, Test Plans, Bug Tracking, Agile",low,visual,software engineer,remote,average,yes,6,azure
female,"tamil, english",bachelor's degree,information technology,2.97,3,2,3.39,Automation Test Engineer,"Selenium, Java, TestNG, Python",moderate,kinesthetic,devops engineer,hybrid,average,yes,4,none
male,tamil,bachelor's degree,software engineering,2.94,4,2,3.63,UI Designer,"Adobe XD, UI Principles, Figma, Photoshop",low,visual,systems analyst,onsite,poor,no,11,none
female,"english, sinhala",bachelor's degree,cyber security,2.89,3,2,3.22,UX Designer,"UX Testing, Figma, Psychology, User Research",excellent,auditory,systems analyst,hybrid,poor,no,7,cisco
male,"tamil, english",bachelor's degree,information technology,2.43,4,1,3.98,Product Designer,"User Flow, Design Systems, Figma, Prototyping",low,kinesthetic,software engineer,remote,average,yes,3,google
female,"sinhala, tamil",bachelor's degree,cyber security,2.39,3,2,3.2,Blockchain Developer,"Ethereum, Web3.js, Smart Contracts, Solidity",excellent,auditory,systems analyst,remote,excellent,no,9,google
male,tamil,bachelor's degree,computer science,3.34,1,2,3.94,IoT Engineer,"MQTT, Cloud Integration, Arduino, Raspberry Pi",excellent,kinesthetic,devops engineer,hybrid,poor,no,1,cisco
male,"tamil, english",bachelor's degree,information technology,2.29,2,1,3.24,Embedded Systems Engineer,"IoT, RTOS, C/C++, PCB Design",low,kinesthetic,devops engineer,hybrid,excellent,yes,5,azure
male,sinhala,bachelor's degree,information technology,2.88,1,1,2.47,AR/VR Developer,"Unity, Unreal Engine, Blender, XR SDKs",moderate,kinesthetic,devops engineer,remote,average,yes,2,none
male,sinhala,bachelor's degree,software engineering,2.57,2,1,3.02,SEO Specialist,"HTML, Keyword Research, Google Analytics, Content Strategy",moderate,auditory,security engineer,hybrid,average,no,6,aws
male,"sinhala, tamil",bachelor's degree,cyber security,2.34,3,2,3.1,IT Support Specialist,"Windows, Ticketing Systems, Troubleshooting, Active Directory",moderate,auditory,software engineer,hybrid,average,no,2,cisco
female,tamil,bachelor's degree,computer science,2.43,4,2,3.65,Software Engineer,"OOP, Git, SQL, Java",low,kinesthetic,security engineer,hybrid,poor,no,8,aws
female,"english, sinhala",bachelor's degree,data science,3.07,2,2,2.81,Full Stack Developer,"REST API, React, MongoDB, Node.js",excellent,auditory,systems analyst,hybrid,poor,yes,6,azure
female,"sinhala, tamil",bachelor's degree,cyber security,2.99,4,1,2.91,Frontend Developer,"Tailwind CSS, React, CSS, JavaScript",low,kinesthetic,devops engineer,remote,poor,no,5,google
female,sinhala,bachelor's degree,cyber security,2.82,3,2,3.39,Backend Developer,"SQL, Microservices, Spring Boot, Node.js",low,auditory,security engineer,hybrid,poor,no,0,aws
female,sinhala,bachelor's degree,computer science,2.83,1,2,2.61,Web Developer,"Bootstrap, HTML, CSS, JavaScript",excellent,visual,data scientist,onsite,poor,yes,10,cisco
male,sinhala,bachelor's degree,cyber security,3.6,1,1,3.94,Mobile App Developer,"Flutter, Java, Swift, REST API",moderate,kinesthetic,software engineer,remote,poor,yes,9,cisco
female,"sinhala, tamil",bachelor's degree,information technology,3.61,3,1,2.22,Data Scientist,"Tableau, SQL, NumPy, Python",moderate,auditory,data scientist,remote,excellent,no,2,aws
female,sinhala,bachelor's degree,cyber security,3.51,3,1,2.3,Data Analyst,"Data Visualization, SQL, Statistics, Power BI",excellent,kinesthetic,security engineer,remote,average,yes,0,google
female,sinhala,bachelor's degree,data science,3.49,1,1,2.98,Machine Learning Engineer,"Scikit-learn, Deep Learning, TensorFlow, NumPy",moderate,visual,devops engineer,remote,excellent,yes,4,none
female,english,bachelor's degree,cyber security,3.68,2,2,3.55,AI Engineer,"Python, TensorFlow, Data Processing, NLP",excellent,auditory,data scientist,onsite,poor,yes,9,none
male,sinhala,bachelor's degree,computer science,2.93,3,1,3.49,BI Developer,"DAX, ETL Tools, Power BI, Tableau",low,kinesthetic,qa engineer,hybrid,excellent,no,2,none
female,"sinhala, tamil",bachelor's degree,computer science,2.6,1,2,2.27,DevOps Engineer,"Docker, CI/CD, Linux, AWS",moderate,kinesthetic,systems analyst,hybrid,excellent,yes,5,aws
male,"english, sinhala, tamil",bachelor's degree,data science,4.0,3,1,2.86,Cloud Engineer,"Terraform, Docker, Kubernetes, GCP",moderate,visual,systems analyst,hybrid,poor,yes,2,aws
male,"english, sinhala",bachelor's degree,information technology,2.87,3,1,2.53,Cloud Architect,"IaC, Security, AWS/Azure Design, Networking",moderate,kinesthetic,devops engineer,hybrid,poor,no,1,aws
female,"sinhala, tamil",bachelor's degree,information technology,4.0,4,1,3.64,Cybersecurity Analyst,"SIEM, Python, Linux, Risk Analysis",excellent,auditory,software engineer,onsite,poor,yes,11,google
male,"english, sinhala, tamil",bachelor's degree,software engineering,3.81,1,1,3.43,Ethical Hacker,"Kali Linux, Nmap, Metasploit, Wireshark",low,auditory,software engineer,hybrid,poor,yes,9,aws
male,"sinhala, tamil",bachelor's degree,data science,2.53,3,2,2.41,Security Engineer,"IAM, Encryption, Linux, SIEM",excellent,visual,data scientist,hybrid,average,no,8,aws
male,"english, sinhala",bachelor's degree,data science,2.65,4,2,3.13,Information Security Analyst,"Incident Response, SOC Tools, SIEM, Compliance",moderate,auditory,systems analyst,hybrid,average,no,8,cisco
male,"english, sinhala, tamil",bachelor's degree,software engineering,3.65,3,1,3.81,Network Engineer,"Firewalls, Cisco, Routing, TCP/IP",moderate,visual,data scientist,onsite,excellent,yes,2,cisco
male,"english, sinhala, tamil",bachelor's degree,data science,3.44,1,2,3.58,System Administrator,"Bash, Active Directory, Networking, Virtualization",moderate,auditory,systems analyst,remote,average,no,9,google
male,"tamil, english",bachelor's degree,information technology,3.61,3,2,3.68,IT Support Engineer,"Hardware, Troubleshooting, Active Directory, Ticketing Tools",moderate,auditory,devops engineer,onsite,poor,yes,3,google
female,"english, sinhala, tamil",bachelor's degree,software engineering,2.43,1,2,3.39,Hardware Engineer,"Microcontrollers, Electronics, Embedded C, Arduino",low,kinesthetic,devops engineer,hybrid,average,yes,5,aws
female,"tamil, english",bachelor's degree,cyber security,2.5,3,2,3.45,QA Engineer,"Manual Testing, API Testing, SQL, Selenium",excellent,auditory,systems analyst,onsite,poor,yes,12,none
female,"sinhala, tamil",bachelor's degree,information technology,3.15,1,1,2.94,Software Tester,"Test Plans, SQL, Bug Tracking, Agile",excellent,kinesthetic,data scientist,hybrid,average,yes,6,azure
male,"english, sinhala, tamil",bachelor's degree,software engineering,3.2,4,1,2.33,Automation Test Engineer,"Cypress, Java, CI/CD, TestNG",low,auditory,data scientist,onsite,excellent,yes,2,google
female,"english, sinhala",bachelor's degree,cyber security,3.28,1,1,2.67,UI Designer,"Color Theory, Prototyping, UI Principles, Photoshop",moderate,visual,data scientist,onsite,excellent,no,10,azure
male,"sinhala, tamil",bachelor's degree,information technology,3.16,2,1,2.97,UX Designer,"User Research, Wireframing, Prototyping, Figma",excellent,auditory,security engineer,remote,excellent,yes,10,none
male,"sinhala, tamil",bachelor's degree,computer science,3.5,4,2,2.79,Product Designer,"UI Design, Prototyping, Figma, UX Research",excellent,visual,systems analyst,onsite,poor,no,10,azure
male,sinhala,bachelor's degree,cyber security,2.26,3,2,3.93,Blockchain Developer,"Smart Contracts, Node.js, Ethereum, Solidity",excellent,auditory,data scientist,onsite,excellent,no,0,google
female,sinhala,bachelor's degree,data science,2.6,1,1,2.43,IoT Engineer,"Sensors, Arduino, Raspberry Pi, MQTT",moderate,kinesthetic,security engineer,hybrid,average,yes,2,azure
female,"sinhala, tamil",bachelor's degree,information technology,4.0,2,1,3.87,Embedded Systems Engineer,"PCB Design, RTOS, Microcontrollers, Electronics",low,kinesthetic,qa engineer,onsite,excellent,no,11,none
female,english,bachelor's degree,cyber security,2.26,2,1,2.82,AR/VR Developer,"3D Modeling, Blender, Unity, Unreal Engine",moderate,kinesthetic,systems analyst,remote,poor,no,8,azure
female,sinhala,bachelor's degree,information technology,2.52,3,2,3.05,SEO Specialist,"Content Strategy, Google Analytics, Keyword Research, Backlinks",moderate,auditory,systems analyst,remote,poor,no,0,azure
male,english,bachelor's degree,information technology,4.0,1,2,3.35,IT Support Specialist,"Hardware, Networking, Active Directory, Ticketing Systems",moderate,visual,data scientist,hybrid,average,no,2,aws
female,"english, sinhala",bachelor's degree,computer science,2.52,2,1,2.36,Software Engineer,"Spring Boot, Python, Java, Git",moderate,kinesthetic,data scientist,remote,poor,yes,1,aws
male,sinhala,bachelor's degree,data science,2.55,3,2,3.58,Full Stack Developer,"React, JavaScript, MongoDB, Express",low,kinesthetic,devops engineer,hybrid,average,no,8,aws
female,tamil,bachelor's degree,information technology,3.14,3,1,3.81,Frontend Developer,"React, TypeScript, CSS, HTML",excellent,auditory,data scientist,remote,poor,yes,5,aws
female,"english, sinhala",bachelor's degree,information technology,3.74,4,2,2.87,Backend Developer,"Microservices, REST API, Spring Boot, Java",moderate,auditory,systems analyst,hybrid,average,no,1,google
male,"tamil, english",bachelor's degree,information technology,3.42,2,1,2.95,Web Developer,"MySQL, Bootstrap, CSS, PHP",moderate,visual,devops engineer,hybrid,average,no,4,cisco
male,"tamil, english",bachelor's degree,information technology,2.77,4,1,2.25,Mobile App Developer,"Kotlin, REST API, Swift, Firebase",low,auditory,devops engineer,onsite,poor,yes,11,aws
male,tamil,bachelor's degree,computer science,2.88,2,2,3.72,Data Scientist,"Tableau, Python, Machine Learning, NumPy",moderate,kinesthetic,security engineer,remote,average,no,9,aws
female,"tamil, english",bachelor's degree,software engineering,3.62,3,1,2.44,Data Analyst,"Data Visualization, Power BI, SQL, Python",moderate,auditory,devops engineer,hybrid,excellent,yes,9,google
male,"tamil, english",bachelor's degree,computer science,2.18,1,2,2.26,Machine Learning Engineer,"NumPy, Deep Learning, Python, Scikit-learn",excellent,auditory,qa engineer,onsite,average,yes,11,google
male,"tamil, english",bachelor's degree,data science,3.86,2,2,3.83,AI Engineer,"Data Processing, Python, NLP, PyTorch",moderate,kinesthetic,qa engineer,onsite,average,yes,6,cisco
female,sinhala,bachelor's degree,information technology,3.75,3,1,3.86,BI Developer,"ETL Tools, Tableau, Power BI, SQL",moderate,auditory,security engineer,onsite,poor,yes,4,cisco
male,english,bachelor's degree,computer science,3.97,4,1,2.87,DevOps Engineer,"AWS, CI/CD, Linux, Kubernetes",low,visual,security engineer,onsite,average,no,10,google
male,"tamil, english",bachelor's degree,information technology,3.65,3,2,3.04,Cloud Engineer,"Kubernetes, Azure, AWS, Terraform",low,visual,systems analyst,onsite,poor,yes,5,google
male,"english, sinhala, tamil",bachelor's degree,cyber security,3.54,2,1,3.44,Cloud Architect,"Microservices, Networking, IaC, Security",excellent,kinesthetic,devops engineer,remote,excellent,yes,5,none
male,english,bachelor's degree,cyber security,2.96,1,1,2.57,Cybersecurity Analyst,"Networking, Firewalls, SIEM, Risk Analysis",moderate,auditory,security engineer,hybrid,poor,no,12,azure
female,english,bachelor's degree,data science,2.56,4,1,2.34,Ethical Hacker,"Metasploit, Python, Wireshark, Kali Linux",moderate,auditory,data scientist,remote,poor,yes,5,cisco
female,english,bachelor's degree,information technology,2.45,2,2,2.95,Security Engineer,"Firewalls, Cloud Security, Linux, Encryption",low,kinesthetic,systems analyst,onsite,average,yes,2,google
male,tamil,bachelor's degree,information technology,2.43,3,1,2.53,Information Security Analyst,"Incident Response, SOC Tools, Risk Assessment, SIEM",excellent,auditory,qa engineer,onsite,average,no,9,azure
female,"english, sinhala",bachelor's degree,computer science,3.31,4,1,3.46,Network Engineer,"Routing, VPN, Cisco, Switching",moderate,visual,security engineer,onsite,poor,yes,8,google
male,english,bachelor's degree,data science,2.48,2,1,2.93,System Administrator,"Active Directory, Windows Server, Networking, Bash",excellent,kinesthetic,qa engineer,onsite,average,yes,10,google
female,tamil,bachelor's degree,cyber security,3.42,4,1,2.44,IT Support Engineer,"Windows, Active Directory, Networking, Troubleshooting",moderate,auditory,data scientist,remote,excellent,yes,3,azure
female,sinhala,bachelor's degree,computer science,3.54,2,1,3.65,Hardware Engineer,"Circuit Design, Embedded C, PCB Design, Electronics",excellent,auditory,systems analyst,remote,average,no,3,cisco
female,"tamil, english",bachelor's degree,software engineering,3.42,1,2,2.29,QA Engineer,"Test Cases, Selenium, API Testing, Jira",low,auditory,security engineer,hybrid,average,no,2,aws
female,"english, sinhala",bachelor's degree,cyber security,3.79,3,2,2.9,Software Tester,"Bug Tracking, Selenium, SQL, Manual Testing",moderate,visual,devops engineer,remote,poor,yes,1,azure
female,sinhala,bachelor's degree,data science,3.55,1,1,2.51,Automation Test Engineer,"Java, CI/CD, Python, TestNG",moderate,auditory,devops engineer,remote,excellent,yes,2,none
female,tamil,bachelor's degree,software engineering,3.61,1,1,2.85,UI Designer,"Prototyping, Photoshop, Color Theory, Figma",low,kinesthetic,qa engineer,remote,excellent,no,2,aws
male,tamil,bachelor's degree,cyber security,2.62,1,1,3.42,UX Designer,"Prototyping, User Research, UX Testing, Wireframing",moderate,auditory,software engineer,hybrid,poor,no,7,google
male,"tamil, english",bachelor's degree,data science,2.7,1,1,3.48,Product Designer,"Prototyping, UX Research, Design Systems, UI Design",excellent,auditory,devops engineer,hybrid,excellent,yes,1,cisco
male,"tamil, english",bachelor's degree,software engineering,3.91,3,1,2.34,Blockchain Developer,"Cryptography, Web3.js, Solidity, Node.js",moderate,visual,devops engineer,onsite,average,no,2,none
female,"english, sinhala, tamil",bachelor's degree,computer science,2.45,4,1,3.07,IoT Engineer,"Arduino, Sensors, Cloud Integration, MQTT",low,visual,devops engineer,onsite,average,yes,11,google
male,"english, sinhala, tamil",bachelor's degree,data science,2.95,4,2,3.12,Embedded Systems Engineer,"IoT, RTOS, Electronics, PCB Design",excellent,auditory,data scientist,hybrid,poor,yes,4,cisco
female,"tamil, english",bachelor's degree,computer science,2.35,2,1,2.31,AR/VR Developer,"XR SDKs, Unreal Engine, 3D Modeling, Unity",moderate,auditory,systems analyst,onsite,excellent,no,0,none
male,"english, sinhala",bachelor's degree,information technology,2.2,4,2,2.55,SEO Specialist,"SEO Tools, Google Analytics, Content Strategy, HTML",moderate,auditory,devops engineer,remote,excellent,yes,5,cisco
female,"english, sinhala, tamil",bachelor's degree,data science,4.0,3,1,3.49,IT Support Specialist,"Troubleshooting, Networking, Hardware, Windows",low,visual,security engineer,remote,excellent,no,1,azure
female,"tamil, english",bachelor's degree,computer science,2.32,1,1,3.43,Software Engineer,"Git, SQL, OOP, Python",low,kinesthetic,software engineer,onsite,poor,no,12,azure
male,english,bachelor's degree,cyber security,2.42,2,2,2.21,Full Stack Developer,"JavaScript, Node.js, REST API, Express",excellent,auditory,qa engineer,hybrid,excellent,no,6,cisco
female,"sinhala, tamil",bachelor's degree,information technology,2.63,4,2,3.42,Frontend Developer,"React, TypeScript, Tailwind CSS, CSS",low,kinesthetic,qa engineer,remote,excellent,yes,3,cisco
female,"english, sinhala, tamil",bachelor's degree,data science,3.15,1,1,3.22,Backend Developer,"Java, SQL, Microservices, REST API",low,auditory,devops engineer,onsite,poor,yes,4,cisco
female,english,bachelor's degree,data science,3.95,3,2,3.3,Web Developer,"PHP, HTML, Bootstrap, MySQL",excellent,visual,qa engineer,onsite,excellent,no,4,none
female,english,bachelor's degree,software engineering,2.75,2,2,3.88,Mobile App Developer,"Kotlin, Firebase, REST API, Java",low,auditory,systems analyst,onsite,excellent,yes,4,none
male,"sinhala, tamil",bachelor's degree,data science,2.73,4,1,2.5,Data Scientist,"Machine Learning, SQL, Pandas, NumPy",moderate,visual,systems analyst,remote,poor,no,2,azure
male,"english, sinhala, tamil",bachelor's degree,data science,2.45,3,1,2.43,Data Analyst,"Statistics, SQL, Power BI, Python",moderate,visual,systems analyst,onsite,poor,yes,11,none
male,"english, sinhala, tamil",bachelor's degree,information technology,3.44,3,2,2.69,Machine Learning Engineer,"Pandas, Scikit-learn, NumPy, Deep Learning",excellent,kinesthetic,security engineer,hybrid,poor,yes,6,azure
female,"sinhala, tamil",bachelor's degree,computer science,3.47,2,1,2.47,AI Engineer,"Data Processing, PyTorch, Python, LLMs",low,auditory,software engineer,remote,excellent,no,5,aws
male,"sinhala, tamil",bachelor's degree,software engineering,2.11,4,2,3.87,BI Developer,"DAX, Excel, Power BI, ETL Tools",excellent,visual,qa engineer,remote,average,no,8,aws
female,"tamil, english",bachelor's degree,software engineering,2.98,4,2,3.81,DevOps Engineer,"Docker, Kubernetes, AWS, Jenkins",low,visual,qa engineer,hybrid,poor,no,1,none
female,tamil,bachelor's degree,data science,2.88,1,2,3.78,Cloud Engineer,"Terraform, AWS, Kubernetes, GCP",low,auditory,qa engineer,remote,excellent,no,0,google
female,tamil,bachelor's degree,data science,3.62,4,1,3.51,Cloud Architect,"Security, Microservices, IaC, Networking",excellent,auditory,data scientist,hybrid,poor,yes,1,aws
female,english,bachelor's degree,data science,3.03,1,1,2.54,Cybersecurity Analyst,"Networking, Risk Analysis, Linux, SIEM",moderate,auditory,security engineer,onsite,poor,no,7,cisco
female,"english, sinhala",bachelor's degree,computer science,3.32,1,2,3.4,Ethical Hacker,"Nmap, Python, Kali Linux, Wireshark",excellent,visual,qa engineer,onsite,average,no,12,aws
female,sinhala,bachelor's degree,computer science,2.52,1,2,3.82,Security Engineer,"Firewalls, Cloud Security, IAM, Encryption",moderate,kinesthetic,systems analyst,remote,excellent,no,1,aws
female,tamil,bachelor's degree,computer science,3.51,1,1,3.22,Information Security Analyst,"Incident Response, Compliance, SOC Tools, SIEM",moderate,kinesthetic,systems analyst,hybrid,poor,no,3,none
female,"english, sinhala, tamil",bachelor's degree,software engineering,3.75,3,2,2.29,Network Engineer,"Switching, Firewalls, VPN, Routing",excellent,auditory,qa engineer,remote,poor,yes,7,azure
male,tamil,bachelor's degree,software engineering,2.55,2,1,3.31,System Administrator,"Active Directory, Linux, Bash, Virtualization",low,visual,security engineer,remote,excellent,no,12,azure
male,sinhala,bachelor's degree,computer science,3.44,4,2,3.25,IT Support Engineer,"Windows, Networking, Hardware, Ticketing Tools",low,auditory,data scientist,onsite,average,no,7,azure
male,tamil,bachelor's degree,computer science,2.6,2,2,3.34,Hardware Engineer,"Embedded C, Circuit Design, PCB Design, Electronics",low,kinesthetic,devops engineer,hybrid,poor,yes,1,cisco
male,"english, sinhala",bachelor's degree,data science,2.28,2,2,2.58,QA Engineer,"Manual Testing, SQL, Test Cases, Selenium",moderate,auditory,data scientist,remote,poor,no,0,google
female,english,bachelor's degree,software engineering,3.16,3,1,3.37,Software Tester,"Test Plans, Agile, Manual Testing, Bug Tracking",excellent,auditory,systems analyst,remote,excellent,no,11,google
male,tamil,bachelor's degree,cyber security,3.96,3,2,3.43,Automation Test Engineer,"TestNG, Python, Java, Selenium",low,visual,systems analyst,onsite,average,no,8,aws
female,english,bachelor's degree,cyber security,3.26,4,1,3.26,UI Designer,"UI Principles, Photoshop, Prototyping, Adobe XD",excellent,auditory,devops engineer,hybrid,poor,no,12,google
female,"english, sinhala",bachelor's degree,information technology,3.3,3,2,2.22,UX Designer,"Figma, Prototyping, UX Testing, Psychology",low,auditory,software engineer,hybrid,excellent,no,3,google
male,"sinhala, tamil",bachelor's degree,cyber security,3.63,4,1,3.28,Product Designer,"User Flow, UI Design, UX Research, Figma",excellent,visual,qa engineer,hybrid,average,no,2,google
female,sinhala,bachelor's degree,cyber security,3.18,1,1,3.88,Blockchain Developer,"Web3.js, Cryptography, Solidity, Smart Contracts",excellent,visual,data scientist,hybrid,average,no,0,none
male,"english, sinhala",bachelor's degree,cyber security,3.0,3,2,2.65,IoT Engineer,"MQTT, Raspberry Pi, Sensors, Cloud Integration",excellent,visual,qa engineer,remote,poor,yes,5,azure
male,english,bachelor's degree,data science,3.42,2,1,3.16,Embedded Systems Engineer,"C/C++, Electronics, Microcontrollers, IoT",excellent,auditory,devops engineer,hybrid,poor,no,4,google
male,"english, sinhala",bachelor's degree,information technology,3.39,1,1,3.01,AR/VR Developer,"XR SDKs, Unreal Engine, C#, Unity",moderate,visual,software engineer,hybrid,average,no,7,azure
male,"english, sinhala, tamil",bachelor's degree,data science,2.71,4,1,3.46,SEO Specialist,"SEO Tools, Content Strategy, HTML, Keyword Research",moderate,visual,security engineer,onsite,average,yes,5,aws
female,"sinhala, tamil",bachelor's degree,cyber security,2.37,1,1,2.27,IT Support Specialist,"Ticketing Systems, Networking, Active Directory, Windows",moderate,visual,devops engineer,hybrid,poor,no,11,aws
female,english,bachelor's degree,information technology,2.24,4,2,3.95,Software Engineer,"Git, OOP, Spring Boot, Java",low,visual,security engineer,remote,excellent,no,2,none
male,"tamil, english",bachelor's degree,cyber security,3.68,1,1,2.7,Full Stack Developer,"JavaScript, MongoDB, REST API, React",moderate,visual,qa engineer,hybrid,poor,yes,5,azure
female,"english, sinhala",bachelor's degree,information technology,3.11,3,2,3.37,Frontend Developer,"JavaScript, CSS, HTML, Tailwind CSS",low,auditory,systems analyst,onsite,excellent,yes,12,google
male,"tamil, english",bachelor's degree,cyber security,2.99,1,2,3.78,Backend Developer,"Node.js, Java, Microservices, REST API",excellent,kinesthetic,devops engineer,onsite,poor,yes,0,aws
male,sinhala,bachelor's degree,data science,3.08,3,2,2.23,Web Developer,"HTML, MySQL, Bootstrap, PHP",moderate,auditory,systems analyst,onsite,excellent,yes,2,google
male,tamil,bachelor's degree,computer science,2.65,3,1,2.91,Mobile App Developer,"Flutter, Kotlin, Firebase, Java",low,auditory,data scientist,hybrid,excellent,no,7,cisco
male,"tamil, english",bachelor's degree,data science,2.28,2,2,3.62,Data Scientist,"Tableau, SQL, Pandas, NumPy",low,visual,software engineer,onsite,average,no,6,cisco
male,"english, sinhala",bachelor's degree,computer science,3.47,2,2,3.84,Data Analyst,"Data Visualization, Statistics, Excel, SQL",low,visual,devops engineer,remote,poor,yes,11,aws
female,english,bachelor's degree,cyber security,3.28,1,1,3.87,Machine Learning Engineer,"Scikit-learn, TensorFlow, Python, Deep Learning",moderate,kinesthetic,data scientist,onsite,poor,yes,1,google
male,"sinhala, tamil",bachelor's degree,software engineering,2.27,4,1,3.01,AI Engineer,"NLP, LLMs, PyTorch, Python",moderate,auditory,devops engineer,onsite,excellent,yes,7,google
male,sinhala,bachelor's degree,software engineering,2.46,2,1,2.39,BI Developer,"ETL Tools, Power BI, Excel, Tableau",low,visual,devops engineer,onsite,excellent,yes,3,aws
male,sinhala,bachelor's degree,software engineering,2.95,1,1,2.84,DevOps Engineer,"Jenkins, Linux, Docker, AWS",low,auditory,devops engineer,onsite,poor,no,6,aws
male,"english, sinhala, tamil",bachelor's degree,information technology,2.98,4,2,3.65,Cloud Engineer,"Kubernetes, Docker, GCP, Azure",excellent,kinesthetic,software engineer,onsite,average,no,8,none
male,tamil,bachelor's degree,cyber security,2.85,2,2,3.88,Cloud Architect,"Security, IaC, Networking, Microservices",excellent,visual,software engineer,hybrid,excellent,no,10,cisco
male,"english, sinhala, tamil",bachelor's degree,data science,2.9,2,2,2.73,Cybersecurity Analyst,"Firewalls, SIEM, Risk Analysis, Linux",excellent,visual,data scientist,hybrid,excellent,yes,4,google
female,"tamil, english",bachelor's degree,computer science,2.93,3,1,2.84,Ethical Hacker,"Metasploit, Python, Kali Linux, Nmap",moderate,kinesthetic,data scientist,remote,average,yes,11,aws
male,"tamil, english",bachelor's degree,information technology,3.61,3,1,3.13,Security Engineer,"Cloud Security, Encryption, Linux, SIEM",low,kinesthetic,systems analyst,hybrid,excellent,no,11,cisco
female,"tamil, english",bachelor's degree,computer science,2.94,3,1,3.53,Information Security Analyst,"SIEM, Compliance, SOC Tools, Incident Response",low,visual,devops engineer,onsite,average,no,10,aws
female,"english, sinhala",bachelor's degree,cyber security,3.45,2,1,3.83,Network Engineer,"VPN, Firewalls, Cisco, TCP/IP",moderate,visual,systems analyst,remote,average,no,8,azure
female,"tamil, english",bachelor's degree,computer science,2.97,3,2,2.22,System Administrator,"Linux, Virtualization, Networking, Windows Server",low,kinesthetic,qa engineer,hybrid,poor,no,3,azure
male,"english, sinhala",bachelor's degree,computer science,3.22,2,1,3.07,IT Support Engineer,"Ticketing Tools, Networking, Hardware, Troubleshooting",low,auditory,data scientist,remote,average,no,9,cisco
female,sinhala,bachelor's degree,computer science,2.97,4,2,2.91,Hardware Engineer,"Electronics, PCB Design, Microcontrollers, Arduino",moderate,kinesthetic,systems analyst,hybrid,average,yes,8,aws
female,english,bachelor's degree,computer science,3.17,2,1,2.7,QA Engineer,"Manual Testing, Test Cases, Jira, SQL",moderate,visual,security engineer,hybrid,average,yes,5,google
male,"sinhala, tamil",bachelor's degree,information technology,2.15,4,1,3.91,Software Tester,"Bug Tracking, Test Plans, Manual Testing, SQL",low,kinesthetic,security engineer,onsite,poor,yes,12,cisco
male,tamil,bachelor's degree,information technology,3.93,4,1,3.13,Automation Test Engineer,"Selenium, Cypress, CI/CD, Java",low,kinesthetic,security engineer,hybrid,excellent,no,0,cisco
male,sinhala,bachelor's degree,data science,2.42,1,1,2.73,UI Designer,"UI Principles, Adobe XD, Prototyping, Figma",low,kinesthetic,systems analyst,onsite,excellent,no,0,azure
male,"sinhala, tamil",bachelor's degree,cyber security,2.85,4,1,2.9,UX Designer,"Psychology, Figma, Prototyping, User Research",moderate,visual,data scientist,remote,poor,no,1,google
male,"english, sinhala",bachelor's degree,computer science,3.67,4,1,3.17,Product Designer,"UX Research, User Flow, Prototyping, UI Design",low,kinesthetic,devops engineer,hybrid,excellent,yes,5,cisco
male,"tamil, english",bachelor's degree,software engineering,3.07,3,1,3.65,Blockchain Developer,"Node.js, Smart Contracts, Cryptography, Solidity",moderate,kinesthetic,devops engineer,hybrid,excellent,no,7,cisco
female,"english, sinhala, tamil",bachelor's degree,information technology,2.18,1,2,3.45,IoT Engineer,"MQTT, Sensors, Cloud Integration, C/C++",excellent,auditory,systems analyst,remote,poor,no,5,none
male,english,bachelor's degree,data science,3.38,2,1,3.98,Embedded Systems Engineer,"IoT, PCB Design, RTOS, Electronics",excellent,visual,devops engineer,remote,poor,no,6,aws
female,"sinhala, tamil",bachelor's degree,data science,2.7,2,2,3.11,AR/VR Developer,"3D Modeling, Unity, Blender, Unreal Engine",moderate,visual,systems analyst,onsite,poor,yes,12,none
male,tamil,bachelor's degree,cyber security,2.58,4,2,2.57,SEO Specialist,"HTML, SEO Tools, Backlinks, Keyword Research",excellent,auditory,devops engineer,remote,excellent,no,10,cisco
male,"tamil, english",bachelor's degree,data science,4.0,2,2,3.37,IT Support Specialist,"Hardware, Ticketing Systems, Networking, Windows",moderate,auditory,data scientist,onsite,excellent,no,12,azure
male,"sinhala, tamil",bachelor's degree,cyber security,2.26,4,1,3.21,Software Engineer,"Java, Python, Spring Boot, Git",low,auditory,devops engineer,remote,poor,no,5,aws
male,english,bachelor's degree,data science,2.83,1,2,3.78,Full Stack Developer,"Express, React, REST API, JavaScript",excellent,visual,qa engineer,onsite,excellent,no,7,azure
female,sinhala,bachelor's degree,cyber security,2.52,1,1,3.79,Frontend Developer,"Tailwind CSS, TypeScript, CSS, JavaScript",excellent,kinesthetic,qa engineer,onsite,average,yes,9,azure
female,"english, sinhala, tamil",bachelor's degree,information technology,3.81,3,1,2.36,Backend Developer,"Node.js, Spring Boot, SQL, Microservices",low,visual,devops engineer,hybrid,average,no,4,none
male,"tamil, english",bachelor's degree,data science,3.23,3,1,2.89,Web Developer,"PHP, HTML, MySQL, CSS",low,kinesthetic,qa engineer,remote,poor,yes,5,aws
female,"english, sinhala",bachelor's degree,data science,4.0,1,1,2.96,Mobile App Developer,"Firebase, Swift, REST API, Flutter",low,auditory,security engineer,onsite,average,yes,4,aws
male,english,bachelor's degree,software engineering,3.26,2,1,2.27,Data Scientist,"Pandas, Machine Learning, Tableau, Python",moderate,auditory,devops engineer,onsite,average,no,5,none
female,english,bachelor's degree,information technology,3.79,4,2,3.89,Data Analyst,"Power BI, Data Visualization, Statistics, SQL",excellent,visual,security engineer,hybrid,average,yes,12,none
male,"tamil, english",bachelor's degree,software engineering,4.0,2,2,3.21,Machine Learning Engineer,"Python, Deep Learning, Pandas, Scikit-learn",moderate,kinesthetic,security engineer,onsite,excellent,yes,6,cisco
male,"sinhala, tamil",bachelor's degree,computer science,2.38,3,1,3.81,AI Engineer,"NLP, LLMs, Data Processing, TensorFlow",excellent,auditory,software engineer,hybrid,poor,no,9,cisco
male,english,bachelor's degree,data science,3.57,1,1,3.21,BI Developer,"Excel, ETL Tools, DAX, Power BI",moderate,visual,qa engineer,remote,excellent,no,1,azure
female,english,bachelor's degree,data science,2.08,3,2,2.94,DevOps Engineer,"Jenkins, Docker, AWS, Linux",low,auditory,data scientist,remote,poor,no,8,azure
female,"sinhala, tamil",bachelor's degree,information technology,3.22,3,1,3.99,Cloud Engineer,"Azure, AWS, Docker, GCP",low,kinesthetic,qa engineer,onsite,excellent,yes,6,aws
male,"english, sinhala, tamil",bachelor's degree,information technology,3.71,3,1,3.09,Cloud Architect,"AWS/Azure Design, Networking, IaC, Scalability",low,visual,software engineer,onsite,poor,yes,0,google
female,"sinhala, tamil",bachelor's degree,software engineering,3.17,4,1,2.72,Cybersecurity Analyst,"Python, Risk Analysis, SIEM, Firewalls",moderate,kinesthetic,security engineer,remote,excellent,no,6,google
male,"tamil, english",bachelor's degree,information technology,2.62,4,1,3.01,Ethical Hacker,"Metasploit, Nmap, Python, Burp Suite",low,visual,devops engineer,hybrid,excellent,no,12,google
female,"tamil, english",bachelor's degree,data science,3.84,1,1,3.23,Security Engineer,"Cloud Security, SIEM, Encryption, IAM",excellent,kinesthetic,data scientist,onsite,poor,no,0,aws
male,sinhala,bachelor's degree,information technology,2.75,4,2,3.84,Information Security Analyst,"SOC Tools, Compliance, SIEM, Incident Response",moderate,visual,systems analyst,onsite,average,no,6,none
female,"sinhala, tamil",bachelor's degree,data science,3.68,2,2,3.52,Network Engineer,"Switching, Routing, TCP/IP, Firewalls",low,auditory,qa engineer,onsite,poor,no,3,google
female,"tamil, english",bachelor's degree,computer science,2.04,2,2,3.77,System Administrator,"Networking, Bash, Linux, Active Directory",excellent,auditory,systems analyst,onsite,excellent,yes,2,google
male,"english, sinhala",bachelor's degree,computer science,2.7,4,2,3.28,IT Support Engineer,"Networking, Ticketing Tools, Troubleshooting, Active Directory",low,kinesthetic,software engineer,hybrid,average,no,8,azure
female,tamil,bachelor's degree,computer science,3.26,4,2,2.94,Hardware Engineer,"Electronics, Microcontrollers, PCB Design, Circuit Design",moderate,kinesthetic,security engineer,onsite,excellent,no,4,azure
female,"english, sinhala",bachelor's degree,information technology,2.64,1,1,2.49,QA Engineer,"Manual Testing, Jira, Selenium, SQL",excellent,auditory,data scientist,onsite,excellent,no,3,none
female,"english, sinhala, tamil",bachelor's degree,cyber security,3.5,3,2,2.21,Software Tester,"Selenium, Test Plans, SQL, Agile",low,visual,qa engineer,hybrid,poor,yes,12,google
female,"tamil, english",bachelor's degree,cyber security,2.91,2,2,3.86,Automation Test Engineer,"Python, Java, TestNG, Selenium",moderate,visual,software engineer,onsite,excellent,no,1,none
female,"english, sinhala",bachelor's degree,software engineering,2.43,4,1,2.32,UI Designer,"Color Theory, Prototyping, Photoshop, UI Principles",moderate,visual,software engineer,onsite,excellent,yes,7,aws
male,tamil,bachelor's degree,computer science,3.07,4,2,3.83,UX Designer,"Wireframing, Psychology, Prototyping, User Research",moderate,visual,security engineer,hybrid,excellent,no,3,azure
male,sinhala,bachelor's degree,software engineering,2.38,1,2,3.17,Product Designer,"UX Research, UI Design, Figma, User Flow",low,visual,data scientist,hybrid,average,no,10,azure
female,"sinhala, tamil",bachelor's degree,computer science,3.74,4,1,2.25,Blockchain Developer,"Ethereum, Solidity, Node.js, Cryptography",excellent,auditory,systems analyst,remote,average,yes,11,google
male,sinhala,bachelor's degree,information technology,3.27,4,2,3.18,IoT Engineer,"MQTT, Raspberry Pi, Arduino, Sensors",excellent,kinesthetic,devops engineer,hybrid,poor,yes,2,none
male,"english, sinhala, tamil",bachelor's degree,data science,3.37,4,2,3.39,Embedded Systems Engineer,"IoT, C/C++, Microcontrollers, Electronics",moderate,kinesthetic,security engineer,onsite,average,yes,12,aws
female,"tamil, english",bachelor's degree,software engineering,3.89,2,1,3.82,AR/VR Developer,"Unreal Engine, 3D Modeling, Blender, XR SDKs",excellent,auditory,devops engineer,remote,excellent,no,6,azure
female,"english, sinhala",bachelor's degree,cyber security,2.51,1,2,2.37,SEO Specialist,"Keyword Research, Content Strategy, SEO Tools, Backlinks",moderate,visual,systems analyst,remote,excellent,yes,4,aws
male,tamil,bachelor's degree,software engineering,2.16,3,2,3.82,IT Support Specialist,"Networking, Troubleshooting, Hardware, Active Directory",moderate,visual,security engineer,onsite,excellent,yes,3,google
male,"english, sinhala, tamil",bachelor's degree,data science,2.44,1,1,3.4,Software Engineer,"Git, Spring Boot, SQL, Python",excellent,auditory,data scientist,onsite,average,yes,0,cisco
female,"tamil, english",bachelor's degree,information technology,3.09,1,1,3.66,Full Stack Developer,"React, Node.js, MongoDB, REST API",low,auditory,software engineer,remote,excellent,no,5,none
female,english,bachelor's degree,information technology,3.09,1,2,3.42,Frontend Developer,"HTML, Tailwind CSS, JavaScript, CSS",moderate,auditory,software engineer,hybrid,excellent,yes,9,none
female,"sinhala, tamil",bachelor's degree,cyber security,3.07,4,2,3.24,Backend Developer,"Java, SQL, Node.js, Spring Boot",excellent,auditory,devops engineer,onsite,excellent,no,2,azure
male,"english, sinhala",bachelor's degree,computer science,3.28,2,2,3.16,Web Developer,"CSS, Bootstrap, MySQL, JavaScript",low,kinesthetic,qa engineer,onsite,excellent,yes,1,azure
male,sinhala,bachelor's degree,data science,3.36,1,2,2.4,Mobile App Developer,"Java, Swift, Kotlin, Flutter",excellent,visual,systems analyst,onsite,poor,yes,8,none
male,"english, sinhala",bachelor's degree,software engineering,3.7,4,2,2.85,Data Scientist,"NumPy, Python, Machine Learning, SQL",low,auditory,security engineer,hybrid,excellent,no,12,azure
male,english,bachelor's degree,computer science,3.49,4,2,3.72,Data Analyst,"SQL, Data Visualization, Power BI, Excel",low,auditory,systems analyst,onsite,average,yes,9,none
female,"english, sinhala",bachelor's degree,cyber security,2.51,2,1,2.82,Machine Learning Engineer,"Scikit-learn, NumPy, TensorFlow, Deep Learning",excellent,auditory,devops engineer,remote,poor,yes,12,google
female,"english, sinhala",bachelor's degree,cyber security,3.54,1,1,3.47,AI Engineer,"Python, TensorFlow, NLP, LLMs",excellent,kinesthetic,software engineer,onsite,poor,no,10,none
female,english,bachelor's degree,software engineering,3.74,2,2,3.92,BI Developer,"DAX, Power BI, Tableau, Excel",moderate,auditory,devops engineer,hybrid,poor,no,7,google
male,tamil,bachelor's degree,software engineering,2.81,2,2,3.64,DevOps Engineer,"Kubernetes, Linux, AWS, Docker",moderate,kinesthetic,security engineer,remote,poor,yes,7,azure
male,"sinhala, tamil",bachelor's degree,software engineering,3.8,1,2,2.23,Cloud Engineer,"Docker, GCP, Terraform, Azure",low,kinesthetic,data scientist,remote,poor,no,11,azure
female,"english, sinhala, tamil",bachelor's degree,information technology,3.59,2,2,2.91,Cloud Architect,"Scalability, IaC, Networking, Security",low,auditory,software engineer,hybrid,average,no,6,aws
male,tamil,bachelor's degree,computer science,3.81,4,1,3.61,Cybersecurity Analyst,"SIEM, Risk Analysis, Python, Linux",moderate,auditory,data scientist,onsite,average,no,4,none
male,"tamil, english",bachelor's degree,software engineering,3.4,4,2,2.34,Ethical Hacker,"Burp Suite, Wireshark, Kali Linux, Nmap",moderate,visual,software engineer,onsite,average,yes,11,google
male,"english, sinhala",bachelor's degree,cyber security,2.0,2,1,3.12,Security Engineer,"Linux, SIEM, Firewalls, Encryption",low,auditory,software engineer,hybrid,poor,no,9,none
male,"english, sinhala, tamil",bachelor's degree,data science,3.61,2,1,3.42,Information Security Analyst,"Risk Assessment, Networking, Incident Response, SIEM",excellent,auditory,systems analyst,onsite,average,no,8,azure
male,"english, sinhala",bachelor's degree,software engineering,2.48,4,2,2.96,Network Engineer,"Firewalls, Routing, Cisco, Switching",low,visual,software engineer,remote,poor,yes,8,cisco
male,english,bachelor's degree,information technology,3.57,4,1,3.09,System Administrator,"Windows Server, Linux, Bash, Virtualization",low,kinesthetic,systems analyst,remote,average,yes,4,aws
female,tamil,bachelor's degree,computer science,3.78,1,1,3.62,IT Support Engineer,"Troubleshooting, Networking, Hardware, Ticketing Tools",moderate,auditory,data scientist,hybrid,average,yes,12,azure
female,"tamil, english",bachelor's degree,cyber security,3.83,2,2,3.98,Hardware Engineer,"Electronics, Embedded C, PCB Design, Microcontrollers",excellent,visual,devops engineer,remote,average,yes,2,google
male,"sinhala, tamil",bachelor's degree,cyber security,2.8,1,2,2.75,QA Engineer,"Test Cases, Selenium, Jira, Manual Testing",low,kinesthetic,devops engineer,onsite,average,no,5,google
female,"sinhala, tamil",bachelor's degree,software engineering,3.41,4,2,2.53,Software Tester,"Test Plans, Agile, SQL, Manual Testing",low,kinesthetic,data scientist,onsite,poor,yes,10,google
female,"english, sinhala",bachelor's degree,software engineering,3.44,4,2,3.09,Automation Test Engineer,"Selenium, Cypress, Java, TestNG",excellent,kinesthetic,software engineer,hybrid,excellent,yes,9,azure
male,"english, sinhala",bachelor's degree,software engineering,3.59,3,1,3.69,UI Designer,"Prototyping, Color Theory, Photoshop, Adobe XD",low,visual,devops engineer,onsite,poor,no,10,cisco
male,english,bachelor's degree,information technology,3.77,1,1,3.08,UX Designer,"UX Testing, User Research, Figma, Prototyping",excellent,kinesthetic,security engineer,remote,poor,yes,5,azure
female,"tamil, english",bachelor's degree,cyber security,2.89,2,1,3.97,Product Designer,"UI Design, Prototyping, UX Research, Design Systems",excellent,visual,systems analyst,hybrid,excellent,yes,1,aws
female,"english, sinhala, tamil",bachelor's degree,information technology,2.61,1,1,2.22,Blockchain Developer,"Node.js, Ethereum, Solidity, Smart Contracts",excellent,visual,devops engineer,hybrid,average,yes,0,azure
male,sinhala,bachelor's degree,cyber security,3.34,2,1,3.95,IoT Engineer,"Sensors, C/C++, Raspberry Pi, Cloud Integration",moderate,kinesthetic,devops engineer,hybrid,poor,no,3,cisco
male,"english, sinhala, tamil",bachelor's degree,computer science,2.99,3,1,2.4,Embedded Systems Engineer,"RTOS, C/C++, Microcontrollers, PCB Design",moderate,auditory,qa engineer,onsite,poor,yes,0,none
male,sinhala,bachelor's degree,cyber security,3.06,3,2,2.68,AR/VR Developer,"XR SDKs, Unity, C#, Blender",low,kinesthetic,software engineer,onsite,excellent,no,9,aws
male,"english, sinhala, tamil",bachelor's degree,data science,3.41,1,1,2.83,SEO Specialist,"SEO Tools, Backlinks, Content Strategy, HTML",moderate,visual,security engineer,hybrid,poor,yes,4,google
male,"english, sinhala, tamil",bachelor's degree,cyber security,2.56,3,2,3.91,IT Support Specialist,"Ticketing Systems, Networking, Troubleshooting, Windows",low,kinesthetic,qa engineer,onsite,poor,yes,9,cisco
female,english,bachelor's degree,computer science,3.32,1,1,2.49,Software Engineer,"SQL, Git, Spring Boot, Python",moderate,kinesthetic,data scientist,onsite,poor,yes,1,cisco
female,"tamil, english",bachelor's degree,data science,2.37,4,2,3.25,Full Stack Developer,"Node.js, React, REST API, MongoDB",low,kinesthetic,qa engineer,onsite,poor,no,9,cisco
female,"english, sinhala, tamil",bachelor's degree,cyber security,2.85,4,2,3.69,Frontend Developer,"TypeScript, JavaScript, HTML, CSS",low,auditory,devops engineer,hybrid,excellent,yes,6,none
male,"english, sinhala",bachelor's degree,software engineering,3.21,3,1,2.7,Backend Developer,"Java, Microservices, Spring Boot, REST API",low,kinesthetic,devops engineer,onsite,average,yes,5,cisco
female,english,bachelor's degree,data science,3.52,1,1,2.73,Web Developer,"Bootstrap, JavaScript, CSS, HTML",low,kinesthetic,devops engineer,remote,average,yes,2,aws
female,english,bachelor's degree,data science,2.48,1,1,3.84,Mobile App Developer,"Kotlin, Flutter, REST API, Firebase",excellent,auditory,security engineer,onsite,poor,no,5,none
female,"tamil, english",bachelor's degree,cyber security,3.62,3,1,3.05,Data Scientist,"Machine Learning, NumPy, Pandas, SQL",low,auditory,devops engineer,onsite,poor,yes,2,cisco
male,"english, sinhala",bachelor's degree,data science,3.46,4,2,3.63,Data Analyst,"Data Visualization, Power BI, Python, SQL",excellent,visual,systems analyst,remote,average,no,5,none
male,"sinhala, tamil",bachelor's degree,information technology,2.6,4,1,2.98,Machine Learning Engineer,"Deep Learning, Python, NumPy, Pandas",excellent,auditory,data scientist,remote,excellent,no,5,azure
male,"sinhala, tamil",bachelor's degree,software engineering,3.09,3,2,3.79,AI Engineer,"PyTorch, TensorFlow, Data Processing, NLP",low,visual,qa engineer,onsite,average,yes,4,aws
female,"sinhala, tamil",bachelor's degree,information technology,3.09,4,2,2.41,BI Developer,"Excel, ETL Tools, Tableau, DAX",moderate,visual,systems analyst,remote,excellent,yes,6,aws
male,"tamil, english",bachelor's degree,cyber security,3.57,1,1,2.67,DevOps Engineer,"CI/CD, Jenkins, Linux, AWS",moderate,visual,systems analyst,hybrid,poor,no,4,google
female,sinhala,bachelor's degree,information technology,2.18,3,2,2.69,Cloud Engineer,"GCP, AWS, Azure, Kubernetes",excellent,kinesthetic,systems analyst,remote,excellent,no,4,none
female,"english, sinhala, tamil",bachelor's degree,cyber security,3.46,4,2,2.24,Cloud Architect,"Security, IaC, Networking, Scalability",low,kinesthetic,software engineer,onsite,excellent,no,3,cisco
female,"english, sinhala",bachelor's degree,cyber security,2.6,2,1,3.98,Cybersecurity Analyst,"Linux, SIEM, Python, Networking",excellent,kinesthetic,systems analyst,hybrid,excellent,yes,1,cisco
male,"english, sinhala",bachelor's degree,computer science,3.64,4,2,3.28,Ethical Hacker,"Metasploit, Kali Linux, Python, Nmap",moderate,visual,software engineer,onsite,average,no,3,azure
male,"english, sinhala",bachelor's degree,information technology,2.98,2,2,3.46,Security Engineer,"Encryption, SIEM, Cloud Security, IAM",low,kinesthetic,qa engineer,remote,poor,yes,2,aws
male,"tamil, english",bachelor's degree,cyber security,3.66,1,1,3.75,Information Security Analyst,"SOC Tools, Compliance, SIEM, Networking",excellent,visual,security engineer,onsite,average,yes,11,azure
female,"sinhala, tamil",bachelor's degree,data science,2.49,4,1,3.72,Network Engineer,"VPN, Routing, Cisco, TCP/IP",excellent,kinesthetic,security engineer,hybrid,poor,yes,11,none
female,"sinhala, tamil",bachelor's degree,information technology,2.27,2,1,2.91,System Administrator,"Windows Server, Linux, Networking, Bash",moderate,kinesthetic,qa engineer,onsite,excellent,no,0,aws
male,tamil,bachelor's degree,cyber security,2.15,4,1,2.61,IT Support Engineer,"Hardware, Troubleshooting, Windows, Networking",excellent,auditory,software engineer,onsite,excellent,yes,0,aws
male,"english, sinhala, tamil",bachelor's degree,cyber security,3.15,1,1,2.3,Hardware Engineer,"PCB Design, Arduino, Embedded C, Microcontrollers",excellent,auditory,systems analyst,hybrid,excellent,yes,4,azure
male,tamil,bachelor's degree,computer science,3.49,1,1,3.54,QA Engineer,"Jira, Test Cases, Selenium, API Testing",low,visual,security engineer,hybrid,excellent,no,2,none
male,"tamil, english",bachelor's degree,data science,3.02,1,2,3.33,Software Tester,"SQL, Agile, Manual Testing, Bug Tracking",moderate,auditory,devops engineer,hybrid,poor,no,1,cisco
female,"english, sinhala, tamil",bachelor's degree,software engineering,3.6,4,1,3.82,Automation Test Engineer,"CI/CD, Java, Cypress, TestNG",low,kinesthetic,systems analyst,onsite,excellent,yes,8,google
female,"tamil, english",bachelor's degree,data science,3.67,4,1,3.72,UI Designer,"Color Theory, Adobe XD, UI Principles, Figma",low,kinesthetic,security engineer,onsite,average,yes,3,azure
female,sinhala,bachelor's degree,information technology,3.31,4,2,2.24,UX Designer,"Figma, Prototyping, Wireframing, Psychology",low,auditory,devops engineer,hybrid,excellent,yes,7,aws
female,"sinhala, tamil",bachelor's degree,information technology,2.92,1,2,2.44,Product Designer,"User Flow, Prototyping, Design Systems, UX Research",excellent,auditory,data scientist,remote,poor,no,11,google
female,sinhala,bachelor's degree,data science,2.39,3,1,3.6,Blockchain Developer,"Solidity, Web3.js, Smart Contracts, Node.js",low,kinesthetic,software engineer,onsite,average,no,6,none
female,english,bachelor's degree,information technology,2.74,1,2,3.64,IoT Engineer,"Raspberry Pi, Arduino, MQTT, Sensors",moderate,kinesthetic,systems analyst,onsite,poor,yes,2,aws
male,english,bachelor's degree,data science,3.24,4,1,2.78,Embedded Systems Engineer,"Microcontrollers, Electronics, C/C++, PCB Design",low,auditory,qa engineer,onsite,excellent,yes,4,google
female,tamil,bachelor's degree,software engineering,3.46,4,2,3.44,AR/VR Developer,"C#, XR SDKs, Unreal Engine, 3D Modeling",excellent,kinesthetic,systems analyst,hybrid,excellent,no,11,google
male,tamil,bachelor's degree,software engineering,3.53,1,1,2.34,SEO Specialist,"Content Strategy, HTML, Google Analytics, Backlinks",low,visual,software engineer,hybrid,average,yes,5,azure
male,"tamil, english",bachelor's degree,information technology,3.34,2,1,3.7,IT Support Specialist,"Troubleshooting, Windows, Hardware, Ticketing Systems",low,kinesthetic,software engineer,onsite,average,yes,8,none
female,tamil,bachelor's degree,information technology,2.56,2,2,3.22,Software Engineer,"SQL, Python, Git, Java",excellent,kinesthetic,qa engineer,onsite,poor,yes,4,google
male,"tamil, english",bachelor's degree,information technology,3.12,4,1,3.19,Full Stack Developer,"React, Express, JavaScript, MongoDB",low,auditory,qa engineer,hybrid,poor,no,12,google
female,"english, sinhala",bachelor's degree,cyber security,3.7,4,2,2.71,Frontend Developer,"React, TypeScript, JavaScript, CSS",low,kinesthetic,devops engineer,hybrid,excellent,no,0,aws
male,english,bachelor's degree,computer science,2.79,4,2,3.64,Backend Developer,"Node.js, SQL, Spring Boot, Java",moderate,auditory,software engineer,hybrid,poor,yes,2,cisco
female,english,bachelor's degree,computer science,2.51,1,1,2.6,Web Developer,"HTML, CSS, MySQL, Bootstrap",excellent,auditory,systems analyst,onsite,poor,no,6,aws
male,english,bachelor's degree,information technology,2.71,1,2,3.04,Mobile App Developer,"REST API, Kotlin, Flutter, Firebase",excellent,visual,software engineer,onsite,poor,yes,2,azure
male,"english, sinhala",bachelor's degree,software engineering,2.89,1,2,3.07,Data Scientist,"SQL, Tableau, NumPy, Python",moderate,kinesthetic,devops engineer,remote,average,yes,8,google
male,english,bachelor's degree,cyber security,3.18,2,1,3.96,Data Analyst,"Power BI, Python, Excel, Statistics",excellent,auditory,devops engineer,hybrid,poor,no,0,none
male,"english, sinhala, tamil",bachelor's degree,software engineering,3.8,2,2,3.28,Machine Learning Engineer,"Python, Deep Learning, NumPy, Scikit-learn",excellent,auditory,security engineer,hybrid,excellent,yes,11,none
male,"tamil, english",bachelor's degree,software engineering,3.2,4,1,3.4,AI Engineer,"LLMs, NLP, Python, Data Processing",moderate,visual,data scientist,hybrid,excellent,no,12,cisco
male,english,bachelor's degree,software engineering,2.36,4,1,3.61,BI Developer,"ETL Tools, DAX, Tableau, SQL",moderate,kinesthetic,software engineer,hybrid,average,yes,9,google
male,"sinhala, tamil",bachelor's degree,software engineering,2.39,2,2,3.84,DevOps Engineer,"AWS, Docker, Kubernetes, Linux",moderate,visual,devops engineer,onsite,poor,no,9,none
female,"sinhala, tamil",bachelor's degree,computer science,3.83,3,2,2.45,Cloud Engineer,"Terraform, GCP, Kubernetes, AWS",excellent,auditory,data scientist,remote,excellent,no,3,cisco
male,"english, sinhala, tamil",bachelor's degree,data science,2.57,1,1,3.51,Cloud Architect,"Security, AWS/Azure Design, Networking, IaC",moderate,visual,qa engineer,onsite,poor,yes,1,google
male,english,bachelor's degree,computer science,3.72,1,1,2.5,Cybersecurity Analyst,"SIEM, Python, Firewalls, Networking",moderate,auditory,data scientist,hybrid,average,no,0,google
male,"tamil, english",bachelor's degree,cyber security,2.88,3,1,3.78,Ethical Hacker,"Python, Metasploit, Kali Linux, Nmap",excellent,auditory,devops engineer,onsite,average,no,9,azure
male,tamil,bachelor's degree,data science,3.16,3,1,3.69,Security Engineer,"IAM, Linux, Cloud Security, Encryption",excellent,visual,security engineer,remote,average,no,9,none
female,"english, sinhala",bachelor's degree,cyber security,2.91,4,2,2.47,Information Security Analyst,"Incident Response, Networking, SOC Tools, Risk Assessment",excellent,visual,security engineer,hybrid,excellent,yes,1,google
female,english,bachelor's degree,information technology,2.49,1,2,2.95,Network Engineer,"VPN, Cisco, Routing, TCP/IP",moderate,visual,security engineer,hybrid,poor,yes,0,azure
male,"tamil, english",bachelor's degree,computer science,3.47,1,1,2.72,System Administrator,"Linux, Networking, Windows Server, Virtualization",low,auditory,qa engineer,onsite,poor,yes,10,google
male,"sinhala, tamil",bachelor's degree,information technology,2.34,1,1,3.15,IT Support Engineer,"Windows, Networking, Hardware, Active Directory",moderate,kinesthetic,devops engineer,onsite,excellent,yes,9,cisco
male,tamil,bachelor's degree,cyber security,2.41,3,1,3.27,Hardware Engineer,"PCB Design, Embedded C, Arduino, Circuit Design",low,visual,data scientist,remote,average,no,3,aws
female,"tamil, english",bachelor's degree,computer science,3.58,3,2,3.98,QA Engineer,"SQL, Test Cases, Selenium, Manual Testing",moderate,auditory,software engineer,onsite,excellent,yes,7,cisco
male,"sinhala, tamil",bachelor's degree,information technology,3.34,3,2,3.92,Software Tester,"Bug Tracking, Manual Testing, Agile, SQL",excellent,visual,qa engineer,remote,poor,yes,1,cisco
male,tamil,bachelor's degree,cyber security,3.51,1,1,3.46,Automation Test Engineer,"CI/CD, TestNG, Java, Cypress",excellent,visual,data scientist,remote,excellent,no,11,aws
male,"tamil, english",bachelor's degree,information technology,3.06,4,2,3.98,UI Designer,"Prototyping, Adobe XD, Color Theory, Photoshop",excellent,kinesthetic,devops engineer,hybrid,excellent,yes,10,none
female,"english, sinhala, tamil",bachelor's degree,computer science,2.32,1,1,3.62,UX Designer,"Wireframing, Figma, User Research, UX Testing",excellent,kinesthetic,qa engineer,onsite,excellent,no,11,none
male,"english, sinhala",bachelor's degree,information technology,3.76,2,2,3.15,Product Designer,"UX Research, Prototyping, UI Design, User Flow",low,kinesthetic,software engineer,onsite,excellent,no,11,azure
male,english,bachelor's degree,data science,3.09,1,2,2.59,Blockchain Developer,"Smart Contracts, Web3.js, Node.js, Cryptography",low,visual,systems analyst,remote,average,yes,8,none
female,english,bachelor's degree,cyber security,3.78,1,2,3.07,IoT Engineer,"Raspberry Pi, Sensors, MQTT, C/C++",excellent,auditory,security engineer,hybrid,average,yes,10,none
male,sinhala,bachelor's degree,computer science,2.57,3,1,3.83,Embedded Systems Engineer,"C/C++, Microcontrollers, PCB Design, RTOS",excellent,auditory,devops engineer,onsite,average,no,8,azure
male,english,bachelor's degree,cyber security,3.7,3,2,3.28,AR/VR Developer,"Unity, 3D Modeling, Unreal Engine, Blender",excellent,visual,systems analyst,remote,excellent,yes,6,cisco
female,"english, sinhala, tamil",bachelor's degree,information technology,2.6,4,2,3.49,SEO Specialist,"Google Analytics, HTML, Backlinks, Keyword Research",low,visual,systems analyst,remote,excellent,no,0,aws
male,"english, sinhala",bachelor's degree,cyber security,2.48,1,2,2.42,IT Support Specialist,"Ticketing Systems, Windows, Networking, Hardware",moderate,kinesthetic,software engineer,onsite,average,no,2,aws
female,"english, sinhala",bachelor's degree,information technology,3.66,2,2,2.95,Software Engineer,"OOP, SQL, Java, Python",moderate,kinesthetic,data scientist,remote,poor,yes,0,aws
male,"english, sinhala",bachelor's degree,cyber security,3.34,4,2,2.92,Full Stack Developer,"Node.js, React, JavaScript, Express",low,auditory,systems analyst,onsite,poor,no,8,none
female,"sinhala, tamil",bachelor's degree,data science,2.5,1,1,3.82,Frontend Developer,"JavaScript, CSS, TypeScript, React",low,auditory,qa engineer,hybrid,excellent,no,7,cisco
male,tamil,bachelor's degree,data science,4.0,4,2,2.75,Backend Developer,"Microservices, Node.js, Spring Boot, SQL",moderate,auditory,software engineer,onsite,average,yes,3,google
male,english,bachelor's degree,computer science,2.51,2,1,2.85,Web Developer,"Bootstrap, CSS, JavaScript, MySQL",low,visual,data scientist,remote,excellent,yes,9,google
female,"tamil, english",bachelor's degree,computer science,3.46,2,1,3.69,Mobile App Developer,"Java, Kotlin, REST API, Swift",excellent,kinesthetic,devops engineer,remote,poor,no,2,aws
male,"english, sinhala",bachelor's degree,software engineering,3.35,3,2,2.47,Data Scientist,"Machine Learning, Python, SQL, Pandas",low,visual,systems analyst,onsite,poor,yes,2,azure
male,tamil,bachelor's degree,information technology,3.53,4,1,3.72,Data Analyst,"Statistics, Data Visualization, SQL, Power BI",low,visual,security engineer,onsite,excellent,no,10,aws
female,"sinhala, tamil",bachelor's degree,cyber security,3.19,3,1,3.2,Machine Learning Engineer,"NumPy, Deep Learning, TensorFlow, Scikit-learn",low,auditory,software engineer,onsite,average,no,7,cisco
male,"english, sinhala",bachelor's degree,cyber security,2.38,2,1,3.34,AI Engineer,"PyTorch, TensorFlow, LLMs, Data Processing",excellent,auditory,software engineer,remote,poor,yes,1,azure
male,tamil,bachelor's degree,cyber security,2.69,3,1,2.4,BI Developer,"ETL Tools, Power BI, Excel, SQL",low,visual,software engineer,onsite,average,no,5,aws
female,"tamil, english",bachelor's degree,software engineering,3.22,4,1,2.42,DevOps Engineer,"CI/CD, Docker, Linux, Jenkins",moderate,auditory,software engineer,remote,average,yes,8,google
male,"sinhala, tamil",bachelor's degree,information technology,2.63,3,2,2.63,Cloud Engineer,"Kubernetes, GCP, Docker, Terraform",moderate,visual,software engineer,remote,poor,yes,1,google
male,english,bachelor's degree,information technology,3.63,3,1,3.65,Cloud Architect,"IaC, Security, Networking, Microservices",low,kinesthetic,data scientist,remote,excellent,no,9,none
female,"english, sinhala, tamil",bachelor's degree,data science,3.32,4,2,3.23,Cybersecurity Analyst,"Linux, Networking, Firewalls, Risk Analysis",moderate,visual,qa engineer,hybrid,average,yes,11,google
female,"sinhala, tamil",bachelor's degree,information technology,3.16,1,2,3.07,Ethical Hacker,"Wireshark, Burp Suite, Nmap, Python",excellent,kinesthetic,security engineer,onsite,excellent,no,5,google
female,tamil,bachelor's degree,computer science,2.57,2,1,2.33,Security Engineer,"Encryption, Linux, IAM, SIEM",excellent,kinesthetic,software engineer,remote,poor,yes,4,none
male,"english, sinhala",bachelor's degree,software engineering,3.43,2,1,2.55,Information Security Analyst,"SIEM, SOC Tools, Compliance, Incident Response",low,auditory,qa engineer,onsite,average,yes,10,aws
male,"sinhala, tamil",bachelor's degree,information technology,3.01,3,2,3.74,Network Engineer,"Cisco, Firewalls, TCP/IP, Switching",low,kinesthetic,security engineer,remote,excellent,no,3,aws
female,"english, sinhala, tamil",bachelor's degree,cyber security,2.76,2,2,3.78,System Administrator,"Windows Server, Bash, Linux, Networking",excellent,visual,security engineer,remote,excellent,no,12,aws
female,"english, sinhala",bachelor's degree,computer science,2.23,1,2,3.45,IT Support Engineer,"Hardware, Networking, Active Directory, Troubleshooting",excellent,auditory,qa engineer,onsite,average,no,4,cisco
female,"sinhala, tamil",bachelor's degree,information technology,3.25,3,1,2.85,Hardware Engineer,"Circuit Design, Electronics, Microcontrollers, Embedded C",low,auditory,devops engineer,hybrid,poor,yes,7,azure
male,"english, sinhala",bachelor's degree,information technology,3.61,1,2,3.23,QA Engineer,"API Testing, Selenium, SQL, Test Cases",excellent,auditory,devops engineer,hybrid,poor,yes,6,cisco
female,"english, sinhala",bachelor's degree,data science,3.74,4,1,3.6,Software Tester,"Bug Tracking, Test Plans, Agile, Selenium",moderate,kinesthetic,qa engineer,hybrid,excellent,no,9,google
female,sinhala,bachelor's degree,cyber security,2.94,2,2,3.61,Automation Test Engineer,"CI/CD, Python, TestNG, Java",excellent,visual,security engineer,remote,excellent,no,1,cisco
male,"tamil, english",bachelor's degree,information technology,2.71,3,1,2.32,UI Designer,"Photoshop, UI Principles, Figma, Color Theory",low,kinesthetic,data scientist,remote,average,yes,7,none
male,"english, sinhala, tamil",bachelor's degree,data science,3.3,3,1,3.59,UX Designer,"Prototyping, Figma, User Research, Wireframing",low,visual,data scientist,hybrid,average,yes,10,none
male,tamil,bachelor's degree,data science,2.27,4,1,3.67,Product Designer,"Prototyping, Design Systems, Figma, UI Design",excellent,kinesthetic,security engineer,hybrid,average,no,1,aws
female,"sinhala, tamil",bachelor's degree,software engineering,3.54,2,1,2.88,Blockchain Developer,"Node.js, Solidity, Smart Contracts, Ethereum",low,kinesthetic,systems analyst,remote,excellent,no,9,cisco
female,tamil,bachelor's degree,information technology,2.63,3,1,2.51,IoT Engineer,"Sensors, Arduino, Cloud Integration, Raspberry Pi",low,auditory,qa engineer,onsite,poor,yes,10,cisco
female,"tamil, english",bachelor's degree,cyber security,2.44,2,2,3.45,Embedded Systems Engineer,"Electronics, C/C++, RTOS, IoT",excellent,visual,software engineer,hybrid,excellent,yes,12,azure
female,english,bachelor's degree,information technology,3.02,3,1,3.1,AR/VR Developer,"3D Modeling, Blender, Unity, C#",low,auditory,security engineer,remote,poor,no,3,google
male,"english, sinhala",bachelor's degree,cyber security,3.8,1,2,2.96,SEO Specialist,"Keyword Research, Backlinks, SEO Tools, HTML",low,kinesthetic,software engineer,onsite,poor,yes,7,aws
male,english,bachelor's degree,data science,4.0,3,1,3.02,IT Support Specialist,"Hardware, Active Directory, Ticketing Systems, Windows",moderate,visual,systems analyst,hybrid,excellent,yes,6,none
male,"tamil, english",bachelor's degree,data science,3.68,4,1,2.97,Software Engineer,"Spring Boot, SQL, Java, Git",low,visual,devops engineer,onsite,poor,no,4,aws
male,"sinhala, tamil",bachelor's degree,cyber security,2.65,3,2,2.37,Full Stack Developer,"JavaScript, MongoDB, React, REST API",excellent,auditory,systems analyst,hybrid,poor,no,10,azure
male,english,bachelor's degree,computer science,2.43,4,2,3.24,Frontend Developer,"CSS, React, Tailwind CSS, TypeScript",low,visual,devops engineer,hybrid,poor,yes,5,cisco
female,english,bachelor's degree,computer science,2.7,2,2,3.86,Backend Developer,"Microservices, REST API, Spring Boot, Node.js",excellent,auditory,qa engineer,hybrid,excellent,yes,1,google
male,"english, sinhala, tamil",bachelor's degree,information technology,2.88,3,2,3.7,Web Developer,"MySQL, PHP, CSS, HTML",low,visual,data scientist,onsite,average,no,5,aws
male,"sinhala, tamil",bachelor's degree,software engineering,2.96,2,1,2.92,Mobile App Developer,"Swift, Firebase, Kotlin, Java",excellent,auditory,systems analyst,remote,average,yes,3,azure
male,sinhala,bachelor's degree,information technology,2.38,3,2,2.79,Data Scientist,"Tableau, Pandas, Python, SQL",moderate,auditory,security engineer,onsite,excellent,yes,10,azure
female,"english, sinhala, tamil",bachelor's degree,computer science,3.59,3,1,2.62,Data Analyst,"Statistics, Python, Power BI, Data Visualization",low,kinesthetic,systems analyst,remote,excellent,no,6,none
male,"english, sinhala, tamil",bachelor's degree,computer science,4.0,1,2,2.29,Machine Learning Engineer,"NumPy, Scikit-learn, Pandas, TensorFlow",low,kinesthetic,data scientist,remote,average,yes,7,none
male,sinhala,bachelor's degree,cyber security,3.24,2,1,2.62,AI Engineer,"LLMs, Data Processing, Python, TensorFlow",low,visual,security engineer,remote,average,yes,8,cisco
male,"english, sinhala",bachelor's degree,information technology,2.13,1,1,3.09,BI Developer,"DAX, SQL, Excel, ETL Tools",low,visual,security engineer,hybrid,excellent,no,9,cisco
female,"sinhala, tamil",bachelor's degree,information technology,2.86,3,2,2.94,DevOps Engineer,"Linux, Jenkins, CI/CD, Docker",low,auditory,security engineer,onsite,poor,no,0,aws
female,english,bachelor's degree,cyber security,3.98,3,1,2.61,Cloud Engineer,"Terraform, Docker, AWS, Kubernetes",low,kinesthetic,data scientist,remote,excellent,yes,4,cisco
male,sinhala,bachelor's degree,cyber security,3.59,1,1,2.49,Cloud Architect,"IaC, AWS/Azure Design, Security, Scalability",low,auditory,security engineer,onsite,excellent,no,0,azure
female,english,bachelor's degree,computer science,3.32,3,2,3.99,Cybersecurity Analyst,"Python, SIEM, Risk Analysis, Firewalls",low,visual,qa engineer,remote,poor,yes,8,aws
male,"english, sinhala",bachelor's degree,computer science,3.73,2,2,2.63,Ethical Hacker,"Nmap, Burp Suite, Python, Metasploit",excellent,auditory,devops engineer,hybrid,average,yes,3,google
male,english,bachelor's degree,computer science,2.15,2,2,2.92,Security Engineer,"SIEM, Encryption, Firewalls, IAM",low,auditory,qa engineer,remote,excellent,yes,5,azure
male,"sinhala, tamil",bachelor's degree,software engineering,2.9,4,1,3.09,Information Security Analyst,"Incident Response, Networking, Risk Assessment, Compliance",low,visual,devops engineer,onsite,excellent,yes,5,none
female,english,bachelor's degree,software engineering,2.75,3,1,3.34,Network Engineer,"Cisco, Switching, Routing, VPN",excellent,auditory,software engineer,onsite,excellent,yes,0,azure
female,english,bachelor's degree,computer science,2.42,3,1,3.75,System Administrator,"Networking, Linux, Bash, Active Directory",low,auditory,security engineer,remote,average,no,7,none
male,sinhala,bachelor's degree,information technology,3.14,4,2,3.6,IT Support Engineer,"Troubleshooting, Hardware, Networking, Windows",low,auditory,devops engineer,remote,excellent,yes,12,google
female,tamil,bachelor's degree,information technology,2.67,1,1,3.73,Hardware Engineer,"Embedded C, PCB Design, Electronics, Arduino",moderate,kinesthetic,qa engineer,onsite,excellent,no,11,azure
male,"sinhala, tamil",bachelor's degree,information technology,3.46,3,2,2.76,QA Engineer,"Test Cases, SQL, Jira, Selenium",low,auditory,systems analyst,hybrid,excellent,no,7,none
male,english,bachelor's degree,cyber security,3.97,2,1,3.22,Software Tester,"Bug Tracking, Test Plans, SQL, Agile",low,auditory,data scientist,hybrid,average,yes,3,google
male,"english, sinhala, tamil",bachelor's degree,cyber security,3.12,3,2,3.47,Automation Test Engineer,"Java, TestNG, Cypress, Python",low,visual,software engineer,hybrid,excellent,no,1,azure
female,tamil,bachelor's degree,data science,2.69,1,1,3.89,UI Designer,"Prototyping, Figma, UI Principles, Adobe XD",excellent,kinesthetic,software engineer,onsite,poor,yes,6,azure
female,"english, sinhala, tamil",bachelor's degree,cyber security,2.79,1,2,3.26,UX Designer,"Prototyping, Psychology, User Research, Figma",moderate,visual,systems analyst,remote,poor,no,6,google
female,sinhala,bachelor's degree,information technology,2.11,2,2,3.19,Product Designer,"UI Design, UX Research, Figma, Design Systems",excellent,visual,security engineer,hybrid,excellent,yes,1,none
female,"sinhala, tamil",bachelor's degree,information technology,2.79,4,1,2.73,Blockchain Developer,"Web3.js, Cryptography, Node.js, Smart Contracts",moderate,visual,security engineer,hybrid,poor,no,3,none
female,"tamil, english",bachelor's degree,data science,3.33,1,2,2.49,IoT Engineer,"Sensors, Raspberry Pi, Arduino, Cloud Integration",moderate,auditory,software engineer,onsite,poor,no,1,azure
female,"english, sinhala",bachelor's degree,data science,3.15,3,1,2.42,Embedded Systems Engineer,"C/C++, Electronics, RTOS, PCB Design",excellent,visual,software engineer,hybrid,poor,no,3,google
male,"tamil, english",bachelor's degree,cyber security,2.89,2,2,3.16,AR/VR Developer,"Unreal Engine, Unity, Blender, C#",excellent,visual,software engineer,onsite,poor,yes,8,none
female,english,bachelor's degree,data science,2.23,2,2,2.33,SEO Specialist,"Keyword Research, Content Strategy, Google Analytics, SEO Tools",excellent,kinesthetic,systems analyst,onsite,excellent,no,1,none
male,tamil,bachelor's degree,cyber security,2.21,2,1,3.96,IT Support Specialist,"Ticketing Systems, Windows, Hardware, Networking",low,visual,devops engineer,hybrid,average,yes,5,azure
male,"tamil, english",bachelor's degree,information technology,3.66,3,2,3.06,Software Engineer,"SQL, Spring Boot, OOP, Git",low,kinesthetic,systems analyst,onsite,average,yes,3,aws
male,"sinhala, tamil",bachelor's degree,cyber security,3.4,4,1,2.48,Full Stack Developer,"REST API, MongoDB, React, Node.js",low,visual,security engineer,hybrid,average,no,2,none
female,tamil,bachelor's degree,data science,2.39,1,1,3.25,Frontend Developer,"React, JavaScript, Tailwind CSS, TypeScript",moderate,visual,data scientist,remote,excellent,no,7,none
female,english,bachelor's degree,information technology,2.6,4,2,3.0,Backend Developer,"Java, REST API, SQL, Spring Boot",excellent,kinesthetic,systems analyst,hybrid,poor,yes,5,aws
female,sinhala,bachelor's degree,software engineering,3.05,1,2,3.53,Web Developer,"PHP, JavaScript, MySQL, CSS",moderate,kinesthetic,security engineer,hybrid,average,no,9,azure
male,sinhala,bachelor's degree,data science,3.04,1,2,2.51,Mobile App Developer,"Kotlin, REST API, Java, Firebase",low,auditory,qa engineer,remote,average,yes,8,cisco
female,"sinhala, tamil",bachelor's degree,data science,2.74,4,2,3.13,Data Scientist,"NumPy, Python, Tableau, Pandas",moderate,visual,devops engineer,remote,poor,no,11,aws
female,"english, sinhala",bachelor's degree,information technology,2.84,2,2,3.29,Data Analyst,"Excel, SQL, Data Visualization, Python",low,auditory,qa engineer,onsite,average,yes,6,aws
female,"tamil, english",bachelor's degree,software engineering,2.0,3,2,4.0,Machine Learning Engineer,"Python, Pandas, TensorFlow, Scikit-learn",low,visual,security engineer,remote,poor,yes,8,cisco
female,"english, sinhala, tamil",bachelor's degree,computer science,2.93,2,2,2.79,AI Engineer,"Data Processing, NLP, PyTorch, Python",low,visual,systems analyst,onsite,excellent,no,4,google
female,"sinhala, tamil",bachelor's degree,computer science,3.82,4,1,2.85,BI Developer,"Power BI, DAX, Excel, SQL",low,kinesthetic,devops engineer,remote,average,no,7,none
female,"english, sinhala, tamil",bachelor's degree,information technology,3.93,1,2,2.22,DevOps Engineer,"Docker, Jenkins, CI/CD, AWS",moderate,auditory,security engineer,remote,poor,no,12,none
male,sinhala,bachelor's degree,software engineering,3.21,4,2,2.86,Cloud Engineer,"Azure, Docker, GCP, Kubernetes",low,auditory,data scientist,hybrid,excellent,no,9,cisco
male,english,bachelor's degree,information technology,3.46,2,2,3.69,Cloud Architect,"Networking, Scalability, Microservices, AWS/Azure Design",moderate,visual,qa engineer,remote,average,yes,3,none
female,"english, sinhala",bachelor's degree,cyber security,3.51,2,1,2.31,Cybersecurity Analyst,"Python, SIEM, Networking, Linux",excellent,auditory,systems analyst,onsite,excellent,no,12,google
male,tamil,bachelor's degree,software engineering,2.32,4,2,3.72,Ethical Hacker,"Python, Burp Suite, Wireshark, Kali Linux",moderate,kinesthetic,systems analyst,remote,average,yes,10,none
female,tamil,bachelor's degree,information technology,3.46,3,2,2.3,Security Engineer,"IAM, SIEM, Firewalls, Linux",excellent,visual,security engineer,hybrid,poor,no,11,azure
female,"sinhala, tamil",bachelor's degree,computer science,3.76,1,1,2.29,Information Security Analyst,"Incident Response, Risk Assessment, SIEM, SOC Tools",excellent,visual,software engineer,onsite,excellent,yes,6,aws
female,"sinhala, tamil",bachelor's degree,information technology,3.97,4,1,3.63,Network Engineer,"Firewalls, Routing, VPN, TCP/IP",low,kinesthetic,software engineer,onsite,excellent,no,3,cisco
male,english,bachelor's degree,information technology,2.23,3,1,3.64,System Administrator,"Windows Server, Linux, Networking, Active Directory",moderate,kinesthetic,devops engineer,hybrid,excellent,no,5,azure
female,sinhala,bachelor's degree,computer science,2.8,2,2,3.86,IT Support Engineer,"Networking, Hardware, Active Directory, Windows",low,auditory,software engineer,remote,average,yes,12,aws
female,english,bachelor's degree,computer science,2.72,3,1,3.87,Hardware Engineer,"Arduino, Microcontrollers, Embedded C, Circuit Design",moderate,auditory,systems analyst,onsite,average,no,9,aws
female,"tamil, english",bachelor's degree,cyber security,2.46,4,1,3.18,QA Engineer,"Selenium, SQL, Test Cases, Jira",low,kinesthetic,qa engineer,onsite,average,yes,12,google
male,english,bachelor's degree,information technology,3.28,2,1,3.59,Software Tester,"SQL, Test Plans, Bug Tracking, Agile",excellent,visual,qa engineer,hybrid,poor,no,5,google
female,"english, sinhala",bachelor's degree,software engineering,4.0,2,1,3.29,Automation Test Engineer,"CI/CD, Python, Cypress, Selenium",excellent,kinesthetic,data scientist,remote,poor,yes,9,none
female,english,bachelor's degree,software engineering,3.42,4,1,3.12,UI Designer,"Prototyping, Color Theory, Photoshop, Figma",moderate,kinesthetic,data scientist,onsite,excellent,no,9,none
male,"tamil, english",bachelor's degree,cyber security,3.12,4,2,2.87,UX Designer,"UX Testing, Psychology, Prototyping, Figma",excellent,visual,systems analyst,onsite,poor,yes,4,aws
female,"sinhala, tamil",bachelor's degree,cyber security,2.42,4,2,2.92,Product Designer,"User Flow, Figma, Prototyping, Design Systems",moderate,visual,data scientist,hybrid,excellent,no,12,azure
male,sinhala,bachelor's degree,information technology,2.98,3,2,3.41,Blockchain Developer,"Web3.js, Node.js, Cryptography, Solidity",low,visual,qa engineer,hybrid,average,yes,10,aws
male,"tamil, english",bachelor's degree,data science,3.15,4,2,3.61,IoT Engineer,"Raspberry Pi, MQTT, C/C++, Cloud Integration",moderate,visual,security engineer,onsite,average,no,5,cisco
female,english,bachelor's degree,cyber security,2.93,1,2,2.28,Embedded Systems Engineer,"PCB Design, IoT, RTOS, Microcontrollers",excellent,auditory,security engineer,remote,average,yes,9,google
male,"english, sinhala, tamil",bachelor's degree,information technology,3.48,1,2,3.18,AR/VR Developer,"XR SDKs, Unity, C#, Unreal Engine",moderate,visual,qa engineer,remote,excellent,no,4,azure
female,english,bachelor's degree,computer science,4.0,4,1,2.46,SEO Specialist,"SEO Tools, Backlinks, Content Strategy, HTML",excellent,visual,software engineer,hybrid,average,no,1,azure
male,tamil,bachelor's degree,information technology,3.72,1,2,3.2,IT Support Specialist,"Windows, Networking, Active Directory, Ticketing Systems",low,kinesthetic,security engineer,remote,excellent,no,9,aws
female,"english, sinhala",bachelor's degree,cyber security,2.61,3,2,2.84,Software Engineer,"Spring Boot, Java, Git, SQL",moderate,auditory,systems analyst,onsite,excellent,no,2,azure
male,english,bachelor's degree,software engineering,3.81,1,1,3.05,Full Stack Developer,"Node.js, JavaScript, REST API, Express",low,auditory,software engineer,onsite,poor,no,0,cisco
female,english,bachelor's degree,cyber security,2.64,2,2,2.44,Frontend Developer,"JavaScript, Tailwind CSS, TypeScript, React",moderate,kinesthetic,security engineer,remote,excellent,yes,12,azure
male,tamil,bachelor's degree,data science,2.43,2,2,3.89,Backend Developer,"SQL, Spring Boot, REST API, Java",excellent,auditory,software engineer,onsite,poor,yes,1,google
male,"tamil, english",bachelor's degree,cyber security,2.42,1,2,2.34,Web Developer,"PHP, CSS, Bootstrap, HTML",moderate,auditory,systems analyst,remote,average,no,10,azure
female,"english, sinhala",bachelor's degree,cyber security,2.2,1,2,3.47,Mobile App Developer,"REST API, Swift, Firebase, Flutter",excellent,auditory,software engineer,hybrid,poor,no,5,aws
female,"english, sinhala, tamil",bachelor's degree,information technology,3.87,4,1,2.83,Data Scientist,"Machine Learning, NumPy, Pandas, SQL",moderate,auditory,qa engineer,hybrid,average,yes,6,google
female,"english, sinhala, tamil",bachelor's degree,software engineering,3.49,4,2,3.53,Data Analyst,"Python, Data Visualization, Statistics, Excel",moderate,kinesthetic,qa engineer,hybrid,average,no,9,azure
female,tamil,bachelor's degree,computer science,3.93,1,1,3.25,Machine Learning Engineer,"Deep Learning, Scikit-learn, NumPy, Python",excellent,auditory,qa engineer,hybrid,excellent,yes,9,azure
female,"english, sinhala",bachelor's degree,cyber security,2.61,1,2,3.89,AI Engineer,"PyTorch, NLP, LLMs, Python",low,visual,software engineer,onsite,average,no,6,cisco
female,"english, sinhala",bachelor's degree,cyber security,3.63,2,2,3.68,BI Developer,"Tableau, Excel, SQL, DAX",excellent,auditory,qa engineer,hybrid,excellent,yes,9,google
male,"english, sinhala",bachelor's degree,data science,2.57,3,1,2.33,DevOps Engineer,"Docker, Jenkins, CI/CD, Kubernetes",low,visual,software engineer,remote,average,no,8,azure
male,english,bachelor's degree,computer science,3.11,4,1,3.16,Cloud Engineer,"AWS, Docker, Kubernetes, GCP",excellent,kinesthetic,data scientist,remote,poor,no,8,none
male,"english, sinhala, tamil",bachelor's degree,computer science,3.63,4,2,3.34,Cloud Architect,"Networking, Security, Microservices, AWS/Azure Design",moderate,kinesthetic,devops engineer,hybrid,average,yes,12,azure
female,"sinhala, tamil",bachelor's degree,data science,3.33,3,1,2.29,Cybersecurity Analyst,"SIEM, Risk Analysis, Firewalls, Networking",moderate,kinesthetic,data scientist,remote,average,no,11,none
male,"tamil, english",bachelor's degree,information technology,2.9,2,1,3.17,Ethical Hacker,"Burp Suite, Python, Metasploit, Wireshark",excellent,kinesthetic,data scientist,onsite,excellent,no,0,aws
female,english,bachelor's degree,cyber security,3.3,1,1,2.99,Security Engineer,"Firewalls, SIEM, Encryption, Linux",excellent,visual,qa engineer,remote,excellent,no,4,google
female,sinhala,bachelor's degree,data science,3.32,2,1,3.59,Information Security Analyst,"SOC Tools, Compliance, Incident Response, Networking",moderate,auditory,software engineer,hybrid,poor,no,5,cisco
female,english,bachelor's degree,cyber security,3.41,2,1,3.27,Network Engineer,"Cisco, VPN, Firewalls, Switching",moderate,auditory,devops engineer,onsite,average,yes,9,azure
male,tamil,bachelor's degree,software engineering,2.36,1,1,2.35,System Administrator,"Networking, Windows Server, Linux, Bash",moderate,kinesthetic,security engineer,onsite,average,yes,6,google
male,sinhala,bachelor's degree,computer science,3.15,4,1,3.16,IT Support Engineer,"Hardware, Troubleshooting, Windows, Active Directory",low,auditory,software engineer,remote,poor,no,10,azure
male,sinhala,bachelor's degree,software engineering,3.0,1,1,3.4,Hardware Engineer,"Electronics, Microcontrollers, Embedded C, Arduino",excellent,auditory,qa engineer,hybrid,poor,yes,11,aws
female,"sinhala, tamil",bachelor's degree,computer science,3.31,2,1,3.97,QA Engineer,"Test Cases, SQL, Jira, Selenium",excellent,visual,qa engineer,remote,excellent,no,11,google
male,"tamil, english",bachelor's degree,cyber security,3.11,3,1,2.67,Software Tester,"Agile, Manual Testing, Test Plans, Bug Tracking",excellent,visual,security engineer,remote,average,yes,4,aws
female,"tamil, english",bachelor's degree,information technology,4.0,1,1,3.87,Automation Test Engineer,"Python, Cypress, Selenium, TestNG",moderate,kinesthetic,devops engineer,hybrid,excellent,yes,4,none
female,"english, sinhala",bachelor's degree,computer science,3.16,2,1,3.67,UI Designer,"Color Theory, Photoshop, Adobe XD, UI Principles",moderate,kinesthetic,software engineer,onsite,excellent,yes,11,azure
male,"tamil, english",bachelor's degree,data science,3.15,1,1,2.99,UX Designer,"Wireframing, Figma, UX Testing, User Research",excellent,auditory,systems analyst,onsite,average,no,8,azure
female,english,bachelor's degree,information technology,2.54,2,1,2.82,Product Designer,"UX Research, User Flow, UI Design, Prototyping",excellent,auditory,qa engineer,onsite,poor,no,10,aws
female,tamil,bachelor's degree,data science,3.04,2,1,3.35,Blockchain Developer,"Solidity, Smart Contracts, Cryptography, Web3.js",low,visual,data scientist,onsite,poor,no,0,cisco
male,"tamil, english",bachelor's degree,computer science,2.7,2,1,2.25,IoT Engineer,"Sensors, MQTT, C/C++, Cloud Integration",low,visual,devops engineer,onsite,excellent,yes,11,google
male,"english, sinhala, tamil",bachelor's degree,cyber security,3.52,1,2,2.8,Embedded Systems Engineer,"PCB Design, C/C++, RTOS, Electronics",moderate,auditory,data scientist,hybrid,average,yes,2,google
female,"english, sinhala, tamil",bachelor's degree,information technology,3.7,4,1,3.75,AR/VR Developer,"XR SDKs, C#, Unreal Engine, Blender",low,auditory,security engineer,hybrid,poor,no,4,cisco
male,"english, sinhala",bachelor's degree,information technology,2.78,3,2,3.71,SEO Specialist,"Backlinks, Content Strategy, SEO Tools, Keyword Research",low,visual,security engineer,onsite,poor,yes,9,google
female,tamil,bachelor's degree,software engineering,4.0,4,1,2.65,IT Support Specialist,"Ticketing Systems, Troubleshooting, Hardware, Active Directory",low,kinesthetic,data scientist,remote,excellent,yes,9,cisco
female,"english, sinhala, tamil",bachelor's degree,information technology,3.64,1,2,3.68,Software Engineer,"Git, Spring Boot, OOP, SQL",moderate,auditory,qa engineer,hybrid,excellent,no,1,none
male,"tamil, english",bachelor's degree,data science,3.27,3,2,3.5,Full Stack Developer,"JavaScript, React, REST API, MongoDB",low,auditory,devops engineer,onsite,poor,no,2,cisco
female,"english, sinhala",bachelor's degree,software engineering,3.88,3,2,2.44,Frontend Developer,"React, TypeScript, HTML, CSS",low,visual,qa engineer,onsite,excellent,yes,4,aws
female,english,bachelor's degree,cyber security,3.81,3,1,3.65,Backend Developer,"SQL, REST API, Spring Boot, Node.js",excellent,kinesthetic,data scientist,hybrid,excellent,yes,0,google
male,english,bachelor's degree,software engineering,3.29,2,2,2.26,Web Developer,"CSS, MySQL, HTML, Bootstrap",excellent,auditory,devops engineer,remote,poor,yes,8,aws
female,"sinhala, tamil",bachelor's degree,information technology,3.0,2,1,3.29,Mobile App Developer,"Swift, Flutter, Java, REST API",low,kinesthetic,devops engineer,remote,excellent,yes,0,azure
male,"english, sinhala, tamil",bachelor's degree,software engineering,3.43,2,1,2.59,Data Scientist,"SQL, NumPy, Tableau, Machine Learning",low,visual,security engineer,remote,excellent,no,5,cisco
male,"english, sinhala, tamil",bachelor's degree,data science,2.82,2,2,2.81,Data Analyst,"Power BI, Python, Statistics, Excel",moderate,auditory,qa engineer,onsite,excellent,yes,0,none
male,"tamil, english",bachelor's degree,software engineering,2.17,4,1,3.99,Machine Learning Engineer,"Scikit-learn, NumPy, Deep Learning, Python",low,auditory,qa engineer,remote,excellent,no,11,cisco
female,tamil,bachelor's degree,computer science,3.58,3,2,3.77,AI Engineer,"Data Processing, LLMs, TensorFlow, PyTorch",excellent,kinesthetic,software engineer,hybrid,poor,no,2,google
male,"tamil, english",bachelor's degree,cyber security,3.95,2,1,3.06,BI Developer,"Power BI, ETL Tools, SQL, Excel",excellent,kinesthetic,qa engineer,remote,average,yes,5,azure
male,"tamil, english",bachelor's degree,data science,3.72,2,2,3.45,DevOps Engineer,"CI/CD, Kubernetes, Jenkins, Linux",moderate,kinesthetic,software engineer,remote,average,no,6,google
male,english,bachelor's degree,computer science,2.41,3,2,3.94,Cloud Engineer,"Kubernetes, Docker, GCP, AWS",moderate,kinesthetic,devops engineer,hybrid,poor,yes,5,azure
male,"english, sinhala, tamil",bachelor's degree,software engineering,4.0,3,1,3.74,Cloud Architect,"Networking, Security, Microservices, AWS/Azure Design",moderate,visual,qa engineer,onsite,poor,yes,12,azure
female,"tamil, english",bachelor's degree,cyber security,3.79,3,1,3.99,Cybersecurity Analyst,"Risk Analysis, Networking, Firewalls, SIEM",low,auditory,software engineer,onsite,poor,yes,7,azure
male,"english, sinhala",bachelor's degree,data science,3.61,2,1,3.89,Ethical Hacker,"Nmap, Python, Metasploit, Burp Suite",low,visual,devops engineer,remote,excellent,no,1,aws
female,"english, sinhala, tamil",bachelor's degree,cyber security,2.92,4,2,2.34,Security Engineer,"Cloud Security, SIEM, Linux, IAM",moderate,visual,data scientist,hybrid,excellent,no,1,none
male,"english, sinhala",bachelor's degree,data science,3.2,4,2,2.83,Information Security Analyst,"Compliance, Networking, SOC Tools, Risk Assessment",excellent,visual,security engineer,onsite,excellent,no,8,cisco
male,sinhala,bachelor's degree,information technology,2.44,2,1,3.9,Network Engineer,"Cisco, Switching, Firewalls, VPN",moderate,visual,devops engineer,remote,poor,yes,4,azure
male,"english, sinhala, tamil",bachelor's degree,software engineering,2.33,3,1,3.92,System Administrator,"Bash, Networking, Linux, Active Directory",low,visual,devops engineer,onsite,poor,no,12,none
male,english,bachelor's degree,cyber security,2.8,2,2,3.56,IT Support Engineer,"Networking, Hardware, Troubleshooting, Windows",moderate,auditory,software engineer,hybrid,poor,yes,9,azure
female,english,bachelor's degree,software engineering,3.09,1,1,2.94,Hardware Engineer,"Circuit Design, Embedded C, Arduino, Microcontrollers",moderate,auditory,devops engineer,onsite,poor,yes,6,cisco
female,"english, sinhala",bachelor's degree,software engineering,2.32,3,2,2.69,QA Engineer,"Jira, Selenium, SQL, Manual Testing",low,visual,devops engineer,hybrid,excellent,yes,11,google
female,"english, sinhala",bachelor's degree,computer science,3.76,1,2,3.14,Software Tester,"SQL, Agile, Manual Testing, Bug Tracking",low,visual,software engineer,hybrid,average,yes,3,none
female,"english, sinhala, tamil",bachelor's degree,information technology,3.23,1,2,3.25,Automation Test Engineer,"Python, TestNG, Selenium, Cypress",moderate,visual,software engineer,remote,excellent,no,7,aws
male,"english, sinhala",bachelor's degree,software engineering,3.63,1,1,2.56,UI Designer,"UI Principles, Adobe XD, Prototyping, Figma",excellent,visual,security engineer,hybrid,poor,yes,0,cisco
male,tamil,bachelor's degree,software engineering,4.0,1,1,3.18,UX Designer,"Prototyping, User Research, UX Testing, Psychology",excellent,visual,systems analyst,onsite,average,yes,12,azure
female,"tamil, english",bachelor's degree,information technology,3.02,4,1,3.52,Product Designer,"UX Research, User Flow, Figma, Prototyping",excellent,kinesthetic,data scientist,remote,poor,no,1,azure
male,"english, sinhala, tamil",bachelor's degree,data science,2.56,4,1,2.3,Blockchain Developer,"Web3.js, Node.js, Ethereum, Solidity",low,kinesthetic,security engineer,onsite,poor,yes,1,aws
male,tamil,bachelor's degree,data science,2.59,3,1,2.33,IoT Engineer,"Raspberry Pi, C/C++, Sensors, Cloud Integration",moderate,visual,software engineer,onsite,excellent,no,5,cisco
female,"english, sinhala, tamil",bachelor's degree,data science,3.97,2,2,3.29,Embedded Systems Engineer,"Electronics, Microcontrollers, PCB Design, C/C++",excellent,visual,systems analyst,remote,excellent,yes,0,google
male,"sinhala, tamil",bachelor's degree,cyber security,3.34,2,1,2.93,AR/VR Developer,"C#, Blender, 3D Modeling, Unreal Engine",excellent,visual,data scientist,remote,excellent,yes,0,google
female,sinhala,bachelor's degree,data science,2.89,3,1,3.15,SEO Specialist,"SEO Tools, HTML, Backlinks, Keyword Research",excellent,kinesthetic,security engineer,onsite,poor,no,10,none
female,tamil,bachelor's degree,cyber security,3.62,2,2,3.99,IT Support Specialist,"Ticketing Systems, Hardware, Networking, Troubleshooting",low,kinesthetic,data scientist,remote,poor,yes,3,azure
female,tamil,bachelor's degree,computer science,3.22,1,1,2.5,Software Engineer,"Python, Java, Spring Boot, Git",low,auditory,devops engineer,remote,average,no,5,azure
female,"tamil, english",bachelor's degree,computer science,2.88,4,2,2.63,Full Stack Developer,"JavaScript, REST API, React, Node.js",moderate,kinesthetic,systems analyst,onsite,poor,no,7,aws
male,"english, sinhala, tamil",bachelor's degree,software engineering,3.82,2,2,2.92,Frontend Developer,"CSS, TypeScript, JavaScript, HTML",excellent,auditory,security engineer,remote,poor,no,3,azure
male,tamil,bachelor's degree,computer science,2.52,2,2,3.97,Backend Developer,"Java, Microservices, Spring Boot, REST API",moderate,kinesthetic,software engineer,remote,excellent,yes,1,cisco
male,"english, sinhala",bachelor's degree,computer science,2.28,4,1,2.36,Web Developer,"JavaScript, Bootstrap, CSS, HTML",excellent,kinesthetic,data scientist,remote,excellent,no,5,azure
female,"english, sinhala, tamil",bachelor's degree,computer science,3.74,1,1,3.14,Mobile App Developer,"Java, Firebase, REST API, Kotlin",excellent,kinesthetic,systems analyst,remote,average,yes,5,aws
male,"english, sinhala, tamil",bachelor's degree,cyber security,2.9,2,1,2.65,Data Scientist,"NumPy, SQL, Python, Machine Learning",moderate,kinesthetic,qa engineer,onsite,average,yes,3,cisco
male,tamil,bachelor's degree,software engineering,4.0,3,1,2.61,Data Analyst,"Power BI, SQL, Statistics, Data Visualization",moderate,kinesthetic,security engineer,onsite,excellent,no,2,cisco
female,english,bachelor's degree,information technology,2.4,1,2,2.71,Machine Learning Engineer,"NumPy, Deep Learning, Pandas, Scikit-learn",moderate,auditory,devops engineer,hybrid,poor,yes,8,aws
male,"english, sinhala",bachelor's degree,data science,3.5,2,2,3.75,AI Engineer,"TensorFlow, LLMs, Data Processing, NLP",low,auditory,devops engineer,hybrid,average,yes,7,none
female,"tamil, english",bachelor's degree,software engineering,4.0,2,2,2.27,BI Developer,"Power BI, SQL, Tableau, ETL Tools",low,kinesthetic,qa engineer,hybrid,excellent,no,11,google
male,"sinhala, tamil",bachelor's degree,data science,3.11,4,1,3.75,DevOps Engineer,"Jenkins, Kubernetes, Linux, CI/CD",excellent,auditory,security engineer,onsite,average,no,11,aws
female,"sinhala, tamil",bachelor's degree,computer science,3.16,3,1,3.68,Cloud Engineer,"Terraform, GCP, AWS, Kubernetes",excellent,auditory,security engineer,hybrid,average,yes,2,azure
female,tamil,bachelor's degree,information technology,3.31,1,1,2.94,Cloud Architect,"Security, AWS/Azure Design, Microservices, Scalability",excellent,kinesthetic,security engineer,onsite,poor,yes,7,google
female,sinhala,bachelor's degree,information technology,3.05,3,2,3.95,Cybersecurity Analyst,"Firewalls, SIEM, Linux, Networking",low,kinesthetic,data scientist,onsite,excellent,no,9,cisco
female,"tamil, english",bachelor's degree,software engineering,2.18,2,2,3.52,Ethical Hacker,"Nmap, Python, Kali Linux, Wireshark",excellent,kinesthetic,devops engineer,hybrid,average,no,12,azure
female,"english, sinhala, tamil",bachelor's degree,cyber security,3.96,1,1,3.92,Security Engineer,"Cloud Security, Linux, Encryption, SIEM",moderate,visual,devops engineer,hybrid,average,yes,2,aws
male,"english, sinhala",bachelor's degree,cyber security,2.55,3,1,3.29,Information Security Analyst,"Incident Response, Compliance, Risk Assessment, SOC Tools",excellent,visual,data scientist,remote,average,no,5,google
male,english,bachelor's degree,data science,3.25,4,1,2.8,Network Engineer,"Routing, VPN, Switching, Cisco",moderate,visual,devops engineer,hybrid,poor,yes,9,azure
female,"english, sinhala",bachelor's degree,information technology,3.16,3,2,3.39,System Administrator,"Linux, Networking, Virtualization, Windows Server",moderate,visual,qa engineer,remote,average,yes,12,google
male,english,bachelor's degree,information technology,3.56,4,1,3.08,IT Support Engineer,"Ticketing Tools, Active Directory, Networking, Hardware",low,auditory,data scientist,hybrid,average,yes,7,google
female,english,bachelor's degree,cyber security,3.54,3,1,3.65,Hardware Engineer,"Arduino, Electronics, Circuit Design, Microcontrollers",low,auditory,devops engineer,onsite,excellent,no,6,google
female,"sinhala, tamil",bachelor's degree,computer science,3.2,2,2,3.46,QA Engineer,"Jira, Test Cases, Selenium, SQL",excellent,kinesthetic,qa engineer,remote,excellent,no,10,google
male,"tamil, english",bachelor's degree,computer science,3.27,1,1,2.3,Software Tester,"Manual Testing, SQL, Agile, Bug Tracking",moderate,auditory,qa engineer,hybrid,average,yes,5,google
female,tamil,bachelor's degree,software engineering,3.62,4,2,3.49,Automation Test Engineer,"Java, Cypress, TestNG, Selenium",low,visual,data scientist,hybrid,average,no,0,azure
female,sinhala,bachelor's degree,computer science,4.0,1,2,2.47,UI Designer,"Prototyping, Adobe XD, Photoshop, Figma",moderate,auditory,devops engineer,hybrid,average,no,12,cisco
female,english,bachelor's degree,information technology,2.76,1,1,3.13,UX Designer,"UX Testing, Psychology, Prototyping, User Research",moderate,kinesthetic,systems analyst,hybrid,average,yes,0,azure
male,"english, sinhala",bachelor's degree,computer science,2.57,2,2,2.79,Product Designer,"User Flow, UX Research, UI Design, Design Systems",low,kinesthetic,qa engineer,onsite,poor,yes,5,cisco
male,tamil,bachelor's degree,information technology,3.59,4,2,3.34,Blockchain Developer,"Cryptography, Node.js, Ethereum, Web3.js",moderate,kinesthetic,data scientist,hybrid,excellent,no,7,none
female,"english, sinhala, tamil",bachelor's degree,data science,2.97,4,1,2.44,IoT Engineer,"Cloud Integration, C/C++, Arduino, MQTT",moderate,auditory,software engineer,hybrid,average,yes,2,none
female,"english, sinhala",bachelor's degree,cyber security,3.5,2,1,2.65,Embedded Systems Engineer,"RTOS, Electronics, IoT, PCB Design",moderate,visual,qa engineer,hybrid,excellent,no,1,cisco
male,english,bachelor's degree,software engineering,3.63,2,2,2.38,AR/VR Developer,"C#, 3D Modeling, Blender, Unity",excellent,visual,data scientist,hybrid,average,yes,3,azure
female,english,bachelor's degree,information technology,2.51,2,2,3.43,SEO Specialist,"Google Analytics, Keyword Research, Backlinks, HTML",moderate,visual,software engineer,remote,excellent,no,1,cisco
female,tamil,bachelor's degree,information technology,3.47,2,2,3.51,IT Support Specialist,"Windows, Ticketing Systems, Hardware, Networking",low,kinesthetic,qa engineer,hybrid,average,no,0,google
female,"tamil, english",bachelor's degree,software engineering,2.84,4,2,2.34,Software Engineer,"Python, Git, OOP, SQL",moderate,auditory,data scientist,remote,average,no,1,none
female,sinhala,bachelor's degree,computer science,2.73,1,2,2.84,Full Stack Developer,"Node.js, MongoDB, React, REST API",moderate,kinesthetic,devops engineer,hybrid,excellent,no,0,cisco
female,"english, sinhala, tamil",bachelor's degree,computer science,3.56,2,2,2.24,Frontend Developer,"HTML, TypeScript, JavaScript, CSS",moderate,auditory,software engineer,remote,poor,yes,5,azure
male,"sinhala, tamil",bachelor's degree,computer science,2.82,4,2,3.96,Backend Developer,"REST API, Java, Node.js, SQL",excellent,visual,software engineer,onsite,poor,yes,6,none
male,english,bachelor's degree,computer science,3.34,4,1,3.05,Web Developer,"HTML, Bootstrap, CSS, MySQL",low,auditory,software engineer,onsite,poor,no,12,google
male,"english, sinhala",bachelor's degree,data science,2.52,4,2,2.82,Mobile App Developer,"Java, REST API, Kotlin, Flutter",excellent,kinesthetic,security engineer,remote,average,no,11,google
female,"english, sinhala, tamil",bachelor's degree,computer science,3.06,1,2,2.59,Data Scientist,"SQL, Pandas, NumPy, Machine Learning",low,auditory,systems analyst,hybrid,average,no,3,none
male,"english, sinhala, tamil",bachelor's degree,cyber security,3.23,3,1,3.35,Data Analyst,"Excel, SQL, Statistics, Data Visualization",low,kinesthetic,devops engineer,hybrid,poor,yes,1,none
female,sinhala,bachelor's degree,information technology,3.29,1,1,2.51,Machine Learning Engineer,"NumPy, Scikit-learn, Deep Learning, Python",excellent,kinesthetic,qa engineer,hybrid,excellent,yes,9,none
male,english,bachelor's degree,software engineering,2.55,2,1,3.76,AI Engineer,"TensorFlow, PyTorch, Data Processing, LLMs",low,auditory,systems analyst,remote,excellent,yes,3,google
female,sinhala,bachelor's degree,computer science,3.41,1,1,2.85,BI Developer,"SQL, DAX, ETL Tools, Tableau",low,kinesthetic,data scientist,remote,average,no,8,google
female,"english, sinhala, tamil",bachelor's degree,data science,2.81,3,1,3.55,DevOps Engineer,"Jenkins, Docker, AWS, Linux",moderate,kinesthetic,data scientist,onsite,average,no,3,google
female,tamil,bachelor's degree,information technology,3.15,1,1,2.94,Cloud Engineer,"Docker, Kubernetes, GCP, Azure",excellent,auditory,devops engineer,remote,excellent,yes,6,google
male,english,bachelor's degree,software engineering,3.89,3,2,3.7,Cloud Architect,"Security, Networking, IaC, Scalability",moderate,auditory,qa engineer,hybrid,excellent,no,5,azure
female,sinhala,bachelor's degree,software engineering,3.42,2,1,3.67,Cybersecurity Analyst,"Python, Risk Analysis, Networking, Firewalls",low,auditory,software engineer,remote,poor,no,11,none
female,"english, sinhala, tamil",bachelor's degree,computer science,3.79,4,1,3.3,Ethical Hacker,"Nmap, Wireshark, Python, Kali Linux",excellent,kinesthetic,systems analyst,onsite,excellent,yes,2,aws
male,"english, sinhala",bachelor's degree,software engineering,3.42,1,2,3.09,Security Engineer,"IAM, Firewalls, Encryption, SIEM",low,kinesthetic,qa engineer,onsite,poor,yes,5,azure
male,tamil,bachelor's degree,cyber security,2.22,2,1,2.26,Information Security Analyst,"SOC Tools, SIEM, Incident Response, Networking",excellent,visual,software engineer,onsite,average,yes,3,aws
female,"sinhala, tamil",bachelor's degree,data science,3.67,3,2,2.81,Network Engineer,"Switching, Firewalls, Routing, TCP/IP",moderate,kinesthetic,devops engineer,remote,average,yes,11,google
female,"tamil, english",bachelor's degree,software engineering,3.14,2,1,3.46,System Administrator,"Linux, Windows Server, Active Directory, Bash",excellent,visual,software engineer,onsite,excellent,yes,1,cisco
female,"tamil, english",bachelor's degree,computer science,3.4,2,1,2.48,IT Support Engineer,"Networking, Active Directory, Hardware, Ticketing Tools",moderate,kinesthetic,security engineer,hybrid,excellent,no,2,cisco
male,sinhala,bachelor's degree,data science,2.84,3,2,2.36,Hardware Engineer,"Arduino, Microcontrollers, PCB Design, Electronics",moderate,visual,software engineer,remote,excellent,yes,2,none
male,"sinhala, tamil",bachelor's degree,data science,3.06,4,2,2.92,QA Engineer,"Manual Testing, Jira, Selenium, Test Cases",low,auditory,qa engineer,remote,poor,no,8,aws
male,"tamil, english",bachelor's degree,data science,2.54,4,2,2.29,Software Tester,"Manual Testing, Selenium, Test Plans, SQL",moderate,auditory,software engineer,onsite,poor,no,7,azure
male,"english, sinhala",bachelor's degree,software engineering,2.57,1,2,2.37,Automation Test Engineer,"Selenium, Java, Python, Cypress",moderate,visual,security engineer,hybrid,poor,yes,1,azure
female,"sinhala, tamil",bachelor's degree,cyber security,3.45,2,2,2.35,UI Designer,"Prototyping, Photoshop, Figma, Adobe XD",excellent,auditory,qa engineer,remote,excellent,yes,7,azure
female,"english, sinhala, tamil",bachelor's degree,cyber security,2.91,1,1,3.06,UX Designer,"User Research, Psychology, Figma, Wireframing",excellent,visual,software engineer,remote,poor,no,6,cisco
male,english,bachelor's degree,computer science,3.28,3,1,2.64,Product Designer,"UI Design, Design Systems, User Flow, Figma",moderate,kinesthetic,qa engineer,remote,poor,yes,6,azure
male,"sinhala, tamil",bachelor's degree,data science,2.81,2,2,2.33,Blockchain Developer,"Node.js, Smart Contracts, Cryptography, Ethereum",low,auditory,data scientist,remote,average,yes,11,aws
male,tamil,bachelor's degree,software engineering,2.78,1,2,3.01,IoT Engineer,"Cloud Integration, Arduino, Raspberry Pi, C/C++",low,auditory,qa engineer,hybrid,average,no,5,azure
female,english,bachelor's degree,data science,2.63,3,2,2.73,Embedded Systems Engineer,"Electronics, PCB Design, Microcontrollers, IoT",low,visual,software engineer,hybrid,excellent,no,11,azure
male,tamil,bachelor's degree,computer science,3.26,4,1,2.34,AR/VR Developer,"C#, Unreal Engine, 3D Modeling, Blender",moderate,visual,security engineer,onsite,excellent,yes,11,aws
female,english,bachelor's degree,information technology,2.34,3,2,3.48,SEO Specialist,"Backlinks, HTML, Content Strategy, Keyword Research",excellent,kinesthetic,systems analyst,onsite,average,no,7,cisco
female,"english, sinhala, tamil",bachelor's degree,data science,2.72,2,2,2.23,IT Support Specialist,"Hardware, Active Directory, Windows, Ticketing Systems",low,visual,systems analyst,hybrid,excellent,no,7,azure
female,"tamil, english",bachelor's degree,software engineering,3.38,2,1,3.28,Software Engineer,"Spring Boot, Java, SQL, Python",low,visual,security engineer,onsite,average,yes,9,aws
male,"english, sinhala, tamil",bachelor's degree,cyber security,4.0,3,1,2.96,Full Stack Developer,"React, REST API, Express, MongoDB",moderate,visual,software engineer,remote,poor,no,9,cisco
male,"sinhala, tamil",bachelor's degree,software engineering,2.07,2,2,2.6,Frontend Developer,"TypeScript, JavaScript, Tailwind CSS, React",excellent,visual,devops engineer,remote,poor,yes,10,cisco
male,"english, sinhala, tamil",bachelor's degree,data science,2.52,4,1,3.36,Backend Developer,"Node.js, REST API, Spring Boot, Microservices",low,auditory,qa engineer,hybrid,excellent,no,6,aws
female,tamil,bachelor's degree,data science,2.88,2,2,3.19,Web Developer,"PHP, CSS, MySQL, HTML",moderate,visual,software engineer,onsite,average,yes,12,cisco
female,"sinhala, tamil",bachelor's degree,software engineering,3.75,4,2,2.96,Mobile App Developer,"Java, Flutter, Firebase, REST API",moderate,auditory,qa engineer,hybrid,poor,no,1,azure
female,tamil,bachelor's degree,cyber security,2.46,3,1,3.38,Data Scientist,"Python, SQL, Tableau, Machine Learning",excellent,auditory,devops engineer,onsite,poor,yes,6,google
female,"english, sinhala, tamil",bachelor's degree,information technology,3.24,2,1,2.87,Data Analyst,"Power BI, Data Visualization, SQL, Statistics",moderate,visual,software engineer,remote,excellent,yes,9,google
male,"tamil, english",bachelor's degree,software engineering,3.84,2,2,3.26,Machine Learning Engineer,"TensorFlow, Scikit-learn, Pandas, Deep Learning",moderate,visual,data scientist,hybrid,average,yes,4,cisco
male,"english, sinhala",bachelor's degree,computer science,2.06,3,2,3.17,AI Engineer,"Python, LLMs, Data Processing, TensorFlow",moderate,auditory,security engineer,onsite,average,no,3,azure
male,"english, sinhala, tamil",bachelor's degree,computer science,3.32,2,2,2.51,BI Developer,"ETL Tools, Tableau, DAX, SQL",excellent,auditory,data scientist,remote,poor,no,5,azure
male,"english, sinhala",bachelor's degree,software engineering,3.11,4,1,2.87,DevOps Engineer,"Docker, Jenkins, CI/CD, Kubernetes",excellent,visual,devops engineer,remote,excellent,no,10,aws
male,tamil,bachelor's degree,information technology,2.08,3,2,2.53,Cloud Engineer,"Docker, GCP, Terraform, AWS",low,visual,software engineer,hybrid,poor,no,12,azure
male,sinhala,bachelor's degree,computer science,3.24,3,2,2.96,Cloud Architect,"IaC, Microservices, AWS/Azure Design, Scalability",excellent,auditory,security engineer,onsite,poor,yes,5,azure
male,"english, sinhala",bachelor's degree,computer science,4.0,1,2,2.72,Cybersecurity Analyst,"Python, Networking, Risk Analysis, SIEM",moderate,auditory,software engineer,onsite,average,yes,11,google
male,"english, sinhala, tamil",bachelor's degree,information technology,3.11,2,2,2.22,Ethical Hacker,"Burp Suite, Kali Linux, Metasploit, Nmap",low,kinesthetic,data scientist,onsite,average,yes,6,azure
male,"english, sinhala, tamil",bachelor's degree,computer science,2.3,1,2,2.92,Security Engineer,"Encryption, Firewalls, SIEM, IAM",low,auditory,security engineer,hybrid,average,yes,10,azure
male,tamil,bachelor's degree,computer science,2.86,2,1,2.24,Information Security Analyst,"Networking, SOC Tools, Incident Response, Risk Assessment",excellent,auditory,systems analyst,hybrid,excellent,no,7,azure
male,english,bachelor's degree,information technology,3.07,4,2,2.28,Network Engineer,"VPN, Routing, Firewalls, Switching",excellent,visual,data scientist,onsite,poor,no,4,aws
male,english,bachelor's degree,information technology,2.55,2,1,3.68,System Administrator,"Bash, Active Directory, Virtualization, Windows Server",low,kinesthetic,qa engineer,onsite,poor,yes,8,aws
male,"english, sinhala",bachelor's degree,software engineering,3.56,1,1,3.65,IT Support Engineer,"Ticketing Tools, Networking, Windows, Troubleshooting",low,kinesthetic,security engineer,hybrid,average,yes,1,google
female,"english, sinhala, tamil",bachelor's degree,data science,2.46,4,2,2.75,Hardware Engineer,"Circuit Design, Microcontrollers, Electronics, Embedded C",excellent,kinesthetic,qa engineer,hybrid,average,no,11,azure
male,"tamil, english",bachelor's degree,software engineering,2.72,1,2,2.53,QA Engineer,"Test Cases, SQL, Manual Testing, Jira",low,visual,security engineer,hybrid,excellent,no,4,azure
male,sinhala,bachelor's degree,cyber security,3.47,4,1,3.96,Software Tester,"Agile, SQL, Bug Tracking, Manual Testing",moderate,kinesthetic,systems analyst,hybrid,poor,yes,12,google
female,"english, sinhala, tamil",bachelor's degree,software engineering,3.5,3,1,2.97,Automation Test Engineer,"Cypress, CI/CD, TestNG, Python",low,kinesthetic,systems analyst,onsite,average,no,7,none
female,"english, sinhala, tamil",bachelor's degree,data science,3.4,4,1,3.1,UI Designer,"Adobe XD, Figma, Color Theory, Prototyping",low,kinesthetic,qa engineer,onsite,excellent,no,2,azure
female,english,bachelor's degree,data science,2.49,2,1,2.56,UX Designer,"Psychology, UX Testing, User Research, Wireframing",moderate,auditory,devops engineer,onsite,poor,no,0,none
male,"english, sinhala",bachelor's degree,software engineering,3.27,3,1,3.89,Product Designer,"Design Systems, User Flow, UI Design, Figma",low,visual,systems analyst,remote,average,no,12,google
male,"sinhala, tamil",bachelor's degree,data science,3.51,3,1,2.95,Blockchain Developer,"Solidity, Ethereum, Smart Contracts, Web3.js",excellent,auditory,security engineer,hybrid,poor,yes,12,google
female,"english, sinhala, tamil",bachelor's degree,computer science,3.85,1,2,2.68,IoT Engineer,"MQTT, Raspberry Pi, Arduino, Cloud Integration",moderate,auditory,software engineer,remote,excellent,yes,2,cisco
female,english,bachelor's degree,cyber security,3.83,4,1,3.37,Embedded Systems Engineer,"RTOS, C/C++, IoT, Electronics",excellent,auditory,qa engineer,onsite,excellent,no,5,azure
male,tamil,bachelor's degree,information technology,2.19,4,1,2.25,AR/VR Developer,"Unreal Engine, 3D Modeling, Unity, Blender",moderate,auditory,data scientist,hybrid,poor,yes,4,aws
male,"tamil, english",bachelor's degree,software engineering,2.36,3,1,3.49,SEO Specialist,"Keyword Research, Google Analytics, SEO Tools, HTML",moderate,visual,devops engineer,remote,poor,yes,6,azure
female,"sinhala, tamil",bachelor's degree,software engineering,2.58,1,2,2.31,IT Support Specialist,"Hardware, Networking, Active Directory, Ticketing Systems",excellent,visual,qa engineer,remote,average,no,3,google
female,"sinhala, tamil",bachelor's degree,data science,2.95,1,2,3.67,Software Engineer,"OOP, Python, SQL, Java",excellent,visual,qa engineer,remote,poor,no,3,google
female,english,bachelor's degree,computer science,2.59,4,2,2.95,Full Stack Developer,"Node.js, JavaScript, React, Express",excellent,auditory,devops engineer,remote,poor,yes,10,none
female,"tamil, english",bachelor's degree,information technology,4.0,3,2,3.51,Frontend Developer,"JavaScript, Tailwind CSS, CSS, React",low,visual,data scientist,hybrid,excellent,no,11,cisco
male,"tamil, english",bachelor's degree,software engineering,3.73,3,2,3.13,Backend Developer,"Node.js, Spring Boot, SQL, REST API",excellent,visual,data scientist,hybrid,average,no,7,aws
female,"english, sinhala, tamil",bachelor's degree,software engineering,3.9,4,1,3.07,Web Developer,"Bootstrap, CSS, PHP, MySQL",excellent,auditory,devops engineer,hybrid,poor,yes,12,cisco
female,tamil,bachelor's degree,data science,2.6,2,2,3.92,Mobile App Developer,"Flutter, REST API, Firebase, Java",low,auditory,data scientist,remote,average,no,7,azure
female,"english, sinhala",bachelor's degree,cyber security,4.0,3,1,3.47,Data Scientist,"NumPy, SQL, Machine Learning, Python",excellent,kinesthetic,qa engineer,remote,poor,yes,1,aws
male,"english, sinhala, tamil",bachelor's degree,data science,3.71,2,2,3.7,Data Analyst,"Python, Excel, Power BI, SQL",low,kinesthetic,devops engineer,onsite,average,no,1,aws
female,tamil,bachelor's degree,computer science,3.6,2,1,2.42,Machine Learning Engineer,"Deep Learning, Pandas, Python, Scikit-learn",excellent,visual,software engineer,remote,average,no,0,aws
female,"tamil, english",bachelor's degree,information technology,3.38,2,2,3.14,AI Engineer,"LLMs, TensorFlow, Python, Data Processing",excellent,auditory,data scientist,remote,excellent,no,3,none
male,english,bachelor's degree,cyber security,3.19,1,1,2.84,BI Developer,"Tableau, Power BI, Excel, ETL Tools",excellent,kinesthetic,devops engineer,hybrid,average,yes,10,none
female,tamil,bachelor's degree,data science,3.42,4,1,3.66,DevOps Engineer,"AWS, Kubernetes, Docker, Jenkins",moderate,kinesthetic,security engineer,remote,average,no,12,none
female,"sinhala, tamil",bachelor's degree,computer science,2.9,3,1,2.65,Cloud Engineer,"Kubernetes, Docker, Terraform, Azure",excellent,visual,systems analyst,onsite,excellent,no,8,none
female,"tamil, english",bachelor's degree,data science,3.91,2,2,2.36,Cloud Architect,"Microservices, Networking, Scalability, Security",excellent,visual,security engineer,remote,average,no,9,azure
female,english,bachelor's degree,software engineering,3.39,2,2,3.76,Cybersecurity Analyst,"SIEM, Linux, Risk Analysis, Python",moderate,auditory,security engineer,remote,poor,no,1,aws
female,tamil,bachelor's degree,information technology,3.25,3,2,3.73,Ethical Hacker,"Wireshark, Nmap, Python, Metasploit",moderate,visual,security engineer,hybrid,poor,yes,11,cisco
female,english,bachelor's degree,software engineering,3.02,2,1,3.78,Security Engineer,"IAM, Firewalls, Encryption, Cloud Security",excellent,auditory,qa engineer,remote,average,no,5,aws
female,sinhala,bachelor's degree,information technology,3.94,2,1,3.76,Information Security Analyst,"Compliance, SOC Tools, Incident Response, Risk Assessment",moderate,kinesthetic,qa engineer,onsite,poor,no,4,cisco
female,"tamil, english",bachelor's degree,software engineering,3.27,2,1,2.79,Network Engineer,"Cisco, VPN, TCP/IP, Routing",low,visual,security engineer,onsite,average,no,10,none
male,"sinhala, tamil",bachelor's degree,cyber security,3.55,4,1,4.0,System Administrator,"Linux, Windows Server, Networking, Bash",excellent,auditory,qa engineer,remote,average,no,4,cisco
male,"sinhala, tamil",bachelor's degree,software engineering,2.56,3,2,3.27,IT Support Engineer,"Windows, Hardware, Active Directory, Troubleshooting",excellent,auditory,devops engineer,remote,average,no,7,none
male,"sinhala, tamil",bachelor's degree,cyber security,3.07,4,2,2.35,Hardware Engineer,"Electronics, Arduino, Embedded C, Circuit Design",moderate,auditory,devops engineer,hybrid,average,yes,2,google
male,tamil,bachelor's degree,data science,3.38,2,2,3.62,QA Engineer,"Selenium, Test Cases, API Testing, SQL",excellent,kinesthetic,systems analyst,onsite,excellent,no,4,aws
female,"english, sinhala",bachelor's degree,software engineering,2.54,2,1,2.25,Software Tester,"Test Plans, Bug Tracking, Agile, SQL",low,auditory,software engineer,remote,average,yes,0,none
female,"english, sinhala",bachelor's degree,cyber security,2.81,4,2,3.44,Automation Test Engineer,"TestNG, CI/CD, Python, Java",moderate,visual,security engineer,onsite,average,yes,1,azure
female,"sinhala, tamil",bachelor's degree,information technology,2.32,4,1,2.79,UI Designer,"Figma, Prototyping, Adobe XD, Color Theory",excellent,kinesthetic,data scientist,onsite,poor,no,2,azure
female,"tamil, english",bachelor's degree,computer science,3.35,1,2,2.66,UX Designer,"Prototyping, Psychology, Wireframing, UX Testing",low,visual,devops engineer,hybrid,excellent,yes,8,aws
male,"english, sinhala, tamil",bachelor's degree,information technology,2.48,4,2,3.75,Product Designer,"UI Design, Figma, User Flow, UX Research",low,auditory,software engineer,hybrid,average,no,1,cisco
female,"english, sinhala, tamil",bachelor's degree,computer science,3.58,4,1,2.57,Blockchain Developer,"Node.js, Web3.js, Ethereum, Solidity",moderate,auditory,qa engineer,hybrid,excellent,no,2,none
female,"tamil, english",bachelor's degree,information technology,2.45,4,1,2.48,IoT Engineer,"C/C++, Raspberry Pi, MQTT, Arduino",excellent,kinesthetic,security engineer,onsite,poor,no,5,azure
female,"tamil, english",bachelor's degree,data science,3.61,3,2,3.72,Embedded Systems Engineer,"PCB Design, Electronics, C/C++, Microcontrollers",moderate,auditory,security engineer,onsite,excellent,yes,4,aws
male,"tamil, english",bachelor's degree,software engineering,3.09,3,1,3.52,AR/VR Developer,"Unreal Engine, XR SDKs, 3D Modeling, C#",low,auditory,systems analyst,remote,average,yes,12,azure
female,"tamil, english",bachelor's degree,software engineering,3.47,1,2,3.02,SEO Specialist,"Google Analytics, Content Strategy, Keyword Research, SEO Tools",low,kinesthetic,systems analyst,hybrid,average,yes,8,none
male,english,bachelor's degree,data science,3.81,1,1,2.41,IT Support Specialist,"Windows, Hardware, Ticketing Systems, Troubleshooting",low,kinesthetic,data scientist,remote,poor,no,8,aws
female,"sinhala, tamil",bachelor's degree,computer science,2.62,1,1,3.8,Software Engineer,"OOP, SQL, Git, Python",excellent,visual,data scientist,onsite,poor,no,2,none
male,english,bachelor's degree,computer science,3.02,3,1,2.5,Full Stack Developer,"MongoDB, Express, Node.js, React",moderate,auditory,software engineer,remote,average,yes,7,google
female,english,bachelor's degree,information technology,2.48,4,1,2.76,Frontend Developer,"CSS, HTML, Tailwind CSS, TypeScript",low,auditory,data scientist,hybrid,poor,yes,6,azure
female,sinhala,bachelor's degree,information technology,2.51,2,1,3.71,Backend Developer,"Java, Microservices, SQL, Spring Boot",moderate,visual,software engineer,remote,average,yes,2,google
male,sinhala,bachelor's degree,information technology,3.51,2,2,3.55,Web Developer,"MySQL, HTML, JavaScript, PHP",excellent,visual,systems analyst,hybrid,average,yes,10,none
female,"english, sinhala, tamil",bachelor's degree,data science,3.55,4,2,3.87,Mobile App Developer,"Kotlin, Swift, Java, Firebase",low,auditory,systems analyst,hybrid,poor,no,3,azure
male,"english, sinhala",bachelor's degree,cyber security,2.98,3,1,2.31,Data Scientist,"Machine Learning, NumPy, SQL, Python",moderate,visual,data scientist,onsite,excellent,no,8,google
male,sinhala,bachelor's degree,computer science,3.42,3,2,3.56,Data Analyst,"Power BI, Excel, SQL, Python",excellent,visual,software engineer,onsite,average,no,9,none
female,"english, sinhala",bachelor's degree,information technology,3.42,2,1,2.79,Machine Learning Engineer,"Python, Pandas, NumPy, Deep Learning",excellent,kinesthetic,data scientist,onsite,excellent,no,10,none
male,"english, sinhala, tamil",bachelor's degree,computer science,3.41,1,1,3.24,AI Engineer,"PyTorch, TensorFlow, Data Processing, Python",low,visual,data scientist,hybrid,excellent,no,11,cisco
male,"tamil, english",bachelor's degree,cyber security,3.3,1,2,2.66,BI Developer,"Power BI, Excel, SQL, ETL Tools",moderate,kinesthetic,devops engineer,hybrid,poor,yes,4,cisco
female,"english, sinhala",bachelor's degree,software engineering,2.44,1,2,2.54,DevOps Engineer,"Jenkins, Kubernetes, AWS, Docker",moderate,visual,devops engineer,remote,average,no,7,azure
male,tamil,bachelor's degree,cyber security,2.75,1,1,2.3,Cloud Engineer,"Kubernetes, GCP, AWS, Terraform",moderate,visual,security engineer,remote,excellent,no,9,none
female,sinhala,bachelor's degree,computer science,2.29,3,2,3.1,Cloud Architect,"IaC, Networking, Microservices, Security",low,kinesthetic,security engineer,remote,average,yes,11,none
male,tamil,bachelor's degree,information technology,3.01,3,2,2.32,Cybersecurity Analyst,"Risk Analysis, SIEM, Networking, Linux",moderate,auditory,data scientist,hybrid,average,yes,11,none
female,"english, sinhala",bachelor's degree,data science,3.73,4,2,2.32,Ethical Hacker,"Python, Kali Linux, Metasploit, Nmap",low,visual,devops engineer,remote,average,no,0,aws
female,"sinhala, tamil",bachelor's degree,cyber security,3.69,4,2,3.76,Security Engineer,"Firewalls, SIEM, Cloud Security, IAM",moderate,auditory,qa engineer,remote,poor,no,5,aws
male,tamil,bachelor's degree,software engineering,2.52,2,2,3.25,Information Security Analyst,"Risk Assessment, SOC Tools, Compliance, Networking",excellent,auditory,qa engineer,remote,poor,yes,6,azure
male,english,bachelor's degree,data science,3.78,4,1,3.02,Network Engineer,"TCP/IP, Firewalls, Switching, Cisco",excellent,visual,data scientist,hybrid,excellent,no,8,azure
male,tamil,bachelor's degree,software engineering,3.43,4,2,2.6,System Administrator,"Virtualization, Bash, Networking, Linux",excellent,visual,software engineer,hybrid,average,yes,3,azure
male,"sinhala, tamil",bachelor's degree,cyber security,4.0,1,2,2.47,IT Support Engineer,"Troubleshooting, Networking, Hardware, Windows",low,visual,qa engineer,onsite,poor,no,7,none
male,sinhala,bachelor's degree,computer science,2.6,4,1,2.94,Hardware Engineer,"Microcontrollers, Arduino, PCB Design, Electronics",excellent,kinesthetic,systems analyst,remote,poor,yes,9,google
male,"sinhala, tamil",bachelor's degree,computer science,3.56,1,1,2.74,QA Engineer,"Jira, SQL, Test Cases, Manual Testing",excellent,auditory,data scientist,hybrid,excellent,yes,4,aws
female,"english, sinhala, tamil",bachelor's degree,data science,2.44,3,1,3.39,Software Tester,"Manual Testing, SQL, Selenium, Test Plans",moderate,kinesthetic,devops engineer,remote,poor,yes,8,google
male,sinhala,bachelor's degree,information technology,3.22,2,1,2.37,Automation Test Engineer,"Selenium, CI/CD, Python, Cypress",excellent,kinesthetic,qa engineer,onsite,average,no,3,aws
male,"english, sinhala",bachelor's degree,software engineering,3.08,1,2,3.78,UI Designer,"Prototyping, Photoshop, UI Principles, Color Theory",moderate,kinesthetic,qa engineer,remote,poor,no,8,azure
female,"tamil, english",bachelor's degree,cyber security,2.71,2,2,2.23,UX Designer,"Figma, Psychology, Wireframing, Prototyping",low,kinesthetic,data scientist,remote,average,yes,2,google
female,"english, sinhala",bachelor's degree,computer science,3.51,3,1,2.22,Product Designer,"Figma, UI Design, UX Research, Design Systems",excellent,visual,security engineer,onsite,excellent,yes,12,cisco
male,tamil,bachelor's degree,software engineering,2.28,4,1,2.49,Blockchain Developer,"Web3.js, Cryptography, Solidity, Node.js",low,auditory,qa engineer,hybrid,excellent,yes,10,cisco
male,"english, sinhala, tamil",bachelor's degree,data science,2.94,4,2,2.52,IoT Engineer,"C/C++, Raspberry Pi, MQTT, Sensors",excellent,auditory,security engineer,onsite,poor,yes,7,google
female,"english, sinhala, tamil",bachelor's degree,data science,3.86,3,2,3.12,Embedded Systems Engineer,"Electronics, IoT, RTOS, Microcontrollers",moderate,kinesthetic,data scientist,hybrid,poor,yes,11,none
female,sinhala,bachelor's degree,data science,3.34,1,1,3.02,AR/VR Developer,"XR SDKs, Unity, Unreal Engine, 3D Modeling",excellent,visual,data scientist,onsite,average,yes,3,azure
female,tamil,bachelor's degree,information technology,2.44,1,2,3.93,SEO Specialist,"Google Analytics, HTML, SEO Tools, Content Strategy",excellent,auditory,security engineer,hybrid,excellent,no,5,azure
female,"english, sinhala, tamil",bachelor's degree,cyber security,3.39,2,2,2.92,IT Support Specialist,"Troubleshooting, Networking, Hardware, Ticketing Systems",moderate,visual,data scientist,onsite,excellent,no,2,none
female,"english, sinhala, tamil",bachelor's degree,data science,4.0,3,1,2.6,Software Engineer,"Git, Java, Python, SQL",moderate,auditory,devops engineer,remote,poor,yes,0,cisco
female,tamil,bachelor's degree,information technology,2.71,3,1,3.83,Full Stack Developer,"Node.js, MongoDB, React, Express",low,kinesthetic,systems analyst,remote,excellent,no,2,aws
male,"tamil, english",bachelor's degree,software engineering,3.71,4,2,3.25,Frontend Developer,"HTML, CSS, JavaScript, React",excellent,auditory,devops engineer,remote,average,yes,10,none
male,"english, sinhala, tamil",bachelor's degree,software engineering,2.6,3,2,3.63,Backend Developer,"Spring Boot, Java, Microservices, REST API",excellent,kinesthetic,data scientist,onsite,poor,yes,4,aws
female,english,bachelor's degree,data science,3.08,3,2,3.53,Web Developer,"CSS, JavaScript, PHP, MySQL",moderate,kinesthetic,software engineer,hybrid,average,yes,1,azure
male,english,bachelor's degree,software engineering,2.3,4,1,2.86,Mobile App Developer,"Firebase, Flutter, Kotlin, Swift",low,visual,software engineer,remote,average,yes,2,none
male,tamil,bachelor's degree,cyber security,2.73,3,1,3.12,Data Scientist,"SQL, NumPy, Python, Tableau",moderate,visual,software engineer,onsite,average,yes,10,cisco
female,"sinhala, tamil",bachelor's degree,computer science,2.08,4,1,2.95,Data Analyst,"Data Visualization, SQL, Power BI, Python",low,kinesthetic,devops engineer,remote,poor,no,12,aws
female,sinhala,bachelor's degree,cyber security,3.01,1,1,3.5,Machine Learning Engineer,"Pandas, Python, Scikit-learn, NumPy",moderate,auditory,systems analyst,remote,average,no,11,aws
female,"english, sinhala",bachelor's degree,data science,3.07,3,2,3.92,AI Engineer,"Python, Data Processing, NLP, TensorFlow",low,visual,security engineer,onsite,excellent,no,7,none
male,"sinhala, tamil",bachelor's degree,information technology,3.62,1,2,2.48,BI Developer,"ETL Tools, Tableau, DAX, SQL",excellent,kinesthetic,software engineer,remote,average,no,5,google
female,"sinhala, tamil",bachelor's degree,computer science,3.73,2,2,3.75,DevOps Engineer,"AWS, Docker, CI/CD, Linux",moderate,visual,devops engineer,remote,excellent,no,9,aws
female,"tamil, english",bachelor's degree,data science,2.11,4,2,3.08,Cloud Engineer,"GCP, Docker, AWS, Kubernetes",moderate,auditory,systems analyst,remote,poor,no,0,cisco
female,sinhala,bachelor's degree,information technology,3.94,4,1,2.36,Cloud Architect,"Microservices, Networking, Security, AWS/Azure Design",excellent,visual,security engineer,remote,average,yes,3,none
male,"english, sinhala",bachelor's degree,computer science,3.34,3,2,3.07,Cybersecurity Analyst,"Python, Networking, Linux, Risk Analysis",low,kinesthetic,devops engineer,remote,average,yes,5,google
female,"english, sinhala, tamil",bachelor's degree,cyber security,2.57,2,2,2.29,Ethical Hacker,"Nmap, Burp Suite, Python, Kali Linux",excellent,auditory,qa engineer,hybrid,poor,no,3,aws
male,english,bachelor's degree,software engineering,2.59,4,1,3.52,Security Engineer,"SIEM, Encryption, Linux, Firewalls",low,kinesthetic,data scientist,onsite,excellent,no,5,aws
female,tamil,bachelor's degree,software engineering,3.17,3,1,3.21,Information Security Analyst,"Risk Assessment, Networking, SIEM, Incident Response",low,kinesthetic,security engineer,remote,poor,no,9,google
female,"english, sinhala, tamil",bachelor's degree,computer science,2.15,4,2,3.7,Network Engineer,"Routing, VPN, Firewalls, TCP/IP",moderate,auditory,security engineer,hybrid,average,yes,5,google
male,"english, sinhala, tamil",bachelor's degree,cyber security,3.13,3,2,3.31,System Administrator,"Active Directory, Linux, Windows Server, Bash",moderate,visual,qa engineer,hybrid,average,yes,7,none
male,"english, sinhala, tamil",bachelor's degree,computer science,3.1,3,1,2.36,IT Support Engineer,"Windows, Ticketing Tools, Hardware, Networking",moderate,visual,data scientist,onsite,excellent,yes,2,aws
male,english,bachelor's degree,cyber security,2.33,3,1,3.23,Hardware Engineer,"PCB Design, Circuit Design, Arduino, Microcontrollers",excellent,kinesthetic,qa engineer,remote,average,no,10,azure
male,"tamil, english",bachelor's degree,cyber security,2.4,3,2,3.34,QA Engineer,"SQL, Test Cases, Selenium, Manual Testing",low,kinesthetic,data scientist,remote,poor,yes,4,none
female,"sinhala, tamil",bachelor's degree,cyber security,2.08,4,1,3.19,Software Tester,"SQL, Bug Tracking, Test Plans, Selenium",excellent,auditory,data scientist,remote,excellent,no,8,azure
female,"english, sinhala, tamil",bachelor's degree,data science,2.83,2,2,2.29,Automation Test Engineer,"CI/CD, Python, TestNG, Cypress",low,kinesthetic,qa engineer,remote,average,yes,1,google
female,"sinhala, tamil",bachelor's degree,computer science,2.65,2,1,3.41,UI Designer,"Figma, Prototyping, Photoshop, Adobe XD",excellent,visual,security engineer,onsite,average,yes,1,aws
male,english,bachelor's degree,data science,2.95,4,1,2.71,UX Designer,"User Research, UX Testing, Psychology, Prototyping",moderate,visual,devops engineer,hybrid,average,no,3,azure
male,english,bachelor's degree,information technology,3.0,1,1,3.17,Product Designer,"UX Research, User Flow, Prototyping, UI Design",low,auditory,systems analyst,hybrid,average,no,7,cisco
female,sinhala,bachelor's degree,computer science,3.76,1,2,2.21,Blockchain Developer,"Solidity, Web3.js, Smart Contracts, Cryptography",moderate,auditory,software engineer,hybrid,excellent,no,7,azure
male,"english, sinhala, tamil",bachelor's degree,cyber security,2.56,3,1,3.33,IoT Engineer,"Arduino, Cloud Integration, Raspberry Pi, Sensors",low,auditory,software engineer,hybrid,excellent,no,7,cisco
female,"english, sinhala",bachelor's degree,software engineering,2.84,2,2,3.19,Embedded Systems Engineer,"IoT, Microcontrollers, PCB Design, Electronics",moderate,visual,devops engineer,remote,average,yes,1,none
female,"english, sinhala, tamil",bachelor's degree,computer science,4.0,1,1,2.54,AR/VR Developer,"3D Modeling, Blender, Unity, C#",excellent,visual,security engineer,remote,poor,no,1,none
male,english,bachelor's degree,information technology,2.51,3,2,3.68,SEO Specialist,"Content Strategy, Google Analytics, Keyword Research, HTML",low,kinesthetic,qa engineer,onsite,average,yes,5,google
male,english,bachelor's degree,computer science,3.82,4,1,3.81,IT Support Specialist,"Hardware, Active Directory, Windows, Troubleshooting",excellent,auditory,systems analyst,remote,excellent,no,7,google
female,"english, sinhala",bachelor's degree,cyber security,3.53,1,2,2.87,Software Engineer,"Java, Python, Git, Spring Boot",excellent,kinesthetic,qa engineer,remote,excellent,no,8,aws
male,"english, sinhala, tamil",bachelor's degree,information technology,3.11,2,1,3.37,Full Stack Developer,"MongoDB, Node.js, React, Express",excellent,auditory,data scientist,hybrid,poor,yes,8,aws
female,english,bachelor's degree,cyber security,3.5,4,2,2.51,Frontend Developer,"TypeScript, CSS, HTML, Tailwind CSS",excellent,kinesthetic,devops engineer,onsite,average,no,9,cisco
female,sinhala,bachelor's degree,computer science,2.8,1,2,3.71,Backend Developer,"Spring Boot, Microservices, Node.js, REST API",moderate,auditory,devops engineer,onsite,poor,yes,0,cisco
female,english,bachelor's degree,software engineering,4.0,4,2,2.74,Web Developer,"PHP, HTML, MySQL, CSS",moderate,auditory,qa engineer,remote,average,no,2,google
male,tamil,bachelor's degree,cyber security,3.8,1,1,2.52,Mobile App Developer,"Swift, Kotlin, Firebase, Flutter",moderate,kinesthetic,systems analyst,onsite,excellent,yes,3,cisco
male,"sinhala, tamil",bachelor's degree,information technology,2.52,2,1,3.61,Data Scientist,"Python, Machine Learning, Tableau, Pandas",excellent,kinesthetic,data scientist,onsite,average,yes,6,cisco
male,"english, sinhala, tamil",bachelor's degree,data science,3.75,1,1,2.51,Data Analyst,"Power BI, Statistics, Python, SQL",low,visual,devops engineer,hybrid,average,no,5,none
female,tamil,bachelor's degree,cyber security,2.13,1,2,2.91,Machine Learning Engineer,"NumPy, Pandas, Deep Learning, Python",excellent,visual,security engineer,onsite,excellent,no,12,azure
male,sinhala,bachelor's degree,software engineering,3.74,3,1,3.5,AI Engineer,"LLMs, NLP, TensorFlow, PyTorch",excellent,auditory,systems analyst,hybrid,excellent,no,6,none
male,"sinhala, tamil",bachelor's degree,computer science,3.06,3,2,3.78,BI Developer,"Excel, Tableau, DAX, SQL",excellent,kinesthetic,devops engineer,hybrid,excellent,no,1,google
male,tamil,bachelor's degree,software engineering,2.47,1,2,2.9,DevOps Engineer,"Linux, Jenkins, AWS, CI/CD",excellent,auditory,devops engineer,remote,excellent,no,11,azure
male,"sinhala, tamil",bachelor's degree,cyber security,2.88,3,2,2.84,Cloud Engineer,"GCP, AWS, Azure, Terraform",excellent,auditory,data scientist,onsite,poor,no,0,cisco
female,tamil,bachelor's degree,computer science,2.69,4,2,2.95,Cloud Architect,"Networking, IaC, Scalability, AWS/Azure Design",excellent,kinesthetic,data scientist,remote,poor,yes,4,google
male,"english, sinhala",bachelor's degree,information technology,3.52,4,1,2.52,Cybersecurity Analyst,"Python, SIEM, Linux, Firewalls",moderate,auditory,qa engineer,onsite,poor,yes,0,aws
female,"tamil, english",bachelor's degree,software engineering,3.64,4,2,2.66,Ethical Hacker,"Python, Nmap, Kali Linux, Metasploit",low,kinesthetic,devops engineer,onsite,average,yes,4,cisco
male,"tamil, english",bachelor's degree,cyber security,3.14,4,2,3.31,Security Engineer,"Encryption, IAM, Cloud Security, SIEM",excellent,auditory,qa engineer,hybrid,excellent,yes,8,google
male,sinhala,bachelor's degree,information technology,2.72,1,1,2.5,Information Security Analyst,"Networking, Risk Assessment, SIEM, Compliance",moderate,kinesthetic,devops engineer,remote,poor,yes,0,google
male,tamil,bachelor's degree,software engineering,3.12,3,1,3.18,Network Engineer,"TCP/IP, Switching, Routing, Firewalls",low,visual,qa engineer,remote,average,yes,6,none
female,"english, sinhala",bachelor's degree,computer science,2.34,2,2,2.8,System Administrator,"Bash, Windows Server, Active Directory, Linux",excellent,kinesthetic,software engineer,remote,excellent,yes,4,aws
female,english,bachelor's degree,cyber security,2.46,3,1,3.03,IT Support Engineer,"Hardware, Active Directory, Networking, Windows",moderate,kinesthetic,systems analyst,hybrid,poor,yes,3,azure
female,"english, sinhala",bachelor's degree,computer science,3.8,3,1,2.26,Hardware Engineer,"Embedded C, Microcontrollers, PCB Design, Electronics",moderate,visual,devops engineer,onsite,excellent,yes,4,azure
male,"tamil, english",bachelor's degree,data science,3.55,4,2,2.84,QA Engineer,"SQL, Jira, Test Cases, Manual Testing",moderate,auditory,qa engineer,remote,excellent,yes,4,cisco
male,"sinhala, tamil",bachelor's degree,computer science,2.35,3,2,2.85,Software Tester,"Bug Tracking, Manual Testing, SQL, Test Plans",moderate,auditory,software engineer,remote,excellent,no,12,google
male,"sinhala, tamil",bachelor's degree,cyber security,3.38,1,1,2.22,Automation Test Engineer,"Python, TestNG, CI/CD, Java",low,kinesthetic,systems analyst,remote,average,no,4,cisco
male,sinhala,bachelor's degree,data science,3.44,3,2,3.24,UI Designer,"Color Theory, Photoshop, Prototyping, Figma",low,visual,software engineer,hybrid,poor,no,7,none
male,"sinhala, tamil",bachelor's degree,data science,4.0,2,2,2.47,UX Designer,"UX Testing, User Research, Figma, Wireframing",moderate,auditory,security engineer,hybrid,average,yes,7,azure
female,tamil,bachelor's degree,data science,4.0,4,1,3.34,Product Designer,"UI Design, UX Research, Figma, Prototyping",moderate,kinesthetic,security engineer,remote,average,yes,3,cisco
male,sinhala,bachelor's degree,computer science,2.81,1,1,3.66,Blockchain Developer,"Cryptography, Ethereum, Solidity, Web3.js",low,auditory,devops engineer,hybrid,average,no,9,none
male,"english, sinhala",bachelor's degree,computer science,2.68,2,1,2.25,IoT Engineer,"Arduino, MQTT, Raspberry Pi, C/C++",low,kinesthetic,devops engineer,remote,average,no,3,google
female,"sinhala, tamil",bachelor's degree,software engineering,3.45,4,2,3.82,Embedded Systems Engineer,"Microcontrollers, PCB Design, IoT, Electronics",excellent,kinesthetic,data scientist,onsite,average,yes,8,aws
male,sinhala,bachelor's degree,cyber security,3.63,2,1,3.65,AR/VR Developer,"Unity, 3D Modeling, XR SDKs, Unreal Engine",low,visual,software engineer,hybrid,poor,yes,3,google
female,"tamil, english",bachelor's degree,data science,3.18,4,2,3.67,SEO Specialist,"Google Analytics, SEO Tools, Backlinks, HTML",low,visual,devops engineer,onsite,poor,no,9,google
male,"tamil, english",bachelor's degree,software engineering,3.63,3,2,3.39,IT Support Specialist,"Hardware, Troubleshooting, Ticketing Systems, Active Directory",low,kinesthetic,qa engineer,hybrid,average,no,11,none
male,sinhala,bachelor's degree,software engineering,2.35,3,1,2.49,Software Engineer,"Java, Spring Boot, OOP, SQL",low,auditory,qa engineer,hybrid,poor,yes,1,google
male,tamil,bachelor's degree,software engineering,3.41,1,2,2.93,Full Stack Developer,"Express, Node.js, MongoDB, JavaScript",excellent,auditory,security engineer,hybrid,poor,yes,9,aws
male,tamil,bachelor's degree,information technology,4.0,1,1,3.99,Frontend Developer,"CSS, Tailwind CSS, TypeScript, HTML",moderate,kinesthetic,qa engineer,hybrid,average,yes,1,none
female,english,bachelor's degree,information technology,4.0,3,2,3.0,Backend Developer,"Microservices, SQL, Node.js, REST API",moderate,kinesthetic,qa engineer,onsite,poor,yes,5,cisco
female,sinhala,bachelor's degree,cyber security,3.62,2,2,3.49,Web Developer,"PHP, MySQL, CSS, HTML",low,auditory,software engineer,onsite,excellent,yes,3,none
male,"english, sinhala, tamil",bachelor's degree,information technology,3.29,4,1,3.17,Mobile App Developer,"Kotlin, Swift, Flutter, Java",excellent,auditory,devops engineer,onsite,average,yes,10,cisco
female,"tamil, english",bachelor's degree,information technology,2.03,2,1,2.97,Data Scientist,"Machine Learning, Python, Pandas, NumPy",low,visual,systems analyst,onsite,excellent,yes,5,azure
male,tamil,bachelor's degree,cyber security,3.49,2,2,3.01,Data Analyst,"Power BI, Data Visualization, Excel, Statistics",moderate,kinesthetic,software engineer,hybrid,excellent,yes,4,aws
male,english,bachelor's degree,software engineering,2.72,3,2,3.5,Machine Learning Engineer,"Deep Learning, Pandas, Scikit-learn, TensorFlow",excellent,visual,data scientist,remote,poor,yes,7,cisco
female,"sinhala, tamil",bachelor's degree,data science,3.18,2,1,2.51,AI Engineer,"Data Processing, Python, NLP, PyTorch",low,auditory,systems analyst,onsite,excellent,yes,4,google
male,"english, sinhala",bachelor's degree,data science,3.29,1,1,2.72,BI Developer,"DAX, Tableau, SQL, Excel",moderate,kinesthetic,software engineer,remote,excellent,no,4,azure
female,english,bachelor's degree,computer science,3.76,2,1,2.36,DevOps Engineer,"Kubernetes, Docker, AWS, Jenkins",moderate,auditory,data scientist,hybrid,excellent,yes,3,azure
male,"sinhala, tamil",bachelor's degree,computer science,2.9,1,2,2.6,Cloud Engineer,"Docker, GCP, AWS, Azure",moderate,visual,qa engineer,remote,average,yes,11,none
female,"english, sinhala",bachelor's degree,information technology,3.77,4,1,3.8,Cloud Architect,"IaC, Security, Networking, AWS/Azure Design",moderate,auditory,devops engineer,hybrid,poor,yes,9,azure
female,sinhala,bachelor's degree,cyber security,3.58,2,1,2.32,Cybersecurity Analyst,"Firewalls, SIEM, Risk Analysis, Python",moderate,visual,software engineer,remote,average,no,5,aws
male,"sinhala, tamil",bachelor's degree,information technology,2.46,2,2,2.58,Ethical Hacker,"Wireshark, Nmap, Burp Suite, Kali Linux",low,visual,software engineer,hybrid,poor,yes,11,azure
female,"english, sinhala, tamil",bachelor's degree,information technology,2.98,1,2,3.36,Security Engineer,"Linux, IAM, Encryption, SIEM",excellent,visual,data scientist,hybrid,excellent,no,4,cisco
male,"tamil, english",bachelor's degree,software engineering,2.14,1,1,3.82,Information Security Analyst,"SIEM, Risk Assessment, Incident Response, SOC Tools",moderate,auditory,data scientist,hybrid,excellent,yes,3,google
male,tamil,bachelor's degree,software engineering,3.52,2,1,3.58,Network Engineer,"Routing, TCP/IP, VPN, Firewalls",moderate,kinesthetic,qa engineer,hybrid,average,no,9,cisco
female,"english, sinhala, tamil",bachelor's degree,data science,3.64,1,1,3.09,System Administrator,"Windows Server, Virtualization, Bash, Active Directory",low,kinesthetic,qa engineer,hybrid,poor,yes,8,aws
male,"tamil, english",bachelor's degree,cyber security,3.96,3,1,3.78,IT Support Engineer,"Windows, Networking, Ticketing Tools, Active Directory",low,visual,software engineer,hybrid,average,no,0,google
male,"sinhala, tamil",bachelor's degree,computer science,3.44,2,1,2.43,Hardware Engineer,"Arduino, Circuit Design, Microcontrollers, PCB Design",excellent,auditory,security engineer,remote,excellent,yes,12,aws
male,"english, sinhala, tamil",bachelor's degree,computer science,3.11,3,2,3.52,QA Engineer,"API Testing, Jira, Manual Testing, Test Cases",low,visual,systems analyst,hybrid,average,yes,0,azure
male,"english, sinhala",bachelor's degree,information technology,2.11,1,2,2.33,Software Tester,"Bug Tracking, Agile, Selenium, SQL",low,kinesthetic,devops engineer,remote,average,yes,0,azure
female,"sinhala, tamil",bachelor's degree,information technology,2.89,3,2,3.78,Automation Test Engineer,"CI/CD, Python, Cypress, TestNG",excellent,kinesthetic,qa engineer,hybrid,average,no,2,azure
female,sinhala,bachelor's degree,cyber security,3.18,1,1,3.49,UI Designer,"Figma, Prototyping, Photoshop, Adobe XD",low,visual,devops engineer,remote,poor,yes,12,none
female,"english, sinhala, tamil",bachelor's degree,software engineering,2.72,1,2,3.61,UX Designer,"Prototyping, UX Testing, Psychology, Wireframing",excellent,visual,data scientist,hybrid,average,yes,11,cisco
female,english,bachelor's degree,software engineering,2.49,2,1,2.49,Product Designer,"User Flow, Prototyping, Design Systems, UI Design",moderate,kinesthetic,systems analyst,remote,poor,no,4,azure
male,english,bachelor's degree,cyber security,3.61,1,2,3.12,Blockchain Developer,"Web3.js, Ethereum, Node.js, Solidity",excellent,kinesthetic,security engineer,hybrid,poor,no,2,azure
female,sinhala,bachelor's degree,cyber security,2.73,4,1,3.8,IoT Engineer,"C/C++, Sensors, MQTT, Cloud Integration",excellent,kinesthetic,software engineer,onsite,average,no,1,aws
male,"tamil, english",bachelor's degree,software engineering,2.91,3,1,2.69,Embedded Systems Engineer,"Electronics, RTOS, C/C++, IoT",moderate,kinesthetic,devops engineer,hybrid,average,no,8,google
female,"sinhala, tamil",bachelor's degree,data science,2.89,3,2,3.93,AR/VR Developer,"Unreal Engine, Blender, XR SDKs, 3D Modeling",moderate,visual,data scientist,hybrid,average,no,10,cisco
female,"tamil, english",bachelor's degree,cyber security,2.66,2,2,2.24,SEO Specialist,"Keyword Research, HTML, Backlinks, SEO Tools",moderate,kinesthetic,software engineer,hybrid,poor,yes,3,azure
male,english,bachelor's degree,software engineering,3.59,2,1,2.62,IT Support Specialist,"Ticketing Systems, Hardware, Troubleshooting, Windows",excellent,visual,data scientist,onsite,excellent,no,0,none
male,"english, sinhala",bachelor's degree,software engineering,3.69,2,1,3.94,Software Engineer,"Git, OOP, SQL, Spring Boot",excellent,visual,data scientist,onsite,average,yes,2,google
male,sinhala,bachelor's degree,cyber security,3.0,1,1,3.36,Full Stack Developer,"JavaScript, Express, REST API, MongoDB",low,auditory,security engineer,onsite,excellent,yes,12,azure
male,sinhala,bachelor's degree,software engineering,3.68,3,1,2.27,Frontend Developer,"HTML, TypeScript, JavaScript, React",excellent,auditory,security engineer,hybrid,average,no,0,google
female,english,bachelor's degree,information technology,3.39,2,2,2.63,Backend Developer,"Java, Microservices, Node.js, SQL",excellent,kinesthetic,devops engineer,remote,poor,yes,7,azure
female,english,bachelor's degree,computer science,2.66,1,1,3.05,Web Developer,"JavaScript, CSS, PHP, MySQL",low,kinesthetic,qa engineer,hybrid,average,yes,6,google
female,"english, sinhala, tamil",bachelor's degree,data science,3.83,4,1,2.78,Mobile App Developer,"Firebase, Swift, Flutter, REST API",low,visual,devops engineer,onsite,excellent,yes,7,azure
female,"sinhala, tamil",bachelor's degree,computer science,3.34,3,2,3.89,Data Scientist,"Pandas, Machine Learning, Tableau, SQL",moderate,auditory,software engineer,remote,average,no,9,google
female,"sinhala, tamil",bachelor's degree,cyber security,3.55,4,1,2.47,Data Analyst,"SQL, Power BI, Python, Excel",low,kinesthetic,systems analyst,hybrid,average,no,8,cisco
female,english,bachelor's degree,computer science,3.55,3,2,3.89,Machine Learning Engineer,"Scikit-learn, NumPy, Deep Learning, Pandas",low,kinesthetic,devops engineer,onsite,excellent,no,8,none
male,sinhala,bachelor's degree,cyber security,3.44,1,2,2.35,AI Engineer,"Python, Data Processing, TensorFlow, LLMs",excellent,kinesthetic,software engineer,remote,average,no,9,aws
male,"tamil, english",bachelor's degree,data science,2.9,2,1,3.77,BI Developer,"Tableau, DAX, SQL, ETL Tools",low,auditory,devops engineer,onsite,excellent,no,3,cisco
female,"sinhala, tamil",bachelor's degree,software engineering,3.57,3,2,3.15,DevOps Engineer,"Jenkins, CI/CD, Kubernetes, Linux",low,kinesthetic,systems analyst,hybrid,excellent,no,7,cisco
male,sinhala,bachelor's degree,data science,2.49,3,2,3.12,Cloud Engineer,"Terraform, Azure, AWS, Kubernetes",excellent,kinesthetic,devops engineer,hybrid,average,yes,10,none
female,"english, sinhala, tamil",bachelor's degree,computer science,4.0,2,2,2.32,Cloud Architect,"Microservices, Networking, Security, AWS/Azure Design",excellent,auditory,qa engineer,hybrid,average,no,6,aws
male,"english, sinhala, tamil",bachelor's degree,data science,2.76,2,2,3.57,Cybersecurity Analyst,"Python, Risk Analysis, Networking, SIEM",low,kinesthetic,qa engineer,onsite,average,yes,1,none
female,"english, sinhala",bachelor's degree,cyber security,3.15,2,1,3.94,Ethical Hacker,"Wireshark, Burp Suite, Kali Linux, Python",moderate,auditory,data scientist,onsite,excellent,yes,10,azure
female,english,bachelor's degree,computer science,2.46,4,2,2.37,Security Engineer,"Cloud Security, SIEM, IAM, Linux",excellent,auditory,data scientist,hybrid,average,no,1,google
female,"english, sinhala, tamil",bachelor's degree,information technology,3.55,1,1,2.34,Information Security Analyst,"SIEM, SOC Tools, Networking, Risk Assessment",moderate,visual,devops engineer,remote,average,no,9,none
male,"english, sinhala, tamil",bachelor's degree,data science,2.88,3,1,3.99,Network Engineer,"VPN, Firewalls, Cisco, Switching",excellent,auditory,security engineer,hybrid,excellent,yes,11,cisco
male,"tamil, english",bachelor's degree,software engineering,2.81,2,2,3.51,System Administrator,"Active Directory, Virtualization, Windows Server, Networking",excellent,auditory,data scientist,hybrid,average,no,0,none
male,tamil,bachelor's degree,software engineering,2.38,4,2,2.75,IT Support Engineer,"Active Directory, Windows, Hardware, Troubleshooting",low,kinesthetic,security engineer,hybrid,average,no,6,none
male,tamil,bachelor's degree,data science,3.54,2,2,3.73,Hardware Engineer,"Embedded C, PCB Design, Electronics, Arduino",moderate,visual,data scientist,hybrid,average,yes,6,aws
male,tamil,bachelor's degree,data science,2.72,2,2,2.62,QA Engineer,"API Testing, Test Cases, Selenium, Manual Testing",moderate,kinesthetic,qa engineer,onsite,excellent,yes,8,none
male,"english, sinhala, tamil",bachelor's degree,information technology,4.0,1,1,3.21,Software Tester,"Agile, Manual Testing, Bug Tracking, Selenium",low,visual,data scientist,onsite,average,yes,1,aws
female,english,bachelor's degree,computer science,3.31,4,1,3.32,Automation Test Engineer,"Python, Cypress, Selenium, Java",low,kinesthetic,software engineer,onsite,poor,yes,8,azure
male,"sinhala, tamil",bachelor's degree,information technology,3.23,4,1,3.3,UI Designer,"Figma, Adobe XD, Prototyping, Color Theory",excellent,auditory,qa engineer,remote,average,no,1,none
male,english,bachelor's degree,data science,2.59,1,2,3.23,UX Designer,"Psychology, Wireframing, UX Testing, Figma",low,visual,data scientist,hybrid,poor,yes,2,cisco
male,english,bachelor's degree,software engineering,3.74,1,1,3.55,Product Designer,"Design Systems, Prototyping, UX Research, Figma",moderate,kinesthetic,qa engineer,hybrid,poor,yes,9,none
female,english,bachelor's degree,cyber security,3.66,3,2,2.49,Blockchain Developer,"Cryptography, Smart Contracts, Node.js, Web3.js",low,kinesthetic,devops engineer,remote,average,no,11,google
male,"tamil, english",bachelor's degree,information technology,2.66,1,1,2.22,IoT Engineer,"Arduino, Raspberry Pi, C/C++, Sensors",low,kinesthetic,qa engineer,remote,excellent,yes,8,cisco
male,"english, sinhala, tamil",bachelor's degree,information technology,3.74,1,2,3.93,Embedded Systems Engineer,"Microcontrollers, PCB Design, IoT, RTOS",excellent,visual,qa engineer,hybrid,excellent,yes,0,aws
male,tamil,bachelor's degree,cyber security,2.47,1,2,2.69,AR/VR Developer,"XR SDKs, Unreal Engine, Blender, C#",excellent,visual,software engineer,remote,average,no,7,google
male,"english, sinhala",bachelor's degree,data science,3.11,4,2,3.83,SEO Specialist,"Google Analytics, Content Strategy, Backlinks, Keyword Research",excellent,visual,data scientist,hybrid,poor,yes,5,azure
female,sinhala,bachelor's degree,data science,3.1,3,1,2.31,IT Support Specialist,"Windows, Networking, Active Directory, Hardware",moderate,visual,systems analyst,remote,average,no,4,azure
male,"english, sinhala, tamil",bachelor's degree,software engineering,2.37,2,1,3.53,Software Engineer,"SQL, Git, OOP, Java",low,kinesthetic,software engineer,onsite,average,yes,7,azure
female,tamil,bachelor's degree,cyber security,3.25,3,1,2.31,Full Stack Developer,"React, Express, Node.js, JavaScript",low,auditory,qa engineer,remote,excellent,no,1,none
male,"sinhala, tamil",bachelor's degree,software engineering,3.55,2,2,3.2,Frontend Developer,"React, HTML, Tailwind CSS, CSS",moderate,auditory,devops engineer,onsite,excellent,no,6,aws
female,tamil,bachelor's degree,software engineering,3.03,1,1,3.3,Backend Developer,"Java, Node.js, REST API, Spring Boot",moderate,kinesthetic,data scientist,onsite,average,yes,10,none
male,"english, sinhala, tamil",bachelor's degree,computer science,4.0,1,1,2.62,Web Developer,"Bootstrap, PHP, MySQL, JavaScript",excellent,auditory,software engineer,remote,average,no,5,none
male,"tamil, english",bachelor's degree,cyber security,2.06,1,1,2.86,Mobile App Developer,"Firebase, Flutter, Java, REST API",excellent,kinesthetic,qa engineer,remote,average,yes,12,none
female,tamil,bachelor's degree,data science,3.14,2,2,3.41,Data Scientist,"Python, Tableau, Pandas, SQL",excellent,auditory,systems analyst,remote,average,yes,8,google
female,"tamil, english",bachelor's degree,software engineering,3.67,2,1,2.45,Data Analyst,"Statistics, Data Visualization, SQL, Excel",low,auditory,data scientist,onsite,poor,yes,6,azure
male,tamil,bachelor's degree,computer science,3.75,2,2,2.72,Machine Learning Engineer,"TensorFlow, Deep Learning, Python, NumPy",excellent,auditory,software engineer,remote,poor,yes,8,aws
male,english,bachelor's degree,information technology,3.98,3,2,3.66,AI Engineer,"LLMs, NLP, Python, Data Processing",moderate,auditory,security engineer,hybrid,average,yes,12,azure
female,"tamil, english",bachelor's degree,software engineering,2.9,1,1,2.33,BI Developer,"Power BI, DAX, ETL Tools, Excel",low,auditory,software engineer,hybrid,poor,yes,10,cisco
male,"sinhala, tamil",bachelor's degree,information technology,4.0,3,1,2.39,DevOps Engineer,"CI/CD, Kubernetes, Jenkins, Docker",moderate,auditory,software engineer,hybrid,excellent,yes,3,none
female,"english, sinhala, tamil",bachelor's degree,software engineering,2.12,1,2,2.66,Cloud Engineer,"Kubernetes, Azure, AWS, Docker",moderate,auditory,software engineer,onsite,excellent,no,12,none
male,tamil,bachelor's degree,data science,2.86,2,1,2.69,Cloud Architect,"Networking, Microservices, Security, AWS/Azure Design",excellent,kinesthetic,devops engineer,onsite,poor,yes,3,none
female,"english, sinhala, tamil",bachelor's degree,data science,3.72,1,2,2.68,Cybersecurity Analyst,"Linux, Python, Networking, Firewalls",low,kinesthetic,security engineer,onsite,excellent,no,10,azure
female,"english, sinhala, tamil",bachelor's degree,data science,2.62,2,2,3.34,Ethical Hacker,"Nmap, Burp Suite, Wireshark, Metasploit",low,kinesthetic,devops engineer,hybrid,poor,yes,5,aws
female,"english, sinhala, tamil",bachelor's degree,software engineering,3.49,4,2,3.09,Security Engineer,"SIEM, Firewalls, Encryption, Linux",excellent,visual,systems analyst,remote,average,no,2,none
male,"english, sinhala, tamil",bachelor's degree,information technology,3.42,4,2,3.34,Information Security Analyst,"Networking, SOC Tools, Risk Assessment, Incident Response",moderate,kinesthetic,systems analyst,remote,average,no,1,azure
female,tamil,bachelor's degree,cyber security,3.54,3,1,3.64,Network Engineer,"TCP/IP, Routing, Cisco, Switching",moderate,visual,software engineer,hybrid,average,no,2,azure
female,sinhala,bachelor's degree,data science,4.0,4,1,2.45,System Administrator,"Active Directory, Bash, Windows Server, Networking",low,kinesthetic,software engineer,remote,excellent,no,6,none
male,sinhala,bachelor's degree,software engineering,3.74,1,1,3.87,IT Support Engineer,"Troubleshooting, Ticketing Tools, Networking, Hardware",excellent,visual,systems analyst,hybrid,excellent,no,10,cisco
male,"english, sinhala, tamil",bachelor's degree,data science,2.89,4,2,3.41,Hardware Engineer,"PCB Design, Arduino, Embedded C, Microcontrollers",low,visual,data scientist,onsite,average,yes,1,cisco
male,"tamil, english",bachelor's degree,software engineering,3.57,1,1,3.45,QA Engineer,"SQL, API Testing, Manual Testing, Jira",excellent,kinesthetic,data scientist,remote,excellent,no,7,none
male,english,bachelor's degree,software engineering,2.53,1,1,3.03,Software Tester,"Test Plans, Manual Testing, Agile, SQL",low,kinesthetic,systems analyst,hybrid,excellent,yes,12,google
male,tamil,bachelor's degree,data science,4.0,2,2,2.39,Automation Test Engineer,"CI/CD, Java, Selenium, TestNG",moderate,visual,systems analyst,hybrid,average,no,5,cisco
female,"english, sinhala",bachelor's degree,information technology,2.6,3,1,3.39,UI Designer,"Figma, Color Theory, Prototyping, Photoshop",excellent,visual,data scientist,onsite,excellent,yes,0,google
female,"tamil, english",bachelor's degree,information technology,2.5,3,2,3.29,UX Designer,"Psychology, Prototyping, User Research, Figma",low,auditory,security engineer,hybrid,poor,no,10,none
male,"tamil, english",bachelor's degree,cyber security,2.65,2,2,3.11,Product Designer,"Figma, Prototyping, UI Design, UX Research",excellent,kinesthetic,security engineer,remote,average,yes,6,google
female,"tamil, english",bachelor's degree,information technology,3.44,2,1,3.32,Blockchain Developer,"Ethereum, Node.js, Cryptography, Web3.js",moderate,auditory,security engineer,remote,poor,yes,12,cisco
female,"english, sinhala, tamil",bachelor's degree,data science,4.0,2,2,3.81,IoT Engineer,"Raspberry Pi, Sensors, C/C++, Cloud Integration",moderate,visual,security engineer,onsite,excellent,no,6,azure
female,"sinhala, tamil",bachelor's degree,data science,2.46,4,2,3.89,Embedded Systems Engineer,"RTOS, PCB Design, C/C++, Microcontrollers",excellent,auditory,data scientist,onsite,poor,yes,4,none
female,"english, sinhala, tamil",bachelor's degree,computer science,3.49,2,1,3.21,AR/VR Developer,"Blender, 3D Modeling, Unreal Engine, C#",excellent,kinesthetic,qa engineer,hybrid,poor,yes,9,none
male,tamil,bachelor's degree,cyber security,3.38,4,2,2.36,SEO Specialist,"HTML, SEO Tools, Google Analytics, Content Strategy",low,auditory,software engineer,onsite,excellent,yes,12,cisco
male,tamil,bachelor's degree,computer science,3.19,1,2,2.35,IT Support Specialist,"Hardware, Networking, Troubleshooting, Windows",excellent,auditory,security engineer,remote,poor,yes,9,none
male,"english, sinhala, tamil",bachelor's degree,information technology,3.35,2,1,3.81,Software Engineer,"Spring Boot, Java, Python, Git",excellent,kinesthetic,data scientist,onsite,average,no,7,cisco
male,english,bachelor's degree,data science,2.87,3,1,2.67,Full Stack Developer,"JavaScript, Node.js, REST API, React",excellent,kinesthetic,software engineer,hybrid,average,no,1,aws
female,english,bachelor's degree,data science,3.31,4,1,2.54,Frontend Developer,"CSS, React, Tailwind CSS, JavaScript",moderate,auditory,devops engineer,hybrid,poor,no,6,azure
male,sinhala,bachelor's degree,computer science,3.26,2,1,2.32,Backend Developer,"SQL, Node.js, REST API, Java",moderate,kinesthetic,data scientist,hybrid,poor,yes,9,google
female,english,bachelor's degree,cyber security,3.42,2,1,3.51,Web Developer,"CSS, HTML, MySQL, Bootstrap",moderate,visual,systems analyst,remote,average,yes,3,cisco
female,"english, sinhala, tamil",bachelor's degree,software engineering,3.97,3,2,3.72,Mobile App Developer,"Java, Kotlin, REST API, Firebase",excellent,visual,systems analyst,hybrid,poor,no,10,google
female,tamil,bachelor's degree,software engineering,2.92,1,1,3.75,Data Scientist,"SQL, NumPy, Machine Learning, Tableau",excellent,auditory,data scientist,remote,excellent,no,6,none
female,tamil,bachelor's degree,data science,3.75,4,1,3.61,Data Analyst,"SQL, Statistics, Power BI, Python",moderate,visual,systems analyst,remote,poor,no,11,azure
female,tamil,bachelor's degree,cyber security,3.86,2,2,3.16,Machine Learning Engineer,"Pandas, NumPy, TensorFlow, Deep Learning",low,kinesthetic,data scientist,onsite,excellent,no,5,azure
female,"english, sinhala, tamil",bachelor's degree,cyber security,4.0,3,1,2.53,AI Engineer,"Data Processing, Python, TensorFlow, LLMs",excellent,auditory,software engineer,hybrid,poor,yes,8,aws
female,english,bachelor's degree,data science,3.69,1,2,3.24,BI Developer,"Power BI, Tableau, DAX, ETL Tools",low,auditory,devops engineer,remote,average,no,6,aws
male,english,bachelor's degree,cyber security,2.81,2,2,2.67,DevOps Engineer,"Docker, Kubernetes, Linux, AWS",excellent,kinesthetic,software engineer,onsite,excellent,yes,2,azure
female,"sinhala, tamil",bachelor's degree,software engineering,2.68,1,2,2.84,Cloud Engineer,"AWS, Kubernetes, Terraform, Azure",excellent,visual,software engineer,hybrid,average,yes,12,aws
female,"sinhala, tamil",bachelor's degree,computer science,3.55,2,2,3.2,Cloud Architect,"Scalability, Networking, Microservices, Security",moderate,visual,security engineer,remote,excellent,yes,8,aws
male,tamil,bachelor's degree,information technology,3.25,1,1,2.97,Cybersecurity Analyst,"Linux, SIEM, Risk Analysis, Firewalls",low,visual,systems analyst,remote,poor,no,1,none
male,"tamil, english",bachelor's degree,software engineering,2.49,4,1,3.29,Ethical Hacker,"Wireshark, Kali Linux, Metasploit, Nmap",moderate,auditory,software engineer,hybrid,average,no,4,cisco
male,"tamil, english",bachelor's degree,information technology,2.65,1,2,2.82,Security Engineer,"IAM, Firewalls, Linux, Encryption",excellent,visual,data scientist,remote,average,yes,0,cisco
male,tamil,bachelor's degree,software engineering,2.71,1,1,2.44,Information Security Analyst,"Networking, Incident Response, SIEM, Risk Assessment",moderate,visual,security engineer,onsite,excellent,no,7,azure
male,"tamil, english",bachelor's degree,computer science,2.46,2,2,3.84,Network Engineer,"Switching, VPN, Routing, Firewalls",moderate,kinesthetic,security engineer,onsite,poor,no,3,none
male,sinhala,bachelor's degree,software engineering,3.63,4,2,3.85,System Administrator,"Virtualization, Windows Server, Active Directory, Bash",excellent,visual,devops engineer,onsite,average,no,2,cisco
female,"english, sinhala",bachelor's degree,computer science,2.73,3,2,3.71,IT Support Engineer,"Windows, Hardware, Active Directory, Ticketing Tools",excellent,visual,data scientist,hybrid,poor,yes,4,none
male,"sinhala, tamil",bachelor's degree,information technology,2.38,1,2,3.35,Hardware Engineer,"Electronics, PCB Design, Arduino, Microcontrollers",low,visual,qa engineer,onsite,poor,no,4,google
male,"english, sinhala",bachelor's degree,data science,2.39,2,2,3.92,QA Engineer,"Manual Testing, Selenium, API Testing, SQL",excellent,visual,qa engineer,remote,excellent,no,5,aws
male,"tamil, english",bachelor's degree,cyber security,2.32,2,2,3.93,Software Tester,"Selenium, Agile, Manual Testing, SQL",excellent,auditory,data scientist,remote,average,no,7,aws
female,tamil,bachelor's degree,software engineering,2.53,3,1,3.06,Automation Test Engineer,"CI/CD, Python, Java, Cypress",moderate,kinesthetic,data scientist,onsite,poor,yes,0,azure
female,"sinhala, tamil",bachelor's degree,computer science,2.13,1,1,2.26,UI Designer,"Color Theory, Adobe XD, Figma, Photoshop",excellent,visual,systems analyst,onsite,average,no,1,cisco
male,"english, sinhala",bachelor's degree,data science,3.43,4,1,3.38,UX Designer,"User Research, UX Testing, Prototyping, Psychology",excellent,kinesthetic,devops engineer,hybrid,poor,yes,9,cisco
male,"english, sinhala, tamil",bachelor's degree,software engineering,2.75,1,1,2.84,Product Designer,"Figma, UX Research, UI Design, User Flow",low,auditory,systems analyst,hybrid,poor,yes,8,aws
female,"tamil, english",bachelor's degree,information technology,2.03,1,1,2.58,Blockchain Developer,"Ethereum, Web3.js, Solidity, Node.js",low,visual,qa engineer,onsite,average,no,8,aws
male,"tamil, english",bachelor's degree,software engineering,2.99,1,2,2.74,IoT Engineer,"C/C++, Raspberry Pi, Arduino, Sensors",low,visual,data scientist,remote,poor,yes,9,azure
female,tamil,bachelor's degree,information technology,2.24,3,2,3.3,Embedded Systems Engineer,"IoT, C/C++, RTOS, PCB Design",excellent,visual,qa engineer,remote,poor,no,11,aws
male,"english, sinhala, tamil",bachelor's degree,software engineering,2.54,2,1,3.88,AR/VR Developer,"Unreal Engine, XR SDKs, C#, Blender",moderate,visual,systems analyst,onsite,excellent,no,0,aws
female,english,bachelor's degree,data science,3.54,2,2,3.07,SEO Specialist,"SEO Tools, Content Strategy, HTML, Backlinks",excellent,kinesthetic,data scientist,hybrid,average,no,4,aws
female,tamil,bachelor's degree,cyber security,2.84,1,1,2.2,IT Support Specialist,"Hardware, Windows, Troubleshooting, Networking",moderate,auditory,security engineer,onsite,poor,no,9,google
male,"english, sinhala",bachelor's degree,data science,3.07,3,1,3.18,Software Engineer,"Spring Boot, Git, Java, OOP",excellent,visual,data scientist,hybrid,excellent,yes,9,google
female,sinhala,bachelor's degree,cyber security,3.43,3,2,3.99,Full Stack Developer,"JavaScript, MongoDB, Express, REST API",excellent,visual,security engineer,onsite,poor,yes,7,none
male,tamil,bachelor's degree,cyber security,2.79,1,1,2.46,Frontend Developer,"CSS, React, HTML, Tailwind CSS",moderate,auditory,security engineer,onsite,poor,yes,12,google
female,tamil,bachelor's degree,data science,3.32,3,2,3.7,Backend Developer,"Java, SQL, Spring Boot, Node.js",moderate,auditory,software engineer,remote,excellent,yes,0,azure
female,"english, sinhala",bachelor's degree,computer science,3.62,1,2,3.74,Web Developer,"Bootstrap, HTML, PHP, JavaScript",low,visual,systems analyst,remote,excellent,no,11,cisco
male,english,bachelor's degree,software engineering,2.9,2,2,2.64,Mobile App Developer,"Kotlin, REST API, Swift, Flutter",excellent,visual,security engineer,hybrid,excellent,no,8,aws
female,"tamil, english",bachelor's degree,data science,2.46,4,1,2.23,Data Scientist,"Machine Learning, Python, Tableau, NumPy",moderate,auditory,software engineer,remote,poor,no,12,cisco
male,english,bachelor's degree,information technology,3.44,4,1,3.17,Data Analyst,"SQL, Statistics, Power BI, Excel",excellent,auditory,data scientist,onsite,average,no,3,none
male,english,bachelor's degree,cyber security,3.85,2,1,3.2,Machine Learning Engineer,"Pandas, Deep Learning, Python, TensorFlow",moderate,kinesthetic,data scientist,hybrid,poor,no,12,cisco
female,"sinhala, tamil",bachelor's degree,software engineering,2.18,4,1,3.43,AI Engineer,"TensorFlow, Python, NLP, LLMs",excellent,auditory,data scientist,onsite,excellent,no,2,cisco
male,sinhala,bachelor's degree,information technology,3.74,4,2,3.43,BI Developer,"Tableau, SQL, Excel, DAX",low,auditory,systems analyst,hybrid,excellent,no,8,azure
male,tamil,bachelor's degree,computer science,2.46,3,1,3.69,DevOps Engineer,"AWS, Docker, Kubernetes, Linux",excellent,kinesthetic,software engineer,remote,excellent,no,4,cisco
male,english,bachelor's degree,computer science,3.85,2,2,3.79,Cloud Engineer,"Docker, GCP, Terraform, Kubernetes",low,auditory,systems analyst,remote,average,no,0,none
male,tamil,bachelor's degree,cyber security,2.91,2,2,3.41,Cloud Architect,"Networking, Microservices, IaC, Scalability",moderate,kinesthetic,systems analyst,hybrid,excellent,no,4,aws
female,"sinhala, tamil",bachelor's degree,software engineering,2.43,1,2,3.78,Cybersecurity Analyst,"Linux, Risk Analysis, Firewalls, Networking",moderate,kinesthetic,devops engineer,hybrid,average,no,12,cisco
female,"english, sinhala",bachelor's degree,cyber security,2.52,3,2,3.08,Ethical Hacker,"Kali Linux, Metasploit, Burp Suite, Wireshark",moderate,kinesthetic,devops engineer,remote,average,no,8,google
female,"sinhala, tamil",bachelor's degree,cyber security,2.53,1,2,3.66,Security Engineer,"Linux, Cloud Security, Firewalls, IAM",moderate,auditory,data scientist,remote,poor,no,6,google
male,"english, sinhala",bachelor's degree,cyber security,2.75,2,1,2.79,Information Security Analyst,"Compliance, SOC Tools, Networking, SIEM",low,kinesthetic,data scientist,hybrid,average,yes,10,google
male,"english, sinhala, tamil",bachelor's degree,data science,2.3,3,2,3.03,Network Engineer,"VPN, Cisco, TCP/IP, Firewalls",moderate,auditory,data scientist,hybrid,average,no,3,azure
male,"english, sinhala, tamil",bachelor's degree,information technology,2.89,3,1,3.7,System Administrator,"Networking, Windows Server, Virtualization, Active Directory",moderate,visual,devops engineer,hybrid,excellent,no,1,google
male,tamil,bachelor's degree,cyber security,2.71,4,1,2.91,IT Support Engineer,"Active Directory, Troubleshooting, Windows, Networking",moderate,kinesthetic,systems analyst,remote,average,no,2,none
female,"english, sinhala",bachelor's degree,information technology,2.58,3,1,2.3,Hardware Engineer,"Embedded C, Circuit Design, Arduino, Microcontrollers",moderate,auditory,security engineer,onsite,average,no,4,cisco
female,"sinhala, tamil",bachelor's degree,computer science,3.09,3,2,3.77,QA Engineer,"Manual Testing, Test Cases, Selenium, SQL",low,auditory,security engineer,onsite,poor,no,7,aws
female,sinhala,bachelor's degree,computer science,2.57,4,1,2.74,Software Tester,"Bug Tracking, Test Plans, Selenium, Agile",low,auditory,security engineer,remote,poor,no,6,cisco
male,tamil,bachelor's degree,cyber security,3.76,2,1,3.88,Automation Test Engineer,"Java, Selenium, TestNG, Python",excellent,kinesthetic,devops engineer,remote,poor,no,4,azure
male,"tamil, english",bachelor's degree,information technology,2.25,2,2,3.18,UI Designer,"Adobe XD, UI Principles, Prototyping, Figma",low,auditory,devops engineer,onsite,excellent,no,8,cisco
female,"english, sinhala, tamil",bachelor's degree,data science,2.48,1,1,2.41,UX Designer,"Wireframing, User Research, Figma, Prototyping",excellent,auditory,software engineer,remote,average,yes,2,none
female,sinhala,bachelor's degree,data science,2.76,2,1,3.56,Product Designer,"Prototyping, UX Research, Figma, Design Systems",moderate,auditory,qa engineer,remote,poor,no,2,aws
female,"tamil, english",bachelor's degree,cyber security,3.12,4,1,3.01,Blockchain Developer,"Solidity, Node.js, Smart Contracts, Web3.js",excellent,visual,systems analyst,hybrid,poor,no,5,none
female,"tamil, english",bachelor's degree,data science,3.8,1,2,2.89,IoT Engineer,"Sensors, MQTT, Cloud Integration, C/C++",moderate,visual,systems analyst,remote,poor,no,4,google
male,"tamil, english",bachelor's degree,cyber security,2.92,2,2,3.49,Embedded Systems Engineer,"IoT, C/C++, Microcontrollers, PCB Design",moderate,kinesthetic,security engineer,onsite,excellent,no,9,google
female,tamil,bachelor's degree,data science,3.0,3,2,2.61,AR/VR Developer,"Unity, Unreal Engine, 3D Modeling, Blender",low,visual,devops engineer,hybrid,average,yes,2,none
female,"tamil, english",bachelor's degree,information technology,3.52,1,2,3.89,SEO Specialist,"Content Strategy, Google Analytics, HTML, SEO Tools",low,kinesthetic,systems analyst,onsite,poor,yes,7,azure
male,"english, sinhala, tamil",bachelor's degree,software engineering,3.38,1,1,2.34,IT Support Specialist,"Ticketing Systems, Troubleshooting, Hardware, Windows",moderate,auditory,devops engineer,remote,average,no,9,cisco
male,"tamil, english",bachelor's degree,software engineering,3.05,2,1,3.95,Software Engineer,"Git, Python, OOP, Java",moderate,visual,qa engineer,hybrid,excellent,yes,5,aws
female,"sinhala, tamil",bachelor's degree,cyber security,2.92,2,2,3.54,Full Stack Developer,"MongoDB, JavaScript, Express, Node.js",excellent,auditory,systems analyst,hybrid,poor,yes,0,aws
male,"english, sinhala",bachelor's degree,information technology,2.19,4,1,2.96,Frontend Developer,"CSS, TypeScript, HTML, Tailwind CSS",moderate,visual,software engineer,remote,excellent,no,3,none
female,"english, sinhala, tamil",bachelor's degree,software engineering,3.07,1,1,2.3,Backend Developer,"REST API, Spring Boot, Node.js, SQL",low,auditory,data scientist,onsite,average,no,0,aws
female,"english, sinhala",bachelor's degree,information technology,4.0,4,2,3.44,Web Developer,"MySQL, PHP, Bootstrap, JavaScript",excellent,visual,devops engineer,hybrid,average,no,1,azure
female,"english, sinhala",bachelor's degree,computer science,2.55,1,1,3.39,Mobile App Developer,"Java, Swift, Firebase, REST API",moderate,kinesthetic,software engineer,hybrid,excellent,yes,10,cisco
female,"english, sinhala",bachelor's degree,software engineering,3.07,2,1,3.33,Data Scientist,"SQL, Tableau, NumPy, Pandas",low,auditory,systems analyst,hybrid,poor,no,11,cisco
female,"english, sinhala",bachelor's degree,data science,2.82,1,1,2.21,Data Analyst,"SQL, Power BI, Python, Data Visualization",low,auditory,systems analyst,onsite,excellent,no,1,azure
female,tamil,bachelor's degree,cyber security,3.71,3,1,3.2,Machine Learning Engineer,"TensorFlow, Deep Learning, Python, Scikit-learn",excellent,kinesthetic,data scientist,remote,poor,yes,12,aws
female,english,bachelor's degree,software engineering,2.12,4,2,3.79,AI Engineer,"Data Processing, Python, TensorFlow, NLP",moderate,visual,data scientist,hybrid,poor,no,8,azure
male,tamil,bachelor's degree,software engineering,3.0,1,1,3.68,BI Developer,"DAX, Tableau, ETL Tools, SQL",excellent,auditory,data scientist,onsite,average,no,3,cisco
male,"tamil, english",bachelor's degree,information technology,3.36,3,1,3.89,DevOps Engineer,"Jenkins, AWS, CI/CD, Linux",moderate,visual,systems analyst,onsite,average,yes,7,google
female,sinhala,bachelor's degree,software engineering,2.46,2,2,3.47,Cloud Engineer,"Kubernetes, Docker, AWS, Azure",excellent,visual,devops engineer,remote,poor,no,5,azure
female,"english, sinhala, tamil",bachelor's degree,computer science,3.84,4,1,3.32,Cloud Architect,"Security, Scalability, IaC, AWS/Azure Design",low,visual,qa engineer,onsite,excellent,no,7,aws
female,tamil,bachelor's degree,software engineering,3.19,1,1,3.11,Cybersecurity Analyst,"Python, Networking, Risk Analysis, SIEM",moderate,visual,data scientist,hybrid,poor,yes,12,google
male,"english, sinhala",bachelor's degree,computer science,3.55,4,1,3.65,Ethical Hacker,"Python, Wireshark, Nmap, Burp Suite",low,kinesthetic,software engineer,hybrid,poor,yes,6,none
female,english,bachelor's degree,information technology,2.41,3,1,3.07,Security Engineer,"Linux, Cloud Security, Firewalls, Encryption",low,kinesthetic,software engineer,onsite,poor,no,8,azure
female,"english, sinhala",bachelor's degree,cyber security,3.38,1,1,2.63,Information Security Analyst,"Networking, Risk Assessment, Incident Response, SOC Tools",excellent,auditory,qa engineer,hybrid,excellent,yes,0,azure
female,"english, sinhala, tamil",bachelor's degree,information technology,2.57,1,2,3.32,Network Engineer,"TCP/IP, VPN, Routing, Cisco",low,auditory,systems analyst,remote,excellent,yes,0,none
female,tamil,bachelor's degree,computer science,2.39,2,1,3.81,System Administrator,"Virtualization, Bash, Windows Server, Networking",excellent,visual,devops engineer,remote,average,no,2,cisco
male,english,bachelor's degree,cyber security,3.01,1,1,3.42,IT Support Engineer,"Hardware, Active Directory, Ticketing Tools, Networking",low,auditory,qa engineer,hybrid,excellent,no,1,none
female,english,bachelor's degree,data science,3.75,2,1,3.22,Hardware Engineer,"Arduino, Embedded C, PCB Design, Circuit Design",moderate,visual,qa engineer,remote,excellent,no,8,cisco
female,sinhala,bachelor's degree,software engineering,2.47,3,1,3.41,QA Engineer,"Manual Testing, API Testing, SQL, Selenium",excellent,visual,systems analyst,onsite,excellent,yes,11,aws
female,tamil,bachelor's degree,data science,2.67,4,1,3.22,Software Tester,"Bug Tracking, Agile, Manual Testing, SQL",moderate,auditory,systems analyst,remote,average,yes,11,google
female,"english, sinhala, tamil",bachelor's degree,computer science,2.41,3,1,3.08,Automation Test Engineer,"CI/CD, TestNG, Selenium, Java",low,visual,devops engineer,hybrid,poor,no,9,cisco
female,"sinhala, tamil",bachelor's degree,data science,3.24,4,2,2.65,UI Designer,"Figma, Adobe XD, UI Principles, Prototyping",moderate,visual,security engineer,onsite,excellent,no,4,google
female,"tamil, english",bachelor's degree,information technology,3.82,1,1,3.31,UX Designer,"Wireframing, User Research, UX Testing, Prototyping",excellent,auditory,devops engineer,onsite,poor,no,7,aws
male,"tamil, english",bachelor's degree,computer science,3.92,3,1,3.45,Product Designer,"UI Design, Prototyping, Figma, UX Research",excellent,kinesthetic,systems analyst,remote,excellent,no,9,none
female,"english, sinhala",bachelor's degree,cyber security,3.52,4,2,2.37,Blockchain Developer,"Node.js, Ethereum, Web3.js, Smart Contracts",low,auditory,qa engineer,onsite,average,no,2,azure
female,tamil,bachelor's degree,computer science,2.8,1,1,2.27,IoT Engineer,"Raspberry Pi, MQTT, C/C++, Sensors",moderate,visual,qa engineer,onsite,poor,no,6,google
female,tamil,bachelor's degree,cyber security,2.08,3,2,2.93,Embedded Systems Engineer,"C/C++, IoT, Electronics, Microcontrollers",moderate,visual,software engineer,remote,excellent,no,4,google
male,"tamil, english",bachelor's degree,cyber security,2.9,4,1,3.75,AR/VR Developer,"Blender, C#, Unity, Unreal Engine",low,kinesthetic,software engineer,onsite,average,no,6,azure
male,"sinhala, tamil",bachelor's degree,software engineering,3.47,2,1,2.49,SEO Specialist,"SEO Tools, Google Analytics, Keyword Research, Content Strategy",excellent,auditory,qa engineer,remote,average,yes,3,google
female,"english, sinhala",bachelor's degree,computer science,2.67,3,1,2.84,IT Support Specialist,"Ticketing Systems, Windows, Troubleshooting, Networking",excellent,auditory,qa engineer,hybrid,average,yes,8,cisco
male,english,bachelor's degree,cyber security,2.73,2,2,2.68,Software Engineer,"Spring Boot, OOP, Git, Java",low,kinesthetic,devops engineer,onsite,excellent,yes,9,azure
male,"tamil, english",bachelor's degree,data science,3.24,2,2,2.65,Full Stack Developer,"Node.js, MongoDB, REST API, JavaScript",low,visual,data scientist,hybrid,average,yes,5,none
female,"english, sinhala, tamil",bachelor's degree,data science,2.55,2,2,3.55,Frontend Developer,"TypeScript, HTML, Tailwind CSS, JavaScript",moderate,auditory,systems analyst,hybrid,poor,no,12,cisco
female,"sinhala, tamil",bachelor's degree,software engineering,3.47,3,2,3.39,Backend Developer,"Microservices, SQL, Java, Node.js",low,kinesthetic,devops engineer,hybrid,poor,yes,11,none
female,"tamil, english",bachelor's degree,software engineering,3.08,2,1,3.29,Web Developer,"MySQL, Bootstrap, PHP, HTML",low,visual,qa engineer,hybrid,poor,yes,9,cisco
male,sinhala,bachelor's degree,cyber security,3.61,2,2,2.57,Mobile App Developer,"Flutter, Swift, Kotlin, Java",low,visual,data scientist,hybrid,average,no,6,azure
female,tamil,bachelor's degree,software engineering,2.01,3,2,2.41,Data Scientist,"Pandas, Machine Learning, NumPy, Python",moderate,visual,security engineer,hybrid,average,yes,9,google
female,"sinhala, tamil",bachelor's degree,information technology,3.67,3,1,3.17,Data Analyst,"SQL, Python, Power BI, Data Visualization",excellent,auditory,security engineer,hybrid,average,no,10,aws
female,tamil,bachelor's degree,information technology,3.2,1,1,3.9,Machine Learning Engineer,"Deep Learning, Python, NumPy, TensorFlow",low,visual,security engineer,remote,average,yes,12,azure
male,english,bachelor's degree,software engineering,3.65,2,2,3.97,AI Engineer,"TensorFlow, LLMs, Data Processing, NLP",low,kinesthetic,software engineer,remote,average,no,4,cisco
female,"english, sinhala",bachelor's degree,computer science,2.51,3,2,2.39,BI Developer,"ETL Tools, DAX, Excel, Power BI",moderate,kinesthetic,devops engineer,hybrid,average,no,3,aws
male,"sinhala, tamil",bachelor's degree,computer science,3.13,1,2,2.83,DevOps Engineer,"Kubernetes, Linux, CI/CD, Docker",low,kinesthetic,security engineer,remote,excellent,yes,3,cisco
male,"english, sinhala, tamil",bachelor's degree,computer science,3.67,4,1,2.32,Cloud Engineer,"Azure, Kubernetes, Terraform, GCP",excellent,auditory,software engineer,remote,poor,yes,5,cisco
male,sinhala,bachelor's degree,computer science,2.6,2,1,3.64,Cloud Architect,"Networking, Scalability, Security, AWS/Azure Design",moderate,visual,software engineer,hybrid,poor,no,12,cisco
female,"english, sinhala",bachelor's degree,computer science,3.24,2,2,2.97,Cybersecurity Analyst,"SIEM, Linux, Firewalls, Networking",excellent,visual,security engineer,remote,average,yes,4,none
female,"tamil, english",bachelor's degree,software engineering,3.99,3,1,3.89,Ethical Hacker,"Python, Kali Linux, Burp Suite, Metasploit",low,auditory,qa engineer,hybrid,excellent,yes,7,aws
female,"tamil, english",bachelor's degree,information technology,2.7,2,2,2.5,Security Engineer,"Cloud Security, IAM, Encryption, Firewalls",excellent,auditory,data scientist,onsite,poor,no,5,none
female,sinhala,bachelor's degree,computer science,2.69,4,1,2.83,Information Security Analyst,"SOC Tools, Incident Response, Risk Assessment, Compliance",low,auditory,data scientist,onsite,average,yes,0,google
female,"english, sinhala",bachelor's degree,software engineering,3.15,3,1,2.31,Network Engineer,"Routing, Firewalls, TCP/IP, Cisco",low,auditory,software engineer,hybrid,poor,yes,12,none
male,"sinhala, tamil",bachelor's degree,data science,3.77,1,2,2.77,System Administrator,"Windows Server, Active Directory, Virtualization, Bash",low,kinesthetic,security engineer,hybrid,excellent,no,11,azure
female,tamil,bachelor's degree,data science,3.91,3,1,3.6,IT Support Engineer,"Windows, Troubleshooting, Active Directory, Ticketing Tools",moderate,kinesthetic,devops engineer,onsite,poor,yes,3,google
female,english,bachelor's degree,computer science,4.0,3,2,3.53,Hardware Engineer,"Circuit Design, Arduino, Electronics, PCB Design",excellent,kinesthetic,security engineer,remote,average,no,6,aws
female,tamil,bachelor's degree,computer science,2.42,4,1,2.35,QA Engineer,"SQL, API Testing, Jira, Test Cases",low,kinesthetic,qa engineer,remote,average,no,1,none
female,sinhala,bachelor's degree,software engineering,2.26,3,2,3.52,Software Tester,"SQL, Agile, Manual Testing, Test Plans",moderate,kinesthetic,devops engineer,hybrid,average,no,6,azure
male,english,bachelor's degree,software engineering,2.79,1,1,3.77,Automation Test Engineer,"Cypress, Selenium, Python, TestNG",excellent,auditory,qa engineer,remote,average,no,12,azure
female,tamil,bachelor's degree,information technology,2.79,3,2,3.93,UI Designer,"Adobe XD, UI Principles, Prototyping, Photoshop",moderate,visual,systems analyst,onsite,excellent,no,9,cisco
male,sinhala,bachelor's degree,information technology,2.46,1,2,3.53,UX Designer,"User Research, Prototyping, Psychology, Figma",moderate,kinesthetic,data scientist,onsite,poor,yes,2,cisco
male,"english, sinhala",bachelor's degree,computer science,3.47,1,2,2.81,Product Designer,"UX Research, UI Design, Design Systems, Prototyping",low,kinesthetic,qa engineer,remote,average,no,10,none
male,english,bachelor's degree,information technology,2.63,4,1,2.21,Blockchain Developer,"Ethereum, Node.js, Web3.js, Smart Contracts",low,auditory,systems analyst,remote,excellent,no,11,cisco
male,english,bachelor's degree,cyber security,3.23,1,2,3.51,IoT Engineer,"Raspberry Pi, Cloud Integration, C/C++, Arduino",low,visual,data scientist,remote,poor,no,5,none
female,sinhala,bachelor's degree,data science,3.75,3,1,2.57,Embedded Systems Engineer,"C/C++, RTOS, IoT, PCB Design",moderate,auditory,devops engineer,onsite,average,no,0,cisco
female,english,bachelor's degree,data science,2.59,1,1,3.08,AR/VR Developer,"Unreal Engine, Unity, C#, Blender",moderate,kinesthetic,qa engineer,remote,excellent,yes,3,azure
female,english,bachelor's degree,cyber security,2.52,4,1,3.67,SEO Specialist,"SEO Tools, Keyword Research, Backlinks, Content Strategy",excellent,visual,qa engineer,remote,poor,yes,8,azure
male,tamil,bachelor's degree,data science,2.44,2,2,3.99,IT Support Specialist,"Troubleshooting, Active Directory, Networking, Hardware",moderate,kinesthetic,devops engineer,hybrid,poor,yes,12,cisco
female,"english, sinhala",bachelor's degree,information technology,2.78,2,1,3.86,Software Engineer,"Spring Boot, Java, SQL, Python",low,visual,devops engineer,hybrid,average,no,0,cisco
male,tamil,bachelor's degree,software engineering,3.58,2,1,3.45,Full Stack Developer,"MongoDB, Express, React, Node.js",excellent,auditory,data scientist,remote,poor,yes,5,azure
female,tamil,bachelor's degree,cyber security,3.87,3,2,3.27,Frontend Developer,"JavaScript, TypeScript, HTML, Tailwind CSS",moderate,kinesthetic,systems analyst,remote,excellent,yes,8,google
female,tamil,bachelor's degree,computer science,2.58,3,2,3.67,Backend Developer,"Node.js, Microservices, REST API, Spring Boot",low,auditory,software engineer,remote,poor,yes,4,aws
female,"english, sinhala, tamil",bachelor's degree,data science,3.18,2,1,2.21,Web Developer,"PHP, HTML, CSS, Bootstrap",excellent,auditory,qa engineer,onsite,poor,no,0,google
female,"english, sinhala",bachelor's degree,information technology,4.0,3,1,3.67,Mobile App Developer,"Kotlin, Swift, REST API, Firebase",low,auditory,security engineer,onsite,average,yes,4,aws
male,"sinhala, tamil",bachelor's degree,software engineering,3.49,2,2,2.3,Data Scientist,"SQL, Pandas, Machine Learning, Tableau",moderate,visual,qa engineer,hybrid,poor,no,4,google
female,tamil,bachelor's degree,data science,3.36,2,2,3.01,Data Analyst,"Excel, SQL, Power BI, Data Visualization",low,visual,qa engineer,remote,poor,no,4,none
female,"english, sinhala, tamil",bachelor's degree,information technology,2.97,4,2,2.29,Machine Learning Engineer,"Pandas, Scikit-learn, NumPy, Python",low,kinesthetic,data scientist,onsite,poor,no,10,none
male,"sinhala, tamil",bachelor's degree,cyber security,3.76,2,2,3.59,AI Engineer,"Data Processing, Python, TensorFlow, LLMs",excellent,visual,software engineer,hybrid,poor,yes,12,azure
male,"sinhala, tamil",bachelor's degree,data science,2.8,2,2,3.8,BI Developer,"Power BI, Tableau, ETL Tools, SQL",low,auditory,qa engineer,hybrid,poor,yes,6,aws
female,"sinhala, tamil",bachelor's degree,computer science,2.79,2,2,3.95,DevOps Engineer,"CI/CD, Kubernetes, Linux, AWS",low,kinesthetic,software engineer,remote,average,yes,8,azure
female,"english, sinhala",bachelor's degree,data science,3.04,1,1,2.38,Cloud Engineer,"Kubernetes, AWS, Docker, Azure",moderate,visual,software engineer,remote,poor,no,5,google
female,tamil,bachelor's degree,computer science,2.05,2,2,3.62,Cloud Architect,"Microservices, Scalability, IaC, AWS/Azure Design",low,visual,devops engineer,hybrid,poor,yes,7,google
female,"english, sinhala",bachelor's degree,information technology,2.66,3,2,2.93,Cybersecurity Analyst,"Firewalls, Risk Analysis, SIEM, Linux",low,kinesthetic,software engineer,onsite,excellent,yes,0,none
male,"sinhala, tamil",bachelor's degree,software engineering,2.52,1,2,3.19,Ethical Hacker,"Wireshark, Burp Suite, Nmap, Metasploit",excellent,kinesthetic,data scientist,onsite,average,yes,2,cisco
male,"english, sinhala, tamil",bachelor's degree,cyber security,3.44,3,1,2.94,Security Engineer,"IAM, Cloud Security, SIEM, Linux",low,auditory,systems analyst,hybrid,poor,no,7,cisco
male,"tamil, english",bachelor's degree,software engineering,3.24,4,1,3.36,Information Security Analyst,"Networking, Compliance, Incident Response, Risk Assessment",low,kinesthetic,devops engineer,remote,poor,no,3,none
female,"sinhala, tamil",bachelor's degree,data science,4.0,3,1,2.65,Network Engineer,"Cisco, Switching, TCP/IP, Firewalls",low,visual,data scientist,hybrid,poor,yes,11,google
female,"tamil, english",bachelor's degree,cyber security,3.63,4,1,3.72,System Administrator,"Networking, Linux, Virtualization, Active Directory",excellent,auditory,software engineer,remote,excellent,no,6,aws
female,english,bachelor's degree,cyber security,2.67,2,1,2.84,IT Support Engineer,"Hardware, Networking, Ticketing Tools, Troubleshooting",low,visual,qa engineer,hybrid,excellent,no,5,google
male,tamil,bachelor's degree,data science,2.89,1,2,3.3,Hardware Engineer,"PCB Design, Microcontrollers, Embedded C, Electronics",excellent,kinesthetic,systems analyst,remote,average,yes,1,cisco
male,sinhala,bachelor's degree,software engineering,2.27,1,1,3.8,QA Engineer,"Selenium, Jira, API Testing, SQL",excellent,kinesthetic,qa engineer,onsite,poor,no,4,google
female,"english, sinhala, tamil",bachelor's degree,information technology,2.54,2,1,3.67,Software Tester,"Test Plans, Bug Tracking, Selenium, SQL",low,kinesthetic,qa engineer,remote,poor,no,12,azure
male,"english, sinhala, tamil",bachelor's degree,data science,3.75,3,1,2.69,Automation Test Engineer,"CI/CD, Python, Cypress, Java",excellent,visual,software engineer,hybrid,poor,no,7,cisco
female,tamil,bachelor's degree,computer science,2.8,2,1,3.42,UI Designer,"UI Principles, Adobe XD, Prototyping, Figma",excellent,kinesthetic,software engineer,onsite,poor,no,1,cisco
male,"english, sinhala",bachelor's degree,software engineering,2.52,3,1,2.82,UX Designer,"Psychology, User Research, Figma, Wireframing",moderate,visual,systems analyst,onsite,average,no,10,none
female,"tamil, english",bachelor's degree,cyber security,3.05,2,2,2.41,Product Designer,"UI Design, User Flow, Figma, Prototyping",moderate,auditory,qa engineer,hybrid,poor,no,3,cisco
male,sinhala,bachelor's degree,software engineering,2.35,3,1,3.89,Blockchain Developer,"Cryptography, Ethereum, Node.js, Web3.js",low,visual,software engineer,onsite,excellent,no,10,aws
male,tamil,bachelor's degree,computer science,2.95,3,2,3.0,IoT Engineer,"Sensors, Raspberry Pi, MQTT, Arduino",moderate,kinesthetic,software engineer,remote,average,yes,4,google
female,"english, sinhala",bachelor's degree,information technology,2.0,4,2,3.44,Embedded Systems Engineer,"IoT, Electronics, RTOS, Microcontrollers",excellent,kinesthetic,systems analyst,hybrid,average,no,11,none
male,"english, sinhala, tamil",bachelor's degree,computer science,3.56,1,1,2.31,AR/VR Developer,"C#, Blender, 3D Modeling, Unreal Engine",moderate,visual,software engineer,remote,average,no,5,azure
female,"english, sinhala",bachelor's degree,software engineering,2.47,2,1,3.64,SEO Specialist,"Content Strategy, Backlinks, Keyword Research, SEO Tools",low,kinesthetic,qa engineer,hybrid,excellent,yes,2,google
female,"english, sinhala",bachelor's degree,cyber security,4.0,3,1,3.57,IT Support Specialist,"Ticketing Systems, Networking, Troubleshooting, Windows",excellent,visual,qa engineer,hybrid,excellent,yes,11,none
female,"tamil, english",bachelor's degree,information technology,3.64,4,1,3.58,Software Engineer,"Python, Spring Boot, OOP, Git",excellent,visual,systems analyst,hybrid,average,no,9,cisco
female,"english, sinhala, tamil",bachelor's degree,software engineering,2.95,4,1,3.94,Full Stack Developer,"Express, REST API, JavaScript, React",excellent,visual,data scientist,remote,average,yes,11,cisco
male,"tamil, english",bachelor's degree,information technology,2.51,3,1,3.99,Frontend Developer,"CSS, JavaScript, Tailwind CSS, React",excellent,visual,data scientist,onsite,excellent,yes,2,aws
male,"tamil, english",bachelor's degree,cyber security,2.5,4,1,3.36,Backend Developer,"Node.js, Java, Spring Boot, SQL",moderate,auditory,data scientist,onsite,poor,no,6,cisco
female,english,bachelor's degree,cyber security,3.95,1,1,3.05,Web Developer,"CSS, PHP, MySQL, HTML",excellent,visual,data scientist,remote,average,no,3,google
female,tamil,bachelor's degree,computer science,2.7,2,1,3.86,Mobile App Developer,"Swift, Flutter, REST API, Firebase",moderate,visual,security engineer,hybrid,poor,no,12,aws
female,"english, sinhala, tamil",bachelor's degree,software engineering,2.42,3,1,2.86,Data Scientist,"Tableau, Machine Learning, SQL, Pandas",excellent,auditory,data scientist,remote,average,no,12,cisco
female,"english, sinhala",bachelor's degree,data science,3.1,3,1,3.16,Data Analyst,"SQL, Python, Power BI, Data Visualization",moderate,kinesthetic,devops engineer,onsite,poor,yes,4,cisco
female,"sinhala, tamil",bachelor's degree,cyber security,3.67,2,1,2.32,Machine Learning Engineer,"TensorFlow, Pandas, Scikit-learn, Python",excellent,visual,software engineer,remote,poor,yes,8,google
female,english,bachelor's degree,information technology,2.73,3,2,2.36,AI Engineer,"LLMs, Data Processing, PyTorch, TensorFlow",excellent,kinesthetic,devops engineer,hybrid,average,yes,1,cisco
female,"english, sinhala",bachelor's degree,computer science,2.62,2,1,3.27,BI Developer,"Tableau, DAX, SQL, ETL Tools",excellent,auditory,devops engineer,onsite,excellent,no,0,cisco
male,"sinhala, tamil",bachelor's degree,cyber security,3.76,1,2,3.2,DevOps Engineer,"Kubernetes, Linux, CI/CD, Jenkins",moderate,visual,data scientist,onsite,excellent,no,12,aws
female,sinhala,bachelor's degree,data science,3.14,1,2,3.1,Cloud Engineer,"GCP, Terraform, Azure, Docker",excellent,visual,systems analyst,onsite,average,no,11,cisco
female,sinhala,bachelor's degree,computer science,2.48,4,1,2.27,Cloud Architect,"Networking, Scalability, IaC, Microservices",excellent,kinesthetic,systems analyst,onsite,excellent,yes,10,azure
female,english,bachelor's degree,information technology,3.44,2,1,3.59,Cybersecurity Analyst,"Networking, Firewalls, Python, Risk Analysis",moderate,visual,systems analyst,hybrid,poor,no,7,none
female,english,bachelor's degree,information technology,3.48,1,1,3.49,Ethical Hacker,"Kali Linux, Python, Burp Suite, Wireshark",moderate,kinesthetic,devops engineer,remote,excellent,no,0,google
male,"sinhala, tamil",bachelor's degree,data science,3.41,3,2,2.8,Security Engineer,"Encryption, IAM, SIEM, Firewalls",excellent,auditory,software engineer,hybrid,poor,no,9,azure
female,"english, sinhala",bachelor's degree,information technology,2.3,3,1,3.44,Information Security Analyst,"SIEM, Risk Assessment, Compliance, Networking",excellent,kinesthetic,systems analyst,hybrid,poor,yes,8,cisco
male,"tamil, english",bachelor's degree,data science,3.31,4,1,3.12,Network Engineer,"Cisco, Routing, Switching, VPN",excellent,auditory,qa engineer,onsite,average,no,7,google
female,"english, sinhala",bachelor's degree,data science,3.78,3,1,2.65,System Administrator,"Active Directory, Virtualization, Networking, Bash",excellent,kinesthetic,devops engineer,remote,poor,yes,6,none
female,"english, sinhala, tamil",bachelor's degree,software engineering,2.2,3,2,3.98,IT Support Engineer,"Networking, Ticketing Tools, Active Directory, Windows",excellent,auditory,data scientist,hybrid,poor,no,11,none
male,"sinhala, tamil",bachelor's degree,information technology,3.25,3,2,2.81,Hardware Engineer,"Microcontrollers, PCB Design, Electronics, Circuit Design",moderate,auditory,qa engineer,onsite,average,yes,11,azure
male,"sinhala, tamil",bachelor's degree,data science,2.2,4,2,2.2,QA Engineer,"Test Cases, Jira, API Testing, Selenium",excellent,kinesthetic,security engineer,onsite,average,yes,5,azure
female,english,bachelor's degree,data science,2.0,3,1,2.35,Software Tester,"Selenium, SQL, Agile, Bug Tracking",excellent,visual,qa engineer,onsite,poor,no,10,none
male,"english, sinhala, tamil",bachelor's degree,computer science,3.35,4,1,3.03,Automation Test Engineer,"Selenium, Cypress, Java, Python",moderate,kinesthetic,systems analyst,onsite,poor,yes,6,aws
female,"english, sinhala",bachelor's degree,data science,2.54,1,2,3.26,UI Designer,"UI Principles, Figma, Color Theory, Photoshop",moderate,kinesthetic,devops engineer,remote,excellent,no,9,google
female,"english, sinhala",bachelor's degree,computer science,3.23,4,1,2.54,UX Designer,"Figma, Prototyping, User Research, UX Testing",excellent,auditory,qa engineer,hybrid,excellent,no,1,cisco
female,tamil,bachelor's degree,cyber security,3.82,1,1,3.72,Product Designer,"User Flow, UX Research, Prototyping, Design Systems",low,visual,systems analyst,hybrid,poor,no,7,cisco
male,tamil,bachelor's degree,information technology,3.79,4,1,3.2,Blockchain Developer,"Ethereum, Smart Contracts, Node.js, Web3.js",moderate,auditory,qa engineer,remote,average,yes,0,cisco
female,sinhala,bachelor's degree,data science,4.0,2,2,3.9,IoT Engineer,"MQTT, Raspberry Pi, Cloud Integration, Sensors",excellent,kinesthetic,data scientist,remote,average,no,10,aws
female,tamil,bachelor's degree,information technology,3.07,2,1,3.96,Embedded Systems Engineer,"PCB Design, Electronics, RTOS, C/C++",moderate,kinesthetic,systems analyst,hybrid,poor,yes,3,google
female,"english, sinhala",bachelor's degree,information technology,2.36,4,2,2.93,AR/VR Developer,"Blender, Unity, C#, XR SDKs",low,kinesthetic,systems analyst,remote,excellent,yes,9,none
male,sinhala,bachelor's degree,cyber security,3.81,3,2,3.76,SEO Specialist,"Backlinks, SEO Tools, Content Strategy, Google Analytics",excellent,visual,devops engineer,remote,excellent,no,6,cisco
female,"sinhala, tamil",bachelor's degree,software engineering,2.64,4,1,2.52,IT Support Specialist,"Hardware, Networking, Active Directory, Windows",low,visual,software engineer,hybrid,excellent,yes,6,cisco
male,tamil,bachelor's degree,information technology,2.78,2,2,2.22,Software Engineer,"Python, Spring Boot, Java, Git",low,kinesthetic,software engineer,hybrid,excellent,yes,0,google
male,english,bachelor's degree,data science,2.31,4,1,3.99,Full Stack Developer,"JavaScript, REST API, React, MongoDB",excellent,visual,qa engineer,onsite,average,yes,9,azure
female,"tamil, english",bachelor's degree,information technology,2.17,1,1,3.7,Frontend Developer,"HTML, CSS, TypeScript, JavaScript",excellent,visual,qa engineer,hybrid,average,no,7,azure
male,"english, sinhala",bachelor's degree,computer science,3.7,4,1,3.65,Backend Developer,"SQL, REST API, Java, Spring Boot",excellent,kinesthetic,data scientist,onsite,average,yes,7,none
male,sinhala,bachelor's degree,computer science,2.39,1,2,3.54,Web Developer,"CSS, PHP, MySQL, Bootstrap",moderate,kinesthetic,devops engineer,onsite,average,yes,5,azure
male,"english, sinhala, tamil",bachelor's degree,software engineering,3.59,1,1,2.75,Mobile App Developer,"REST API, Kotlin, Java, Firebase",low,kinesthetic,software engineer,hybrid,excellent,no,5,aws
male,"english, sinhala, tamil",bachelor's degree,software engineering,2.57,4,1,3.67,Data Scientist,"Tableau, NumPy, SQL, Pandas",low,kinesthetic,software engineer,hybrid,average,no,10,aws
female,"sinhala, tamil",bachelor's degree,software engineering,2.99,1,2,3.71,Data Analyst,"SQL, Python, Excel, Data Visualization",moderate,visual,devops engineer,remote,average,yes,2,google
female,"english, sinhala",bachelor's degree,software engineering,2.78,2,2,2.41,Machine Learning Engineer,"Deep Learning, TensorFlow, Pandas, Python",excellent,auditory,devops engineer,remote,poor,no,5,aws
male,"english, sinhala",bachelor's degree,information technology,3.41,2,2,2.7,AI Engineer,"Python, TensorFlow, NLP, PyTorch",low,kinesthetic,software engineer,hybrid,excellent,yes,0,google
female,"english, sinhala, tamil",bachelor's degree,computer science,2.61,1,2,3.05,BI Developer,"Excel, DAX, Power BI, ETL Tools",excellent,visual,systems analyst,remote,poor,no,11,none
female,tamil,bachelor's degree,information technology,3.68,2,2,2.94,DevOps Engineer,"Jenkins, AWS, Docker, Kubernetes",moderate,visual,security engineer,remote,poor,no,1,cisco
female,sinhala,bachelor's degree,data science,4.0,2,2,2.79,Cloud Engineer,"Terraform, Kubernetes, GCP, AWS",moderate,visual,software engineer,remote,average,no,7,google
female,"english, sinhala",bachelor's degree,software engineering,2.22,4,2,2.25,Cloud Architect,"Microservices, Scalability, Security, AWS/Azure Design",excellent,kinesthetic,qa engineer,remote,excellent,yes,6,none
male,"english, sinhala, tamil",bachelor's degree,cyber security,2.73,1,1,3.33,Cybersecurity Analyst,"Python, SIEM, Linux, Networking",moderate,visual,data scientist,hybrid,excellent,no,2,cisco
male,sinhala,bachelor's degree,information technology,3.21,1,1,2.32,Ethical Hacker,"Python, Kali Linux, Burp Suite, Wireshark",moderate,auditory,devops engineer,hybrid,poor,yes,8,google
female,sinhala,bachelor's degree,cyber security,4.0,1,2,2.52,Security Engineer,"Encryption, Firewalls, IAM, SIEM",excellent,kinesthetic,qa engineer,onsite,excellent,no,7,azure
female,"english, sinhala, tamil",bachelor's degree,data science,2.95,1,1,2.27,Information Security Analyst,"Risk Assessment, SIEM, SOC Tools, Incident Response",moderate,auditory,devops engineer,onsite,excellent,yes,6,google
female,sinhala,bachelor's degree,data science,2.78,1,2,2.38,Network Engineer,"Cisco, VPN, TCP/IP, Switching",moderate,kinesthetic,systems analyst,remote,excellent,yes,2,aws
male,"tamil, english",bachelor's degree,computer science,2.81,2,2,2.69,System Administrator,"Bash, Active Directory, Networking, Linux",moderate,auditory,devops engineer,onsite,poor,yes,7,none
male,"english, sinhala",bachelor's degree,computer science,2.35,2,1,2.83,IT Support Engineer,"Troubleshooting, Active Directory, Networking, Ticketing Tools",low,kinesthetic,devops engineer,onsite,poor,no,11,aws
male,"tamil, english",bachelor's degree,data science,3.68,4,1,2.5,Hardware Engineer,"Circuit Design, Arduino, Embedded C, Electronics",low,visual,systems analyst,remote,average,yes,9,none
male,sinhala,bachelor's degree,software engineering,2.57,1,1,3.94,QA Engineer,"Test Cases, Manual Testing, Jira, API Testing",excellent,kinesthetic,software engineer,hybrid,poor,no,0,google
male,sinhala,bachelor's degree,computer science,3.77,1,1,3.4,Software Tester,"Bug Tracking, Agile, Test Plans, Selenium",moderate,auditory,devops engineer,remote,poor,no,11,cisco
male,"tamil, english",bachelor's degree,software engineering,3.84,2,1,3.86,Automation Test Engineer,"CI/CD, Selenium, Java, Cypress",moderate,auditory,devops engineer,onsite,excellent,yes,7,none
male,sinhala,bachelor's degree,computer science,2.66,3,1,3.39,UI Designer,"Color Theory, Photoshop, Figma, Adobe XD",low,visual,security engineer,onsite,poor,yes,11,google
female,sinhala,bachelor's degree,information technology,2.37,3,1,2.74,UX Designer,"Wireframing, Psychology, Figma, Prototyping",moderate,auditory,systems analyst,onsite,excellent,no,0,azure
female,"sinhala, tamil",bachelor's degree,cyber security,3.51,1,2,3.57,Product Designer,"UI Design, Design Systems, UX Research, User Flow",low,kinesthetic,security engineer,onsite,poor,no,11,aws
female,"sinhala, tamil",bachelor's degree,cyber security,4.0,2,1,3.77,Blockchain Developer,"Ethereum, Node.js, Smart Contracts, Solidity",moderate,auditory,security engineer,hybrid,average,no,7,google
female,"english, sinhala, tamil",bachelor's degree,information technology,3.31,1,2,3.03,IoT Engineer,"Raspberry Pi, C/C++, Arduino, Cloud Integration",moderate,kinesthetic,security engineer,hybrid,average,yes,0,cisco
female,english,bachelor's degree,data science,3.41,1,2,3.1,Embedded Systems Engineer,"IoT, Electronics, C/C++, PCB Design",excellent,visual,security engineer,onsite,excellent,yes,6,aws
male,english,bachelor's degree,software engineering,3.42,2,1,3.28,AR/VR Developer,"C#, Unreal Engine, XR SDKs, 3D Modeling",low,kinesthetic,qa engineer,onsite,average,no,3,google
male,tamil,bachelor's degree,data science,4.0,2,1,2.58,SEO Specialist,"Content Strategy, HTML, Keyword Research, Backlinks",low,auditory,software engineer,onsite,poor,no,11,google
male,sinhala,bachelor's degree,cyber security,3.54,3,1,2.7,IT Support Specialist,"Windows, Active Directory, Networking, Troubleshooting",excellent,kinesthetic,devops engineer,hybrid,excellent,yes,9,aws
male,sinhala,bachelor's degree,information technology,3.21,4,1,3.58,Software Engineer,"Python, SQL, Git, Spring Boot",moderate,visual,data scientist,remote,average,yes,10,none
male,tamil,bachelor's degree,cyber security,2.37,4,1,2.9,Full Stack Developer,"React, JavaScript, Express, REST API",low,auditory,qa engineer,hybrid,excellent,yes,9,google
male,sinhala,bachelor's degree,software engineering,2.63,3,2,2.98,Frontend Developer,"CSS, React, Tailwind CSS, JavaScript",low,kinesthetic,software engineer,remote,poor,yes,6,google
female,"tamil, english",bachelor's degree,software engineering,3.44,3,1,2.35,Backend Developer,"Node.js, SQL, Microservices, Spring Boot",low,kinesthetic,software engineer,remote,excellent,yes,6,aws
female,sinhala,bachelor's degree,data science,2.26,2,1,2.78,Web Developer,"MySQL, CSS, PHP, HTML",excellent,auditory,qa engineer,hybrid,poor,no,3,cisco
female,"sinhala, tamil",bachelor's degree,information technology,3.26,1,2,2.97,Mobile App Developer,"REST API, Swift, Flutter, Java",moderate,visual,software engineer,remote,excellent,yes,6,cisco
female,"tamil, english",bachelor's degree,software engineering,2.22,3,1,2.87,Data Scientist,"SQL, NumPy, Machine Learning, Tableau",excellent,kinesthetic,security engineer,remote,poor,no,1,cisco
female,"sinhala, tamil",bachelor's degree,data science,2.73,2,2,2.86,Data Analyst,"Statistics, Data Visualization, Power BI, Excel",low,auditory,devops engineer,hybrid,excellent,no,10,aws
male,"english, sinhala, tamil",bachelor's degree,data science,3.68,3,2,2.65,Machine Learning Engineer,"Python, Deep Learning, TensorFlow, Pandas",excellent,visual,security engineer,hybrid,excellent,yes,6,cisco
female,"english, sinhala, tamil",bachelor's degree,cyber security,2.88,1,2,3.73,AI Engineer,"TensorFlow, NLP, LLMs, Python",moderate,auditory,security engineer,onsite,poor,yes,8,aws
male,english,bachelor's degree,information technology,3.63,2,2,2.79,BI Developer,"ETL Tools, Power BI, DAX, Tableau",excellent,visual,devops engineer,hybrid,poor,yes,10,azure
male,"tamil, english",bachelor's degree,software engineering,2.42,2,2,3.13,DevOps Engineer,"Linux, AWS, CI/CD, Jenkins",moderate,kinesthetic,devops engineer,hybrid,poor,no,1,google
female,"tamil, english",bachelor's degree,software engineering,3.26,3,1,3.24,Cloud Engineer,"AWS, Docker, Kubernetes, Azure",excellent,auditory,devops engineer,remote,poor,no,6,azure
female,"english, sinhala",bachelor's degree,data science,3.69,4,2,2.54,Cloud Architect,"Networking, Scalability, Microservices, Security",low,kinesthetic,security engineer,hybrid,excellent,no,1,azure
male,"sinhala, tamil",bachelor's degree,computer science,3.51,3,1,3.34,Cybersecurity Analyst,"Python, Networking, Firewalls, Risk Analysis",moderate,auditory,data scientist,remote,average,yes,0,cisco
female,"english, sinhala, tamil",bachelor's degree,software engineering,3.27,3,1,2.37,Ethical Hacker,"Wireshark, Metasploit, Burp Suite, Python",low,auditory,data scientist,onsite,average,yes,1,aws
female,"english, sinhala",bachelor's degree,data science,3.64,1,2,3.29,Security Engineer,"SIEM, IAM, Encryption, Cloud Security",excellent,kinesthetic,qa engineer,remote,average,yes,9,aws
female,"tamil, english",bachelor's degree,software engineering,3.76,1,1,2.56,Information Security Analyst,"SOC Tools, Incident Response, SIEM, Compliance",excellent,kinesthetic,devops engineer,onsite,average,no,11,cisco
male,"tamil, english",bachelor's degree,software engineering,3.02,1,1,2.88,Network Engineer,"TCP/IP, VPN, Routing, Firewalls",low,auditory,systems analyst,onsite,average,no,12,azure
female,"english, sinhala",bachelor's degree,information technology,2.31,3,1,2.66,System Administrator,"Virtualization, Windows Server, Active Directory, Linux",excellent,visual,security engineer,remote,average,no,9,aws
female,"english, sinhala",bachelor's degree,cyber security,2.62,1,1,3.31,IT Support Engineer,"Hardware, Troubleshooting, Ticketing Tools, Active Directory",low,kinesthetic,software engineer,remote,average,yes,6,aws
female,"sinhala, tamil",bachelor's degree,computer science,3.28,4,2,3.53,Hardware Engineer,"Embedded C, Electronics, Microcontrollers, PCB Design",excellent,auditory,devops engineer,remote,excellent,yes,4,google
female,"sinhala, tamil",bachelor's degree,computer science,2.4,4,1,3.13,QA Engineer,"Selenium, Test Cases, Jira, API Testing",excellent,visual,qa engineer,remote,average,no,5,google
male,tamil,bachelor's degree,cyber security,2.62,4,1,3.73,Software Tester,"SQL, Selenium, Test Plans, Agile",low,kinesthetic,systems analyst,remote,excellent,yes,6,aws
male,"sinhala, tamil",bachelor's degree,software engineering,3.05,1,2,3.32,Automation Test Engineer,"Java, CI/CD, Cypress, Selenium",excellent,auditory,qa engineer,onsite,average,no,12,aws
male,english,bachelor's degree,software engineering,3.39,2,2,3.0,UI Designer,"Prototyping, Adobe XD, Photoshop, UI Principles",moderate,auditory,security engineer,onsite,average,no,7,aws
male,tamil,bachelor's degree,data science,3.36,1,1,3.65,UX Designer,"Prototyping, Psychology, Wireframing, UX Testing",moderate,visual,security engineer,onsite,average,no,9,cisco
male,"tamil, english",bachelor's degree,software engineering,2.84,1,1,3.33,Product Designer,"UI Design, Figma, Prototyping, Design Systems",low,visual,qa engineer,hybrid,excellent,no,2,none
male,sinhala,bachelor's degree,cyber security,3.1,3,1,2.76,Blockchain Developer,"Node.js, Solidity, Ethereum, Smart Contracts",excellent,auditory,systems analyst,hybrid,excellent,no,10,google
female,"english, sinhala",bachelor's degree,cyber security,2.34,2,1,2.7,IoT Engineer,"Sensors, MQTT, Cloud Integration, C/C++",moderate,visual,data scientist,remote,average,no,4,cisco
female,sinhala,bachelor's degree,cyber security,2.0,2,2,3.6,Embedded Systems Engineer,"Microcontrollers, PCB Design, C/C++, IoT",excellent,kinesthetic,data scientist,hybrid,excellent,yes,6,cisco
female,"english, sinhala",bachelor's degree,computer science,3.58,1,1,2.34,AR/VR Developer,"3D Modeling, Unity, Unreal Engine, XR SDKs",moderate,visual,systems analyst,remote,excellent,no,9,none
female,sinhala,bachelor's degree,information technology,3.14,3,1,3.32,SEO Specialist,"HTML, Backlinks, SEO Tools, Content Strategy",moderate,auditory,software engineer,onsite,excellent,yes,3,cisco
male,"english, sinhala, tamil",bachelor's degree,information technology,2.27,4,2,3.42,IT Support Specialist,"Troubleshooting, Hardware, Windows, Ticketing Systems",excellent,visual,software engineer,remote,excellent,no,10,none
male,"tamil, english",bachelor's degree,software engineering,3.35,4,2,3.84,Software Engineer,"SQL, OOP, Git, Python",moderate,auditory,security engineer,remote,average,yes,12,azure
female,"sinhala, tamil",bachelor's degree,software engineering,3.65,1,2,3.45,Full Stack Developer,"Express, REST API, Node.js, MongoDB",excellent,kinesthetic,security engineer,onsite,poor,yes,8,google
female,tamil,bachelor's degree,data science,3.59,1,1,2.66,Frontend Developer,"React, TypeScript, HTML, CSS",moderate,auditory,systems analyst,hybrid,excellent,no,3,azure
female,"tamil, english",bachelor's degree,cyber security,3.38,2,1,3.0,Backend Developer,"Microservices, Spring Boot, REST API, Node.js",excellent,visual,systems analyst,remote,poor,no,4,azure
female,english,bachelor's degree,computer science,2.87,3,1,2.38,Web Developer,"CSS, JavaScript, MySQL, PHP",excellent,kinesthetic,devops engineer,remote,average,no,0,cisco
male,"english, sinhala",bachelor's degree,data science,3.97,4,2,3.13,Mobile App Developer,"Kotlin, Swift, REST API, Firebase",moderate,visual,security engineer,hybrid,average,no,5,google
male,"sinhala, tamil",bachelor's degree,information technology,2.1,1,1,3.01,Data Scientist,"Machine Learning, NumPy, Python, SQL",low,visual,devops engineer,remote,excellent,yes,12,aws
male,"english, sinhala",bachelor's degree,computer science,3.76,2,1,3.86,Data Analyst,"Statistics, Excel, SQL, Power BI",moderate,visual,software engineer,remote,poor,yes,12,none
female,"sinhala, tamil",bachelor's degree,software engineering,3.28,2,2,2.39,Machine Learning Engineer,"NumPy, Scikit-learn, Deep Learning, TensorFlow",moderate,visual,data scientist,remote,poor,yes,3,google
female,english,bachelor's degree,information technology,3.55,1,1,3.78,AI Engineer,"LLMs, Python, PyTorch, NLP",excellent,visual,security engineer,onsite,average,yes,6,none
female,"english, sinhala, tamil",bachelor's degree,cyber security,2.81,1,1,3.15,BI Developer,"Tableau, ETL Tools, SQL, DAX",excellent,kinesthetic,devops engineer,onsite,poor,no,9,aws
male,sinhala,bachelor's degree,cyber security,3.08,3,2,3.15,DevOps Engineer,"AWS, Kubernetes, CI/CD, Docker",excellent,visual,data scientist,hybrid,excellent,yes,7,none
male,"sinhala, tamil",bachelor's degree,information technology,2.21,2,1,2.24,Cloud Engineer,"Docker, Azure, Terraform, Kubernetes",excellent,visual,qa engineer,remote,poor,yes,0,cisco
female,english,bachelor's degree,computer science,2.27,3,1,3.36,Cloud Architect,"Microservices, Scalability, IaC, Security",moderate,visual,devops engineer,onsite,poor,yes,11,cisco
male,sinhala,bachelor's degree,information technology,2.77,4,2,3.82,Cybersecurity Analyst,"Python, Networking, SIEM, Linux",moderate,auditory,systems analyst,remote,poor,yes,7,google
female,tamil,bachelor's degree,cyber security,2.51,2,1,3.67,Ethical Hacker,"Wireshark, Python, Metasploit, Nmap",low,visual,qa engineer,remote,average,yes,12,none
male,"english, sinhala",bachelor's degree,software engineering,4.0,3,2,3.83,Security Engineer,"Cloud Security, Linux, IAM, SIEM",moderate,auditory,devops engineer,hybrid,excellent,yes,9,none
male,"english, sinhala",bachelor's degree,data science,2.3,2,2,2.47,Information Security Analyst,"SIEM, Networking, Incident Response, Compliance",low,kinesthetic,systems analyst,remote,poor,no,9,google
male,tamil,bachelor's degree,computer science,2.03,4,1,3.94,Network Engineer,"VPN, TCP/IP, Switching, Routing",moderate,visual,data scientist,onsite,average,no,9,google
male,"tamil, english",bachelor's degree,computer science,2.75,1,2,2.32,System Administrator,"Linux, Virtualization, Windows Server, Networking",moderate,kinesthetic,software engineer,hybrid,poor,no,2,azure
female,english,bachelor's degree,cyber security,3.62,3,1,2.53,IT Support Engineer,"Active Directory, Windows, Ticketing Tools, Networking",excellent,visual,data scientist,onsite,excellent,no,10,none
male,sinhala,bachelor's degree,cyber security,2.77,3,1,3.82,Hardware Engineer,"Embedded C, Arduino, Microcontrollers, PCB Design",low,auditory,security engineer,onsite,poor,no,11,aws
female,"english, sinhala, tamil",bachelor's degree,computer science,2.91,4,2,3.2,QA Engineer,"SQL, Manual Testing, Jira, Selenium",excellent,kinesthetic,qa engineer,onsite,average,no,11,azure
female,sinhala,bachelor's degree,data science,4.0,1,2,2.65,Software Tester,"Selenium, Agile, SQL, Bug Tracking",low,auditory,data scientist,remote,excellent,no,1,cisco
male,"english, sinhala, tamil",bachelor's degree,cyber security,3.72,3,1,3.71,Automation Test Engineer,"Selenium, Python, Java, Cypress",low,auditory,security engineer,hybrid,excellent,yes,1,google
female,english,bachelor's degree,computer science,3.51,3,1,2.38,UI Designer,"Prototyping, Photoshop, UI Principles, Color Theory",moderate,kinesthetic,qa engineer,remote,average,no,10,google
female,english,bachelor's degree,data science,3.05,3,2,3.84,UX Designer,"User Research, Figma, Wireframing, UX Testing",excellent,kinesthetic,devops engineer,remote,average,no,0,azure
female,english,bachelor's degree,information technology,3.1,3,1,2.67,Product Designer,"UI Design, Figma, UX Research, Design Systems",moderate,visual,systems analyst,onsite,poor,no,9,azure
male,"english, sinhala, tamil",bachelor's degree,computer science,3.48,3,2,3.94,Blockchain Developer,"Solidity, Node.js, Web3.js, Cryptography",moderate,kinesthetic,qa engineer,remote,average,no,9,cisco
male,sinhala,bachelor's degree,computer science,2.93,2,1,3.27,IoT Engineer,"Cloud Integration, Arduino, MQTT, Raspberry Pi",low,kinesthetic,systems analyst,onsite,excellent,no,7,aws
male,english,bachelor's degree,cyber security,3.98,3,1,2.49,Embedded Systems Engineer,"C/C++, PCB Design, RTOS, Microcontrollers",low,auditory,systems analyst,onsite,excellent,no,9,aws
male,"english, sinhala",bachelor's degree,cyber security,3.29,1,2,2.84,AR/VR Developer,"3D Modeling, Blender, XR SDKs, C#",excellent,kinesthetic,qa engineer,remote,excellent,yes,0,aws
male,tamil,bachelor's degree,cyber security,2.73,1,1,2.9,SEO Specialist,"HTML, SEO Tools, Keyword Research, Content Strategy",moderate,auditory,qa engineer,hybrid,excellent,yes,10,google
female,"sinhala, tamil",bachelor's degree,computer science,3.0,1,1,2.87,IT Support Specialist,"Ticketing Systems, Troubleshooting, Active Directory, Networking",moderate,visual,data scientist,hybrid,excellent,yes,0,cisco
male,sinhala,bachelor's degree,data science,3.22,3,1,3.39,Software Engineer,"Java, OOP, Spring Boot, Git",moderate,kinesthetic,qa engineer,hybrid,poor,no,4,aws
male,english,bachelor's degree,software engineering,3.8,3,2,2.23,Full Stack Developer,"REST API, MongoDB, React, JavaScript",excellent,visual,systems analyst,onsite,average,yes,3,none
female,"english, sinhala, tamil",bachelor's degree,software engineering,3.38,2,2,3.73,Frontend Developer,"Tailwind CSS, TypeScript, CSS, React",excellent,visual,systems analyst,onsite,excellent,yes,7,cisco
male,"english, sinhala",bachelor's degree,data science,3.32,4,1,2.75,Backend Developer,"Spring Boot, REST API, Microservices, Node.js",excellent,auditory,devops engineer,onsite,excellent,no,9,google
male,"tamil, english",bachelor's degree,information technology,2.96,4,1,3.94,Web Developer,"Bootstrap, CSS, HTML, PHP",excellent,kinesthetic,software engineer,onsite,average,no,6,aws
female,tamil,bachelor's degree,computer science,2.61,3,1,2.24,Mobile App Developer,"Java, Kotlin, Swift, Firebase",moderate,kinesthetic,data scientist,onsite,average,no,1,aws
male,tamil,bachelor's degree,information technology,3.32,4,1,3.12,Data Scientist,"Tableau, Machine Learning, Python, SQL",low,kinesthetic,systems analyst,onsite,excellent,yes,10,cisco
female,"english, sinhala",bachelor's degree,data science,3.57,3,1,3.59,Data Analyst,"Statistics, SQL, Data Visualization, Power BI",moderate,kinesthetic,devops engineer,hybrid,average,yes,1,aws
male,"english, sinhala",bachelor's degree,cyber security,2.52,4,2,2.23,Machine Learning Engineer,"Python, NumPy, Deep Learning, Scikit-learn",low,kinesthetic,software engineer,remote,poor,yes,8,cisco
male,sinhala,bachelor's degree,computer science,3.5,3,2,2.82,AI Engineer,"Data Processing, LLMs, Python, NLP",moderate,visual,data scientist,hybrid,poor,yes,2,azure
female,"sinhala, tamil",bachelor's degree,computer science,3.25,3,2,2.92,BI Developer,"Power BI, DAX, ETL Tools, SQL",moderate,visual,qa engineer,onsite,average,no,4,none
female,"sinhala, tamil",bachelor's degree,computer science,2.78,1,1,3.35,DevOps Engineer,"Kubernetes, AWS, Linux, Jenkins",excellent,auditory,devops engineer,remote,average,yes,3,aws
female,sinhala,bachelor's degree,information technology,2.5,3,2,3.11,Cloud Engineer,"Terraform, Docker, Azure, GCP",low,kinesthetic,security engineer,onsite,excellent,yes,2,aws
female,english,bachelor's degree,information technology,3.46,4,1,3.54,Cloud Architect,"IaC, Networking, Scalability, Microservices",moderate,visual,software engineer,remote,excellent,yes,3,google
male,"tamil, english",bachelor's degree,cyber security,2.51,1,1,2.31,Cybersecurity Analyst,"Networking, SIEM, Risk Analysis, Python",excellent,visual,systems analyst,hybrid,excellent,no,10,cisco
male,sinhala,bachelor's degree,cyber security,3.22,4,2,3.47,Ethical Hacker,"Burp Suite, Nmap, Kali Linux, Python",low,kinesthetic,systems analyst,hybrid,poor,yes,11,google
male,tamil,bachelor's degree,information technology,3.8,2,1,3.87,Security Engineer,"Cloud Security, Linux, SIEM, Firewalls",moderate,kinesthetic,devops engineer,onsite,poor,no,12,none
male,english,bachelor's degree,cyber security,3.43,2,1,3.14,Information Security Analyst,"Networking, Risk Assessment, Incident Response, SIEM",excellent,visual,software engineer,onsite,poor,no,10,cisco
female,sinhala,bachelor's degree,information technology,3.3,1,2,3.52,Network Engineer,"Firewalls, VPN, Routing, TCP/IP",excellent,visual,security engineer,hybrid,average,no,12,azure
female,"english, sinhala",bachelor's degree,cyber security,2.81,1,1,3.33,System Administrator,"Virtualization, Networking, Bash, Windows Server",low,kinesthetic,devops engineer,remote,poor,yes,6,aws
male,"english, sinhala, tamil",bachelor's degree,computer science,3.83,1,1,2.6,IT Support Engineer,"Networking, Hardware, Ticketing Tools, Windows",low,visual,software engineer,onsite,excellent,no,4,azure
male,"tamil, english",bachelor's degree,software engineering,2.24,3,2,3.97,Hardware Engineer,"Embedded C, Electronics, Arduino, Circuit Design",low,kinesthetic,data scientist,hybrid,average,yes,2,azure
female,"tamil, english",bachelor's degree,information technology,2.6,1,2,3.68,QA Engineer,"SQL, API Testing, Selenium, Jira",excellent,kinesthetic,data scientist,remote,average,no,5,aws
male,"tamil, english",bachelor's degree,computer science,3.4,1,1,3.44,Software Tester,"Test Plans, Bug Tracking, Selenium, Manual Testing",low,visual,security engineer,onsite,average,yes,4,cisco
male,"english, sinhala",bachelor's degree,computer science,2.77,4,1,3.07,Automation Test Engineer,"TestNG, Java, Cypress, CI/CD",low,visual,qa engineer,onsite,average,yes,7,aws
female,sinhala,bachelor's degree,information technology,2.68,2,2,2.22,UI Designer,"Color Theory, Prototyping, Adobe XD, Figma",moderate,kinesthetic,systems analyst,remote,poor,no,12,azure
male,"english, sinhala, tamil",bachelor's degree,software engineering,3.45,2,2,2.99,UX Designer,"User Research, Prototyping, UX Testing, Psychology",excellent,kinesthetic,systems analyst,onsite,average,yes,9,google
male,"english, sinhala, tamil",bachelor's degree,software engineering,2.46,2,1,2.91,Product Designer,"Prototyping, User Flow, UX Research, Figma",moderate,visual,qa engineer,onsite,average,no,9,azure
female,"tamil, english",bachelor's degree,data science,4.0,1,2,3.92,Blockchain Developer,"Cryptography, Solidity, Node.js, Ethereum",excellent,visual,systems analyst,onsite,average,yes,2,aws
male,"english, sinhala",bachelor's degree,information technology,2.66,4,1,2.99,IoT Engineer,"Raspberry Pi, Arduino, Sensors, C/C++",excellent,auditory,qa engineer,onsite,excellent,yes,6,cisco
male,english,bachelor's degree,computer science,3.75,2,1,3.71,Embedded Systems Engineer,"IoT, Microcontrollers, PCB Design, Electronics",low,kinesthetic,devops engineer,remote,poor,no,6,none
female,"tamil, english",bachelor's degree,computer science,2.68,3,1,3.41,AR/VR Developer,"Unity, Blender, XR SDKs, 3D Modeling",moderate,auditory,data scientist,onsite,poor,yes,0,none
male,tamil,bachelor's degree,information technology,2.44,2,1,3.77,SEO Specialist,"Keyword Research, HTML, Google Analytics, Backlinks",excellent,visual,data scientist,hybrid,poor,no,3,google
male,"tamil, english",bachelor's degree,cyber security,2.0,3,1,2.85,IT Support Specialist,"Active Directory, Windows, Networking, Ticketing Systems",excellent,auditory,software engineer,onsite,excellent,no,8,aws
female,"tamil, english",bachelor's degree,information technology,2.77,3,2,3.8,Software Engineer,"Spring Boot, Python, SQL, Java",moderate,visual,systems analyst,hybrid,poor,yes,10,cisco
male,english,bachelor's degree,data science,3.39,1,2,3.73,Full Stack Developer,"REST API, Express, Node.js, JavaScript",excellent,kinesthetic,qa engineer,remote,average,yes,7,azure
female,english,bachelor's degree,data science,3.71,2,1,2.32,Frontend Developer,"CSS, TypeScript, React, HTML",excellent,auditory,data scientist,onsite,excellent,no,11,none
male,english,bachelor's degree,information technology,4.0,1,2,3.76,Backend Developer,"Node.js, Java, Microservices, Spring Boot",moderate,auditory,systems analyst,hybrid,poor,yes,10,aws
female,english,bachelor's degree,cyber security,3.72,3,1,2.53,Web Developer,"HTML, JavaScript, CSS, Bootstrap",excellent,kinesthetic,qa engineer,hybrid,poor,yes,5,aws
male,"tamil, english",bachelor's degree,cyber security,3.75,1,2,2.9,Mobile App Developer,"Flutter, Firebase, Java, Kotlin",low,visual,systems analyst,onsite,average,yes,9,azure
female,"english, sinhala, tamil",bachelor's degree,information technology,2.71,2,1,2.56,Data Scientist,"Machine Learning, SQL, NumPy, Python",moderate,visual,devops engineer,remote,average,yes,10,azure
male,sinhala,bachelor's degree,software engineering,2.85,1,1,3.99,Data Analyst,"Data Visualization, Power BI, Statistics, SQL",low,visual,security engineer,remote,average,no,3,azure
female,"english, sinhala, tamil",bachelor's degree,data science,2.2,2,1,3.32,Machine Learning Engineer,"Python, NumPy, Pandas, Deep Learning",moderate,auditory,qa engineer,onsite,excellent,yes,0,cisco
male,tamil,bachelor's degree,cyber security,3.17,4,2,2.46,AI Engineer,"Data Processing, LLMs, TensorFlow, NLP",low,visual,software engineer,hybrid,poor,yes,8,cisco
male,sinhala,bachelor's degree,data science,2.07,1,2,3.25,BI Developer,"Tableau, DAX, Excel, ETL Tools",excellent,kinesthetic,qa engineer,remote,excellent,yes,12,google
male,"english, sinhala, tamil",bachelor's degree,cyber security,2.46,1,1,3.32,DevOps Engineer,"AWS, Docker, Kubernetes, Linux",moderate,auditory,qa engineer,onsite,poor,yes,9,none
female,english,bachelor's degree,data science,3.61,2,2,2.43,Cloud Engineer,"Kubernetes, Azure, Docker, Terraform",low,auditory,systems analyst,onsite,poor,no,8,none
female,"tamil, english",bachelor's degree,cyber security,2.8,1,1,3.09,Cloud Architect,"Networking, Microservices, IaC, Security",low,visual,devops engineer,hybrid,poor,no,1,cisco
male,english,bachelor's degree,software engineering,2.71,3,2,3.32,Cybersecurity Analyst,"Linux, Firewalls, Risk Analysis, Python",low,visual,software engineer,remote,average,yes,11,cisco
female,sinhala,bachelor's degree,data science,3.19,1,1,2.88,Ethical Hacker,"Metasploit, Wireshark, Nmap, Python",low,auditory,security engineer,hybrid,excellent,yes,3,none
female,tamil,bachelor's degree,software engineering,3.24,1,1,3.96,Security Engineer,"Encryption, Cloud Security, IAM, SIEM",excellent,auditory,systems analyst,hybrid,excellent,no,9,none
male,sinhala,bachelor's degree,computer science,4.0,1,1,3.34,Information Security Analyst,"Networking, Risk Assessment, Compliance, SOC Tools",low,auditory,software engineer,hybrid,excellent,yes,11,aws
female,"tamil, english",bachelor's degree,software engineering,3.4,2,2,2.41,Network Engineer,"Routing, Switching, TCP/IP, VPN",excellent,auditory,devops engineer,hybrid,average,no,7,cisco
female,tamil,bachelor's degree,information technology,2.38,1,1,3.99,System Administrator,"Windows Server, Linux, Bash, Virtualization",low,visual,data scientist,onsite,excellent,no,8,azure
male,"english, sinhala",bachelor's degree,data science,3.58,2,2,3.77,IT Support Engineer,"Active Directory, Windows, Networking, Hardware",low,auditory,systems analyst,hybrid,poor,yes,2,none
female,english,bachelor's degree,software engineering,3.82,3,1,3.07,Hardware Engineer,"Microcontrollers, Embedded C, Circuit Design, PCB Design",low,kinesthetic,data scientist,remote,poor,no,7,google
male,tamil,bachelor's degree,computer science,3.88,3,2,3.58,QA Engineer,"Selenium, Jira, Test Cases, API Testing",moderate,visual,systems analyst,onsite,excellent,no,7,aws
female,"tamil, english",bachelor's degree,information technology,3.94,4,1,3.53,Software Tester,"Manual Testing, Bug Tracking, SQL, Selenium",low,auditory,data scientist,remote,average,yes,12,cisco
female,"english, sinhala, tamil",bachelor's degree,cyber security,3.03,4,2,2.6,Automation Test Engineer,"Python, CI/CD, Cypress, Java",low,auditory,devops engineer,hybrid,excellent,yes,9,cisco
female,sinhala,bachelor's degree,cyber security,2.75,3,1,2.53,UI Designer,"Color Theory, Adobe XD, UI Principles, Prototyping",excellent,visual,data scientist,remote,excellent,yes,2,google
female,english,bachelor's degree,cyber security,3.81,3,2,3.03,UX Designer,"User Research, Figma, UX Testing, Wireframing",excellent,auditory,qa engineer,remote,average,no,2,azure
female,english,bachelor's degree,information technology,3.43,2,2,3.09,Product Designer,"UX Research, Design Systems, UI Design, Prototyping",low,auditory,devops engineer,remote,poor,yes,5,none
male,"english, sinhala, tamil",bachelor's degree,software engineering,3.35,4,2,3.55,Blockchain Developer,"Solidity, Cryptography, Web3.js, Smart Contracts",low,kinesthetic,security engineer,hybrid,poor,no,0,cisco
female,sinhala,bachelor's degree,information technology,2.92,3,1,2.86,IoT Engineer,"MQTT, Arduino, C/C++, Cloud Integration",low,kinesthetic,software engineer,hybrid,excellent,no,10,none
female,sinhala,bachelor's degree,computer science,2.27,3,1,2.52,Embedded Systems Engineer,"Microcontrollers, IoT, RTOS, Electronics",excellent,visual,qa engineer,remote,excellent,no,2,cisco
female,"tamil, english",bachelor's degree,computer science,3.75,2,2,2.65,AR/VR Developer,"XR SDKs, C#, 3D Modeling, Unity",excellent,auditory,data scientist,remote,poor,no,1,google
female,"english, sinhala, tamil",bachelor's degree,information technology,2.31,4,1,3.37,SEO Specialist,"Backlinks, Keyword Research, Google Analytics, Content Strategy",moderate,visual,data scientist,hybrid,average,no,2,aws
male,sinhala,bachelor's degree,software engineering,2.91,4,2,2.54,IT Support Specialist,"Hardware, Ticketing Systems, Windows, Active Directory",moderate,kinesthetic,data scientist,remote,average,no,1,cisco
female,"english, sinhala, tamil",bachelor's degree,computer science,3.52,1,1,2.68,Software Engineer,"Spring Boot, Java, Git, SQL",excellent,visual,security engineer,remote,poor,no,3,cisco
female,"sinhala, tamil",bachelor's degree,software engineering,3.48,4,2,3.88,Full Stack Developer,"React, JavaScript, REST API, Node.js",moderate,visual,data scientist,onsite,excellent,no,8,cisco
male,"sinhala, tamil",bachelor's degree,software engineering,2.16,3,1,3.84,Frontend Developer,"React, TypeScript, JavaScript, HTML",excellent,visual,devops engineer,remote,excellent,no,6,cisco
male,tamil,bachelor's degree,computer science,2.42,4,1,3.45,Backend Developer,"SQL, Microservices, Node.js, Spring Boot",low,kinesthetic,devops engineer,remote,excellent,yes,0,azure
female,"english, sinhala",bachelor's degree,software engineering,3.06,4,1,3.42,Web Developer,"Bootstrap, HTML, MySQL, PHP",excellent,auditory,devops engineer,onsite,poor,no,2,azure
female,"english, sinhala",bachelor's degree,cyber security,4.0,4,2,3.43,Mobile App Developer,"Swift, Java, Flutter, Firebase",excellent,visual,software engineer,hybrid,poor,yes,1,aws
female,"tamil, english",bachelor's degree,computer science,3.24,3,2,2.88,Data Scientist,"NumPy, SQL, Machine Learning, Tableau",low,visual,data scientist,hybrid,poor,yes,12,azure
male,"english, sinhala",bachelor's degree,software engineering,3.66,4,1,3.65,Data Analyst,"Statistics, Power BI, Python, SQL",excellent,kinesthetic,data scientist,remote,excellent,no,6,azure
female,"tamil, english",bachelor's degree,data science,2.74,3,1,2.32,Machine Learning Engineer,"Deep Learning, Python, Pandas, TensorFlow",excellent,visual,qa engineer,onsite,excellent,yes,12,google
male,"tamil, english",bachelor's degree,software engineering,3.71,4,1,3.32,AI Engineer,"TensorFlow, PyTorch, LLMs, Python",low,kinesthetic,security engineer,remote,poor,no,1,aws
female,"english, sinhala",bachelor's degree,software engineering,2.38,4,1,3.47,BI Developer,"Power BI, DAX, SQL, Excel",excellent,kinesthetic,data scientist,remote,average,no,4,none
male,tamil,bachelor's degree,information technology,2.08,3,1,3.08,DevOps Engineer,"Docker, Jenkins, Linux, AWS",low,auditory,data scientist,hybrid,average,no,12,cisco
male,"english, sinhala",bachelor's degree,cyber security,3.25,4,1,3.03,Cloud Engineer,"Azure, GCP, AWS, Kubernetes",excellent,auditory,devops engineer,remote,average,no,9,none
male,sinhala,bachelor's degree,software engineering,4.0,1,2,3.05,Cloud Architect,"Security, Microservices, IaC, AWS/Azure Design",moderate,visual,qa engineer,hybrid,poor,yes,2,none
male,sinhala,bachelor's degree,software engineering,4.0,4,2,3.94,Cybersecurity Analyst,"Linux, Networking, Python, Risk Analysis",excellent,visual,devops engineer,hybrid,poor,no,4,azure
female,"sinhala, tamil",bachelor's degree,software engineering,3.81,4,2,3.32,Ethical Hacker,"Python, Metasploit, Kali Linux, Wireshark",low,auditory,devops engineer,remote,poor,no,8,cisco
male,"tamil, english",bachelor's degree,computer science,2.35,4,2,2.81,Security Engineer,"Firewalls, Cloud Security, Encryption, IAM",excellent,visual,software engineer,remote,average,yes,10,none
female,"english, sinhala, tamil",bachelor's degree,computer science,3.76,4,2,3.6,Information Security Analyst,"Risk Assessment, Incident Response, SIEM, Compliance",moderate,visual,devops engineer,hybrid,poor,no,12,azure
female,"english, sinhala, tamil",bachelor's degree,cyber security,3.79,2,1,3.78,Network Engineer,"Cisco, Firewalls, Switching, TCP/IP",low,auditory,security engineer,hybrid,average,yes,8,google
female,sinhala,bachelor's degree,computer science,3.28,2,1,2.84,System Administrator,"Linux, Active Directory, Virtualization, Bash",moderate,kinesthetic,qa engineer,remote,average,yes,2,google
male,"english, sinhala, tamil",bachelor's degree,computer science,3.05,3,2,2.97,IT Support Engineer,"Active Directory, Windows, Troubleshooting, Ticketing Tools",moderate,kinesthetic,qa engineer,remote,excellent,no,0,azure
female,"tamil, english",bachelor's degree,computer science,3.9,4,1,2.93,Hardware Engineer,"PCB Design, Electronics, Circuit Design, Embedded C",moderate,auditory,data scientist,hybrid,average,yes,5,azure
female,"sinhala, tamil",bachelor's degree,software engineering,3.84,2,1,2.4,QA Engineer,"Jira, SQL, Manual Testing, API Testing",moderate,visual,data scientist,hybrid,excellent,yes,2,aws
male,"english, sinhala",bachelor's degree,data science,3.12,4,2,3.88,Software Tester,"Agile, Test Plans, Manual Testing, Bug Tracking",low,visual,software engineer,onsite,average,yes,2,none
female,english,bachelor's degree,data science,3.31,4,1,3.33,Automation Test Engineer,"CI/CD, Java, Selenium, Python",low,auditory,qa engineer,hybrid,poor,no,1,aws
male,"sinhala, tamil",bachelor's degree,information technology,3.49,1,2,2.81,UI Designer,"UI Principles, Photoshop, Adobe XD, Prototyping",low,auditory,software engineer,onsite,poor,yes,3,none
female,"english, sinhala",bachelor's degree,data science,3.39,2,1,2.74,UX Designer,"Wireframing, Psychology, UX Testing, User Research",low,visual,devops engineer,remote,poor,no,10,none
female,english,bachelor's degree,data science,2.76,3,1,3.37,Product Designer,"User Flow, Prototyping, UX Research, Design Systems",excellent,kinesthetic,software engineer,onsite,average,yes,12,aws
female,"tamil, english",bachelor's degree,data science,3.51,4,2,2.27,Blockchain Developer,"Ethereum, Cryptography, Solidity, Web3.js",moderate,visual,data scientist,onsite,excellent,yes,12,google
female,"tamil, english",bachelor's degree,computer science,2.25,1,1,3.92,IoT Engineer,"Arduino, MQTT, Raspberry Pi, Cloud Integration",excellent,auditory,data scientist,hybrid,average,yes,2,aws
male,tamil,bachelor's degree,cyber security,2.66,4,2,2.23,Embedded Systems Engineer,"Electronics, Microcontrollers, PCB Design, RTOS",moderate,kinesthetic,devops engineer,onsite,poor,no,8,aws
male,english,bachelor's degree,cyber security,3.45,1,1,2.78,AR/VR Developer,"Unity, Unreal Engine, XR SDKs, C#",excellent,visual,security engineer,remote,poor,yes,2,google
female,"english, sinhala",bachelor's degree,software engineering,3.83,1,2,2.56,SEO Specialist,"SEO Tools, Backlinks, Keyword Research, HTML",moderate,auditory,software engineer,hybrid,average,no,1,cisco
female,"sinhala, tamil",bachelor's degree,cyber security,3.42,2,2,2.27,IT Support Specialist,"Troubleshooting, Ticketing Systems, Active Directory, Hardware",low,visual,security engineer,hybrid,excellent,yes,12,azure
female,"sinhala, tamil",bachelor's degree,software engineering,2.01,4,2,3.24,Software Engineer,"OOP, Spring Boot, Java, Git",excellent,auditory,qa engineer,hybrid,average,yes,6,azure
female,"english, sinhala",bachelor's degree,information technology,3.18,1,2,3.82,Full Stack Developer,"Node.js, JavaScript, React, MongoDB",excellent,kinesthetic,data scientist,remote,poor,no,1,google
female,"sinhala, tamil",bachelor's degree,information technology,2.22,4,2,2.81,Frontend Developer,"React, Tailwind CSS, HTML, CSS",excellent,visual,devops engineer,remote,excellent,no,0,azure
male,tamil,bachelor's degree,data science,2.51,2,2,2.37,Backend Developer,"Microservices, REST API, Java, Node.js",low,visual,software engineer,onsite,poor,yes,1,azure
male,tamil,bachelor's degree,data science,3.35,2,1,3.27,Web Developer,"HTML, CSS, PHP, Bootstrap",low,kinesthetic,qa engineer,hybrid,excellent,yes,3,google
female,"english, sinhala, tamil",bachelor's degree,data science,3.6,3,2,3.95,Mobile App Developer,"Java, Firebase, Swift, Flutter",excellent,auditory,devops engineer,hybrid,poor,no,10,none
male,"tamil, english",bachelor's degree,data science,3.12,4,1,2.76,Data Scientist,"NumPy, Tableau, Machine Learning, Pandas",low,visual,qa engineer,remote,poor,yes,11,aws
male,sinhala,bachelor's degree,cyber security,2.51,3,1,3.08,Data Analyst,"Statistics, Data Visualization, Excel, Power BI",low,auditory,qa engineer,onsite,average,yes,9,cisco
female,"english, sinhala",bachelor's degree,software engineering,2.78,4,1,2.68,Machine Learning Engineer,"TensorFlow, Deep Learning, NumPy, Scikit-learn",excellent,auditory,software engineer,hybrid,poor,no,10,cisco
male,"english, sinhala",bachelor's degree,cyber security,2.49,3,2,3.39,AI Engineer,"NLP, TensorFlow, PyTorch, Python",moderate,auditory,software engineer,hybrid,average,no,1,none
male,"tamil, english",bachelor's degree,cyber security,3.02,2,1,3.66,BI Developer,"Power BI, SQL, DAX, ETL Tools",low,auditory,qa engineer,onsite,excellent,yes,0,azure
female,sinhala,bachelor's degree,data science,3.68,4,1,2.6,DevOps Engineer,"Jenkins, Docker, CI/CD, AWS",low,kinesthetic,security engineer,hybrid,poor,no,2,azure
female,"english, sinhala",bachelor's degree,computer science,2.81,2,2,3.97,Cloud Engineer,"Terraform, Azure, Kubernetes, GCP",excellent,auditory,systems analyst,onsite,excellent,no,11,aws
male,"tamil, english",bachelor's degree,cyber security,3.69,1,2,3.66,Cloud Architect,"IaC, Security, Microservices, AWS/Azure Design",moderate,kinesthetic,qa engineer,hybrid,average,yes,4,none
male,english,bachelor's degree,data science,3.14,4,2,3.35,Cybersecurity Analyst,"Networking, Linux, Python, Firewalls",low,auditory,qa engineer,remote,poor,no,5,none
male,"english, sinhala",bachelor's degree,computer science,4.0,1,2,2.76,Ethical Hacker,"Nmap, Python, Burp Suite, Kali Linux",excellent,auditory,data scientist,onsite,excellent,no,3,cisco
male,"sinhala, tamil",bachelor's degree,cyber security,2.91,3,1,3.54,Security Engineer,"IAM, SIEM, Cloud Security, Linux",moderate,auditory,software engineer,hybrid,excellent,yes,3,none
male,"sinhala, tamil",bachelor's degree,computer science,3.4,1,2,3.4,Information Security Analyst,"Networking, SOC Tools, Compliance, Risk Assessment",excellent,auditory,software engineer,hybrid,average,no,8,aws
female,tamil,bachelor's degree,software engineering,2.66,4,1,3.38,Network Engineer,"Cisco, Switching, Routing, VPN",excellent,kinesthetic,systems analyst,remote,excellent,no,1,aws
female,"sinhala, tamil",bachelor's degree,information technology,2.98,4,2,3.28,System Administrator,"Virtualization, Bash, Networking, Windows Server",moderate,kinesthetic,systems analyst,onsite,poor,no,12,azure
male,english,bachelor's degree,information technology,2.78,1,1,3.1,IT Support Engineer,"Hardware, Networking, Troubleshooting, Ticketing Tools",low,visual,data scientist,hybrid,poor,yes,7,none
male,"tamil, english",bachelor's degree,software engineering,2.88,1,2,3.34,Hardware Engineer,"PCB Design, Electronics, Embedded C, Arduino",excellent,auditory,software engineer,hybrid,excellent,no,3,google
female,sinhala,bachelor's degree,software engineering,2.61,4,2,3.14,QA Engineer,"API Testing, Test Cases, Selenium, Jira",moderate,visual,software engineer,hybrid,excellent,no,2,cisco
female,"sinhala, tamil",bachelor's degree,information technology,2.73,2,1,2.51,Software Tester,"Test Plans, SQL, Manual Testing, Bug Tracking",moderate,visual,qa engineer,remote,excellent,no,9,aws
male,"tamil, english",bachelor's degree,cyber security,2.19,3,1,2.84,Automation Test Engineer,"TestNG, Java, CI/CD, Python",low,visual,devops engineer,hybrid,excellent,yes,6,none
male,"sinhala, tamil",bachelor's degree,cyber security,2.53,2,2,2.38,UI Designer,"Adobe XD, Color Theory, Photoshop, Prototyping",excellent,auditory,systems analyst,hybrid,poor,yes,0,cisco
male,sinhala,bachelor's degree,cyber security,3.53,3,2,2.46,UX Designer,"UX Testing, User Research, Figma, Psychology",low,visual,security engineer,onsite,average,no,6,aws
female,sinhala,bachelor's degree,data science,3.22,2,1,2.63,Product Designer,"Prototyping, Design Systems, User Flow, UI Design",excellent,kinesthetic,software engineer,remote,excellent,no,12,cisco
female,"english, sinhala",bachelor's degree,software engineering,2.93,3,2,3.59,Blockchain Developer,"Cryptography, Smart Contracts, Web3.js, Ethereum",low,kinesthetic,systems analyst,hybrid,excellent,yes,5,azure
male,sinhala,bachelor's degree,information technology,3.02,2,2,3.64,IoT Engineer,"Arduino, Sensors, C/C++, Cloud Integration",moderate,kinesthetic,software engineer,hybrid,average,yes,12,none
female,english,bachelor's degree,cyber security,2.54,4,1,3.97,Embedded Systems Engineer,"PCB Design, RTOS, Microcontrollers, Electronics",excellent,auditory,qa engineer,remote,average,yes,7,google
male,tamil,bachelor's degree,cyber security,2.74,1,2,2.31,AR/VR Developer,"3D Modeling, Blender, Unreal Engine, Unity",excellent,kinesthetic,qa engineer,remote,excellent,yes,8,azure
male,english,bachelor's degree,data science,2.54,1,2,2.64,SEO Specialist,"Backlinks, SEO Tools, HTML, Keyword Research",excellent,kinesthetic,qa engineer,remote,excellent,no,4,google
male,"english, sinhala, tamil",bachelor's degree,data science,2.42,2,1,2.75,IT Support Specialist,"Troubleshooting, Networking, Ticketing Systems, Windows",moderate,visual,data scientist,hybrid,average,no,2,aws
male,sinhala,bachelor's degree,information technology,3.32,3,1,2.27,Software Engineer,"OOP, Spring Boot, Git, Java",moderate,auditory,qa engineer,hybrid,poor,yes,3,google
male,sinhala,bachelor's degree,cyber security,2.84,4,1,2.58,Full Stack Developer,"REST API, MongoDB, Express, JavaScript",excellent,auditory,systems analyst,remote,poor,no,11,aws
female,sinhala,bachelor's degree,cyber security,2.31,2,2,2.56,Frontend Developer,"TypeScript, Tailwind CSS, JavaScript, React",excellent,visual,systems analyst,hybrid,excellent,yes,4,azure
male,english,bachelor's degree,data science,2.9,3,2,3.13,Backend Developer,"Node.js, Java, REST API, Spring Boot",low,auditory,devops engineer,hybrid,average,yes,6,aws
female,"tamil, english",bachelor's degree,computer science,3.6,3,1,2.47,Web Developer,"MySQL, Bootstrap, CSS, PHP",moderate,auditory,software engineer,hybrid,poor,yes,6,cisco
male,english,bachelor's degree,computer science,3.95,3,1,3.95,Mobile App Developer,"Swift, Flutter, Kotlin, Firebase",moderate,visual,software engineer,hybrid,excellent,yes,5,aws
female,"english, sinhala",bachelor's degree,information technology,2.66,4,2,3.07,Data Scientist,"Python, Pandas, SQL, Tableau",excellent,visual,qa engineer,onsite,excellent,no,2,none
female,"sinhala, tamil",bachelor's degree,computer science,2.88,3,2,2.44,Data Analyst,"SQL, Data Visualization, Excel, Statistics",excellent,auditory,security engineer,hybrid,average,no,2,azure
male,"tamil, english",bachelor's degree,cyber security,2.63,4,1,2.54,Machine Learning Engineer,"Pandas, Deep Learning, Scikit-learn, Python",excellent,auditory,devops engineer,remote,excellent,yes,2,cisco
male,tamil,bachelor's degree,information technology,2.24,3,2,2.23,AI Engineer,"PyTorch, TensorFlow, NLP, Python",low,kinesthetic,software engineer,remote,excellent,no,5,azure
male,"english, sinhala, tamil",bachelor's degree,cyber security,2.6,2,2,2.39,BI Developer,"ETL Tools, DAX, SQL, Power BI",low,visual,software engineer,onsite,average,no,8,azure
female,"tamil, english",bachelor's degree,data science,3.2,1,1,2.45,DevOps Engineer,"Jenkins, CI/CD, AWS, Docker",moderate,visual,data scientist,onsite,poor,no,2,azure
male,"english, sinhala, tamil",bachelor's degree,computer science,2.36,2,2,3.13,Cloud Engineer,"Terraform, Azure, GCP, Docker",low,kinesthetic,data scientist,hybrid,poor,yes,0,azure
female,tamil,bachelor's degree,information technology,3.19,2,2,2.88,Cloud Architect,"IaC, Microservices, AWS/Azure Design, Security",moderate,visual,systems analyst,hybrid,poor,yes,8,cisco
male,"sinhala, tamil",bachelor's degree,computer science,3.62,2,1,2.35,Cybersecurity Analyst,"Firewalls, Networking, Risk Analysis, Python",low,auditory,systems analyst,onsite,excellent,no,3,azure
male,tamil,bachelor's degree,computer science,3.91,2,1,3.91,Ethical Hacker,"Python, Wireshark, Nmap, Burp Suite",moderate,visual,qa engineer,hybrid,excellent,no,0,none
female,"tamil, english",bachelor's degree,cyber security,3.93,4,1,3.02,Security Engineer,"Linux, Cloud Security, Firewalls, IAM",low,visual,data scientist,onsite,poor,yes,3,aws
female,"tamil, english",bachelor's degree,computer science,2.57,1,2,2.7,Information Security Analyst,"Incident Response, Compliance, Risk Assessment, Networking",excellent,visual,qa engineer,onsite,average,no,5,google
male,english,bachelor's degree,information technology,2.93,1,2,3.64,Network Engineer,"Routing, TCP/IP, Firewalls, Cisco",low,visual,systems analyst,hybrid,average,yes,3,google
female,"sinhala, tamil",bachelor's degree,computer science,2.81,1,1,3.45,System Administrator,"Bash, Linux, Networking, Active Directory",low,kinesthetic,software engineer,onsite,poor,no,1,none
male,sinhala,bachelor's degree,computer science,3.62,1,2,2.53,IT Support Engineer,"Windows, Active Directory, Hardware, Troubleshooting",low,kinesthetic,security engineer,hybrid,average,yes,2,azure
male,sinhala,bachelor's degree,software engineering,2.15,3,2,2.71,Hardware Engineer,"Electronics, Embedded C, PCB Design, Arduino",low,visual,qa engineer,onsite,poor,no,1,google
female,english,bachelor's degree,cyber security,3.58,3,1,2.69,QA Engineer,"API Testing, Jira, SQL, Selenium",moderate,kinesthetic,systems analyst,onsite,excellent,no,12,cisco
female,sinhala,bachelor's degree,computer science,2.6,4,2,2.91,Software Tester,"Manual Testing, SQL, Selenium, Bug Tracking",low,visual,devops engineer,hybrid,average,yes,3,cisco
female,"english, sinhala, tamil",bachelor's degree,information technology,2.75,1,1,2.83,Automation Test Engineer,"Selenium, Cypress, Java, CI/CD",excellent,kinesthetic,software engineer,hybrid,excellent,yes,7,cisco
male,"sinhala, tamil",bachelor's degree,software engineering,3.61,4,2,3.36,UI Designer,"Color Theory, UI Principles, Prototyping, Photoshop",excellent,visual,security engineer,remote,poor,yes,5,azure
male,english,bachelor's degree,cyber security,2.89,3,2,2.76,UX Designer,"User Research, Prototyping, UX Testing, Wireframing",excellent,kinesthetic,devops engineer,onsite,poor,yes,10,azure
female,"english, sinhala",bachelor's degree,data science,3.92,4,1,2.54,Product Designer,"Design Systems, UX Research, Figma, UI Design",moderate,auditory,devops engineer,onsite,poor,yes,10,cisco
female,"english, sinhala, tamil",bachelor's degree,data science,2.47,4,2,2.7,Blockchain Developer,"Node.js, Cryptography, Web3.js, Smart Contracts",low,auditory,systems analyst,onsite,average,no,0,azure
male,english,bachelor's degree,information technology,3.61,2,2,3.68,IoT Engineer,"C/C++, MQTT, Raspberry Pi, Sensors",excellent,auditory,security engineer,onsite,excellent,yes,2,cisco
female,tamil,bachelor's degree,information technology,2.45,2,2,3.58,Embedded Systems Engineer,"Electronics, C/C++, RTOS, PCB Design",low,kinesthetic,data scientist,onsite,average,no,6,aws
female,"english, sinhala",bachelor's degree,software engineering,3.57,1,2,3.28,AR/VR Developer,"Blender, C#, XR SDKs, Unreal Engine",low,auditory,devops engineer,hybrid,excellent,no,12,cisco
female,english,bachelor's degree,data science,3.83,4,1,3.91,SEO Specialist,"Backlinks, Google Analytics, HTML, Keyword Research",low,auditory,software engineer,onsite,average,yes,4,google
male,tamil,bachelor's degree,software engineering,2.74,1,2,2.61,IT Support Specialist,"Active Directory, Windows, Ticketing Systems, Networking",moderate,auditory,devops engineer,onsite,average,no,1,azure
male,"english, sinhala",bachelor's degree,cyber security,3.79,3,2,3.27,Software Engineer,"Git, OOP, SQL, Java",moderate,visual,security engineer,onsite,poor,yes,3,google
male,sinhala,bachelor's degree,information technology,2.55,2,2,2.8,Full Stack Developer,"Express, JavaScript, MongoDB, REST API",low,auditory,systems analyst,remote,poor,no,3,cisco
male,sinhala,bachelor's degree,data science,2.84,1,2,3.13,Frontend Developer,"React, HTML, Tailwind CSS, CSS",moderate,kinesthetic,devops engineer,remote,poor,yes,11,none
female,"sinhala, tamil",bachelor's degree,data science,2.04,2,1,2.67,Backend Developer,"SQL, Java, Microservices, REST API",moderate,kinesthetic,devops engineer,hybrid,poor,no,10,aws
female,"sinhala, tamil",bachelor's degree,software engineering,2.94,4,2,3.34,Web Developer,"Bootstrap, MySQL, PHP, JavaScript",moderate,visual,data scientist,onsite,poor,no,12,cisco
male,english,bachelor's degree,computer science,4.0,3,1,3.39,Mobile App Developer,"Kotlin, Swift, Firebase, Flutter",moderate,kinesthetic,security engineer,remote,excellent,no,1,none
female,tamil,bachelor's degree,computer science,2.74,1,1,2.96,Data Scientist,"Python, Tableau, Machine Learning, SQL",low,auditory,devops engineer,remote,average,yes,1,none
male,tamil,bachelor's degree,computer science,2.68,2,2,3.69,Data Analyst,"Statistics, SQL, Power BI, Python",excellent,visual,data scientist,hybrid,average,no,8,cisco
male,"english, sinhala, tamil",bachelor's degree,computer science,2.28,1,2,2.92,Machine Learning Engineer,"Scikit-learn, Python, Deep Learning, TensorFlow",moderate,visual,qa engineer,onsite,excellent,yes,3,none
male,sinhala,bachelor's degree,computer science,2.58,3,2,2.8,AI Engineer,"PyTorch, LLMs, Python, Data Processing",excellent,auditory,devops engineer,onsite,poor,yes,9,none
female,"tamil, english",bachelor's degree,cyber security,2.25,4,1,2.89,BI Developer,"SQL, DAX, Tableau, ETL Tools",excellent,auditory,software engineer,remote,excellent,no,6,google
female,"tamil, english",bachelor's degree,cyber security,3.0,3,2,3.55,DevOps Engineer,"CI/CD, Linux, Docker, AWS",excellent,auditory,systems analyst,onsite,excellent,no,5,none
female,"tamil, english",bachelor's degree,information technology,3.37,4,2,2.78,Cloud Engineer,"Azure, AWS, GCP, Docker",low,auditory,software engineer,hybrid,excellent,no,7,aws
male,tamil,bachelor's degree,computer science,3.14,2,1,2.97,Cloud Architect,"AWS/Azure Design, IaC, Security, Scalability",excellent,visual,systems analyst,onsite,average,yes,11,google
female,"tamil, english",bachelor's degree,cyber security,2.82,2,2,2.58,Cybersecurity Analyst,"Firewalls, Networking, Python, SIEM",low,visual,devops engineer,remote,poor,yes,11,google
male,"english, sinhala, tamil",bachelor's degree,computer science,3.74,2,2,3.4,Ethical Hacker,"Metasploit, Python, Nmap, Wireshark",low,auditory,data scientist,hybrid,poor,yes,1,azure
female,sinhala,bachelor's degree,cyber security,3.64,1,1,3.73,Security Engineer,"SIEM, Linux, Cloud Security, IAM",moderate,auditory,qa engineer,hybrid,average,yes,7,google
female,"english, sinhala",bachelor's degree,cyber security,3.31,2,2,2.46,Information Security Analyst,"SOC Tools, Incident Response, Risk Assessment, SIEM",moderate,auditory,security engineer,hybrid,poor,yes,11,aws
female,"sinhala, tamil",bachelor's degree,information technology,2.24,2,1,3.23,Network Engineer,"Switching, Routing, Firewalls, VPN",excellent,auditory,data scientist,remote,average,yes,12,none
male,"sinhala, tamil",bachelor's degree,cyber security,2.09,4,2,2.29,System Administrator,"Active Directory, Windows Server, Bash, Networking",excellent,kinesthetic,security engineer,remote,average,yes,11,cisco
female,"english, sinhala",bachelor's degree,information technology,2.5,3,1,3.69,IT Support Engineer,"Ticketing Tools, Active Directory, Hardware, Troubleshooting",moderate,visual,security engineer,onsite,average,no,5,google
male,tamil,bachelor's degree,cyber security,2.58,3,2,2.86,Hardware Engineer,"Arduino, Embedded C, Microcontrollers, Electronics",moderate,auditory,systems analyst,onsite,poor,no,4,none
female,"sinhala, tamil",bachelor's degree,computer science,2.24,4,1,3.0,QA Engineer,"Manual Testing, SQL, API Testing, Jira",low,auditory,systems analyst,remote,average,no,6,azure
male,"english, sinhala",bachelor's degree,information technology,2.68,4,1,2.24,Software Tester,"SQL, Agile, Manual Testing, Bug Tracking",moderate,auditory,qa engineer,remote,excellent,yes,4,none
male,sinhala,bachelor's degree,information technology,3.92,3,2,2.63,Automation Test Engineer,"Selenium, CI/CD, Python, Cypress",excellent,auditory,software engineer,hybrid,poor,no,5,none
female,sinhala,bachelor's degree,information technology,3.1,2,1,3.24,UI Designer,"Adobe XD, UI Principles, Color Theory, Figma",moderate,kinesthetic,software engineer,remote,excellent,yes,5,none
female,"tamil, english",bachelor's degree,information technology,2.56,4,2,3.45,UX Designer,"Figma, Psychology, Wireframing, Prototyping",low,kinesthetic,security engineer,remote,excellent,no,7,azure
female,"tamil, english",bachelor's degree,software engineering,3.15,3,1,2.69,Product Designer,"Design Systems, UX Research, UI Design, Prototyping",moderate,visual,devops engineer,remote,poor,no,11,none
male,tamil,bachelor's degree,cyber security,2.96,2,2,2.97,Blockchain Developer,"Node.js, Solidity, Smart Contracts, Web3.js",low,auditory,software engineer,remote,excellent,yes,12,aws
female,"english, sinhala",bachelor's degree,cyber security,3.41,1,2,2.55,IoT Engineer,"Raspberry Pi, Sensors, Arduino, MQTT",excellent,visual,devops engineer,onsite,average,yes,1,azure
female,"tamil, english",bachelor's degree,cyber security,3.76,4,2,2.51,Embedded Systems Engineer,"IoT, PCB Design, Microcontrollers, RTOS",excellent,kinesthetic,qa engineer,hybrid,poor,no,2,azure
male,"sinhala, tamil",bachelor's degree,computer science,2.8,1,1,3.01,AR/VR Developer,"3D Modeling, Blender, XR SDKs, Unity",moderate,auditory,data scientist,onsite,average,yes,2,aws
female,english,bachelor's degree,information technology,3.6,3,1,3.91,SEO Specialist,"Google Analytics, HTML, Content Strategy, Backlinks",moderate,auditory,software engineer,remote,poor,no,1,aws
female,"english, sinhala, tamil",bachelor's degree,information technology,3.67,2,1,3.94,IT Support Specialist,"Windows, Ticketing Systems, Troubleshooting, Active Directory",low,kinesthetic,data scientist,hybrid,average,no,5,google
male,sinhala,bachelor's degree,information technology,3.88,2,1,2.55,Software Engineer,"Java, Python, OOP, Git",excellent,kinesthetic,security engineer,onsite,excellent,yes,2,google
female,tamil,bachelor's degree,cyber security,3.34,1,2,3.99,Full Stack Developer,"MongoDB, REST API, Express, Node.js",low,visual,systems analyst,hybrid,poor,yes,9,azure
female,"sinhala, tamil",bachelor's degree,software engineering,2.82,1,1,3.14,Frontend Developer,"HTML, React, CSS, TypeScript",low,auditory,software engineer,hybrid,average,yes,7,aws
female,"tamil, english",bachelor's degree,information technology,3.51,2,2,3.22,Backend Developer,"SQL, Spring Boot, REST API, Java",excellent,visual,devops engineer,onsite,poor,yes,7,google
female,"english, sinhala",bachelor's degree,data science,2.69,3,1,3.94,Web Developer,"HTML, CSS, JavaScript, Bootstrap",low,visual,systems analyst,hybrid,excellent,no,11,aws
male,english,bachelor's degree,software engineering,3.2,1,2,3.16,Mobile App Developer,"Flutter, REST API, Java, Swift",low,kinesthetic,data scientist,hybrid,poor,no,5,none
male,"sinhala, tamil",bachelor's degree,information technology,2.31,3,2,2.54,Data Scientist,"NumPy, Tableau, Machine Learning, Pandas",excellent,visual,software engineer,onsite,excellent,yes,11,cisco
female,"english, sinhala, tamil",bachelor's degree,cyber security,3.65,1,2,3.17,Data Analyst,"Python, Power BI, SQL, Data Visualization",excellent,kinesthetic,data scientist,remote,excellent,no,2,azure
female,english,bachelor's degree,software engineering,2.93,3,1,3.45,Machine Learning Engineer,"Scikit-learn, NumPy, TensorFlow, Python",excellent,visual,data scientist,remote,excellent,no,12,aws
female,english,bachelor's degree,computer science,2.93,1,2,2.73,AI Engineer,"PyTorch, TensorFlow, Data Processing, NLP",moderate,auditory,software engineer,remote,excellent,no,10,google
male,"sinhala, tamil",bachelor's degree,software engineering,3.89,4,2,2.45,BI Developer,"SQL, Excel, Power BI, DAX",excellent,visual,qa engineer,hybrid,average,yes,2,google
male,"english, sinhala, tamil",bachelor's degree,software engineering,4.0,3,2,2.87,DevOps Engineer,"Jenkins, Linux, AWS, CI/CD",excellent,kinesthetic,devops engineer,hybrid,average,no,12,aws
female,"english, sinhala, tamil",bachelor's degree,software engineering,2.72,1,1,2.58,Cloud Engineer,"Kubernetes, Terraform, Docker, AWS",low,visual,qa engineer,hybrid,average,no,6,aws
male,sinhala,bachelor's degree,computer science,3.96,1,2,2.88,Cloud Architect,"Microservices, Security, Networking, Scalability",low,kinesthetic,systems analyst,remote,average,no,10,cisco
male,sinhala,bachelor's degree,software engineering,3.89,4,2,2.97,Cybersecurity Analyst,"SIEM, Linux, Python, Networking",low,auditory,software engineer,onsite,excellent,no,5,azure
male,"sinhala, tamil",bachelor's degree,software engineering,3.32,3,1,2.5,Ethical Hacker,"Burp Suite, Kali Linux, Metasploit, Nmap",moderate,auditory,data scientist,onsite,excellent,yes,0,aws
male,"english, sinhala, tamil",bachelor's degree,computer science,3.35,3,1,3.1,Security Engineer,"Encryption, IAM, Linux, Firewalls",moderate,kinesthetic,data scientist,onsite,average,no,10,google
female,"sinhala, tamil",bachelor's degree,software engineering,3.18,1,2,2.24,Information Security Analyst,"SOC Tools, SIEM, Risk Assessment, Compliance",moderate,visual,qa engineer,hybrid,average,no,11,aws
female,tamil,bachelor's degree,data science,3.49,4,2,3.83,Network Engineer,"Routing, Switching, Firewalls, TCP/IP",low,visual,systems analyst,hybrid,poor,no,11,google
female,"sinhala, tamil",bachelor's degree,computer science,2.92,2,2,2.34,System Administrator,"Linux, Networking, Virtualization, Active Directory",moderate,auditory,data scientist,hybrid,excellent,no,10,google
female,english,bachelor's degree,data science,3.87,3,2,2.31,IT Support Engineer,"Troubleshooting, Hardware, Active Directory, Windows",moderate,visual,software engineer,onsite,excellent,yes,4,cisco
male,"tamil, english",bachelor's degree,software engineering,3.34,2,1,3.99,Hardware Engineer,"Circuit Design, Arduino, Embedded C, Electronics",excellent,kinesthetic,data scientist,onsite,poor,yes,1,azure
female,english,bachelor's degree,information technology,3.72,1,1,3.36,QA Engineer,"Manual Testing, Selenium, Test Cases, API Testing",moderate,visual,devops engineer,hybrid,excellent,no,11,google
male,tamil,bachelor's degree,data science,3.96,2,1,3.55,Software Tester,"Agile, Selenium, Manual Testing, Bug Tracking",low,kinesthetic,data scientist,remote,excellent,no,7,cisco
female,"english, sinhala, tamil",bachelor's degree,data science,3.59,1,1,2.97,Automation Test Engineer,"Python, CI/CD, Java, Selenium",low,visual,devops engineer,onsite,excellent,yes,4,aws
female,"tamil, english",bachelor's degree,data science,3.76,1,2,3.74,UI Designer,"Adobe XD, Prototyping, Color Theory, Figma",excellent,auditory,systems analyst,onsite,poor,no,9,azure
female,"sinhala, tamil",bachelor's degree,information technology,3.46,3,1,3.88,UX Designer,"Psychology, User Research, Figma, UX Testing",excellent,kinesthetic,software engineer,onsite,excellent,no,1,google
female,"tamil, english",bachelor's degree,information technology,3.63,4,1,2.99,Product Designer,"User Flow, Design Systems, UX Research, Figma",moderate,auditory,qa engineer,hybrid,average,yes,3,none
male,"english, sinhala, tamil",bachelor's degree,software engineering,3.3,3,2,3.38,Blockchain Developer,"Solidity, Ethereum, Cryptography, Smart Contracts",moderate,auditory,security engineer,remote,poor,yes,2,google
male,"english, sinhala",bachelor's degree,computer science,3.95,1,1,2.21,IoT Engineer,"Sensors, MQTT, Cloud Integration, Raspberry Pi",excellent,visual,qa engineer,hybrid,average,yes,2,none
male,tamil,bachelor's degree,information technology,2.59,1,1,2.61,Embedded Systems Engineer,"Electronics, PCB Design, C/C++, RTOS",low,auditory,security engineer,remote,poor,no,3,azure
female,english,bachelor's degree,cyber security,3.05,4,1,3.78,AR/VR Developer,"C#, 3D Modeling, Unreal Engine, XR SDKs",excellent,visual,software engineer,remote,poor,yes,11,google
female,"english, sinhala, tamil",bachelor's degree,cyber security,3.61,2,2,3.89,SEO Specialist,"HTML, Backlinks, Keyword Research, SEO Tools",excellent,visual,devops engineer,remote,excellent,no,6,cisco
male,tamil,bachelor's degree,computer science,2.28,2,2,2.78,IT Support Specialist,"Networking, Ticketing Systems, Active Directory, Troubleshooting",low,visual,data scientist,onsite,excellent,no,10,none
female,"sinhala, tamil",bachelor's degree,computer science,2.8,4,1,2.95,Software Engineer,"SQL, Java, Git, Spring Boot",excellent,visual,data scientist,remote,average,no,0,aws
male,"english, sinhala",bachelor's degree,information technology,3.68,4,2,2.44,Full Stack Developer,"React, Node.js, JavaScript, Express",low,visual,data scientist,hybrid,poor,yes,5,azure
female,tamil,bachelor's degree,data science,3.19,4,2,2.23,Frontend Developer,"React, Tailwind CSS, CSS, JavaScript",excellent,kinesthetic,software engineer,remote,poor,yes,5,none
female,english,bachelor's degree,computer science,3.33,4,2,2.48,Backend Developer,"Node.js, SQL, Microservices, Spring Boot",low,visual,qa engineer,hybrid,poor,yes,9,google
male,english,bachelor's degree,cyber security,3.0,4,1,3.79,Web Developer,"JavaScript, CSS, HTML, MySQL",low,auditory,data scientist,hybrid,average,no,6,none
male,"tamil, english",bachelor's degree,computer science,2.17,3,1,3.41,Mobile App Developer,"Flutter, REST API, Swift, Java",low,kinesthetic,software engineer,hybrid,excellent,yes,7,google
male,"english, sinhala",bachelor's degree,computer science,3.4,2,1,2.74,Data Scientist,"Machine Learning, SQL, NumPy, Pandas",moderate,kinesthetic,software engineer,hybrid,average,yes,1,cisco
male,sinhala,bachelor's degree,software engineering,3.88,2,1,3.3,Data Analyst,"Power BI, Data Visualization, Excel, Statistics",low,auditory,systems analyst,remote,excellent,no,10,cisco
male,tamil,bachelor's degree,information technology,3.13,4,2,3.91,Machine Learning Engineer,"Python, TensorFlow, Scikit-learn, NumPy",moderate,auditory,systems analyst,remote,poor,yes,7,cisco
female,"tamil, english",bachelor's degree,data science,3.57,2,2,3.11,AI Engineer,"PyTorch, Python, TensorFlow, Data Processing",low,auditory,qa engineer,hybrid,poor,no,12,cisco
female,"english, sinhala, tamil",bachelor's degree,data science,3.73,2,2,3.23,BI Developer,"SQL, DAX, Excel, ETL Tools",excellent,visual,qa engineer,onsite,average,yes,1,none
female,tamil,bachelor's degree,data science,3.84,3,1,3.79,DevOps Engineer,"Jenkins, CI/CD, Docker, Kubernetes",excellent,kinesthetic,qa engineer,remote,average,yes,10,aws
female,"english, sinhala, tamil",bachelor's degree,information technology,2.3,3,2,3.18,Cloud Engineer,"Azure, Docker, Terraform, Kubernetes",moderate,kinesthetic,security engineer,remote,average,yes,1,azure
female,sinhala,bachelor's degree,software engineering,3.77,2,2,3.24,Cloud Architect,"Microservices, IaC, Networking, Security",low,auditory,software engineer,onsite,poor,no,9,google
female,"tamil, english",bachelor's degree,computer science,3.0,1,1,3.19,Cybersecurity Analyst,"Python, Linux, Firewalls, Networking",moderate,kinesthetic,security engineer,hybrid,poor,no,8,google
male,english,bachelor's degree,software engineering,3.79,1,1,2.65,Ethical Hacker,"Python, Burp Suite, Kali Linux, Wireshark",low,visual,systems analyst,remote,average,yes,7,none
male,sinhala,bachelor's degree,data science,2.83,4,1,2.27,Security Engineer,"SIEM, Linux, Cloud Security, Encryption",excellent,kinesthetic,systems analyst,onsite,average,no,0,cisco
male,"english, sinhala, tamil",bachelor's degree,information technology,2.88,2,1,2.74,Information Security Analyst,"Incident Response, Risk Assessment, Compliance, Networking",moderate,visual,software engineer,remote,average,yes,9,azure
female,tamil,bachelor's degree,computer science,3.78,4,2,2.96,Network Engineer,"Cisco, Firewalls, Switching, VPN",low,kinesthetic,systems analyst,onsite,poor,no,3,aws
male,"english, sinhala, tamil",bachelor's degree,software engineering,3.03,1,2,3.91,System Administrator,"Networking, Virtualization, Bash, Windows Server",low,kinesthetic,data scientist,remote,average,no,11,google
male,sinhala,bachelor's degree,information technology,4.0,3,2,2.93,IT Support Engineer,"Windows, Ticketing Tools, Active Directory, Hardware",excellent,kinesthetic,devops engineer,remote,average,no,6,cisco
male,tamil,bachelor's degree,cyber security,3.9,1,2,3.64,Hardware Engineer,"Circuit Design, Embedded C, Arduino, Microcontrollers",moderate,visual,software engineer,hybrid,excellent,yes,0,none
male,"english, sinhala, tamil",bachelor's degree,cyber security,2.54,1,1,2.47,QA Engineer,"Selenium, API Testing, Test Cases, SQL",low,auditory,data scientist,hybrid,average,no,0,aws
female,"sinhala, tamil",bachelor's degree,computer science,3.25,2,2,3.53,Software Tester,"SQL, Agile, Bug Tracking, Manual Testing",excellent,visual,security engineer,onsite,average,no,12,none
male,sinhala,bachelor's degree,software engineering,2.28,1,2,3.63,Automation Test Engineer,"Cypress, Python, TestNG, Selenium",moderate,auditory,software engineer,hybrid,poor,no,12,google
male,"sinhala, tamil",bachelor's degree,computer science,3.18,2,1,2.63,UI Designer,"UI Principles, Color Theory, Photoshop, Adobe XD",low,auditory,devops engineer,hybrid,excellent,no,7,azure
male,"tamil, english",bachelor's degree,computer science,3.66,1,1,3.0,UX Designer,"Psychology, Wireframing, User Research, Figma",excellent,kinesthetic,qa engineer,hybrid,average,no,10,aws
male,"sinhala, tamil",bachelor's degree,computer science,3.06,4,1,3.94,Product Designer,"UX Research, UI Design, Figma, User Flow",moderate,kinesthetic,data scientist,onsite,average,yes,10,aws
female,"english, sinhala, tamil",bachelor's degree,data science,2.53,3,1,2.92,Blockchain Developer,"Node.js, Smart Contracts, Web3.js, Cryptography",low,visual,software engineer,onsite,average,yes,6,google
female,"sinhala, tamil",bachelor's degree,data science,4.0,4,1,2.97,IoT Engineer,"C/C++, Cloud Integration, Sensors, MQTT",moderate,visual,devops engineer,hybrid,average,yes,7,aws
male,"tamil, english",bachelor's degree,computer science,4.0,4,2,3.16,Embedded Systems Engineer,"Microcontrollers, PCB Design, IoT, RTOS",moderate,visual,software engineer,remote,average,no,5,google
female,"english, sinhala",bachelor's degree,information technology,4.0,3,1,2.82,AR/VR Developer,"3D Modeling, Unreal Engine, Blender, XR SDKs",moderate,auditory,systems analyst,remote,poor,yes,0,azure
female,"sinhala, tamil",bachelor's degree,information technology,2.35,4,1,2.77,SEO Specialist,"Content Strategy, SEO Tools, Keyword Research, Google Analytics",moderate,kinesthetic,security engineer,hybrid,excellent,yes,11,aws
female,"english, sinhala, tamil",bachelor's degree,software engineering,3.37,3,1,2.54,IT Support Specialist,"Windows, Hardware, Ticketing Systems, Networking",low,kinesthetic,data scientist,remote,average,no,7,google
male,sinhala,bachelor's degree,information technology,3.41,1,2,2.32,Software Engineer,"Spring Boot, Python, SQL, OOP",moderate,auditory,systems analyst,onsite,average,yes,0,none
female,"tamil, english",bachelor's degree,computer science,3.22,1,2,2.43,Full Stack Developer,"REST API, MongoDB, React, JavaScript",moderate,kinesthetic,qa engineer,hybrid,excellent,yes,1,azure
female,"english, sinhala, tamil",bachelor's degree,data science,3.24,4,1,3.01,Frontend Developer,"JavaScript, Tailwind CSS, TypeScript, React",moderate,visual,qa engineer,remote,excellent,no,5,azure
male,"tamil, english",bachelor's degree,data science,2.1,2,1,2.34,Backend Developer,"SQL, Java, Spring Boot, Node.js",moderate,visual,data scientist,remote,excellent,no,11,aws
female,"sinhala, tamil",bachelor's degree,computer science,3.04,3,1,3.48,Web Developer,"Bootstrap, JavaScript, MySQL, PHP",excellent,auditory,systems analyst,hybrid,poor,no,11,azure
male,"sinhala, tamil",bachelor's degree,computer science,3.97,3,1,2.45,Mobile App Developer,"Java, REST API, Firebase, Kotlin",moderate,visual,devops engineer,remote,average,yes,7,none
female,"sinhala, tamil",bachelor's degree,computer science,2.73,4,2,2.9,Data Scientist,"Python, SQL, Pandas, NumPy",excellent,kinesthetic,systems analyst,remote,excellent,yes,3,aws
male,english,bachelor's degree,software engineering,3.36,3,2,2.3,Data Analyst,"Python, Data Visualization, Excel, Power BI",moderate,auditory,data scientist,remote,excellent,yes,8,none
female,"english, sinhala, tamil",bachelor's degree,software engineering,2.0,3,2,3.6,Machine Learning Engineer,"NumPy, Python, TensorFlow, Scikit-learn",excellent,auditory,devops engineer,hybrid,average,no,1,none
male,sinhala,bachelor's degree,information technology,2.76,1,1,2.54,AI Engineer,"LLMs, Python, NLP, TensorFlow",low,kinesthetic,software engineer,hybrid,poor,yes,9,aws
male,"english, sinhala",bachelor's degree,cyber security,3.07,4,1,3.65,BI Developer,"ETL Tools, Power BI, DAX, Excel",excellent,auditory,security engineer,hybrid,average,yes,12,azure
male,"english, sinhala",bachelor's degree,data science,2.71,1,2,2.61,DevOps Engineer,"Kubernetes, Linux, CI/CD, Docker",moderate,auditory,security engineer,remote,excellent,no,5,google
female,sinhala,bachelor's degree,software engineering,2.18,4,1,3.09,Cloud Engineer,"GCP, Azure, Docker, Terraform",moderate,visual,software engineer,hybrid,poor,yes,1,none
male,"tamil, english",bachelor's degree,data science,2.44,3,2,3.29,Cloud Architect,"IaC, Scalability, Security, Networking",low,kinesthetic,software engineer,onsite,poor,yes,9,cisco
male,"english, sinhala, tamil",bachelor's degree,software engineering,2.35,4,1,3.8,Cybersecurity Analyst,"Risk Analysis, Networking, Linux, SIEM",low,visual,security engineer,onsite,excellent,no,1,google
female,"tamil, english",bachelor's degree,cyber security,2.56,4,1,2.85,Ethical Hacker,"Python, Nmap, Metasploit, Wireshark",low,kinesthetic,software engineer,remote,average,yes,11,aws
female,english,bachelor's degree,cyber security,2.93,3,2,3.43,Security Engineer,"Linux, Firewalls, Cloud Security, SIEM",low,kinesthetic,data scientist,onsite,average,yes,0,azure
female,english,bachelor's degree,data science,2.75,3,2,2.47,Information Security Analyst,"Networking, Compliance, SOC Tools, Risk Assessment",moderate,kinesthetic,security engineer,hybrid,excellent,yes,1,cisco
female,"english, sinhala",bachelor's degree,cyber security,3.77,2,2,3.06,Network Engineer,"VPN, Routing, TCP/IP, Cisco",moderate,kinesthetic,devops engineer,hybrid,excellent,no,5,none
male,sinhala,bachelor's degree,cyber security,3.24,1,2,3.76,System Administrator,"Virtualization, Active Directory, Networking, Bash",moderate,visual,systems analyst,onsite,average,yes,12,aws
female,"english, sinhala",bachelor's degree,data science,3.93,2,1,3.79,IT Support Engineer,"Ticketing Tools, Hardware, Windows, Troubleshooting",low,kinesthetic,qa engineer,remote,poor,yes,5,none
female,"tamil, english",bachelor's degree,computer science,2.31,1,2,2.43,Hardware Engineer,"Embedded C, Microcontrollers, PCB Design, Electronics",moderate,visual,security engineer,remote,average,no,7,cisco
female,"sinhala, tamil",bachelor's degree,software engineering,3.78,3,2,3.92,QA Engineer,"Jira, Manual Testing, API Testing, SQL",moderate,kinesthetic,software engineer,onsite,average,yes,2,cisco
female,english,bachelor's degree,computer science,2.37,4,2,2.5,Software Tester,"Test Plans, Manual Testing, Agile, SQL",low,visual,systems analyst,remote,poor,no,9,none
male,tamil,bachelor's degree,software engineering,3.42,4,2,3.3,Automation Test Engineer,"TestNG, Cypress, CI/CD, Selenium",low,kinesthetic,software engineer,remote,poor,yes,12,cisco
female,english,bachelor's degree,information technology,2.41,3,2,3.24,UI Designer,"Photoshop, Adobe XD, Prototyping, Figma",moderate,auditory,security engineer,remote,poor,no,8,google
male,"english, sinhala, tamil",bachelor's degree,computer science,2.93,3,2,3.18,UX Designer,"Psychology, Prototyping, UX Testing, Figma",moderate,auditory,systems analyst,remote,excellent,no,8,azure
female,"english, sinhala, tamil",bachelor's degree,software engineering,2.6,1,1,3.92,Product Designer,"UX Research, Figma, Prototyping, Design Systems",excellent,kinesthetic,security engineer,hybrid,average,no,4,cisco
female,tamil,bachelor's degree,software engineering,2.46,4,1,3.91,Blockchain Developer,"Node.js, Solidity, Web3.js, Smart Contracts",excellent,visual,software engineer,hybrid,poor,yes,1,google
female,tamil,bachelor's degree,software engineering,3.41,4,1,3.68,IoT Engineer,"Arduino, C/C++, Raspberry Pi, Sensors",excellent,visual,data scientist,onsite,poor,no,10,google
female,english,bachelor's degree,cyber security,3.19,1,1,3.57,Embedded Systems Engineer,"Microcontrollers, Electronics, IoT, PCB Design",excellent,visual,systems analyst,remote,average,no,5,none
male,"english, sinhala",bachelor's degree,data science,2.39,2,1,3.5,AR/VR Developer,"3D Modeling, Blender, Unreal Engine, Unity",excellent,visual,systems analyst,remote,average,yes,7,cisco
female,"english, sinhala",bachelor's degree,data science,2.31,4,1,3.81,SEO Specialist,"HTML, Keyword Research, Backlinks, Google Analytics",excellent,visual,data scientist,onsite,average,yes,5,aws
male,english,bachelor's degree,information technology,2.93,2,2,2.24,IT Support Specialist,"Ticketing Systems, Active Directory, Troubleshooting, Networking",low,auditory,software engineer,remote,excellent,yes,11,azure
male,tamil,bachelor's degree,information technology,3.83,4,2,3.65,Software Engineer,"Python, OOP, Git, SQL",low,kinesthetic,software engineer,remote,excellent,yes,7,none
male,english,bachelor's degree,software engineering,2.35,1,1,3.7,Full Stack Developer,"REST API, MongoDB, Express, React",low,auditory,data scientist,onsite,poor,yes,5,google
male,tamil,bachelor's degree,cyber security,3.48,4,1,2.63,Frontend Developer,"Tailwind CSS, React, HTML, JavaScript",moderate,kinesthetic,software engineer,hybrid,average,yes,0,aws
male,tamil,bachelor's degree,computer science,2.21,4,1,2.76,Backend Developer,"Node.js, Microservices, REST API, SQL",excellent,kinesthetic,security engineer,remote,poor,yes,1,aws
male,tamil,bachelor's degree,software engineering,3.16,3,2,2.87,Web Developer,"PHP, CSS, Bootstrap, MySQL",low,kinesthetic,security engineer,remote,excellent,no,9,cisco
female,"english, sinhala, tamil",bachelor's degree,data science,3.79,3,1,3.34,Mobile App Developer,"Swift, REST API, Flutter, Java",excellent,visual,data scientist,hybrid,average,yes,4,azure
male,"english, sinhala",bachelor's degree,computer science,2.77,3,1,3.13,Data Scientist,"Machine Learning, Python, Tableau, Pandas",low,kinesthetic,security engineer,onsite,average,no,1,azure
male,"sinhala, tamil",bachelor's degree,information technology,2.41,2,2,2.48,Data Analyst,"Power BI, SQL, Data Visualization, Python",excellent,auditory,devops engineer,remote,excellent,yes,4,none
female,tamil,bachelor's degree,information technology,3.84,3,2,3.09,Machine Learning Engineer,"Python, NumPy, TensorFlow, Pandas",moderate,visual,security engineer,onsite,poor,yes,7,none
female,"english, sinhala",bachelor's degree,cyber security,2.5,4,1,3.49,AI Engineer,"PyTorch, Data Processing, TensorFlow, LLMs",low,auditory,qa engineer,onsite,average,no,11,none
female,"english, sinhala",bachelor's degree,data science,2.04,4,1,3.64,BI Developer,"SQL, DAX, Excel, ETL Tools",low,auditory,systems analyst,hybrid,poor,yes,4,azure
female,"sinhala, tamil",bachelor's degree,information technology,3.46,2,1,3.55,DevOps Engineer,"Docker, Linux, Jenkins, Kubernetes",low,kinesthetic,devops engineer,hybrid,average,no,12,google
female,english,bachelor's degree,information technology,3.32,1,1,3.74,Cloud Engineer,"GCP, Terraform, Kubernetes, Docker",moderate,kinesthetic,data scientist,hybrid,average,no,9,azure
female,english,bachelor's degree,cyber security,3.71,3,2,2.87,Cloud Architect,"Microservices, Security, Scalability, AWS/Azure Design",excellent,visual,systems analyst,remote,average,no,1,none
male,sinhala,bachelor's degree,software engineering,2.5,4,1,3.08,Cybersecurity Analyst,"SIEM, Python, Linux, Risk Analysis",excellent,visual,security engineer,onsite,average,no,8,none
male,tamil,bachelor's degree,computer science,2.97,3,1,3.61,Ethical Hacker,"Nmap, Burp Suite, Wireshark, Metasploit",excellent,auditory,security engineer,remote,excellent,yes,7,google
female,"english, sinhala, tamil",bachelor's degree,computer science,2.52,4,1,2.23,Security Engineer,"Encryption, Cloud Security, Firewalls, SIEM",moderate,kinesthetic,data scientist,hybrid,average,yes,4,none
female,"english, sinhala, tamil",bachelor's degree,software engineering,3.42,3,1,3.72,Information Security Analyst,"Networking, SIEM, Compliance, Risk Assessment",excellent,auditory,qa engineer,remote,excellent,no,12,google
male,"tamil, english",bachelor's degree,data science,4.0,1,1,2.72,Network Engineer,"VPN, Switching, Firewalls, Routing",excellent,auditory,qa engineer,remote,excellent,yes,0,azure
male,sinhala,bachelor's degree,information technology,2.4,1,1,3.55,System Administrator,"Networking, Bash, Windows Server, Linux",excellent,visual,security engineer,hybrid,poor,no,1,cisco
female,"tamil, english",bachelor's degree,cyber security,3.09,2,2,3.78,IT Support Engineer,"Windows, Troubleshooting, Networking, Ticketing Tools",excellent,auditory,systems analyst,hybrid,average,yes,11,google
male,"tamil, english",bachelor's degree,software engineering,3.49,4,2,3.3,Hardware Engineer,"Arduino, PCB Design, Embedded C, Microcontrollers",low,visual,security engineer,hybrid,excellent,yes,6,azure
male,sinhala,bachelor's degree,cyber security,3.59,4,2,2.73,QA Engineer,"Manual Testing, Jira, Test Cases, API Testing",moderate,kinesthetic,security engineer,hybrid,poor,no,3,aws
male,sinhala,bachelor's degree,computer science,4.0,4,1,3.28,Software Tester,"Bug Tracking, SQL, Test Plans, Selenium",low,auditory,systems analyst,onsite,excellent,yes,7,azure
male,"english, sinhala, tamil",bachelor's degree,cyber security,3.7,2,2,2.93,Automation Test Engineer,"Selenium, TestNG, CI/CD, Cypress",moderate,kinesthetic,software engineer,hybrid,average,yes,1,cisco
female,"english, sinhala",bachelor's degree,cyber security,2.46,4,1,2.97,UI Designer,"Figma, Photoshop, Adobe XD, UI Principles",low,kinesthetic,qa engineer,hybrid,average,yes,9,none
female,"tamil, english",bachelor's degree,data science,2.95,3,1,3.94,UX Designer,"User Research, Wireframing, Psychology, Prototyping",moderate,kinesthetic,software engineer,onsite,poor,yes,1,google
female,"sinhala, tamil",bachelor's degree,software engineering,3.39,3,1,3.18,Product Designer,"UX Research, Design Systems, UI Design, Prototyping",low,kinesthetic,software engineer,onsite,excellent,no,1,cisco
female,english,bachelor's degree,software engineering,3.12,3,1,3.22,Blockchain Developer,"Node.js, Solidity, Smart Contracts, Cryptography",excellent,kinesthetic,security engineer,remote,excellent,no,7,none
female,english,bachelor's degree,cyber security,3.42,1,1,3.09,IoT Engineer,"Raspberry Pi, C/C++, Sensors, Cloud Integration",moderate,visual,systems analyst,onsite,average,yes,2,google
male,"english, sinhala",bachelor's degree,computer science,3.57,4,2,3.97,Embedded Systems Engineer,"PCB Design, Microcontrollers, RTOS, C/C++",low,visual,qa engineer,hybrid,poor,yes,5,cisco
male,"english, sinhala, tamil",bachelor's degree,computer science,2.17,1,1,3.12,AR/VR Developer,"3D Modeling, Unreal Engine, C#, Blender",low,kinesthetic,systems analyst,onsite,average,yes,1,aws
male,sinhala,bachelor's degree,computer science,3.9,4,2,2.63,SEO Specialist,"Content Strategy, Keyword Research, SEO Tools, Backlinks",excellent,visual,systems analyst,remote,excellent,yes,5,aws
female,"tamil, english",bachelor's degree,cyber security,3.67,2,1,2.76,IT Support Specialist,"Ticketing Systems, Windows, Troubleshooting, Networking",excellent,kinesthetic,data scientist,hybrid,poor,no,5,none
male,sinhala,bachelor's degree,data science,3.88,2,1,2.27,Software Engineer,"Git, Python, Java, OOP",low,kinesthetic,data scientist,onsite,average,no,2,none
male,"english, sinhala",bachelor's degree,software engineering,2.7,1,2,3.27,Full Stack Developer,"JavaScript, Express, MongoDB, Node.js",excellent,kinesthetic,software engineer,hybrid,poor,yes,7,cisco
female,"english, sinhala, tamil",bachelor's degree,cyber security,2.76,3,2,2.31,Frontend Developer,"HTML, CSS, Tailwind CSS, JavaScript",low,visual,software engineer,remote,excellent,yes,8,cisco
female,"tamil, english",bachelor's degree,cyber security,3.62,2,1,2.57,Backend Developer,"REST API, SQL, Spring Boot, Java",low,auditory,software engineer,onsite,poor,no,7,aws
male,tamil,bachelor's degree,data science,3.06,4,1,3.15,Web Developer,"PHP, JavaScript, HTML, CSS",excellent,auditory,software engineer,hybrid,excellent,yes,11,none
female,sinhala,bachelor's degree,data science,2.85,2,2,3.8,Mobile App Developer,"Java, REST API, Kotlin, Firebase",low,auditory,software engineer,remote,poor,no,10,none
male,"english, sinhala",bachelor's degree,information technology,2.56,4,1,3.0,Data Scientist,"SQL, Python, Tableau, Machine Learning",moderate,kinesthetic,software engineer,remote,poor,no,10,azure
male,"english, sinhala, tamil",bachelor's degree,computer science,3.57,2,2,2.82,Data Analyst,"Power BI, Statistics, Excel, SQL",moderate,auditory,systems analyst,hybrid,excellent,no,0,none
male,"tamil, english",bachelor's degree,cyber security,2.76,1,1,3.86,Machine Learning Engineer,"Python, Pandas, Deep Learning, TensorFlow",excellent,auditory,qa engineer,hybrid,poor,yes,10,cisco
female,"tamil, english",bachelor's degree,cyber security,2.77,2,1,3.31,AI Engineer,"Data Processing, LLMs, TensorFlow, PyTorch",excellent,visual,security engineer,hybrid,poor,no,1,cisco
female,sinhala,bachelor's degree,computer science,2.51,3,1,2.47,BI Developer,"Excel, Power BI, ETL Tools, Tableau",low,auditory,systems analyst,remote,excellent,no,3,none
female,english,bachelor's degree,software engineering,3.71,4,1,2.39,DevOps Engineer,"Docker, CI/CD, AWS, Linux",low,kinesthetic,systems analyst,onsite,excellent,yes,9,google
male,sinhala,bachelor's degree,data science,4.0,4,1,3.49,Cloud Engineer,"Kubernetes, Azure, Terraform, GCP",moderate,auditory,qa engineer,hybrid,average,no,8,none
male,"sinhala, tamil",bachelor's degree,data science,3.27,3,1,2.93,Cloud Architect,"Networking, Security, IaC, AWS/Azure Design",excellent,auditory,devops engineer,hybrid,average,no,4,none
female,"english, sinhala, tamil",bachelor's degree,data science,3.09,4,2,3.72,Cybersecurity Analyst,"Networking, SIEM, Risk Analysis, Firewalls",low,visual,security engineer,hybrid,average,yes,12,none
female,tamil,bachelor's degree,data science,2.91,3,1,3.45,Ethical Hacker,"Kali Linux, Burp Suite, Python, Metasploit",excellent,kinesthetic,software engineer,hybrid,excellent,no,2,cisco
male,"sinhala, tamil",bachelor's degree,computer science,2.04,4,1,3.55,Security Engineer,"Linux, Firewalls, Encryption, Cloud Security",low,visual,software engineer,onsite,poor,no,1,azure
female,sinhala,bachelor's degree,information technology,2.73,4,1,2.72,Information Security Analyst,"Networking, Risk Assessment, SOC Tools, Compliance",moderate,kinesthetic,systems analyst,hybrid,average,no,1,google
male,"english, sinhala, tamil",bachelor's degree,cyber security,2.65,4,1,3.97,Network Engineer,"TCP/IP, Firewalls, VPN, Routing",excellent,visual,qa engineer,onsite,poor,yes,0,google
male,"english, sinhala, tamil",bachelor's degree,computer science,3.97,1,1,3.7,System Administrator,"Windows Server, Linux, Active Directory, Bash",excellent,kinesthetic,data scientist,onsite,average,no,1,google
male,"sinhala, tamil",bachelor's degree,cyber security,2.55,3,2,2.71,IT Support Engineer,"Troubleshooting, Ticketing Tools, Networking, Windows",moderate,kinesthetic,devops engineer,remote,excellent,no,2,aws
male,"sinhala, tamil",bachelor's degree,data science,3.88,3,1,3.13,Hardware Engineer,"Circuit Design, Microcontrollers, Arduino, Embedded C",moderate,kinesthetic,security engineer,remote,average,no,7,azure
female,english,bachelor's degree,software engineering,4.0,4,1,3.53,QA Engineer,"API Testing, Selenium, Test Cases, Manual Testing",moderate,auditory,systems analyst,hybrid,excellent,yes,5,none
female,sinhala,bachelor's degree,software engineering,2.75,1,2,3.96,Software Tester,"Selenium, Test Plans, Manual Testing, Bug Tracking",low,auditory,devops engineer,hybrid,poor,yes,5,google
female,"tamil, english",bachelor's degree,software engineering,2.57,3,1,3.61,Automation Test Engineer,"CI/CD, TestNG, Java, Cypress",excellent,visual,data scientist,onsite,excellent,no,0,cisco
male,sinhala,bachelor's degree,information technology,2.92,2,1,3.08,UI Designer,"Adobe XD, Photoshop, UI Principles, Figma",excellent,visual,security engineer,onsite,poor,no,10,azure
male,tamil,bachelor's degree,computer science,3.18,2,1,2.49,UX Designer,"UX Testing, User Research, Prototyping, Psychology",low,auditory,qa engineer,onsite,poor,no,0,aws
male,"english, sinhala",bachelor's degree,information technology,3.44,3,1,3.36,Product Designer,"UI Design, UX Research, User Flow, Prototyping",low,kinesthetic,devops engineer,onsite,average,yes,1,cisco
female,"english, sinhala, tamil",bachelor's degree,data science,2.63,3,1,3.17,Blockchain Developer,"Solidity, Node.js, Web3.js, Smart Contracts",low,visual,qa engineer,remote,average,no,12,aws
female,"english, sinhala",bachelor's degree,software engineering,2.62,1,2,3.69,IoT Engineer,"Arduino, C/C++, MQTT, Sensors",excellent,auditory,qa engineer,hybrid,excellent,no,11,aws
female,sinhala,bachelor's degree,software engineering,3.16,1,2,3.22,Embedded Systems Engineer,"IoT, PCB Design, RTOS, C/C++",excellent,auditory,qa engineer,hybrid,poor,yes,2,aws
male,english,bachelor's degree,data science,3.47,4,2,3.65,AR/VR Developer,"Unreal Engine, C#, Blender, XR SDKs",low,auditory,software engineer,hybrid,average,no,8,azure
female,english,bachelor's degree,computer science,3.88,2,1,2.83,SEO Specialist,"HTML, Backlinks, SEO Tools, Content Strategy",moderate,auditory,devops engineer,remote,excellent,yes,12,none
male,english,bachelor's degree,computer science,2.1,2,2,3.98,IT Support Specialist,"Active Directory, Windows, Ticketing Systems, Troubleshooting",excellent,kinesthetic,devops engineer,hybrid,average,yes,12,cisco
male,"tamil, english",bachelor's degree,computer science,3.9,2,2,3.78,Software Engineer,"Git, SQL, Python, OOP",excellent,auditory,security engineer,onsite,average,yes,0,google
male,"english, sinhala, tamil",bachelor's degree,data science,2.93,2,1,3.36,Full Stack Developer,"React, JavaScript, Express, MongoDB",excellent,auditory,systems analyst,hybrid,poor,yes,0,azure
male,sinhala,bachelor's degree,software engineering,3.42,1,2,2.33,Frontend Developer,"Tailwind CSS, JavaScript, CSS, TypeScript",low,auditory,devops engineer,remote,average,yes,11,aws
female,sinhala,bachelor's degree,computer science,2.94,4,1,3.18,Backend Developer,"REST API, Microservices, Java, Spring Boot",low,kinesthetic,devops engineer,hybrid,poor,yes,7,cisco
male,english,bachelor's degree,data science,3.15,2,1,3.18,Web Developer,"HTML, CSS, MySQL, Bootstrap",low,kinesthetic,software engineer,onsite,poor,no,7,google
female,"english, sinhala, tamil",bachelor's degree,cyber security,3.3,1,1,2.48,Mobile App Developer,"REST API, Firebase, Flutter, Swift",low,auditory,software engineer,remote,excellent,yes,7,google
female,sinhala,bachelor's degree,software engineering,2.54,1,1,3.69,Data Scientist,"Pandas, NumPy, Machine Learning, Python",low,kinesthetic,security engineer,remote,average,no,4,none
male,english,bachelor's degree,information technology,2.43,1,1,3.37,Data Analyst,"SQL, Data Visualization, Excel, Python",excellent,kinesthetic,data scientist,remote,poor,yes,10,cisco
male,sinhala,bachelor's degree,information technology,2.91,1,1,3.25,Machine Learning Engineer,"NumPy, TensorFlow, Pandas, Scikit-learn",excellent,visual,devops engineer,onsite,excellent,yes,4,none
male,"english, sinhala, tamil",bachelor's degree,information technology,3.04,2,1,3.32,AI Engineer,"PyTorch, NLP, Python, LLMs",excellent,kinesthetic,devops engineer,remote,average,no,7,cisco
male,"sinhala, tamil",bachelor's degree,data science,2.66,3,2,3.88,BI Developer,"SQL, Tableau, Excel, Power BI",excellent,auditory,devops engineer,onsite,poor,yes,10,cisco
male,"sinhala, tamil",bachelor's degree,computer science,3.47,1,2,2.62,DevOps Engineer,"Linux, Kubernetes, CI/CD, Jenkins",low,kinesthetic,software engineer,hybrid,average,yes,9,cisco
female,"english, sinhala",bachelor's degree,data science,4.0,4,2,3.28,Cloud Engineer,"Docker, Kubernetes, AWS, Terraform",excellent,kinesthetic,systems analyst,hybrid,average,yes,11,google
female,sinhala,bachelor's degree,data science,3.33,1,2,3.52,Cloud Architect,"Scalability, Networking, Security, AWS/Azure Design",excellent,auditory,data scientist,onsite,excellent,yes,5,none
female,tamil,bachelor's degree,software engineering,2.89,4,1,2.25,Cybersecurity Analyst,"SIEM, Linux, Firewalls, Risk Analysis",low,kinesthetic,qa engineer,hybrid,excellent,no,11,aws
female,"sinhala, tamil",bachelor's degree,data science,3.58,3,2,2.27,Ethical Hacker,"Python, Nmap, Wireshark, Kali Linux",excellent,auditory,qa engineer,onsite,excellent,no,11,cisco
male,"sinhala, tamil",bachelor's degree,software engineering,2.31,4,2,2.23,Security Engineer,"Linux, IAM, Encryption, SIEM",moderate,auditory,qa engineer,onsite,average,no,12,none
female,"sinhala, tamil",bachelor's degree,cyber security,3.36,4,2,2.93,Information Security Analyst,"Compliance, SOC Tools, SIEM, Risk Assessment",moderate,auditory,systems analyst,hybrid,excellent,no,10,aws
male,tamil,bachelor's degree,cyber security,3.57,4,1,2.82,Network Engineer,"TCP/IP, Cisco, Routing, Switching",excellent,auditory,data scientist,onsite,excellent,yes,1,none
female,"english, sinhala, tamil",bachelor's degree,information technology,2.26,2,1,3.94,System Administrator,"Virtualization, Windows Server, Networking, Active Directory",low,auditory,devops engineer,onsite,excellent,yes,6,none
male,"english, sinhala, tamil",bachelor's degree,data science,3.25,1,1,3.35,IT Support Engineer,"Hardware, Windows, Networking, Active Directory",low,auditory,qa engineer,remote,poor,yes,9,google
male,"tamil, english",bachelor's degree,cyber security,2.99,2,2,2.66,Hardware Engineer,"Circuit Design, Embedded C, Microcontrollers, Electronics",excellent,auditory,software engineer,remote,poor,yes,9,aws
male,sinhala,bachelor's degree,cyber security,3.45,4,1,3.51,QA Engineer,"Selenium, Jira, API Testing, SQL",moderate,auditory,security engineer,onsite,average,no,0,google
male,"sinhala, tamil",bachelor's degree,information technology,2.76,2,2,2.98,Software Tester,"Bug Tracking, SQL, Manual Testing, Selenium",low,auditory,systems analyst,onsite,poor,no,9,none
female,"english, sinhala, tamil",bachelor's degree,cyber security,2.31,1,1,2.88,Automation Test Engineer,"Selenium, Java, CI/CD, Python",excellent,auditory,data scientist,onsite,average,no,4,cisco
male,"english, sinhala",bachelor's degree,cyber security,2.44,2,1,2.85,UI Designer,"Photoshop, Adobe XD, UI Principles, Figma",excellent,visual,security engineer,remote,excellent,no,7,cisco
female,"english, sinhala, tamil",bachelor's degree,software engineering,3.38,3,1,2.41,UX Designer,"Figma, UX Testing, Psychology, Prototyping",low,kinesthetic,systems analyst,hybrid,excellent,yes,11,none
female,"english, sinhala",bachelor's degree,information technology,3.11,1,2,2.41,Product Designer,"Prototyping, UI Design, User Flow, UX Research",moderate,visual,systems analyst,onsite,excellent,no,9,none
female,english,bachelor's degree,data science,3.54,3,2,3.45,Blockchain Developer,"Smart Contracts, Solidity, Node.js, Ethereum",low,auditory,security engineer,onsite,poor,no,3,cisco
male,"english, sinhala",bachelor's degree,cyber security,3.21,2,1,2.38,IoT Engineer,"Cloud Integration, C/C++, Raspberry Pi, Arduino",excellent,kinesthetic,devops engineer,hybrid,excellent,no,10,cisco
female,sinhala,bachelor's degree,information technology,2.89,1,2,3.4,Embedded Systems Engineer,"IoT, PCB Design, Electronics, Microcontrollers",excellent,auditory,data scientist,onsite,excellent,no,9,aws
female,tamil,bachelor's degree,computer science,2.78,3,2,2.71,AR/VR Developer,"XR SDKs, Unreal Engine, 3D Modeling, Blender",excellent,visual,security engineer,remote,poor,yes,0,google
male,english,bachelor's degree,software engineering,3.65,2,1,2.28,SEO Specialist,"Backlinks, Google Analytics, HTML, SEO Tools",moderate,visual,devops engineer,hybrid,poor,yes,10,aws
male,"english, sinhala",bachelor's degree,data science,2.91,3,2,2.32,IT Support Specialist,"Windows, Troubleshooting, Hardware, Active Directory",moderate,auditory,security engineer,hybrid,excellent,yes,0,aws
male,"sinhala, tamil",bachelor's degree,computer science,3.11,1,1,2.72,Software Engineer,"OOP, Spring Boot, Python, SQL",moderate,visual,qa engineer,hybrid,excellent,yes,0,google
female,"english, sinhala",bachelor's degree,software engineering,2.55,1,2,2.72,Full Stack Developer,"Express, React, REST API, Node.js",excellent,visual,data scientist,hybrid,average,yes,10,azure
male,"english, sinhala",bachelor's degree,computer science,3.54,4,1,2.25,Frontend Developer,"HTML, React, CSS, Tailwind CSS",moderate,kinesthetic,devops engineer,remote,average,yes,6,google
female,"tamil, english",bachelor's degree,cyber security,3.9,3,1,3.22,Backend Developer,"Microservices, Node.js, SQL, Spring Boot",low,auditory,software engineer,hybrid,average,yes,2,aws
male,sinhala,bachelor's degree,software engineering,3.95,4,1,2.24,Web Developer,"PHP, CSS, MySQL, Bootstrap",low,visual,software engineer,onsite,average,yes,11,azure
male,tamil,bachelor's degree,data science,3.36,4,2,3.81,Mobile App Developer,"Swift, Java, Firebase, Flutter",low,auditory,devops engineer,onsite,excellent,yes,6,google
male,"english, sinhala, tamil",bachelor's degree,software engineering,2.48,2,1,2.37,Data Scientist,"Python, NumPy, Tableau, Machine Learning",low,kinesthetic,software engineer,remote,poor,yes,12,none
male,sinhala,bachelor's degree,software engineering,2.68,1,1,2.63,Data Analyst,"SQL, Power BI, Python, Statistics",moderate,auditory,systems analyst,remote,average,yes,7,aws
male,sinhala,bachelor's degree,data science,2.18,1,1,2.65,Machine Learning Engineer,"NumPy, Python, TensorFlow, Scikit-learn",excellent,kinesthetic,software engineer,hybrid,average,yes,8,google
female,"english, sinhala",bachelor's degree,software engineering,3.56,4,2,3.75,AI Engineer,"Data Processing, NLP, Python, PyTorch",low,visual,data scientist,hybrid,average,yes,4,none
male,tamil,bachelor's degree,cyber security,3.8,4,1,3.18,BI Developer,"Tableau, Power BI, Excel, DAX",moderate,visual,qa engineer,hybrid,average,yes,9,none
male,"sinhala, tamil",bachelor's degree,information technology,2.32,4,2,3.06,DevOps Engineer,"Docker, Jenkins, Kubernetes, AWS",low,kinesthetic,software engineer,hybrid,poor,no,6,aws
male,"tamil, english",bachelor's degree,computer science,2.79,4,2,2.4,Cloud Engineer,"AWS, Azure, Docker, Kubernetes",moderate,kinesthetic,devops engineer,onsite,average,yes,3,azure
male,tamil,bachelor's degree,cyber security,4.0,3,2,3.19,Cloud Architect,"Microservices, Security, Scalability, Networking",moderate,kinesthetic,devops engineer,hybrid,excellent,yes,1,azure
male,"tamil, english",bachelor's degree,cyber security,2.07,4,1,2.54,Cybersecurity Analyst,"Risk Analysis, SIEM, Python, Linux",low,kinesthetic,security engineer,onsite,excellent,no,11,google
female,"tamil, english",bachelor's degree,software engineering,3.09,1,1,3.06,Ethical Hacker,"Burp Suite, Kali Linux, Python, Metasploit",excellent,kinesthetic,software engineer,hybrid,average,yes,4,cisco
female,english,bachelor's degree,data science,2.48,4,2,3.38,Security Engineer,"IAM, Cloud Security, Encryption, Linux",moderate,kinesthetic,data scientist,hybrid,poor,no,12,azure
female,"tamil, english",bachelor's degree,information technology,3.7,1,1,3.84,Information Security Analyst,"Networking, Risk Assessment, SIEM, Incident Response",excellent,auditory,security engineer,remote,excellent,no,4,azure
male,sinhala,bachelor's degree,computer science,3.48,3,1,3.71,Network Engineer,"Switching, Cisco, Routing, TCP/IP",low,visual,devops engineer,hybrid,excellent,no,1,aws
male,"tamil, english",bachelor's degree,computer science,2.64,1,1,3.7,System Administrator,"Virtualization, Networking, Windows Server, Linux",low,kinesthetic,security engineer,onsite,poor,no,12,none
male,english,bachelor's degree,software engineering,3.8,2,2,3.17,IT Support Engineer,"Networking, Ticketing Tools, Hardware, Active Directory",excellent,visual,qa engineer,hybrid,excellent,no,1,none
male,"sinhala, tamil",bachelor's degree,data science,2.78,2,1,3.56,Hardware Engineer,"Arduino, Embedded C, PCB Design, Circuit Design",excellent,visual,systems analyst,hybrid,poor,yes,12,none
female,english,bachelor's degree,cyber security,2.02,1,2,2.23,QA Engineer,"Selenium, API Testing, SQL, Manual Testing",moderate,visual,qa engineer,onsite,average,yes,0,aws
male,"sinhala, tamil",bachelor's degree,data science,2.45,4,2,3.98,Software Tester,"Test Plans, SQL, Agile, Manual Testing",low,kinesthetic,security engineer,hybrid,average,yes,0,none
male,english,bachelor's degree,computer science,2.75,1,2,2.92,Automation Test Engineer,"CI/CD, TestNG, Selenium, Cypress",low,kinesthetic,security engineer,remote,excellent,yes,4,google
male,"tamil, english",bachelor's degree,computer science,2.9,3,2,2.53,UI Designer,"Adobe XD, UI Principles, Prototyping, Photoshop",excellent,visual,qa engineer,remote,excellent,no,11,google
male,"english, sinhala",bachelor's degree,software engineering,2.52,4,2,2.33,UX Designer,"UX Testing, Wireframing, Prototyping, User Research",moderate,auditory,systems analyst,hybrid,poor,no,11,azure
female,"english, sinhala, tamil",bachelor's degree,information technology,4.0,1,1,2.92,Product Designer,"User Flow, UX Research, UI Design, Prototyping",low,kinesthetic,devops engineer,hybrid,excellent,no,10,azure
female,"tamil, english",bachelor's degree,software engineering,3.8,2,2,3.25,Blockchain Developer,"Smart Contracts, Node.js, Ethereum, Cryptography",excellent,visual,data scientist,remote,average,no,11,azure
male,"sinhala, tamil",bachelor's degree,software engineering,3.16,1,1,3.53,IoT Engineer,"Raspberry Pi, Sensors, Cloud Integration, MQTT",moderate,visual,systems analyst,hybrid,excellent,no,12,cisco
female,sinhala,bachelor's degree,software engineering,3.91,3,2,2.82,Embedded Systems Engineer,"PCB Design, Microcontrollers, RTOS, IoT",moderate,visual,software engineer,hybrid,excellent,yes,2,azure
male,"english, sinhala",bachelor's degree,data science,3.41,2,1,2.66,AR/VR Developer,"Unreal Engine, Unity, Blender, XR SDKs",moderate,visual,devops engineer,remote,average,yes,9,none
female,"tamil, english",bachelor's degree,cyber security,3.88,2,1,2.67,SEO Specialist,"Google Analytics, Content Strategy, Keyword Research, HTML",low,auditory,qa engineer,hybrid,poor,yes,12,cisco
female,tamil,bachelor's degree,software engineering,2.84,4,1,2.27,IT Support Specialist,"Active Directory, Windows, Ticketing Systems, Troubleshooting",excellent,visual,security engineer,hybrid,poor,no,4,cisco
female,sinhala,bachelor's degree,data science,2.84,2,1,2.63,Software Engineer,"Spring Boot, Python, OOP, Java",moderate,visual,security engineer,onsite,poor,yes,4,google
female,"sinhala, tamil",bachelor's degree,software engineering,3.52,4,1,2.33,Full Stack Developer,"REST API, React, Node.js, MongoDB",moderate,visual,systems analyst,remote,excellent,yes,2,azure
male,english,bachelor's degree,software engineering,4.0,3,1,2.28,Frontend Developer,"Tailwind CSS, HTML, TypeScript, React",moderate,kinesthetic,data scientist,onsite,excellent,yes,4,google
male,english,bachelor's degree,information technology,3.65,1,1,2.98,Backend Developer,"Spring Boot, REST API, Java, Microservices",low,kinesthetic,data scientist,remote,excellent,yes,0,none
male,"english, sinhala",bachelor's degree,data science,2.9,1,2,2.75,Web Developer,"CSS, PHP, Bootstrap, JavaScript",excellent,kinesthetic,security engineer,remote,poor,yes,7,aws
male,"english, sinhala, tamil",bachelor's degree,computer science,3.87,2,2,2.22,Mobile App Developer,"Flutter, REST API, Java, Firebase",moderate,auditory,qa engineer,remote,poor,no,10,aws
female,"english, sinhala",bachelor's degree,computer science,2.23,2,1,3.92,Data Scientist,"Python, Machine Learning, Pandas, SQL",excellent,auditory,software engineer,hybrid,poor,yes,5,azure
female,english,bachelor's degree,information technology,3.17,2,2,2.74,Data Analyst,"Excel, Data Visualization, Power BI, Python",moderate,visual,data scientist,onsite,excellent,no,12,google
male,sinhala,bachelor's degree,information technology,3.41,3,1,2.2,Machine Learning Engineer,"Pandas, TensorFlow, Python, Deep Learning",moderate,auditory,devops engineer,remote,average,yes,6,cisco
female,"english, sinhala, tamil",bachelor's degree,information technology,3.2,4,1,3.07,AI Engineer,"PyTorch, Data Processing, Python, NLP",moderate,visual,security engineer,hybrid,poor,yes,8,google
male,english,bachelor's degree,data science,3.83,2,1,3.34,BI Developer,"SQL, Power BI, Tableau, DAX",moderate,visual,software engineer,remote,average,yes,1,azure
male,"english, sinhala",bachelor's degree,software engineering,3.76,3,2,3.22,DevOps Engineer,"Docker, AWS, Kubernetes, Linux",excellent,visual,software engineer,onsite,average,yes,7,cisco
female,sinhala,bachelor's degree,software engineering,2.0,3,1,2.72,Cloud Engineer,"Azure, GCP, AWS, Kubernetes",excellent,kinesthetic,data scientist,onsite,excellent,no,0,aws
male,sinhala,bachelor's degree,cyber security,3.41,2,2,2.54,Cloud Architect,"AWS/Azure Design, Scalability, IaC, Microservices",low,kinesthetic,software engineer,remote,poor,no,1,azure
female,"sinhala, tamil",bachelor's degree,computer science,3.37,3,2,3.76,Cybersecurity Analyst,"SIEM, Networking, Firewalls, Python",low,visual,data scientist,remote,excellent,yes,4,aws
male,sinhala,bachelor's degree,information technology,3.1,1,2,2.99,Ethical Hacker,"Wireshark, Kali Linux, Nmap, Burp Suite",low,visual,devops engineer,hybrid,poor,no,9,azure
female,"english, sinhala, tamil",bachelor's degree,information technology,3.16,1,1,2.63,Security Engineer,"IAM, Encryption, Cloud Security, SIEM",excellent,kinesthetic,software engineer,remote,average,yes,4,azure
male,english,bachelor's degree,information technology,2.0,3,2,2.27,Information Security Analyst,"Compliance, Risk Assessment, SIEM, Networking",low,visual,devops engineer,onsite,average,no,10,google
female,"english, sinhala, tamil",bachelor's degree,information technology,2.82,4,2,3.27,Network Engineer,"Firewalls, VPN, Cisco, Routing",excellent,auditory,qa engineer,onsite,average,yes,5,google
male,"sinhala, tamil",bachelor's degree,cyber security,2.52,4,2,3.74,System Administrator,"Active Directory, Bash, Linux, Virtualization",excellent,kinesthetic,systems analyst,onsite,poor,yes,7,azure
female,"english, sinhala, tamil",bachelor's degree,computer science,2.39,1,2,2.31,IT Support Engineer,"Windows, Networking, Troubleshooting, Hardware",moderate,visual,qa engineer,hybrid,average,no,4,google
female,english,bachelor's degree,data science,2.21,4,1,2.48,Hardware Engineer,"PCB Design, Circuit Design, Microcontrollers, Arduino",moderate,visual,qa engineer,hybrid,poor,yes,6,aws
male,"english, sinhala",bachelor's degree,data science,3.7,3,2,3.42,QA Engineer,"SQL, Selenium, Manual Testing, Test Cases",low,auditory,devops engineer,hybrid,excellent,yes,1,none
female,"english, sinhala",bachelor's degree,information technology,3.16,2,2,2.77,Software Tester,"Test Plans, SQL, Bug Tracking, Agile",excellent,auditory,qa engineer,hybrid,poor,no,0,cisco
male,english,bachelor's degree,computer science,3.67,4,2,3.76,Automation Test Engineer,"Java, CI/CD, Cypress, Selenium",moderate,auditory,qa engineer,remote,average,yes,11,none
male,sinhala,bachelor's degree,data science,2.3,2,2,3.44,UI Designer,"Photoshop, Figma, Adobe XD, Prototyping",excellent,kinesthetic,devops engineer,remote,excellent,yes,7,cisco
female,sinhala,bachelor's degree,information technology,2.74,4,1,3.67,UX Designer,"Figma, Wireframing, UX Testing, Prototyping",excellent,auditory,data scientist,remote,excellent,no,9,aws
female,english,bachelor's degree,computer science,3.89,1,2,4.0,Product Designer,"User Flow, Prototyping, Design Systems, UI Design",low,auditory,systems analyst,hybrid,average,yes,2,google
male,tamil,bachelor's degree,computer science,3.43,2,1,2.8,Blockchain Developer,"Cryptography, Ethereum, Web3.js, Solidity",low,kinesthetic,systems analyst,remote,excellent,no,4,cisco
female,"english, sinhala, tamil",bachelor's degree,cyber security,2.81,4,2,2.41,IoT Engineer,"MQTT, Raspberry Pi, Sensors, Arduino",excellent,auditory,devops engineer,hybrid,average,yes,9,google
male,english,bachelor's degree,software engineering,2.44,1,2,3.41,Embedded Systems Engineer,"IoT, C/C++, Electronics, PCB Design",low,visual,systems analyst,remote,poor,yes,10,aws
male,sinhala,bachelor's degree,software engineering,2.73,4,2,3.14,AR/VR Developer,"XR SDKs, Blender, Unity, 3D Modeling",low,visual,security engineer,remote,average,no,4,azure
female,"tamil, english",bachelor's degree,data science,3.56,3,2,3.27,SEO Specialist,"Keyword Research, HTML, Backlinks, Google Analytics",low,kinesthetic,qa engineer,hybrid,excellent,yes,12,azure
female,"tamil, english",bachelor's degree,software engineering,3.88,3,1,3.8,IT Support Specialist,"Hardware, Windows, Networking, Active Directory",low,kinesthetic,devops engineer,remote,excellent,no,0,cisco
female,"english, sinhala",bachelor's degree,software engineering,2.36,2,2,3.05,Software Engineer,"Java, Spring Boot, OOP, Git",excellent,kinesthetic,data scientist,hybrid,excellent,yes,5,aws
male,"tamil, english",bachelor's degree,software engineering,2.4,3,1,3.85,Full Stack Developer,"REST API, React, Node.js, JavaScript",excellent,kinesthetic,security engineer,remote,excellent,no,7,google
female,tamil,bachelor's degree,information technology,2.15,1,1,3.32,Frontend Developer,"TypeScript, Tailwind CSS, HTML, CSS",low,visual,systems analyst,remote,average,yes,7,azure
male,"sinhala, tamil",bachelor's degree,information technology,3.71,2,2,3.91,Backend Developer,"SQL, Java, Microservices, Spring Boot",moderate,kinesthetic,qa engineer,remote,excellent,yes,2,google
male,tamil,bachelor's degree,cyber security,3.58,2,1,2.6,Web Developer,"HTML, JavaScript, MySQL, CSS",low,auditory,systems analyst,remote,poor,no,3,cisco
female,tamil,bachelor's degree,software engineering,2.46,2,1,3.79,Mobile App Developer,"Swift, REST API, Firebase, Flutter",moderate,auditory,data scientist,hybrid,average,yes,7,none
male,sinhala,bachelor's degree,computer science,2.85,1,2,3.18,Data Scientist,"SQL, Machine Learning, NumPy, Tableau",excellent,auditory,qa engineer,onsite,poor,no,10,cisco
female,"english, sinhala, tamil",bachelor's degree,computer science,3.84,4,1,3.62,Data Analyst,"SQL, Power BI, Data Visualization, Python",excellent,auditory,qa engineer,onsite,poor,yes,11,none
male,"english, sinhala, tamil",bachelor's degree,cyber security,2.94,1,1,3.71,Machine Learning Engineer,"Scikit-learn, NumPy, Deep Learning, TensorFlow",moderate,visual,software engineer,hybrid,average,yes,0,aws
male,"english, sinhala",bachelor's degree,computer science,3.33,4,2,3.16,AI Engineer,"PyTorch, Data Processing, Python, TensorFlow",excellent,kinesthetic,systems analyst,onsite,poor,no,1,cisco
male,english,bachelor's degree,software engineering,2.8,1,1,2.82,BI Developer,"Tableau, Excel, SQL, ETL Tools",excellent,kinesthetic,qa engineer,onsite,average,yes,9,azure
female,sinhala,bachelor's degree,data science,3.7,2,2,2.72,DevOps Engineer,"CI/CD, Jenkins, Linux, Kubernetes",low,auditory,data scientist,onsite,poor,no,6,none
male,sinhala,bachelor's degree,data science,2.66,2,2,3.28,Cloud Engineer,"Azure, GCP, Terraform, Docker",low,kinesthetic,qa engineer,onsite,poor,no,6,azure
male,sinhala,bachelor's degree,information technology,3.63,1,1,2.42,Cloud Architect,"Networking, Scalability, IaC, AWS/Azure Design",low,visual,devops engineer,remote,excellent,yes,12,azure
female,"english, sinhala, tamil",bachelor's degree,software engineering,2.46,4,1,2.58,Cybersecurity Analyst,"SIEM, Risk Analysis, Python, Linux",excellent,kinesthetic,qa engineer,onsite,average,no,5,google
female,"english, sinhala, tamil",bachelor's degree,cyber security,3.09,4,2,3.31,Ethical Hacker,"Wireshark, Nmap, Python, Burp Suite",moderate,kinesthetic,software engineer,hybrid,average,yes,3,none
male,tamil,bachelor's degree,computer science,4.0,3,1,3.0,Security Engineer,"Cloud Security, Linux, SIEM, Firewalls",excellent,auditory,systems analyst,hybrid,excellent,yes,7,none
female,"sinhala, tamil",bachelor's degree,computer science,3.02,2,2,2.61,Information Security Analyst,"Compliance, Incident Response, SOC Tools, Risk Assessment",excellent,kinesthetic,qa engineer,hybrid,average,no,12,google
male,"english, sinhala",bachelor's degree,software engineering,3.45,1,1,2.51,Network Engineer,"VPN, Firewalls, Switching, Routing",moderate,visual,devops engineer,remote,average,no,3,aws
female,"sinhala, tamil",bachelor's degree,computer science,2.58,4,1,2.3,System Administrator,"Active Directory, Bash, Windows Server, Networking",moderate,visual,security engineer,remote,average,yes,10,none
female,"tamil, english",bachelor's degree,data science,3.14,4,2,3.0,IT Support Engineer,"Hardware, Windows, Ticketing Tools, Active Directory",excellent,auditory,systems analyst,remote,excellent,yes,5,google
female,tamil,bachelor's degree,cyber security,2.82,1,2,2.62,Hardware Engineer,"Microcontrollers, Circuit Design, PCB Design, Arduino",moderate,kinesthetic,qa engineer,remote,average,no,0,azure
male,"english, sinhala",bachelor's degree,computer science,3.58,1,1,2.89,QA Engineer,"Test Cases, API Testing, Manual Testing, Selenium",low,auditory,security engineer,remote,poor,no,8,azure
male,"tamil, english",bachelor's degree,data science,3.01,3,1,2.57,Software Tester,"Bug Tracking, Agile, Test Plans, Selenium",low,auditory,systems analyst,onsite,poor,no,9,google
female,"tamil, english",bachelor's degree,computer science,2.62,4,1,3.17,Automation Test Engineer,"TestNG, Java, Python, Selenium",excellent,auditory,security engineer,hybrid,average,no,7,google
female,"sinhala, tamil",bachelor's degree,software engineering,2.23,4,1,3.63,UI Designer,"Prototyping, UI Principles, Adobe XD, Photoshop",moderate,auditory,qa engineer,hybrid,average,yes,1,none
male,"english, sinhala, tamil",bachelor's degree,cyber security,3.68,4,1,3.38,UX Designer,"Prototyping, UX Testing, Psychology, Figma",moderate,kinesthetic,software engineer,hybrid,average,yes,3,aws
female,tamil,bachelor's degree,computer science,3.61,4,2,2.89,Product Designer,"UX Research, Prototyping, User Flow, Design Systems",low,kinesthetic,data scientist,hybrid,average,yes,7,azure
male,"tamil, english",bachelor's degree,cyber security,2.03,3,1,3.7,Blockchain Developer,"Cryptography, Web3.js, Smart Contracts, Solidity",excellent,kinesthetic,qa engineer,hybrid,poor,no,1,none
male,sinhala,bachelor's degree,information technology,3.2,4,1,3.99,IoT Engineer,"C/C++, Arduino, MQTT, Cloud Integration",low,auditory,devops engineer,remote,excellent,yes,7,azure
male,english,bachelor's degree,cyber security,3.19,4,1,3.44,Embedded Systems Engineer,"Microcontrollers, C/C++, Electronics, RTOS",excellent,visual,security engineer,hybrid,excellent,no,0,cisco
male,english,bachelor's degree,cyber security,3.54,1,2,2.6,AR/VR Developer,"XR SDKs, 3D Modeling, Unreal Engine, Unity",moderate,auditory,data scientist,onsite,excellent,no,6,none
male,"sinhala, tamil",bachelor's degree,data science,2.81,3,1,3.04,SEO Specialist,"HTML, Backlinks, Content Strategy, SEO Tools",excellent,visual,software engineer,onsite,excellent,yes,10,azure
female,"tamil, english",bachelor's degree,information technology,3.1,3,1,3.99,IT Support Specialist,"Windows, Networking, Troubleshooting, Ticketing Systems",low,auditory,security engineer,hybrid,excellent,yes,0,azure
female,english,bachelor's degree,data science,2.52,1,2,2.77,Software Engineer,"Spring Boot, Python, SQL, Git",low,kinesthetic,qa engineer,onsite,excellent,no,5,cisco
female,"tamil, english",bachelor's degree,computer science,3.84,1,2,2.53,Full Stack Developer,"MongoDB, Node.js, Express, React",excellent,visual,security engineer,hybrid,average,yes,1,google
male,"english, sinhala, tamil",bachelor's degree,data science,3.32,1,1,2.77,Frontend Developer,"JavaScript, TypeScript, React, CSS",moderate,kinesthetic,systems analyst,onsite,poor,no,10,none
female,"english, sinhala, tamil",bachelor's degree,information technology,3.24,2,1,3.84,Backend Developer,"Node.js, Java, SQL, Microservices",excellent,kinesthetic,security engineer,remote,excellent,yes,3,aws
male,tamil,bachelor's degree,cyber security,2.66,2,2,2.48,Web Developer,"MySQL, PHP, HTML, Bootstrap",excellent,kinesthetic,security engineer,hybrid,average,no,0,cisco
female,"tamil, english",bachelor's degree,information technology,3.85,3,1,3.15,Mobile App Developer,"Swift, REST API, Java, Flutter",low,visual,data scientist,hybrid,poor,no,0,none
male,"english, sinhala, tamil",bachelor's degree,information technology,4.0,2,1,2.94,Data Scientist,"SQL, Python, NumPy, Pandas",excellent,kinesthetic,systems analyst,onsite,average,no,5,aws
female,"sinhala, tamil",bachelor's degree,cyber security,3.85,1,2,3.98,Data Analyst,"Power BI, Python, Data Visualization, SQL",moderate,kinesthetic,data scientist,onsite,poor,yes,10,cisco
female,sinhala,bachelor's degree,computer science,2.8,2,2,3.51,Machine Learning Engineer,"Python, NumPy, TensorFlow, Deep Learning",moderate,kinesthetic,data scientist,hybrid,poor,yes,8,google
male,sinhala,bachelor's degree,software engineering,2.41,3,2,3.51,AI Engineer,"Data Processing, Python, NLP, TensorFlow",low,auditory,systems analyst,remote,poor,yes,5,google
male,"english, sinhala",bachelor's degree,computer science,3.63,3,2,3.1,BI Developer,"Tableau, SQL, Power BI, DAX",excellent,kinesthetic,software engineer,hybrid,poor,yes,8,google
male,english,bachelor's degree,data science,2.91,3,1,2.84,DevOps Engineer,"Linux, Jenkins, Docker, AWS",moderate,visual,data scientist,remote,poor,no,11,aws
female,"english, sinhala, tamil",bachelor's degree,information technology,3.51,4,1,3.82,Cloud Engineer,"Azure, Terraform, Kubernetes, GCP",low,auditory,devops engineer,onsite,poor,yes,11,google
male,"english, sinhala",bachelor's degree,cyber security,3.6,3,1,2.32,Cloud Architect,"IaC, Scalability, Security, Networking",excellent,kinesthetic,systems analyst,hybrid,excellent,no,9,aws
female,sinhala,bachelor's degree,software engineering,3.92,1,1,3.23,Cybersecurity Analyst,"Linux, Networking, Python, SIEM",moderate,visual,data scientist,hybrid,excellent,yes,1,google
male,"tamil, english",bachelor's degree,cyber security,2.57,2,1,2.85,Ethical Hacker,"Python, Burp Suite, Wireshark, Nmap",excellent,kinesthetic,systems analyst,hybrid,poor,no,0,none
female,english,bachelor's degree,software engineering,2.94,1,2,3.77,Security Engineer,"Linux, SIEM, IAM, Encryption",excellent,visual,security engineer,onsite,excellent,no,5,aws
female,"sinhala, tamil",bachelor's degree,cyber security,4.0,1,2,2.44,Information Security Analyst,"SIEM, Networking, Compliance, Incident Response",moderate,auditory,devops engineer,remote,average,no,5,cisco
female,"english, sinhala, tamil",bachelor's degree,computer science,3.52,1,1,3.84,Network Engineer,"VPN, Cisco, Switching, Firewalls",moderate,kinesthetic,security engineer,remote,excellent,no,8,aws
male,"english, sinhala",bachelor's degree,data science,2.64,1,2,3.08,System Administrator,"Active Directory, Networking, Windows Server, Virtualization",excellent,kinesthetic,software engineer,remote,average,yes,3,azure
female,english,bachelor's degree,computer science,2.28,3,2,2.71,IT Support Engineer,"Troubleshooting, Active Directory, Networking, Hardware",low,auditory,data scientist,hybrid,average,no,9,aws
male,sinhala,bachelor's degree,information technology,2.91,1,2,2.93,Hardware Engineer,"Embedded C, Circuit Design, PCB Design, Arduino",low,auditory,devops engineer,remote,average,yes,1,aws
male,"tamil, english",bachelor's degree,data science,3.01,1,2,2.75,QA Engineer,"SQL, API Testing, Jira, Selenium",moderate,kinesthetic,qa engineer,hybrid,poor,yes,7,none
male,sinhala,bachelor's degree,data science,3.55,1,1,2.4,Software Tester,"Manual Testing, Test Plans, SQL, Agile",moderate,visual,data scientist,remote,excellent,yes,1,aws
female,"english, sinhala",bachelor's degree,software engineering,3.18,1,1,3.24,Automation Test Engineer,"Selenium, Java, Cypress, TestNG",excellent,kinesthetic,security engineer,hybrid,poor,no,5,google
male,sinhala,bachelor's degree,data science,2.2,4,1,2.74,UI Designer,"Figma, UI Principles, Adobe XD, Color Theory",excellent,visual,security engineer,onsite,average,yes,9,cisco
male,"tamil, english",bachelor's degree,computer science,2.52,2,1,3.11,UX Designer,"UX Testing, Figma, Psychology, Wireframing",moderate,visual,software engineer,remote,poor,yes,2,google
male,"sinhala, tamil",bachelor's degree,cyber security,3.72,2,1,3.59,Product Designer,"Figma, UX Research, UI Design, Design Systems",excellent,auditory,security engineer,remote,excellent,no,6,google
female,english,bachelor's degree,cyber security,2.83,2,2,2.59,Blockchain Developer,"Solidity, Ethereum, Smart Contracts, Web3.js",low,auditory,qa engineer,onsite,excellent,yes,4,azure
male,english,bachelor's degree,software engineering,3.6,3,1,3.24,IoT Engineer,"Raspberry Pi, Cloud Integration, C/C++, Sensors",moderate,kinesthetic,devops engineer,hybrid,excellent,yes,6,azure
female,sinhala,bachelor's degree,computer science,3.03,1,1,3.41,Embedded Systems Engineer,"C/C++, Microcontrollers, IoT, PCB Design",excellent,kinesthetic,systems analyst,onsite,average,no,10,azure
female,tamil,bachelor's degree,information technology,2.39,4,2,2.97,AR/VR Developer,"Blender, C#, 3D Modeling, XR SDKs",low,visual,security engineer,hybrid,poor,yes,2,google
female,english,bachelor's degree,data science,2.93,1,1,3.56,SEO Specialist,"HTML, Keyword Research, Backlinks, Content Strategy",excellent,auditory,systems analyst,onsite,average,yes,11,google
female,sinhala,bachelor's degree,information technology,2.27,2,1,3.04,IT Support Specialist,"Networking, Windows, Troubleshooting, Active Directory",low,kinesthetic,software engineer,remote,average,yes,0,azure
female,sinhala,bachelor's degree,cyber security,2.18,3,2,3.7,Software Engineer,"Spring Boot, Python, SQL, OOP",moderate,kinesthetic,security engineer,remote,poor,no,9,none
male,tamil,bachelor's degree,computer science,2.43,1,2,2.55,Full Stack Developer,"MongoDB, REST API, Express, Node.js",excellent,kinesthetic,systems analyst,remote,poor,no,10,cisco
male,"tamil, english",bachelor's degree,information technology,2.56,4,2,3.93,Frontend Developer,"TypeScript, React, CSS, JavaScript",moderate,visual,devops engineer,remote,poor,yes,3,none
female,sinhala,bachelor's degree,information technology,2.89,3,1,3.11,Backend Developer,"SQL, Microservices, REST API, Java",excellent,auditory,devops engineer,onsite,poor,yes,1,aws
male,sinhala,bachelor's degree,computer science,2.69,2,2,2.42,Web Developer,"HTML, CSS, Bootstrap, PHP",low,auditory,devops engineer,hybrid,average,no,7,aws
male,tamil,bachelor's degree,cyber security,2.74,1,2,3.84,Mobile App Developer,"Swift, Kotlin, Java, Flutter",excellent,auditory,security engineer,hybrid,average,yes,11,azure
male,"english, sinhala",bachelor's degree,data science,2.52,4,1,3.13,Data Scientist,"Python, NumPy, Machine Learning, Tableau",low,visual,security engineer,onsite,excellent,yes,0,aws
female,"sinhala, tamil",bachelor's degree,data science,2.3,1,2,2.92,Data Analyst,"Data Visualization, Python, Power BI, SQL",moderate,kinesthetic,security engineer,hybrid,excellent,no,6,google
male,tamil,bachelor's degree,information technology,3.98,4,1,2.5,Machine Learning Engineer,"Python, Pandas, NumPy, Scikit-learn",moderate,visual,security engineer,onsite,average,yes,7,aws
male,"english, sinhala, tamil",bachelor's degree,data science,3.47,1,2,3.79,AI Engineer,"Data Processing, PyTorch, Python, LLMs",excellent,kinesthetic,data scientist,hybrid,excellent,yes,10,cisco
male,"english, sinhala, tamil",bachelor's degree,cyber security,3.78,1,2,2.29,BI Developer,"SQL, Tableau, Excel, ETL Tools",low,auditory,qa engineer,remote,excellent,no,9,none
male,"english, sinhala",bachelor's degree,data science,2.86,4,1,2.7,DevOps Engineer,"Kubernetes, CI/CD, Jenkins, Linux",excellent,auditory,systems analyst,hybrid,excellent,yes,4,none
female,english,bachelor's degree,computer science,3.04,3,2,2.43,Cloud Engineer,"Azure, GCP, Docker, Terraform",moderate,visual,systems analyst,onsite,average,no,12,aws
male,"tamil, english",bachelor's degree,cyber security,2.91,4,2,2.58,Cloud Architect,"AWS/Azure Design, Networking, IaC, Microservices",moderate,kinesthetic,devops engineer,onsite,poor,no,10,google
female,"english, sinhala",bachelor's degree,data science,3.65,1,1,3.63,Cybersecurity Analyst,"Risk Analysis, Networking, Firewalls, Python",moderate,kinesthetic,qa engineer,hybrid,excellent,no,11,azure
male,"tamil, english",bachelor's degree,data science,3.27,4,2,3.8,Ethical Hacker,"Wireshark, Python, Kali Linux, Metasploit",moderate,visual,systems analyst,hybrid,average,no,8,google
male,"english, sinhala, tamil",bachelor's degree,software engineering,3.17,2,2,3.59,Security Engineer,"SIEM, Firewalls, Cloud Security, IAM",excellent,visual,systems analyst,hybrid,excellent,no,5,google
male,"english, sinhala",bachelor's degree,information technology,2.54,3,1,3.22,Information Security Analyst,"Compliance, Networking, SOC Tools, SIEM",low,auditory,devops engineer,hybrid,average,no,9,azure
female,"english, sinhala",bachelor's degree,data science,2.85,3,1,3.32,Network Engineer,"Switching, Routing, TCP/IP, Cisco",low,auditory,systems analyst,hybrid,poor,yes,2,azure
female,"english, sinhala",bachelor's degree,computer science,2.39,1,2,3.82,System Administrator,"Networking, Virtualization, Bash, Linux",low,auditory,systems analyst,remote,excellent,no,1,azure
female,sinhala,bachelor's degree,computer science,3.14,1,1,2.71,IT Support Engineer,"Networking, Troubleshooting, Active Directory, Windows",low,auditory,security engineer,onsite,excellent,no,1,none
male,"english, sinhala",bachelor's degree,computer science,3.68,3,2,2.63,Hardware Engineer,"Electronics, Arduino, Embedded C, Circuit Design",moderate,auditory,data scientist,hybrid,poor,no,7,azure
female,sinhala,bachelor's degree,information technology,2.91,3,2,3.45,QA Engineer,"SQL, Selenium, API Testing, Test Cases",excellent,visual,devops engineer,remote,poor,no,11,aws
male,"sinhala, tamil",bachelor's degree,software engineering,2.64,2,1,2.77,Software Tester,"Agile, Manual Testing, Bug Tracking, SQL",excellent,visual,qa engineer,hybrid,excellent,yes,5,none
female,sinhala,bachelor's degree,data science,2.76,2,1,3.64,Automation Test Engineer,"CI/CD, Cypress, TestNG, Java",moderate,auditory,systems analyst,hybrid,average,no,9,azure
female,english,bachelor's degree,data science,2.95,1,2,2.97,UI Designer,"Figma, Adobe XD, Color Theory, Prototyping",low,visual,devops engineer,remote,average,yes,0,azure
male,english,bachelor's degree,computer science,2.35,3,1,2.2,UX Designer,"Figma, Wireframing, UX Testing, User Research",low,visual,data scientist,onsite,excellent,no,7,azure
male,sinhala,bachelor's degree,information technology,3.05,2,2,2.46,Product Designer,"Design Systems, Prototyping, UX Research, Figma",excellent,kinesthetic,software engineer,hybrid,excellent,no,10,aws
female,"tamil, english",bachelor's degree,cyber security,3.68,1,2,2.61,Blockchain Developer,"Smart Contracts, Solidity, Web3.js, Ethereum",moderate,kinesthetic,systems analyst,remote,poor,no,11,aws
male,"tamil, english",bachelor's degree,information technology,2.1,2,1,2.77,IoT Engineer,"Cloud Integration, Arduino, Raspberry Pi, Sensors",moderate,kinesthetic,devops engineer,onsite,poor,no,5,cisco
male,sinhala,bachelor's degree,computer science,2.54,2,1,3.58,Embedded Systems Engineer,"PCB Design, RTOS, Electronics, C/C++",excellent,visual,software engineer,remote,poor,no,5,cisco
male,tamil,bachelor's degree,information technology,3.57,2,1,2.53,AR/VR Developer,"Unity, 3D Modeling, XR SDKs, C#",low,auditory,security engineer,hybrid,poor,yes,6,azure
female,"english, sinhala",bachelor's degree,cyber security,3.72,2,1,3.94,SEO Specialist,"Backlinks, Google Analytics, Content Strategy, SEO Tools",excellent,visual,software engineer,remote,poor,no,1,none
female,"sinhala, tamil",bachelor's degree,software engineering,2.68,4,2,2.27,IT Support Specialist,"Active Directory, Windows, Hardware, Networking",moderate,auditory,software engineer,remote,average,no,9,azure
female,"tamil, english",bachelor's degree,information technology,3.69,1,1,2.44,Software Engineer,"OOP, SQL, Git, Python",excellent,kinesthetic,systems analyst,hybrid,average,no,2,cisco
male,"english, sinhala, tamil",bachelor's degree,software engineering,3.01,2,2,2.21,Full Stack Developer,"REST API, MongoDB, Node.js, JavaScript",excellent,kinesthetic,security engineer,hybrid,poor,no,11,azure
male,sinhala,bachelor's degree,information technology,2.55,4,2,2.9,Frontend Developer,"HTML, React, Tailwind CSS, CSS",low,auditory,data scientist,onsite,poor,yes,2,google
male,tamil,bachelor's degree,information technology,3.64,4,1,3.57,Backend Developer,"SQL, Java, Spring Boot, Node.js",moderate,kinesthetic,software engineer,onsite,poor,yes,6,aws
male,sinhala,bachelor's degree,software engineering,3.06,3,2,2.98,Web Developer,"HTML, PHP, JavaScript, MySQL",low,visual,security engineer,remote,poor,no,2,google
female,tamil,bachelor's degree,software engineering,3.18,2,2,2.82,Mobile App Developer,"Swift, Java, Firebase, REST API",moderate,visual,security engineer,remote,average,yes,6,none
male,"sinhala, tamil",bachelor's degree,cyber security,2.58,2,2,2.84,Data Scientist,"Machine Learning, NumPy, Pandas, SQL",moderate,kinesthetic,qa engineer,remote,excellent,no,11,google
female,tamil,bachelor's degree,computer science,3.06,3,1,3.96,Data Analyst,"Power BI, Data Visualization, Python, Excel",moderate,kinesthetic,software engineer,remote,excellent,no,12,google
female,english,bachelor's degree,data science,4.0,3,2,2.88,Machine Learning Engineer,"Deep Learning, Pandas, Python, NumPy",low,visual,qa engineer,remote,excellent,no,0,cisco
female,"sinhala, tamil",bachelor's degree,computer science,2.86,4,1,3.76,AI Engineer,"TensorFlow, PyTorch, NLP, Python",low,visual,software engineer,remote,average,yes,7,none
male,tamil,bachelor's degree,cyber security,3.0,4,1,2.81,BI Developer,"DAX, Power BI, Excel, SQL",low,kinesthetic,devops engineer,remote,excellent,no,3,azure
male,"tamil, english",bachelor's degree,software engineering,4.0,2,1,3.71,DevOps Engineer,"Linux, Docker, AWS, Kubernetes",low,visual,qa engineer,remote,poor,no,6,aws
male,"sinhala, tamil",bachelor's degree,data science,2.64,2,1,2.21,Cloud Engineer,"Kubernetes, Terraform, GCP, AWS",excellent,auditory,data scientist,remote,excellent,yes,4,azure
male,"sinhala, tamil",bachelor's degree,computer science,3.43,3,1,3.45,Cloud Architect,"AWS/Azure Design, Scalability, Networking, IaC",moderate,kinesthetic,systems analyst,remote,excellent,no,2,aws
female,sinhala,bachelor's degree,cyber security,3.01,2,1,3.42,Cybersecurity Analyst,"Linux, Risk Analysis, Networking, Python",excellent,visual,qa engineer,onsite,excellent,no,2,aws
male,"sinhala, tamil",bachelor's degree,information technology,3.26,1,1,3.3,Ethical Hacker,"Python, Wireshark, Nmap, Burp Suite",excellent,visual,software engineer,remote,poor,no,9,aws
female,"sinhala, tamil",bachelor's degree,data science,2.75,4,2,2.83,Security Engineer,"IAM, Encryption, SIEM, Cloud Security",moderate,visual,software engineer,onsite,poor,yes,8,none
female,tamil,bachelor's degree,software engineering,2.38,1,1,3.37,Information Security Analyst,"Risk Assessment, SIEM, Incident Response, Compliance",moderate,kinesthetic,security engineer,hybrid,poor,no,5,google
male,"sinhala, tamil",bachelor's degree,data science,2.66,4,1,3.67,Network Engineer,"VPN, Switching, TCP/IP, Routing",low,auditory,software engineer,hybrid,poor,yes,11,azure
male,english,bachelor's degree,cyber security,2.65,2,2,3.45,System Administrator,"Linux, Virtualization, Active Directory, Windows Server",low,auditory,data scientist,hybrid,excellent,yes,10,none
female,"sinhala, tamil",bachelor's degree,computer science,3.33,1,2,2.78,IT Support Engineer,"Troubleshooting, Networking, Active Directory, Windows",excellent,visual,systems analyst,hybrid,poor,no,5,none
female,"sinhala, tamil",bachelor's degree,cyber security,3.07,1,1,3.28,Hardware Engineer,"Circuit Design, Embedded C, Microcontrollers, Arduino",moderate,kinesthetic,software engineer,hybrid,average,no,6,google
female,tamil,bachelor's degree,computer science,3.9,4,2,3.36,QA Engineer,"Test Cases, Selenium, Jira, API Testing",excellent,auditory,qa engineer,onsite,poor,no,10,google
female,"english, sinhala",bachelor's degree,software engineering,2.57,3,2,2.75,Software Tester,"SQL, Manual Testing, Test Plans, Bug Tracking",low,visual,security engineer,hybrid,average,no,12,azure
female,sinhala,bachelor's degree,data science,3.43,4,2,3.71,Automation Test Engineer,"Selenium, Cypress, Python, Java",low,kinesthetic,systems analyst,hybrid,average,no,0,none
male,"english, sinhala, tamil",bachelor's degree,computer science,2.5,3,2,2.55,UI Designer,"UI Principles, Figma, Prototyping, Color Theory",moderate,visual,security engineer,remote,average,no,12,cisco
female,sinhala,bachelor's degree,computer science,3.37,4,2,2.59,UX Designer,"User Research, UX Testing, Figma, Psychology",excellent,kinesthetic,devops engineer,onsite,average,yes,0,azure
female,"tamil, english",bachelor's degree,information technology,3.52,3,2,3.97,Product Designer,"User Flow, Design Systems, Figma, UX Research",low,visual,security engineer,remote,average,no,10,none
male,"sinhala, tamil",bachelor's degree,software engineering,2.58,1,1,2.23,Blockchain Developer,"Solidity, Cryptography, Node.js, Ethereum",excellent,visual,systems analyst,remote,poor,yes,9,cisco
female,"tamil, english",bachelor's degree,computer science,2.81,2,2,3.41,IoT Engineer,"Sensors, C/C++, Arduino, Cloud Integration",low,visual,software engineer,onsite,average,yes,10,none
female,"english, sinhala, tamil",bachelor's degree,cyber security,3.82,1,1,3.32,Embedded Systems Engineer,"Electronics, PCB Design, Microcontrollers, C/C++",low,auditory,qa engineer,hybrid,poor,yes,10,cisco
male,"english, sinhala, tamil",bachelor's degree,data science,3.14,2,1,2.79,AR/VR Developer,"Unreal Engine, Blender, 3D Modeling, XR SDKs",low,visual,software engineer,onsite,average,no,9,aws
female,tamil,bachelor's degree,data science,2.75,2,1,2.47,SEO Specialist,"HTML, Backlinks, Google Analytics, Keyword Research",low,kinesthetic,data scientist,remote,average,yes,0,google
male,"sinhala, tamil",bachelor's degree,data science,3.56,3,2,3.03,IT Support Specialist,"Troubleshooting, Windows, Hardware, Active Directory",low,kinesthetic,devops engineer,hybrid,poor,yes,1,google
male,"english, sinhala, tamil",bachelor's degree,software engineering,2.46,3,1,3.12,Software Engineer,"Java, Python, Spring Boot, Git",moderate,kinesthetic,data scientist,onsite,excellent,no,2,azure
male,"tamil, english",bachelor's degree,computer science,2.55,4,2,3.01,Full Stack Developer,"JavaScript, MongoDB, Node.js, React",moderate,visual,qa engineer,hybrid,poor,yes,8,none
male,"english, sinhala",bachelor's degree,cyber security,3.14,1,1,3.22,Frontend Developer,"CSS, TypeScript, HTML, JavaScript",low,auditory,systems analyst,remote,average,no,4,none
male,"english, sinhala",bachelor's degree,computer science,2.57,3,2,3.53,Backend Developer,"Microservices, REST API, Spring Boot, Java",moderate,visual,devops engineer,hybrid,poor,yes,2,none
female,"english, sinhala",bachelor's degree,software engineering,2.44,4,2,2.72,Web Developer,"JavaScript, MySQL, PHP, Bootstrap",low,kinesthetic,software engineer,hybrid,excellent,yes,2,aws
male,"english, sinhala, tamil",bachelor's degree,software engineering,2.79,3,2,3.3,Mobile App Developer,"REST API, Swift, Firebase, Java",moderate,kinesthetic,security engineer,onsite,average,yes,12,google
female,"english, sinhala, tamil",bachelor's degree,data science,3.34,2,1,2.85,Data Scientist,"Pandas, Machine Learning, Python, NumPy",excellent,auditory,software engineer,remote,average,yes,5,none
female,sinhala,bachelor's degree,information technology,3.5,3,1,3.58,Data Analyst,"Excel, Statistics, Power BI, Data Visualization",low,auditory,data scientist,onsite,average,no,0,cisco
female,"english, sinhala, tamil",bachelor's degree,cyber security,2.9,1,2,2.88,Machine Learning Engineer,"Python, NumPy, Pandas, TensorFlow",excellent,visual,qa engineer,onsite,poor,no,6,cisco
male,"sinhala, tamil",bachelor's degree,information technology,2.82,1,1,2.28,AI Engineer,"LLMs, Data Processing, PyTorch, TensorFlow",low,kinesthetic,data scientist,onsite,poor,yes,10,none
female,"sinhala, tamil",bachelor's degree,information technology,3.51,4,2,2.52,BI Developer,"SQL, ETL Tools, Tableau, Excel",excellent,kinesthetic,security engineer,onsite,poor,yes,3,cisco
male,english,bachelor's degree,cyber security,3.88,3,1,2.53,DevOps Engineer,"Kubernetes, Jenkins, Linux, CI/CD",moderate,auditory,software engineer,onsite,poor,yes,1,cisco
male,english,bachelor's degree,software engineering,2.52,4,2,2.27,Cloud Engineer,"Docker, Terraform, GCP, Azure",excellent,auditory,systems analyst,remote,average,no,4,cisco
male,"tamil, english",bachelor's degree,data science,3.17,2,1,3.37,Cloud Architect,"Microservices, Scalability, AWS/Azure Design, Networking",low,kinesthetic,qa engineer,onsite,poor,no,7,google
male,"english, sinhala",bachelor's degree,software engineering,3.17,4,2,2.28,Cybersecurity Analyst,"Firewalls, Networking, Python, Linux",excellent,visual,data scientist,hybrid,average,no,9,none
female,sinhala,bachelor's degree,data science,3.44,4,1,3.81,Ethical Hacker,"Kali Linux, Wireshark, Burp Suite, Nmap",excellent,auditory,data scientist,remote,average,yes,10,cisco
male,"english, sinhala",bachelor's degree,data science,3.9,2,2,3.81,Security Engineer,"Linux, IAM, SIEM, Encryption",excellent,kinesthetic,software engineer,hybrid,excellent,no,3,google
female,"english, sinhala, tamil",bachelor's degree,computer science,3.2,1,1,3.11,Information Security Analyst,"Networking, Incident Response, SOC Tools, SIEM",excellent,visual,data scientist,hybrid,excellent,yes,1,cisco
female,tamil,bachelor's degree,cyber security,2.12,2,2,3.77,Network Engineer,"Switching, Cisco, Firewalls, VPN",moderate,auditory,systems analyst,hybrid,average,yes,2,azure
male,"sinhala, tamil",bachelor's degree,data science,2.61,3,1,2.43,System Administrator,"Virtualization, Networking, Active Directory, Bash",excellent,visual,data scientist,onsite,excellent,yes,7,azure
male,sinhala,bachelor's degree,information technology,3.73,2,2,3.38,IT Support Engineer,"Troubleshooting, Active Directory, Windows, Ticketing Tools",moderate,kinesthetic,qa engineer,onsite,excellent,yes,10,azure
male,sinhala,bachelor's degree,cyber security,3.27,2,1,3.77,Hardware Engineer,"Electronics, Arduino, Embedded C, PCB Design",low,auditory,data scientist,onsite,excellent,yes,1,google
female,"english, sinhala, tamil",bachelor's degree,computer science,2.13,3,1,2.32,QA Engineer,"API Testing, Jira, SQL, Test Cases",low,auditory,devops engineer,hybrid,excellent,no,10,aws
male,"english, sinhala, tamil",bachelor's degree,information technology,3.59,2,1,2.33,Software Tester,"Bug Tracking, SQL, Manual Testing, Agile",moderate,kinesthetic,qa engineer,hybrid,excellent,no,11,none
male,"english, sinhala",bachelor's degree,data science,3.09,1,2,2.38,Automation Test Engineer,"Java, Selenium, TestNG, Cypress",excellent,kinesthetic,devops engineer,remote,excellent,yes,2,cisco
male,"english, sinhala",bachelor's degree,computer science,2.57,2,2,2.24,UI Designer,"Prototyping, Color Theory, Photoshop, Figma",excellent,visual,qa engineer,onsite,poor,no,4,aws
male,sinhala,bachelor's degree,software engineering,3.55,2,2,2.31,UX Designer,"Wireframing, Prototyping, Figma, Psychology",low,kinesthetic,security engineer,remote,excellent,no,6,aws
female,"english, sinhala, tamil",bachelor's degree,information technology,2.81,3,1,2.31,Product Designer,"User Flow, UX Research, Prototyping, Figma",excellent,auditory,data scientist,onsite,excellent,yes,12,aws
male,"tamil, english",bachelor's degree,data science,3.67,3,2,2.22,Blockchain Developer,"Web3.js, Node.js, Cryptography, Smart Contracts",excellent,auditory,systems analyst,remote,excellent,yes,6,azure
female,sinhala,bachelor's degree,cyber security,3.38,1,2,2.62,IoT Engineer,"C/C++, MQTT, Arduino, Sensors",moderate,visual,systems analyst,onsite,average,yes,2,cisco
female,"english, sinhala, tamil",bachelor's degree,cyber security,2.77,2,1,3.69,Embedded Systems Engineer,"PCB Design, IoT, Microcontrollers, C/C++",excellent,kinesthetic,devops engineer,hybrid,poor,yes,11,azure
female,tamil,bachelor's degree,computer science,3.85,4,1,3.22,AR/VR Developer,"3D Modeling, Unity, XR SDKs, Unreal Engine",low,kinesthetic,data scientist,hybrid,excellent,yes,1,cisco
male,"sinhala, tamil",bachelor's degree,data science,3.29,4,2,2.83,SEO Specialist,"Keyword Research, Backlinks, SEO Tools, HTML",moderate,kinesthetic,data scientist,hybrid,average,yes,0,none
male,"english, sinhala",bachelor's degree,cyber security,3.31,3,2,2.69,IT Support Specialist,"Windows, Active Directory, Networking, Ticketing Systems",moderate,auditory,systems analyst,remote,excellent,yes,4,cisco
male,"tamil, english",bachelor's degree,software engineering,3.0,1,2,3.34,Software Engineer,"OOP, SQL, Git, Java",moderate,auditory,systems analyst,hybrid,average,no,6,google
female,english,bachelor's degree,data science,2.34,3,1,2.55,Full Stack Developer,"JavaScript, React, Node.js, Express",excellent,kinesthetic,devops engineer,hybrid,poor,no,6,none
male,"english, sinhala, tamil",bachelor's degree,computer science,2.04,2,2,2.39,Frontend Developer,"HTML, CSS, TypeScript, React",excellent,kinesthetic,data scientist,hybrid,average,no,10,aws
female,"english, sinhala, tamil",bachelor's degree,information technology,2.84,4,1,2.49,Backend Developer,"SQL, Microservices, Java, Node.js",moderate,visual,software engineer,hybrid,excellent,yes,8,cisco
female,"english, sinhala",bachelor's degree,information technology,3.27,2,1,2.98,Web Developer,"Bootstrap, HTML, JavaScript, PHP",low,auditory,systems analyst,remote,average,no,2,aws
male,tamil,bachelor's degree,data science,3.21,1,1,2.98,Mobile App Developer,"REST API, Java, Kotlin, Firebase",excellent,visual,qa engineer,hybrid,excellent,yes,2,azure
male,"tamil, english",bachelor's degree,data science,2.22,3,2,3.06,Data Scientist,"SQL, Python, Tableau, Pandas",moderate,auditory,devops engineer,remote,poor,yes,10,cisco
female,english,bachelor's degree,computer science,3.57,4,1,2.77,Data Analyst,"Python, SQL, Statistics, Excel",excellent,visual,qa engineer,onsite,poor,yes,10,azure
female,tamil,bachelor's degree,information technology,2.56,2,1,3.52,Machine Learning Engineer,"Scikit-learn, Python, TensorFlow, Deep Learning",excellent,auditory,qa engineer,onsite,poor,no,8,aws
female,"english, sinhala, tamil",bachelor's degree,cyber security,2.54,1,1,3.92,AI Engineer,"TensorFlow, PyTorch, LLMs, NLP",moderate,visual,security engineer,hybrid,excellent,yes,2,azure
male,"sinhala, tamil",bachelor's degree,information technology,3.5,3,2,2.31,BI Developer,"Tableau, ETL Tools, Excel, DAX",excellent,visual,security engineer,onsite,excellent,no,7,azure
male,"sinhala, tamil",bachelor's degree,information technology,2.08,1,2,3.8,DevOps Engineer,"AWS, Linux, Jenkins, CI/CD",moderate,kinesthetic,data scientist,hybrid,excellent,yes,2,none
female,"sinhala, tamil",bachelor's degree,data science,3.94,3,2,3.87,Cloud Engineer,"Kubernetes, Terraform, GCP, AWS",low,kinesthetic,security engineer,hybrid,poor,no,0,google
male,tamil,bachelor's degree,computer science,2.89,4,2,3.62,Cloud Architect,"Microservices, Scalability, Networking, Security",low,visual,devops engineer,hybrid,excellent,no,4,azure
female,tamil,bachelor's degree,computer science,2.5,2,2,2.27,Cybersecurity Analyst,"Networking, SIEM, Risk Analysis, Python",excellent,auditory,qa engineer,onsite,excellent,yes,1,none
male,"english, sinhala, tamil",bachelor's degree,cyber security,3.51,1,2,2.56,Ethical Hacker,"Burp Suite, Python, Wireshark, Nmap",excellent,kinesthetic,data scientist,hybrid,poor,no,2,none
female,english,bachelor's degree,data science,3.58,3,2,3.11,Security Engineer,"Cloud Security, Encryption, Linux, Firewalls",excellent,visual,devops engineer,onsite,excellent,yes,2,azure
female,tamil,bachelor's degree,cyber security,4.0,3,2,2.37,Information Security Analyst,"Compliance, SOC Tools, Incident Response, Risk Assessment",excellent,visual,data scientist,remote,poor,yes,1,google
male,sinhala,bachelor's degree,data science,2.96,3,2,3.53,Network Engineer,"Routing, TCP/IP, Switching, Cisco",excellent,visual,devops engineer,hybrid,poor,yes,5,cisco
male,sinhala,bachelor's degree,cyber security,3.67,1,2,3.88,System Administrator,"Bash, Networking, Active Directory, Linux",low,visual,security engineer,remote,average,yes,5,azure
male,"english, sinhala",bachelor's degree,software engineering,3.43,3,1,2.54,IT Support Engineer,"Networking, Windows, Troubleshooting, Active Directory",low,visual,qa engineer,hybrid,poor,yes,12,google
male,tamil,bachelor's degree,software engineering,2.78,2,1,3.02,Hardware Engineer,"PCB Design, Arduino, Electronics, Circuit Design",moderate,visual,devops engineer,remote,excellent,no,10,none
female,"tamil, english",bachelor's degree,computer science,2.81,2,1,3.07,QA Engineer,"Test Cases, SQL, Jira, API Testing",excellent,visual,data scientist,remote,poor,yes,3,none
male,"tamil, english",bachelor's degree,cyber security,3.96,4,2,2.91,Software Tester,"Manual Testing, Test Plans, Selenium, Bug Tracking",excellent,auditory,data scientist,onsite,poor,yes,10,cisco
male,sinhala,bachelor's degree,software engineering,2.44,3,1,3.89,Automation Test Engineer,"Python, CI/CD, Java, Cypress",moderate,auditory,software engineer,onsite,poor,no,4,google
female,english,bachelor's degree,computer science,2.36,3,1,2.7,UI Designer,"UI Principles, Prototyping, Adobe XD, Figma",moderate,auditory,systems analyst,remote,excellent,yes,7,azure
female,tamil,bachelor's degree,cyber security,3.19,4,1,2.98,UX Designer,"Prototyping, Wireframing, Psychology, User Research",low,visual,software engineer,onsite,excellent,no,5,azure
male,"sinhala, tamil",bachelor's degree,information technology,3.07,3,1,3.64,Product Designer,"Figma, UX Research, Design Systems, User Flow",low,auditory,devops engineer,remote,average,no,6,none
male,tamil,bachelor's degree,information technology,2.75,4,1,3.22,Blockchain Developer,"Cryptography, Smart Contracts, Ethereum, Solidity",excellent,auditory,systems analyst,onsite,average,yes,1,aws
male,english,bachelor's degree,software engineering,3.96,1,2,2.22,IoT Engineer,"Cloud Integration, C/C++, Sensors, Raspberry Pi",excellent,visual,devops engineer,remote,excellent,yes,2,aws
female,"english, sinhala, tamil",bachelor's degree,information technology,3.92,3,2,2.93,Embedded Systems Engineer,"C/C++, PCB Design, Microcontrollers, RTOS",moderate,kinesthetic,systems analyst,remote,poor,yes,1,cisco
male,"english, sinhala, tamil",bachelor's degree,information technology,2.75,1,1,2.38,AR/VR Developer,"Unreal Engine, Blender, XR SDKs, C#",low,kinesthetic,systems analyst,remote,poor,yes,5,none
female,sinhala,bachelor's degree,cyber security,2.04,2,1,3.1,SEO Specialist,"Content Strategy, Google Analytics, SEO Tools, Backlinks",moderate,auditory,security engineer,remote,poor,yes,10,google
male,english,bachelor's degree,information technology,3.1,3,2,3.92,IT Support Specialist,"Troubleshooting, Networking, Hardware, Windows",low,kinesthetic,security engineer,hybrid,excellent,no,3,aws
female,"english, sinhala",bachelor's degree,data science,2.67,4,2,2.84,Software Engineer,"SQL, OOP, Git, Java",low,auditory,security engineer,remote,excellent,no,7,aws
female,"sinhala, tamil",bachelor's degree,information technology,3.9,2,2,2.91,Full Stack Developer,"REST API, Node.js, JavaScript, MongoDB",moderate,auditory,security engineer,remote,average,yes,12,cisco
male,tamil,bachelor's degree,cyber security,2.24,2,1,3.4,Frontend Developer,"CSS, HTML, TypeScript, JavaScript",excellent,visual,software engineer,remote,average,no,0,cisco
male,english,bachelor's degree,software engineering,2.44,4,1,2.7,Backend Developer,"Node.js, SQL, Spring Boot, Java",low,visual,devops engineer,onsite,excellent,no,12,aws
male,tamil,bachelor's degree,information technology,3.04,2,1,3.14,Web Developer,"CSS, MySQL, JavaScript, PHP",low,visual,qa engineer,hybrid,poor,yes,8,cisco
female,"tamil, english",bachelor's degree,cyber security,2.45,4,2,2.3,Mobile App Developer,"Flutter, Firebase, Swift, Java",moderate,visual,qa engineer,hybrid,excellent,no,0,none
male,english,bachelor's degree,data science,2.98,1,1,3.0,Data Scientist,"SQL, Tableau, NumPy, Pandas",low,kinesthetic,software engineer,hybrid,excellent,yes,7,none
female,sinhala,bachelor's degree,computer science,3.99,4,2,3.5,Data Analyst,"Data Visualization, Excel, Python, Power BI",low,visual,devops engineer,remote,excellent,yes,6,cisco
female,"sinhala, tamil",bachelor's degree,software engineering,2.85,1,1,2.87,Machine Learning Engineer,"Scikit-learn, TensorFlow, Deep Learning, Pandas",excellent,kinesthetic,systems analyst,remote,poor,no,6,azure
female,english,bachelor's degree,data science,3.33,3,2,3.0,AI Engineer,"TensorFlow, Python, LLMs, NLP",low,kinesthetic,data scientist,onsite,average,no,2,none
male,tamil,bachelor's degree,information technology,2.95,1,2,3.94,BI Developer,"Power BI, ETL Tools, SQL, Tableau",low,visual,software engineer,remote,poor,no,12,azure
female,"english, sinhala",bachelor's degree,cyber security,3.79,2,1,3.72,DevOps Engineer,"CI/CD, Jenkins, AWS, Kubernetes",moderate,auditory,software engineer,onsite,excellent,no,4,azure
male,sinhala,bachelor's degree,computer science,3.61,2,1,3.16,Cloud Engineer,"AWS, GCP, Kubernetes, Azure",excellent,visual,security engineer,remote,poor,yes,4,google
male,sinhala,bachelor's degree,information technology,3.68,3,1,3.53,Cloud Architect,"Networking, AWS/Azure Design, Scalability, Microservices",low,visual,qa engineer,onsite,poor,yes,9,cisco
male,sinhala,bachelor's degree,information technology,2.64,3,1,2.69,Cybersecurity Analyst,"SIEM, Firewalls, Linux, Python",excellent,auditory,systems analyst,onsite,poor,no,2,azure
female,"english, sinhala",bachelor's degree,information technology,3.74,2,1,2.73,Ethical Hacker,"Metasploit, Nmap, Wireshark, Python",low,kinesthetic,systems analyst,remote,poor,no,0,azure
male,tamil,bachelor's degree,cyber security,3.2,4,1,3.49,Security Engineer,"IAM, Firewalls, Cloud Security, Linux",low,auditory,security engineer,onsite,excellent,yes,10,none
female,english,bachelor's degree,cyber security,2.39,3,2,2.58,Information Security Analyst,"Compliance, SOC Tools, Risk Assessment, Incident Response",excellent,visual,devops engineer,hybrid,average,no,9,aws
male,tamil,bachelor's degree,data science,3.71,3,2,2.71,Network Engineer,"Firewalls, Switching, VPN, TCP/IP",moderate,auditory,data scientist,remote,average,no,2,none
male,english,bachelor's degree,software engineering,2.18,4,1,3.16,System Administrator,"Networking, Bash, Windows Server, Active Directory",moderate,kinesthetic,qa engineer,onsite,excellent,no,10,azure
female,sinhala,bachelor's degree,software engineering,2.2,1,2,3.34,IT Support Engineer,"Ticketing Tools, Active Directory, Networking, Windows",moderate,auditory,software engineer,onsite,excellent,no,6,google
male,sinhala,bachelor's degree,information technology,3.09,1,1,3.23,Hardware Engineer,"Arduino, Embedded C, Electronics, PCB Design",moderate,visual,software engineer,hybrid,excellent,no,1,none
female,sinhala,bachelor's degree,information technology,3.73,4,2,2.58,QA Engineer,"Manual Testing, API Testing, Test Cases, Jira",excellent,kinesthetic,systems analyst,onsite,average,no,9,cisco
female,"sinhala, tamil",bachelor's degree,data science,2.46,2,1,2.64,Software Tester,"Agile, Test Plans, Bug Tracking, SQL",moderate,auditory,software engineer,onsite,excellent,no,0,none
female,tamil,bachelor's degree,software engineering,3.15,4,1,3.61,Automation Test Engineer,"CI/CD, TestNG, Cypress, Java",low,kinesthetic,data scientist,onsite,poor,no,11,aws
male,"english, sinhala",bachelor's degree,software engineering,3.82,3,2,3.61,UI Designer,"Figma, Photoshop, Color Theory, UI Principles",moderate,auditory,qa engineer,remote,poor,yes,11,google
male,"tamil, english",bachelor's degree,information technology,3.04,3,1,2.89,UX Designer,"Wireframing, Figma, Psychology, UX Testing",moderate,auditory,security engineer,hybrid,poor,no,0,google
female,tamil,bachelor's degree,information technology,2.01,1,2,3.85,Product Designer,"Design Systems, Prototyping, UI Design, Figma",low,visual,systems analyst,onsite,excellent,yes,5,google
female,tamil,bachelor's degree,information technology,2.91,1,2,3.18,Blockchain Developer,"Node.js, Solidity, Ethereum, Smart Contracts",low,kinesthetic,data scientist,hybrid,excellent,yes,4,aws
male,english,bachelor's degree,software engineering,3.0,4,1,2.65,IoT Engineer,"C/C++, MQTT, Arduino, Sensors",low,kinesthetic,systems analyst,remote,average,yes,5,azure
male,sinhala,bachelor's degree,information technology,3.38,2,2,2.4,Embedded Systems Engineer,"IoT, Electronics, C/C++, Microcontrollers",low,kinesthetic,data scientist,hybrid,average,no,5,cisco
male,sinhala,bachelor's degree,data science,2.77,3,1,3.25,AR/VR Developer,"Blender, 3D Modeling, C#, Unity",low,visual,software engineer,remote,average,yes,1,google
male,"english, sinhala, tamil",bachelor's degree,cyber security,2.77,1,2,3.59,SEO Specialist,"HTML, Google Analytics, Content Strategy, Keyword Research",excellent,auditory,systems analyst,onsite,average,yes,11,azure
male,english,bachelor's degree,information technology,3.45,3,1,3.55,IT Support Specialist,"Ticketing Systems, Hardware, Troubleshooting, Networking",excellent,visual,systems analyst,remote,average,yes,4,cisco
male,"english, sinhala",bachelor's degree,computer science,4.0,3,1,2.8,Software Engineer,"Java, Git, Spring Boot, SQL",low,auditory,software engineer,hybrid,poor,yes,7,aws
female,"sinhala, tamil",bachelor's degree,computer science,3.02,2,1,3.84,Full Stack Developer,"REST API, React, Node.js, MongoDB",moderate,kinesthetic,devops engineer,onsite,poor,yes,9,aws
female,sinhala,bachelor's degree,data science,4.0,1,1,3.63,Frontend Developer,"React, TypeScript, JavaScript, Tailwind CSS",low,kinesthetic,devops engineer,onsite,average,yes,12,none
male,"sinhala, tamil",bachelor's degree,computer science,2.63,1,2,2.64,Backend Developer,"Java, Node.js, REST API, Spring Boot",moderate,visual,data scientist,remote,poor,no,9,azure
female,"tamil, english",bachelor's degree,cyber security,3.34,2,1,2.85,Web Developer,"Bootstrap, MySQL, CSS, PHP",low,visual,devops engineer,onsite,excellent,yes,12,cisco
male,"english, sinhala",bachelor's degree,cyber security,2.29,3,2,2.33,Mobile App Developer,"Firebase, Flutter, Swift, REST API",excellent,visual,systems analyst,onsite,average,no,9,cisco
male,"english, sinhala",bachelor's degree,software engineering,3.55,2,1,2.35,Data Scientist,"NumPy, Python, SQL, Tableau",excellent,auditory,systems analyst,onsite,poor,yes,6,none
female,"english, sinhala, tamil",bachelor's degree,software engineering,2.72,3,2,3.66,Data Analyst,"Excel, SQL, Statistics, Data Visualization",low,visual,devops engineer,remote,excellent,yes,7,google
female,"tamil, english",bachelor's degree,cyber security,3.54,3,1,3.24,Machine Learning Engineer,"Pandas, Deep Learning, TensorFlow, Python",moderate,auditory,devops engineer,hybrid,excellent,yes,1,google
female,"sinhala, tamil",bachelor's degree,software engineering,2.45,1,2,2.47,AI Engineer,"PyTorch, Python, NLP, LLMs",excellent,auditory,devops engineer,onsite,average,no,8,aws
male,english,bachelor's degree,cyber security,3.66,1,2,2.71,BI Developer,"Excel, ETL Tools, SQL, DAX",moderate,visual,devops engineer,hybrid,poor,no,6,aws
female,tamil,bachelor's degree,information technology,3.56,2,2,3.02,DevOps Engineer,"AWS, Jenkins, Kubernetes, Linux",low,kinesthetic,data scientist,hybrid,poor,no,4,aws
female,english,bachelor's degree,information technology,4.0,1,2,2.29,Cloud Engineer,"GCP, Kubernetes, Docker, Terraform",excellent,auditory,software engineer,hybrid,average,no,7,azure
female,"tamil, english",bachelor's degree,information technology,2.47,3,1,2.37,Cloud Architect,"Scalability, Networking, Microservices, IaC",low,auditory,devops engineer,remote,poor,no,2,google
female,"sinhala, tamil",bachelor's degree,software engineering,2.92,3,2,2.43,Cybersecurity Analyst,"Firewalls, Linux, SIEM, Python",low,auditory,data scientist,hybrid,poor,no,4,azure
female,tamil,bachelor's degree,information technology,3.57,3,2,2.52,Ethical Hacker,"Wireshark, Nmap, Python, Burp Suite",excellent,auditory,devops engineer,hybrid,excellent,no,4,google
female,english,bachelor's degree,data science,2.03,4,2,3.39,Security Engineer,"Encryption, IAM, Cloud Security, Linux",low,kinesthetic,systems analyst,remote,poor,yes,2,cisco
female,"english, sinhala",bachelor's degree,computer science,3.28,4,1,2.34,Information Security Analyst,"SOC Tools, Networking, Incident Response, Compliance",excellent,auditory,qa engineer,onsite,average,yes,2,aws
female,"tamil, english",bachelor's degree,computer science,3.73,4,2,3.73,Network Engineer,"Routing, Cisco, TCP/IP, VPN",moderate,visual,security engineer,remote,average,yes,7,azure
male,"sinhala, tamil",bachelor's degree,software engineering,2.7,1,1,3.27,System Administrator,"Windows Server, Linux, Active Directory, Virtualization",excellent,auditory,devops engineer,remote,average,yes,6,cisco
male,"english, sinhala, tamil",bachelor's degree,information technology,3.54,2,2,2.63,IT Support Engineer,"Troubleshooting, Ticketing Tools, Active Directory, Hardware",low,auditory,devops engineer,onsite,excellent,yes,6,none
male,"sinhala, tamil",bachelor's degree,data science,2.71,4,2,2.25,Hardware Engineer,"Circuit Design, Embedded C, PCB Design, Microcontrollers",excellent,auditory,qa engineer,onsite,average,yes,8,azure
male,"english, sinhala, tamil",bachelor's degree,computer science,3.24,4,2,2.76,QA Engineer,"SQL, Manual Testing, API Testing, Jira",low,auditory,systems analyst,onsite,poor,yes,0,google
male,tamil,bachelor's degree,software engineering,2.58,3,1,3.77,Software Tester,"Manual Testing, Agile, Test Plans, Selenium",moderate,visual,security engineer,remote,excellent,yes,2,cisco
male,sinhala,bachelor's degree,information technology,2.19,4,2,3.03,Automation Test Engineer,"Java, Selenium, Cypress, TestNG",moderate,auditory,devops engineer,onsite,average,no,2,google
male,"english, sinhala",bachelor's degree,information technology,3.01,2,2,2.61,UI Designer,"UI Principles, Color Theory, Prototyping, Adobe XD",moderate,kinesthetic,software engineer,hybrid,average,no,10,azure
female,tamil,bachelor's degree,data science,3.68,3,2,2.49,UX Designer,"User Research, Wireframing, Figma, Psychology",excellent,visual,devops engineer,remote,average,yes,1,azure
male,english,bachelor's degree,software engineering,2.6,4,2,3.31,Product Designer,"Figma, UX Research, Prototyping, UI Design",moderate,kinesthetic,software engineer,remote,excellent,yes,0,none
female,sinhala,bachelor's degree,software engineering,2.72,3,2,3.96,Blockchain Developer,"Web3.js, Ethereum, Solidity, Node.js",moderate,kinesthetic,security engineer,onsite,excellent,no,11,google
male,"sinhala, tamil",bachelor's degree,software engineering,2.49,2,1,2.58,IoT Engineer,"MQTT, Arduino, Raspberry Pi, C/C++",excellent,kinesthetic,qa engineer,onsite,average,no,6,aws
female,english,bachelor's degree,data science,3.28,2,1,3.81,Embedded Systems Engineer,"C/C++, Electronics, IoT, PCB Design",low,auditory,data scientist,onsite,average,no,10,aws
female,"english, sinhala",bachelor's degree,information technology,2.46,3,2,2.34,AR/VR Developer,"XR SDKs, Unity, C#, Unreal Engine",excellent,kinesthetic,qa engineer,remote,excellent,yes,4,aws
female,"english, sinhala",bachelor's degree,cyber security,3.18,4,2,3.25,SEO Specialist,"SEO Tools, Keyword Research, Backlinks, Content Strategy",moderate,visual,devops engineer,onsite,poor,no,4,azure
female,tamil,bachelor's degree,information technology,2.52,3,1,3.35,IT Support Specialist,"Active Directory, Hardware, Ticketing Systems, Networking",low,auditory,security engineer,hybrid,average,yes,3,azure
female,sinhala,bachelor's degree,software engineering,3.19,2,2,2.3,Software Engineer,"SQL, Python, Spring Boot, Git",low,visual,systems analyst,onsite,excellent,no,6,google
female,sinhala,bachelor's degree,data science,2.86,1,1,3.44,Full Stack Developer,"MongoDB, Express, React, Node.js",moderate,visual,systems analyst,onsite,poor,yes,3,aws
female,tamil,bachelor's degree,software engineering,2.6,2,2,2.57,Frontend Developer,"JavaScript, React, HTML, CSS",excellent,visual,security engineer,onsite,average,yes,10,google
male,"tamil, english",bachelor's degree,computer science,4.0,2,1,2.91,Backend Developer,"Java, Node.js, Microservices, REST API",low,auditory,data scientist,onsite,average,yes,10,aws
male,"english, sinhala",bachelor's degree,data science,2.87,2,2,2.39,Web Developer,"Bootstrap, MySQL, HTML, CSS",low,auditory,systems analyst,remote,poor,yes,0,none
male,"sinhala, tamil",bachelor's degree,information technology,2.75,1,2,3.89,Mobile App Developer,"REST API, Kotlin, Swift, Firebase",low,auditory,software engineer,onsite,average,no,11,aws
female,"english, sinhala",bachelor's degree,cyber security,3.62,2,1,3.52,Data Scientist,"Machine Learning, SQL, Python, Tableau",moderate,kinesthetic,software engineer,remote,average,no,2,azure
female,"tamil, english",bachelor's degree,data science,3.42,1,1,2.94,Data Analyst,"Python, SQL, Excel, Statistics",low,visual,devops engineer,hybrid,poor,no,0,cisco
male,"tamil, english",bachelor's degree,data science,2.3,4,2,3.39,Machine Learning Engineer,"NumPy, Python, Pandas, Scikit-learn",excellent,visual,data scientist,onsite,excellent,no,10,cisco
male,"english, sinhala, tamil",bachelor's degree,software engineering,2.51,2,1,2.25,AI Engineer,"Python, Data Processing, PyTorch, LLMs",excellent,kinesthetic,security engineer,onsite,average,yes,6,google
male,tamil,bachelor's degree,data science,4.0,3,2,3.99,BI Developer,"Tableau, DAX, SQL, ETL Tools",low,visual,qa engineer,onsite,poor,yes,1,cisco
male,sinhala,bachelor's degree,software engineering,3.6,2,2,3.17,DevOps Engineer,"Kubernetes, CI/CD, Jenkins, AWS",low,auditory,qa engineer,onsite,average,yes,6,aws
male,sinhala,bachelor's degree,software engineering,2.51,1,1,3.43,Cloud Engineer,"Kubernetes, Azure, GCP, Terraform",excellent,auditory,software engineer,hybrid,average,no,4,google
male,sinhala,bachelor's degree,information technology,3.73,1,2,3.66,Cloud Architect,"Scalability, Microservices, IaC, Security",moderate,kinesthetic,qa engineer,onsite,poor,no,2,google
male,tamil,bachelor's degree,software engineering,3.16,4,1,3.1,Cybersecurity Analyst,"Firewalls, Linux, SIEM, Risk Analysis",moderate,auditory,qa engineer,hybrid,poor,yes,5,none
male,"sinhala, tamil",bachelor's degree,software engineering,2.42,4,1,3.78,Ethical Hacker,"Burp Suite, Nmap, Wireshark, Python",low,kinesthetic,systems analyst,onsite,poor,no,1,google
female,"english, sinhala, tamil",bachelor's degree,software engineering,3.35,3,1,2.91,Security Engineer,"Encryption, IAM, Cloud Security, SIEM",excellent,visual,software engineer,onsite,average,yes,8,azure
male,"english, sinhala, tamil",bachelor's degree,cyber security,2.87,4,2,3.61,Information Security Analyst,"Risk Assessment, SOC Tools, SIEM, Networking",moderate,kinesthetic,qa engineer,hybrid,poor,no,1,aws
male,tamil,bachelor's degree,information technology,3.13,4,2,2.79,Network Engineer,"VPN, Routing, TCP/IP, Switching",low,kinesthetic,systems analyst,hybrid,excellent,yes,8,none
female,sinhala,bachelor's degree,data science,2.27,2,2,3.05,System Administrator,"Networking, Active Directory, Windows Server, Linux",low,visual,devops engineer,onsite,average,no,6,azure
male,"english, sinhala, tamil",bachelor's degree,software engineering,3.54,1,2,3.73,IT Support Engineer,"Hardware, Active Directory, Troubleshooting, Ticketing Tools",excellent,auditory,qa engineer,remote,excellent,no,8,azure
female,"english, sinhala",bachelor's degree,software engineering,2.24,2,1,2.6,Hardware Engineer,"Circuit Design, PCB Design, Embedded C, Arduino",excellent,auditory,software engineer,onsite,excellent,no,3,none
male,english,bachelor's degree,computer science,2.37,4,2,2.26,QA Engineer,"API Testing, SQL, Manual Testing, Jira",excellent,auditory,devops engineer,onsite,poor,no,4,none
male,"english, sinhala",bachelor's degree,information technology,3.56,2,2,2.84,Software Tester,"Selenium, Agile, Manual Testing, Test Plans",moderate,auditory,data scientist,hybrid,poor,no,7,cisco
female,"sinhala, tamil",bachelor's degree,computer science,2.42,2,1,2.88,Automation Test Engineer,"Cypress, Java, TestNG, Python",low,kinesthetic,data scientist,hybrid,excellent,no,7,google
male,sinhala,bachelor's degree,data science,3.73,1,2,2.52,UI Designer,"Photoshop, UI Principles, Figma, Color Theory",low,visual,qa engineer,onsite,poor,no,7,cisco
male,sinhala,bachelor's degree,cyber security,3.66,1,2,2.26,UX Designer,"UX Testing, Prototyping, Psychology, Figma",low,auditory,devops engineer,remote,excellent,yes,12,none
male,"sinhala, tamil",bachelor's degree,software engineering,2.49,4,2,2.2,Product Designer,"Prototyping, User Flow, Figma, Design Systems",moderate,kinesthetic,devops engineer,remote,average,yes,7,azure
male,tamil,bachelor's degree,information technology,2.7,2,1,2.41,Blockchain Developer,"Ethereum, Solidity, Cryptography, Web3.js",excellent,auditory,systems analyst,onsite,excellent,no,10,google
female,sinhala,bachelor's degree,computer science,3.52,3,1,3.72,IoT Engineer,"Cloud Integration, C/C++, MQTT, Raspberry Pi",low,visual,software engineer,onsite,excellent,no,11,google
male,english,bachelor's degree,data science,3.13,4,2,2.29,Embedded Systems Engineer,"IoT, Electronics, RTOS, C/C++",moderate,visual,security engineer,hybrid,excellent,no,12,aws
male,"sinhala, tamil",bachelor's degree,data science,3.37,4,1,3.54,AR/VR Developer,"Unreal Engine, XR SDKs, 3D Modeling, C#",moderate,visual,data scientist,hybrid,poor,no,4,none
female,english,bachelor's degree,information technology,3.55,2,1,3.92,SEO Specialist,"Google Analytics, Backlinks, SEO Tools, HTML",excellent,auditory,security engineer,hybrid,excellent,no,0,cisco
male,english,bachelor's degree,information technology,3.36,2,2,2.64,IT Support Specialist,"Troubleshooting, Active Directory, Ticketing Systems, Hardware",moderate,visual,security engineer,remote,average,no,2,none
male,"tamil, english",bachelor's degree,information technology,2.78,1,2,3.74,Software Engineer,"OOP, Spring Boot, Python, Git",excellent,kinesthetic,qa engineer,hybrid,poor,yes,4,google
female,english,bachelor's degree,cyber security,3.17,2,2,2.71,Full Stack Developer,"MongoDB, Node.js, Express, React",low,auditory,data scientist,onsite,average,no,8,aws
female,"sinhala, tamil",bachelor's degree,software engineering,2.37,3,1,3.4,Frontend Developer,"JavaScript, CSS, TypeScript, HTML",moderate,kinesthetic,security engineer,hybrid,average,no,7,google
female,"english, sinhala, tamil",bachelor's degree,information technology,2.2,2,2,3.14,Backend Developer,"Java, Node.js, Microservices, SQL",low,kinesthetic,software engineer,hybrid,average,no,10,none
female,"english, sinhala, tamil",bachelor's degree,data science,2.67,1,2,3.84,Web Developer,"HTML, Bootstrap, JavaScript, PHP",moderate,kinesthetic,qa engineer,onsite,poor,no,10,google
female,english,bachelor's degree,software engineering,2.68,4,2,2.9,Mobile App Developer,"Java, Firebase, REST API, Kotlin",moderate,visual,qa engineer,hybrid,poor,yes,4,aws
female,sinhala,bachelor's degree,cyber security,3.49,2,1,2.75,Data Scientist,"Python, SQL, NumPy, Pandas",excellent,visual,software engineer,onsite,excellent,yes,9,none
male,"tamil, english",bachelor's degree,cyber security,2.17,1,2,2.44,Data Analyst,"SQL, Power BI, Data Visualization, Excel",moderate,kinesthetic,systems analyst,remote,poor,no,7,none
male,"english, sinhala, tamil",bachelor's degree,computer science,3.3,3,1,3.29,Machine Learning Engineer,"Scikit-learn, TensorFlow, NumPy, Python",moderate,visual,software engineer,onsite,excellent,yes,12,google
female,"sinhala, tamil",bachelor's degree,information technology,2.98,2,2,3.68,AI Engineer,"Data Processing, TensorFlow, Python, LLMs",excellent,kinesthetic,qa engineer,hybrid,excellent,yes,11,aws
male,"sinhala, tamil",bachelor's degree,information technology,2.43,3,1,2.49,BI Developer,"DAX, Tableau, SQL, ETL Tools",low,kinesthetic,devops engineer,remote,poor,no,5,aws
female,"tamil, english",bachelor's degree,data science,2.72,4,2,2.34,DevOps Engineer,"Kubernetes, Linux, CI/CD, Docker",excellent,visual,devops engineer,hybrid,poor,yes,8,aws
female,sinhala,bachelor's degree,cyber security,3.53,2,2,2.91,Cloud Engineer,"GCP, Kubernetes, Docker, Azure",excellent,visual,software engineer,onsite,excellent,no,11,none
male,english,bachelor's degree,software engineering,3.09,4,2,3.07,Cloud Architect,"Microservices, Security, Networking, Scalability",moderate,visual,qa engineer,onsite,average,no,4,google
female,sinhala,bachelor's degree,computer science,2.57,1,1,3.57,Cybersecurity Analyst,"Python, Risk Analysis, Linux, Networking",moderate,visual,data scientist,onsite,average,yes,6,google
female,"english, sinhala, tamil",bachelor's degree,software engineering,2.53,1,1,3.58,Ethical Hacker,"Burp Suite, Nmap, Kali Linux, Python",low,visual,systems analyst,hybrid,poor,no,11,google
male,english,bachelor's degree,cyber security,2.58,3,1,3.82,Security Engineer,"Encryption, Firewalls, IAM, Cloud Security",moderate,kinesthetic,qa engineer,hybrid,excellent,no,12,aws
female,"sinhala, tamil",bachelor's degree,computer science,3.16,4,2,2.49,Information Security Analyst,"Networking, Risk Assessment, Incident Response, SOC Tools",moderate,visual,security engineer,onsite,average,no,2,none
female,"sinhala, tamil",bachelor's degree,software engineering,3.89,2,1,3.68,Network Engineer,"Cisco, Routing, VPN, TCP/IP",moderate,visual,data scientist,onsite,average,yes,0,none
female,sinhala,bachelor's degree,computer science,2.63,3,2,2.68,System Administrator,"Bash, Active Directory, Networking, Linux",low,visual,systems analyst,onsite,excellent,yes,2,google
male,"sinhala, tamil",bachelor's degree,information technology,3.37,3,1,2.65,IT Support Engineer,"Troubleshooting, Active Directory, Networking, Hardware",excellent,auditory,qa engineer,remote,excellent,yes,9,azure
female,"english, sinhala",bachelor's degree,information technology,2.75,3,2,2.59,Hardware Engineer,"PCB Design, Embedded C, Microcontrollers, Arduino",excellent,kinesthetic,qa engineer,remote,average,no,9,azure
male,"english, sinhala, tamil",bachelor's degree,information technology,3.4,3,1,3.16,QA Engineer,"Test Cases, Selenium, API Testing, SQL",excellent,visual,qa engineer,hybrid,poor,yes,4,google
male,"tamil, english",bachelor's degree,software engineering,3.08,2,2,3.23,Software Tester,"Test Plans, Manual Testing, Bug Tracking, Selenium",excellent,kinesthetic,systems analyst,onsite,excellent,no,7,none
female,tamil,bachelor's degree,software engineering,3.48,3,1,2.22,Automation Test Engineer,"CI/CD, Cypress, Selenium, Python",excellent,auditory,devops engineer,onsite,average,no,7,cisco
male,"english, sinhala, tamil",bachelor's degree,software engineering,2.52,1,1,3.04,UI Designer,"Color Theory, UI Principles, Photoshop, Figma",low,visual,data scientist,hybrid,poor,yes,9,cisco
female,"english, sinhala, tamil",bachelor's degree,computer science,3.4,1,2,2.35,UX Designer,"Wireframing, UX Testing, User Research, Psychology",excellent,auditory,data scientist,hybrid,poor,no,7,aws
male,"tamil, english",bachelor's degree,data science,3.31,2,2,2.59,Product Designer,"Figma, Design Systems, Prototyping, User Flow",excellent,kinesthetic,security engineer,hybrid,excellent,no,4,none
female,english,bachelor's degree,cyber security,2.79,1,2,2.3,Blockchain Developer,"Cryptography, Ethereum, Smart Contracts, Solidity",low,visual,qa engineer,hybrid,poor,no,9,google
male,tamil,bachelor's degree,information technology,3.18,4,2,3.12,IoT Engineer,"Raspberry Pi, C/C++, Arduino, Sensors",excellent,kinesthetic,systems analyst,hybrid,average,yes,1,google
male,"english, sinhala, tamil",bachelor's degree,information technology,2.71,1,2,2.35,Embedded Systems Engineer,"RTOS, C/C++, Microcontrollers, PCB Design",low,kinesthetic,devops engineer,hybrid,average,no,4,azure
female,"english, sinhala, tamil",bachelor's degree,cyber security,2.75,4,2,2.98,AR/VR Developer,"3D Modeling, Unity, C#, Blender",low,auditory,data scientist,hybrid,poor,yes,0,azure
male,"tamil, english",bachelor's degree,software engineering,3.2,4,2,2.64,SEO Specialist,"HTML, SEO Tools, Keyword Research, Backlinks",moderate,visual,security engineer,hybrid,poor,no,11,azure
female,"tamil, english",bachelor's degree,software engineering,3.2,2,2,3.64,IT Support Specialist,"Windows, Ticketing Systems, Hardware, Networking",low,kinesthetic,security engineer,hybrid,poor,no,12,google
male,"sinhala, tamil",bachelor's degree,cyber security,3.05,3,1,3.75,Software Engineer,"Spring Boot, Java, Git, OOP",excellent,auditory,data scientist,onsite,poor,yes,4,aws
female,tamil,bachelor's degree,information technology,2.13,4,1,3.46,Full Stack Developer,"Express, JavaScript, REST API, Node.js",moderate,visual,devops engineer,hybrid,average,no,4,none
female,"tamil, english",bachelor's degree,cyber security,2.35,1,2,3.72,Frontend Developer,"HTML, Tailwind CSS, TypeScript, JavaScript",low,auditory,data scientist,onsite,average,yes,10,azure
female,english,bachelor's degree,software engineering,3.58,1,1,3.85,Backend Developer,"Spring Boot, Java, SQL, Microservices",excellent,kinesthetic,software engineer,hybrid,average,yes,4,azure
male,english,bachelor's degree,information technology,3.86,2,1,2.24,Web Developer,"MySQL, JavaScript, HTML, PHP",excellent,visual,devops engineer,onsite,poor,yes,4,azure
male,"english, sinhala",bachelor's degree,cyber security,3.37,1,2,3.72,Mobile App Developer,"Firebase, Java, Flutter, Kotlin",moderate,auditory,devops engineer,remote,excellent,yes,10,azure
male,tamil,bachelor's degree,computer science,2.54,4,1,2.71,Data Scientist,"Machine Learning, NumPy, SQL, Pandas",moderate,visual,software engineer,remote,average,yes,3,cisco
female,"tamil, english",bachelor's degree,data science,3.36,2,1,3.11,Data Analyst,"Excel, Python, SQL, Power BI",low,auditory,qa engineer,remote,poor,yes,2,none
female,"english, sinhala, tamil",bachelor's degree,software engineering,3.14,3,1,3.71,Machine Learning Engineer,"Deep Learning, Python, Scikit-learn, TensorFlow",low,auditory,devops engineer,hybrid,average,no,12,cisco
female,"english, sinhala, tamil",bachelor's degree,data science,2.39,1,1,2.65,AI Engineer,"Data Processing, TensorFlow, Python, LLMs",excellent,visual,security engineer,hybrid,poor,no,6,aws
male,tamil,bachelor's degree,data science,3.56,1,1,2.86,BI Developer,"DAX, SQL, Power BI, Tableau",low,auditory,systems analyst,remote,excellent,no,8,none
male,"tamil, english",bachelor's degree,data science,3.14,4,2,2.75,DevOps Engineer,"Linux, AWS, Jenkins, Docker",moderate,visual,devops engineer,onsite,poor,no,12,azure
male,"sinhala, tamil",bachelor's degree,computer science,4.0,3,2,3.81,Cloud Engineer,"Docker, Azure, Terraform, Kubernetes",low,kinesthetic,security engineer,onsite,average,yes,2,google
female,"english, sinhala",bachelor's degree,cyber security,3.62,3,1,3.33,Cloud Architect,"AWS/Azure Design, Networking, Scalability, Security",moderate,visual,devops engineer,hybrid,poor,no,10,google
male,"english, sinhala",bachelor's degree,computer science,3.03,3,1,2.73,Cybersecurity Analyst,"Risk Analysis, Python, Firewalls, Linux",excellent,auditory,data scientist,remote,poor,yes,8,azure
male,english,bachelor's degree,software engineering,2.72,3,1,3.69,Ethical Hacker,"Metasploit, Burp Suite, Wireshark, Python",excellent,visual,devops engineer,remote,excellent,no,2,google
female,sinhala,bachelor's degree,software engineering,2.55,4,1,2.75,Security Engineer,"Cloud Security, IAM, Linux, Firewalls",moderate,visual,qa engineer,hybrid,poor,no,8,cisco
male,"english, sinhala, tamil",bachelor's degree,information technology,2.58,4,2,2.49,Information Security Analyst,"Compliance, SOC Tools, Risk Assessment, Networking",low,kinesthetic,systems analyst,remote,excellent,no,0,none
male,"english, sinhala, tamil",bachelor's degree,information technology,3.83,2,1,2.58,Network Engineer,"TCP/IP, Routing, Switching, VPN",low,auditory,qa engineer,onsite,average,no,3,azure
female,"sinhala, tamil",bachelor's degree,software engineering,2.78,2,2,2.74,System Administrator,"Networking, Bash, Windows Server, Linux",moderate,auditory,devops engineer,onsite,average,no,9,google
female,"tamil, english",bachelor's degree,computer science,2.08,2,2,2.6,IT Support Engineer,"Hardware, Windows, Ticketing Tools, Active Directory",moderate,kinesthetic,systems analyst,remote,average,no,1,google
female,english,bachelor's degree,cyber security,3.47,2,2,2.35,Hardware Engineer,"Electronics, Arduino, Microcontrollers, Circuit Design",excellent,kinesthetic,data scientist,onsite,average,no,11,aws
male,english,bachelor's degree,software engineering,3.58,3,2,3.48,QA Engineer,"Selenium, Manual Testing, Jira, SQL",excellent,auditory,software engineer,hybrid,excellent,no,7,none
female,sinhala,bachelor's degree,information technology,3.43,1,2,3.26,Software Tester,"Test Plans, Selenium, Bug Tracking, SQL",moderate,visual,devops engineer,remote,excellent,yes,10,azure
male,"tamil, english",bachelor's degree,computer science,3.08,3,2,3.55,Automation Test Engineer,"CI/CD, Python, TestNG, Java",low,kinesthetic,software engineer,remote,average,no,4,none
female,"sinhala, tamil",bachelor's degree,software engineering,2.38,2,2,3.53,UI Designer,"Adobe XD, Prototyping, UI Principles, Figma",excellent,kinesthetic,devops engineer,hybrid,poor,yes,2,google
male,"sinhala, tamil",bachelor's degree,software engineering,2.11,3,1,3.78,UX Designer,"UX Testing, User Research, Wireframing, Psychology",moderate,kinesthetic,devops engineer,onsite,average,yes,6,google
male,"english, sinhala, tamil",bachelor's degree,information technology,3.4,2,1,2.91,Product Designer,"User Flow, UI Design, UX Research, Design Systems",low,auditory,qa engineer,onsite,poor,yes,1,aws
female,sinhala,bachelor's degree,computer science,3.39,3,2,2.27,Blockchain Developer,"Ethereum, Solidity, Cryptography, Node.js",excellent,visual,qa engineer,remote,average,no,0,aws
male,tamil,bachelor's degree,software engineering,3.22,2,2,3.84,IoT Engineer,"MQTT, Raspberry Pi, Arduino, Cloud Integration",low,visual,qa engineer,hybrid,poor,yes,4,aws
male,"english, sinhala",bachelor's degree,information technology,2.36,2,2,3.16,Embedded Systems Engineer,"Electronics, IoT, RTOS, Microcontrollers",excellent,visual,devops engineer,remote,poor,no,5,google
male,"sinhala, tamil",bachelor's degree,software engineering,3.83,4,1,2.71,AR/VR Developer,"Unity, XR SDKs, Unreal Engine, 3D Modeling",moderate,visual,security engineer,onsite,average,no,0,azure
male,"tamil, english",bachelor's degree,software engineering,3.0,4,1,2.94,SEO Specialist,"Google Analytics, SEO Tools, Keyword Research, Backlinks",low,auditory,qa engineer,onsite,average,yes,1,google
male,english,bachelor's degree,computer science,2.61,2,1,2.39,IT Support Specialist,"Active Directory, Windows, Networking, Ticketing Systems",excellent,kinesthetic,devops engineer,onsite,excellent,no,1,aws
female,tamil,bachelor's degree,cyber security,2.66,4,1,3.7,Software Engineer,"Spring Boot, Git, SQL, OOP",moderate,auditory,security engineer,onsite,excellent,no,2,cisco
male,tamil,bachelor's degree,data science,2.53,3,1,3.56,Full Stack Developer,"REST API, Express, Node.js, MongoDB",excellent,visual,systems analyst,hybrid,average,yes,6,none
male,"sinhala, tamil",bachelor's degree,data science,3.7,2,2,2.77,Frontend Developer,"HTML, React, TypeScript, Tailwind CSS",excellent,visual,systems analyst,remote,poor,yes,1,azure
female,"english, sinhala",bachelor's degree,cyber security,2.85,1,2,3.31,Backend Developer,"Java, Node.js, Microservices, Spring Boot",low,kinesthetic,qa engineer,onsite,excellent,yes,7,cisco
female,"english, sinhala",bachelor's degree,cyber security,3.52,4,2,3.97,Web Developer,"JavaScript, HTML, PHP, Bootstrap",excellent,auditory,systems analyst,hybrid,excellent,yes,4,google
female,"english, sinhala, tamil",bachelor's degree,information technology,4.0,4,1,3.93,Mobile App Developer,"REST API, Swift, Flutter, Firebase",excellent,visual,systems analyst,onsite,average,no,5,aws
female,"english, sinhala",bachelor's degree,information technology,3.99,2,1,2.39,Data Scientist,"Tableau, NumPy, Pandas, Machine Learning",moderate,auditory,security engineer,onsite,poor,no,0,none
male,sinhala,bachelor's degree,information technology,3.9,3,1,3.24,Data Analyst,"Excel, Data Visualization, Power BI, SQL",low,visual,data scientist,remote,excellent,no,5,google
male,"english, sinhala",bachelor's degree,cyber security,3.32,4,1,3.27,Machine Learning Engineer,"Python, Scikit-learn, NumPy, Pandas",excellent,visual,devops engineer,hybrid,average,yes,9,cisco
male,tamil,bachelor's degree,information technology,3.82,4,2,2.77,AI Engineer,"TensorFlow, LLMs, PyTorch, Data Processing",excellent,auditory,qa engineer,remote,average,no,10,none
female,tamil,bachelor's degree,software engineering,3.79,1,1,2.77,BI Developer,"DAX, SQL, Excel, Power BI",moderate,kinesthetic,data scientist,remote,average,no,9,none
female,english,bachelor's degree,computer science,3.9,1,1,3.65,DevOps Engineer,"Kubernetes, AWS, Jenkins, Linux",low,kinesthetic,systems analyst,onsite,average,no,12,google
female,tamil,bachelor's degree,cyber security,3.76,1,1,3.13,Cloud Engineer,"Kubernetes, GCP, AWS, Terraform",low,kinesthetic,data scientist,remote,average,no,6,none
female,"english, sinhala",bachelor's degree,data science,3.24,1,1,2.94,Cloud Architect,"Security, IaC, Microservices, Scalability",excellent,kinesthetic,software engineer,remote,average,no,7,google
female,tamil,bachelor's degree,computer science,3.29,4,1,3.27,Cybersecurity Analyst,"Risk Analysis, Networking, Firewalls, Python",excellent,kinesthetic,software engineer,remote,excellent,no,4,google
female,"english, sinhala, tamil",bachelor's degree,information technology,2.89,1,1,3.6,Ethical Hacker,"Nmap, Kali Linux, Python, Burp Suite",low,kinesthetic,security engineer,hybrid,poor,no,3,azure
male,tamil,bachelor's degree,cyber security,3.35,3,1,3.21,Security Engineer,"Firewalls, Linux, Encryption, IAM",low,kinesthetic,qa engineer,remote,excellent,no,9,cisco
female,"english, sinhala",bachelor's degree,software engineering,3.23,1,1,2.44,Information Security Analyst,"Networking, Compliance, SIEM, Incident Response",excellent,kinesthetic,software engineer,remote,poor,no,8,cisco
male,english,bachelor's degree,software engineering,2.47,3,1,3.89,Network Engineer,"VPN, TCP/IP, Routing, Cisco",low,visual,systems analyst,remote,average,yes,1,none
female,"sinhala, tamil",bachelor's degree,computer science,2.27,2,1,2.67,System Administrator,"Bash, Windows Server, Virtualization, Linux",excellent,auditory,systems analyst,onsite,average,yes,3,azure
female,tamil,bachelor's degree,information technology,3.05,4,1,3.82,IT Support Engineer,"Troubleshooting, Networking, Hardware, Active Directory",moderate,kinesthetic,qa engineer,remote,average,yes,3,google
male,"sinhala, tamil",bachelor's degree,information technology,3.72,3,2,2.62,Hardware Engineer,"Embedded C, Arduino, Circuit Design, Electronics",moderate,auditory,systems analyst,remote,excellent,yes,1,none
male,"english, sinhala",bachelor's degree,cyber security,2.77,4,2,2.25,QA Engineer,"Jira, Selenium, SQL, Test Cases",moderate,auditory,security engineer,hybrid,excellent,no,8,azure
female,"tamil, english",bachelor's degree,information technology,3.12,4,1,2.27,Software Tester,"Agile, Manual Testing, Test Plans, SQL",excellent,visual,systems analyst,remote,poor,no,6,aws
male,"english, sinhala",bachelor's degree,cyber security,2.96,4,2,3.1,Automation Test Engineer,"Java, CI/CD, Python, TestNG",excellent,kinesthetic,devops engineer,hybrid,poor,yes,4,cisco
female,"tamil, english",bachelor's degree,computer science,2.7,3,1,2.43,UI Designer,"Photoshop, UI Principles, Color Theory, Adobe XD",excellent,kinesthetic,data scientist,remote,average,yes,11,azure
male,"sinhala, tamil",bachelor's degree,data science,4.0,2,1,2.81,UX Designer,"UX Testing, Psychology, Wireframing, Figma",excellent,auditory,qa engineer,remote,average,no,11,aws
female,english,bachelor's degree,information technology,2.25,2,2,3.46,Product Designer,"Figma, Design Systems, Prototyping, User Flow",low,kinesthetic,qa engineer,remote,excellent,yes,0,aws
male,"sinhala, tamil",bachelor's degree,software engineering,3.64,3,2,3.78,Blockchain Developer,"Smart Contracts, Solidity, Web3.js, Cryptography",moderate,visual,software engineer,onsite,excellent,no,11,none
female,english,bachelor's degree,computer science,3.73,3,1,3.82,IoT Engineer,"Sensors, Raspberry Pi, MQTT, C/C++",low,auditory,qa engineer,hybrid,average,no,5,cisco
male,tamil,bachelor's degree,computer science,3.04,3,1,2.94,Embedded Systems Engineer,"Electronics, Microcontrollers, RTOS, PCB Design",moderate,visual,qa engineer,remote,excellent,no,10,aws
male,"english, sinhala",bachelor's degree,cyber security,2.84,1,2,2.97,AR/VR Developer,"Unreal Engine, Blender, Unity, 3D Modeling",moderate,auditory,devops engineer,remote,poor,no,2,cisco
male,"tamil, english",bachelor's degree,data science,3.69,1,2,3.37,SEO Specialist,"Backlinks, Keyword Research, Content Strategy, SEO Tools",moderate,visual,security engineer,hybrid,excellent,no,8,cisco
male,"tamil, english",bachelor's degree,computer science,2.48,3,1,3.39,IT Support Specialist,"Hardware, Networking, Windows, Troubleshooting",excellent,kinesthetic,systems analyst,remote,average,no,9,google
male,tamil,bachelor's degree,cyber security,2.2,1,1,2.47,Software Engineer,"OOP, Spring Boot, Git, SQL",low,visual,data scientist,remote,average,no,2,azure
male,"tamil, english",bachelor's degree,data science,3.72,4,1,2.44,Full Stack Developer,"React, JavaScript, REST API, Express",low,kinesthetic,systems analyst,remote,average,yes,10,none
female,"english, sinhala, tamil",bachelor's degree,software engineering,3.43,1,2,2.58,Frontend Developer,"TypeScript, JavaScript, HTML, React",moderate,auditory,security engineer,remote,excellent,yes,11,google
male,"english, sinhala, tamil",bachelor's degree,cyber security,3.58,2,1,2.22,Backend Developer,"Java, Spring Boot, Node.js, REST API",excellent,auditory,software engineer,hybrid,excellent,yes,2,none
male,tamil,bachelor's degree,software engineering,3.16,3,1,2.92,Web Developer,"CSS, PHP, JavaScript, HTML",moderate,auditory,systems analyst,onsite,poor,yes,3,none
female,english,bachelor's degree,data science,3.03,3,2,2.45,Mobile App Developer,"Firebase, Kotlin, REST API, Flutter",low,visual,software engineer,onsite,average,yes,12,none
female,sinhala,bachelor's degree,data science,2.54,2,2,3.11,Data Scientist,"Machine Learning, Tableau, NumPy, Pandas",moderate,auditory,software engineer,remote,excellent,yes,8,aws
male,sinhala,bachelor's degree,software engineering,3.99,1,2,2.93,Data Analyst,"Statistics, Data Visualization, SQL, Excel",low,visual,systems analyst,remote,poor,no,4,aws
male,"english, sinhala",bachelor's degree,software engineering,3.76,2,1,2.88,Machine Learning Engineer,"Scikit-learn, NumPy, Pandas, Deep Learning",moderate,kinesthetic,security engineer,remote,average,yes,8,aws
female,english,bachelor's degree,data science,2.71,4,2,2.48,AI Engineer,"LLMs, PyTorch, TensorFlow, NLP",low,kinesthetic,qa engineer,remote,excellent,no,11,google
female,"english, sinhala, tamil",bachelor's degree,software engineering,3.52,4,1,3.47,BI Developer,"ETL Tools, Power BI, Tableau, DAX",excellent,auditory,security engineer,onsite,excellent,yes,11,azure
male,english,bachelor's degree,cyber security,3.1,3,2,3.58,DevOps Engineer,"Docker, Kubernetes, Linux, Jenkins",moderate,auditory,data scientist,hybrid,excellent,no,12,aws
female,"english, sinhala",bachelor's degree,data science,2.18,1,1,2.43,Cloud Engineer,"Terraform, Docker, AWS, Kubernetes",moderate,auditory,data scientist,remote,excellent,yes,2,azure
male,sinhala,bachelor's degree,software engineering,3.37,2,1,2.64,Cloud Architect,"Scalability, Networking, Microservices, AWS/Azure Design",excellent,visual,devops engineer,onsite,average,yes,2,cisco
male,sinhala,bachelor's degree,computer science,3.35,3,1,3.27,Cybersecurity Analyst,"Risk Analysis, Linux, Networking, Firewalls",moderate,kinesthetic,security engineer,remote,poor,no,2,azure
male,sinhala,bachelor's degree,computer science,3.36,3,1,2.37,Ethical Hacker,"Nmap, Metasploit, Kali Linux, Wireshark",low,kinesthetic,security engineer,onsite,excellent,no,9,aws
male,"english, sinhala",bachelor's degree,data science,2.85,4,2,3.38,Security Engineer,"IAM, SIEM, Linux, Firewalls",excellent,kinesthetic,data scientist,remote,poor,no,5,azure
male,english,bachelor's degree,information technology,3.7,1,2,3.08,Information Security Analyst,"Networking, Compliance, Risk Assessment, Incident Response",moderate,kinesthetic,devops engineer,onsite,excellent,no,4,aws
male,sinhala,bachelor's degree,information technology,3.43,1,1,3.42,Network Engineer,"VPN, TCP/IP, Firewalls, Routing",low,kinesthetic,software engineer,onsite,poor,no,8,cisco
female,"tamil, english",bachelor's degree,data science,3.54,4,1,3.69,System Administrator,"Linux, Windows Server, Networking, Virtualization",excellent,auditory,systems analyst,hybrid,excellent,yes,0,google
female,"tamil, english",bachelor's degree,computer science,3.83,3,1,3.49,IT Support Engineer,"Networking, Ticketing Tools, Active Directory, Troubleshooting",moderate,visual,software engineer,onsite,poor,no,0,google
female,english,bachelor's degree,information technology,3.51,1,2,3.87,Hardware Engineer,"Arduino, PCB Design, Circuit Design, Electronics",excellent,kinesthetic,devops engineer,hybrid,excellent,yes,9,none
male,"english, sinhala, tamil",bachelor's degree,data science,3.28,4,1,2.48,QA Engineer,"SQL, Manual Testing, API Testing, Test Cases",low,visual,systems analyst,hybrid,poor,no,0,cisco
female,tamil,bachelor's degree,software engineering,3.01,3,2,3.6,Software Tester,"Manual Testing, SQL, Agile, Selenium",excellent,auditory,devops engineer,hybrid,excellent,yes,6,aws
female,sinhala,bachelor's degree,information technology,3.52,4,1,2.28,Automation Test Engineer,"Cypress, Java, Selenium, TestNG",moderate,auditory,devops engineer,hybrid,poor,yes,10,aws
female,"english, sinhala, tamil",bachelor's degree,data science,3.64,3,2,2.55,UI Designer,"Adobe XD, Prototyping, Photoshop, Figma",low,visual,data scientist,remote,excellent,no,10,none
male,tamil,bachelor's degree,information technology,3.47,2,2,3.52,UX Designer,"Figma, Wireframing, Psychology, UX Testing",low,auditory,qa engineer,onsite,excellent,no,11,none
male,english,bachelor's degree,cyber security,2.39,1,1,3.57,Product Designer,"User Flow, Prototyping, Figma, UI Design",low,kinesthetic,security engineer,remote,average,yes,11,azure
female,tamil,bachelor's degree,data science,2.15,3,2,2.95,Blockchain Developer,"Smart Contracts, Solidity, Node.js, Ethereum",low,kinesthetic,devops engineer,hybrid,poor,yes,10,azure
male,english,bachelor's degree,software engineering,2.93,4,1,2.29,IoT Engineer,"Raspberry Pi, MQTT, Arduino, C/C++",low,visual,devops engineer,onsite,average,no,1,none
male,tamil,bachelor's degree,computer science,3.46,1,2,2.28,Embedded Systems Engineer,"Electronics, Microcontrollers, PCB Design, RTOS",excellent,visual,software engineer,hybrid,average,yes,2,google
male,sinhala,bachelor's degree,cyber security,3.76,3,2,2.53,AR/VR Developer,"C#, 3D Modeling, Unity, Blender",moderate,visual,data scientist,remote,excellent,yes,8,none
female,tamil,bachelor's degree,cyber security,2.66,2,1,3.87,SEO Specialist,"Keyword Research, HTML, Backlinks, SEO Tools",low,auditory,data scientist,remote,average,yes,2,none
female,sinhala,bachelor's degree,data science,3.58,2,1,3.31,IT Support Specialist,"Windows, Troubleshooting, Networking, Active Directory",excellent,visual,devops engineer,hybrid,excellent,no,2,none
female,english,bachelor's degree,data science,2.81,4,1,2.21,Software Engineer,"Git, Python, SQL, Java",excellent,visual,security engineer,onsite,excellent,no,4,azure
male,english,bachelor's degree,data science,2.74,3,2,2.42,Full Stack Developer,"REST API, Express, React, MongoDB",low,kinesthetic,software engineer,hybrid,poor,yes,3,aws
male,tamil,bachelor's degree,cyber security,2.99,4,1,3.92,Frontend Developer,"CSS, Tailwind CSS, TypeScript, JavaScript",moderate,visual,security engineer,hybrid,excellent,yes,4,aws
male,"sinhala, tamil",bachelor's degree,cyber security,2.16,2,2,3.77,Backend Developer,"Spring Boot, Node.js, Java, Microservices",low,kinesthetic,devops engineer,remote,excellent,yes,12,aws
female,"tamil, english",bachelor's degree,computer science,3.94,2,1,2.94,Web Developer,"PHP, JavaScript, HTML, Bootstrap",excellent,auditory,devops engineer,onsite,excellent,no,0,cisco
male,english,bachelor's degree,cyber security,2.07,2,1,3.92,Mobile App Developer,"Flutter, Firebase, Swift, Java",moderate,kinesthetic,data scientist,remote,excellent,yes,1,aws
male,"english, sinhala, tamil",bachelor's degree,information technology,2.19,4,1,3.87,Data Scientist,"NumPy, Machine Learning, Tableau, Python",low,visual,systems analyst,hybrid,poor,no,8,google
male,"english, sinhala",bachelor's degree,cyber security,3.16,4,1,2.21,Data Analyst,"SQL, Statistics, Power BI, Excel",excellent,visual,devops engineer,onsite,excellent,yes,2,none
male,"sinhala, tamil",bachelor's degree,cyber security,2.46,1,2,3.07,Machine Learning Engineer,"NumPy, Python, TensorFlow, Pandas",excellent,visual,devops engineer,hybrid,excellent,yes,9,cisco
female,"english, sinhala, tamil",bachelor's degree,information technology,3.81,2,2,3.66,AI Engineer,"LLMs, TensorFlow, NLP, Python",excellent,auditory,security engineer,onsite,poor,no,11,cisco
female,"sinhala, tamil",bachelor's degree,data science,3.98,4,1,2.7,BI Developer,"Excel, SQL, DAX, Tableau",moderate,auditory,qa engineer,remote,excellent,no,9,google
male,"english, sinhala, tamil",bachelor's degree,computer science,3.53,1,2,2.26,DevOps Engineer,"Kubernetes, Linux, Jenkins, Docker",excellent,kinesthetic,systems analyst,onsite,poor,yes,2,cisco
female,"tamil, english",bachelor's degree,information technology,2.88,2,2,3.79,Cloud Engineer,"Docker, AWS, GCP, Terraform",excellent,kinesthetic,devops engineer,remote,poor,no,9,google
female,"english, sinhala",bachelor's degree,data science,3.57,4,1,2.83,Cloud Architect,"IaC, Networking, Microservices, Security",moderate,visual,security engineer,remote,excellent,no,6,cisco
male,"english, sinhala",bachelor's degree,data science,2.06,3,2,3.93,Cybersecurity Analyst,"SIEM, Python, Networking, Linux",moderate,auditory,devops engineer,hybrid,average,yes,10,none
female,"english, sinhala",bachelor's degree,data science,3.24,1,2,3.34,Ethical Hacker,"Kali Linux, Burp Suite, Nmap, Python",moderate,visual,security engineer,hybrid,poor,yes,8,aws
male,"sinhala, tamil",bachelor's degree,software engineering,3.72,1,1,2.63,Security Engineer,"SIEM, Encryption, Linux, Cloud Security",low,auditory,security engineer,onsite,excellent,no,7,cisco
male,sinhala,bachelor's degree,software engineering,3.38,2,2,2.79,Information Security Analyst,"SOC Tools, Networking, Incident Response, Compliance",low,visual,systems analyst,remote,poor,yes,1,google
female,tamil,bachelor's degree,cyber security,2.7,1,2,2.89,Network Engineer,"Routing, Firewalls, Cisco, TCP/IP",moderate,kinesthetic,qa engineer,remote,poor,no,5,aws
female,tamil,bachelor's degree,computer science,2.77,2,2,3.66,System Administrator,"Networking, Linux, Active Directory, Bash",excellent,visual,software engineer,onsite,poor,yes,0,none
female,"sinhala, tamil",bachelor's degree,computer science,2.11,2,1,3.78,IT Support Engineer,"Hardware, Networking, Ticketing Tools, Windows",low,auditory,devops engineer,onsite,poor,no,11,cisco
female,"sinhala, tamil",bachelor's degree,cyber security,3.27,1,2,3.28,Hardware Engineer,"PCB Design, Electronics, Microcontrollers, Embedded C",moderate,visual,data scientist,onsite,poor,no,11,azure
male,"sinhala, tamil",bachelor's degree,information technology,3.81,1,1,2.25,QA Engineer,"Selenium, Manual Testing, Test Cases, Jira",excellent,visual,systems analyst,hybrid,poor,no,7,cisco
female,tamil,bachelor's degree,cyber security,2.88,3,2,2.82,Software Tester,"Selenium, SQL, Bug Tracking, Test Plans",moderate,kinesthetic,qa engineer,onsite,poor,no,9,azure
female,"sinhala, tamil",bachelor's degree,computer science,2.81,3,1,3.49,Automation Test Engineer,"Selenium, CI/CD, TestNG, Python",excellent,visual,security engineer,onsite,poor,no,12,none
female,"english, sinhala",bachelor's degree,software engineering,2.94,4,1,3.56,UI Designer,"Color Theory, Photoshop, Figma, UI Principles",low,kinesthetic,software engineer,onsite,average,yes,2,google
male,"english, sinhala, tamil",bachelor's degree,data science,3.34,1,1,3.29,UX Designer,"Prototyping, Wireframing, Psychology, Figma",low,visual,systems analyst,onsite,excellent,yes,11,cisco
male,"sinhala, tamil",bachelor's degree,cyber security,3.69,2,1,3.18,Product Designer,"User Flow, Prototyping, UI Design, Design Systems",excellent,kinesthetic,systems analyst,hybrid,poor,no,2,cisco
male,tamil,bachelor's degree,information technology,2.53,1,2,3.79,Blockchain Developer,"Node.js, Ethereum, Smart Contracts, Web3.js",moderate,auditory,software engineer,remote,excellent,yes,12,none
male,"english, sinhala, tamil",bachelor's degree,computer science,3.42,4,2,3.38,IoT Engineer,"Arduino, C/C++, Sensors, Raspberry Pi",moderate,kinesthetic,systems analyst,remote,average,no,12,google
female,"english, sinhala, tamil",bachelor's degree,information technology,2.35,4,2,3.4,Embedded Systems Engineer,"PCB Design, Microcontrollers, RTOS, IoT",low,auditory,software engineer,remote,poor,no,12,none
male,"tamil, english",bachelor's degree,software engineering,2.21,3,1,3.96,AR/VR Developer,"Unreal Engine, XR SDKs, C#, 3D Modeling",low,auditory,data scientist,hybrid,poor,no,3,aws
female,sinhala,bachelor's degree,software engineering,3.43,3,2,3.66,SEO Specialist,"SEO Tools, Google Analytics, HTML, Keyword Research",low,auditory,systems analyst,remote,excellent,no,7,aws
female,tamil,bachelor's degree,information technology,2.7,1,1,3.62,IT Support Specialist,"Hardware, Windows, Networking, Active Directory",moderate,visual,devops engineer,remote,excellent,yes,9,none
female,"english, sinhala",bachelor's degree,data science,3.1,4,2,3.72,Software Engineer,"SQL, OOP, Git, Java",excellent,auditory,data scientist,onsite,average,yes,10,azure
male,sinhala,bachelor's degree,data science,3.89,1,2,2.53,Full Stack Developer,"Express, JavaScript, React, Node.js",moderate,kinesthetic,security engineer,onsite,average,yes,0,google
female,"sinhala, tamil",bachelor's degree,software engineering,3.76,3,2,2.45,Frontend Developer,"Tailwind CSS, JavaScript, TypeScript, HTML",excellent,visual,systems analyst,hybrid,excellent,yes,8,aws
female,english,bachelor's degree,cyber security,3.23,1,2,3.76,Backend Developer,"Java, Spring Boot, SQL, Node.js",low,auditory,systems analyst,hybrid,average,no,0,none
female,english,bachelor's degree,data science,2.63,4,2,3.7,Web Developer,"MySQL, HTML, JavaScript, Bootstrap",low,visual,qa engineer,hybrid,poor,yes,12,cisco
female,"english, sinhala, tamil",bachelor's degree,information technology,3.12,4,1,3.1,Mobile App Developer,"Firebase, Java, Swift, REST API",low,visual,qa engineer,onsite,average,yes,2,azure
male,"english, sinhala, tamil",bachelor's degree,software engineering,2.67,3,2,3.11,Data Scientist,"Tableau, NumPy, Pandas, Machine Learning",moderate,kinesthetic,software engineer,hybrid,poor,yes,9,azure
female,sinhala,bachelor's degree,cyber security,2.95,3,2,2.26,Data Analyst,"Statistics, Excel, Python, SQL",low,visual,qa engineer,onsite,average,no,7,azure
female,"sinhala, tamil",bachelor's degree,information technology,2.89,4,1,2.3,Machine Learning Engineer,"Deep Learning, NumPy, Python, Scikit-learn",low,visual,qa engineer,remote,average,yes,2,azure
female,"english, sinhala, tamil",bachelor's degree,cyber security,2.79,3,1,3.14,AI Engineer,"TensorFlow, LLMs, Python, NLP",excellent,visual,qa engineer,remote,average,no,9,cisco
female,"english, sinhala",bachelor's degree,data science,2.51,3,1,3.93,BI Developer,"ETL Tools, DAX, Excel, SQL",moderate,kinesthetic,security engineer,onsite,poor,yes,2,aws
male,sinhala,bachelor's degree,software engineering,2.92,3,2,2.32,DevOps Engineer,"AWS, Linux, Kubernetes, Docker",excellent,auditory,systems analyst,onsite,excellent,no,11,cisco
male,english,bachelor's degree,data science,3.71,2,1,3.26,Cloud Engineer,"Kubernetes, Terraform, GCP, AWS",excellent,auditory,systems analyst,hybrid,poor,no,8,aws
female,english,bachelor's degree,computer science,2.1,3,1,3.81,Cloud Architect,"IaC, Microservices, AWS/Azure Design, Security",excellent,auditory,data scientist,hybrid,poor,no,4,aws
male,"sinhala, tamil",bachelor's degree,information technology,2.74,2,2,3.13,Cybersecurity Analyst,"Firewalls, Python, SIEM, Risk Analysis",low,visual,data scientist,remote,excellent,no,3,azure
female,"english, sinhala, tamil",bachelor's degree,cyber security,3.86,4,2,2.61,Ethical Hacker,"Wireshark, Python, Kali Linux, Nmap",low,visual,security engineer,remote,poor,yes,4,aws
male,"english, sinhala, tamil",bachelor's degree,software engineering,3.94,2,2,3.57,Security Engineer,"Firewalls, Linux, IAM, Cloud Security",low,auditory,systems analyst,onsite,poor,yes,11,none
female,"english, sinhala, tamil",bachelor's degree,cyber security,2.29,3,1,3.35,Information Security Analyst,"SIEM, Incident Response, Risk Assessment, Compliance",moderate,visual,qa engineer,remote,excellent,yes,11,none
male,english,bachelor's degree,information technology,3.46,2,1,3.29,Network Engineer,"VPN, TCP/IP, Routing, Firewalls",low,kinesthetic,qa engineer,onsite,poor,yes,7,none
female,"tamil, english",bachelor's degree,data science,3.59,4,2,2.9,System Administrator,"Linux, Windows Server, Bash, Networking",moderate,kinesthetic,security engineer,hybrid,excellent,yes,2,cisco
female,"tamil, english",bachelor's degree,information technology,3.19,4,1,3.19,IT Support Engineer,"Ticketing Tools, Networking, Troubleshooting, Hardware",low,auditory,qa engineer,remote,excellent,yes,0,aws
female,"english, sinhala, tamil",bachelor's degree,software engineering,4.0,4,1,2.48,Hardware Engineer,"Microcontrollers, Electronics, PCB Design, Circuit Design",moderate,auditory,systems analyst,hybrid,poor,no,1,cisco
male,"english, sinhala",bachelor's degree,software engineering,2.7,3,2,3.96,QA Engineer,"SQL, Manual Testing, Test Cases, API Testing",low,auditory,devops engineer,hybrid,average,no,6,cisco
female,"english, sinhala",bachelor's degree,cyber security,2.71,3,1,3.13,Software Tester,"Agile, SQL, Test Plans, Selenium",moderate,visual,security engineer,onsite,poor,yes,5,google
male,tamil,bachelor's degree,information technology,2.41,1,2,3.49,Automation Test Engineer,"Selenium, CI/CD, Python, TestNG",excellent,kinesthetic,data scientist,onsite,average,yes,11,cisco
male,"english, sinhala",bachelor's degree,data science,3.7,3,2,2.94,UI Designer,"Photoshop, Figma, Adobe XD, Prototyping",low,auditory,devops engineer,hybrid,excellent,yes,0,cisco
male,"sinhala, tamil",bachelor's degree,software engineering,2.99,3,2,2.37,UX Designer,"UX Testing, Figma, Wireframing, Prototyping",moderate,auditory,qa engineer,onsite,average,no,5,none
female,"sinhala, tamil",bachelor's degree,software engineering,3.02,3,2,3.96,Product Designer,"UI Design, Prototyping, Figma, User Flow",moderate,auditory,data scientist,onsite,average,yes,11,google
female,"tamil, english",bachelor's degree,software engineering,3.0,1,1,2.84,Blockchain Developer,"Node.js, Smart Contracts, Cryptography, Ethereum",moderate,auditory,security engineer,remote,excellent,no,1,cisco
male,"tamil, english",bachelor's degree,data science,3.02,4,1,3.32,IoT Engineer,"Arduino, Cloud Integration, Sensors, MQTT",moderate,visual,qa engineer,remote,average,yes,1,cisco
male,"tamil, english",bachelor's degree,software engineering,2.77,2,2,3.62,Embedded Systems Engineer,"C/C++, Microcontrollers, IoT, Electronics",moderate,kinesthetic,systems analyst,hybrid,poor,yes,6,cisco
female,"sinhala, tamil",bachelor's degree,computer science,3.89,3,1,3.43,AR/VR Developer,"Unreal Engine, C#, Blender, 3D Modeling",excellent,kinesthetic,devops engineer,remote,poor,yes,6,none
male,tamil,bachelor's degree,cyber security,3.23,2,1,2.9,SEO Specialist,"Google Analytics, HTML, SEO Tools, Backlinks",low,visual,devops engineer,hybrid,poor,yes,2,azure
female,"sinhala, tamil",bachelor's degree,information technology,3.7,3,1,3.01,IT Support Specialist,"Windows, Ticketing Systems, Active Directory, Hardware",excellent,kinesthetic,security engineer,remote,average,yes,0,cisco
female,sinhala,bachelor's degree,data science,3.28,4,2,2.43,Software Engineer,"OOP, Python, SQL, Git",moderate,auditory,devops engineer,onsite,poor,no,6,google
female,"sinhala, tamil",bachelor's degree,cyber security,2.49,3,1,2.22,Full Stack Developer,"React, Node.js, JavaScript, MongoDB",moderate,kinesthetic,systems analyst,remote,poor,yes,8,azure
female,"english, sinhala",bachelor's degree,information technology,2.9,3,2,2.57,Frontend Developer,"React, Tailwind CSS, HTML, TypeScript",low,visual,data scientist,remote,excellent,no,3,none
female,"english, sinhala",bachelor's degree,data science,3.16,1,1,2.91,Backend Developer,"REST API, Spring Boot, Node.js, SQL",moderate,auditory,security engineer,hybrid,average,no,10,azure
male,sinhala,bachelor's degree,data science,3.12,1,1,3.61,Web Developer,"HTML, Bootstrap, CSS, PHP",excellent,kinesthetic,qa engineer,remote,excellent,no,12,azure
female,tamil,bachelor's degree,cyber security,2.7,1,2,2.2,Mobile App Developer,"Kotlin, Flutter, Java, Swift",excellent,auditory,security engineer,remote,poor,yes,0,aws
female,sinhala,bachelor's degree,cyber security,3.78,4,1,3.38,Data Scientist,"Tableau, Pandas, Python, NumPy",excellent,auditory,qa engineer,remote,excellent,yes,10,cisco
male,tamil,bachelor's degree,computer science,2.22,2,1,3.38,Data Analyst,"Statistics, SQL, Python, Power BI",moderate,visual,systems analyst,hybrid,poor,no,2,aws
female,"tamil, english",bachelor's degree,computer science,3.83,4,2,3.46,Machine Learning Engineer,"Scikit-learn, TensorFlow, Python, Pandas",moderate,kinesthetic,software engineer,hybrid,average,no,5,aws
male,tamil,bachelor's degree,cyber security,3.57,3,2,3.48,AI Engineer,"Data Processing, PyTorch, NLP, Python",low,visual,qa engineer,remote,average,no,9,azure
male,"tamil, english",bachelor's degree,software engineering,3.07,4,2,3.54,BI Developer,"ETL Tools, Tableau, DAX, Power BI",moderate,visual,software engineer,remote,average,no,1,aws
male,english,bachelor's degree,computer science,3.55,3,1,3.17,DevOps Engineer,"CI/CD, AWS, Docker, Jenkins",excellent,auditory,devops engineer,onsite,poor,yes,0,google
male,"english, sinhala",bachelor's degree,data science,3.11,3,1,2.39,Cloud Engineer,"Azure, Docker, Terraform, GCP",moderate,visual,security engineer,hybrid,poor,yes,9,azure
male,tamil,bachelor's degree,software engineering,2.73,4,1,2.76,Cloud Architect,"IaC, Networking, Scalability, AWS/Azure Design",moderate,auditory,qa engineer,onsite,average,no,12,aws
female,tamil,bachelor's degree,information technology,2.42,4,1,3.89,Cybersecurity Analyst,"Firewalls, Networking, SIEM, Linux",low,kinesthetic,devops engineer,remote,average,yes,5,none
male,"sinhala, tamil",bachelor's degree,cyber security,2.84,4,2,2.49,Ethical Hacker,"Wireshark, Python, Burp Suite, Metasploit",excellent,auditory,systems analyst,remote,poor,yes,8,azure
female,"english, sinhala",bachelor's degree,data science,3.05,4,2,3.84,Security Engineer,"Linux, Cloud Security, Firewalls, IAM",excellent,kinesthetic,qa engineer,remote,poor,no,10,cisco
male,"english, sinhala",bachelor's degree,information technology,3.8,3,2,2.71,Information Security Analyst,"Incident Response, Networking, Risk Assessment, SIEM",low,visual,security engineer,onsite,poor,no,10,none
male,"sinhala, tamil",bachelor's degree,cyber security,3.16,3,2,3.3,Network Engineer,"VPN, Switching, TCP/IP, Routing",excellent,visual,security engineer,remote,poor,no,9,aws
female,"english, sinhala, tamil",bachelor's degree,computer science,3.84,4,1,2.53,System Administrator,"Virtualization, Windows Server, Bash, Linux",moderate,visual,security engineer,onsite,excellent,yes,1,google
male,"english, sinhala, tamil",bachelor's degree,information technology,2.46,4,2,2.82,IT Support Engineer,"Hardware, Windows, Networking, Active Directory",excellent,kinesthetic,data scientist,remote,excellent,yes,12,azure
male,"english, sinhala",bachelor's degree,information technology,2.39,1,1,3.89,Hardware Engineer,"Arduino, Circuit Design, Microcontrollers, PCB Design",excellent,kinesthetic,qa engineer,hybrid,excellent,no,3,aws
male,sinhala,bachelor's degree,computer science,3.75,2,1,2.68,QA Engineer,"Jira, Test Cases, Selenium, SQL",low,kinesthetic,qa engineer,hybrid,average,yes,9,cisco
male,"sinhala, tamil",bachelor's degree,software engineering,2.57,4,2,2.42,Software Tester,"SQL, Bug Tracking, Manual Testing, Selenium",low,auditory,data scientist,hybrid,poor,yes,6,none
male,"english, sinhala",bachelor's degree,cyber security,3.83,3,2,3.79,Automation Test Engineer,"Java, CI/CD, Cypress, TestNG",low,visual,qa engineer,remote,excellent,yes,1,aws
female,tamil,bachelor's degree,computer science,2.35,4,1,2.74,UI Designer,"Figma, Prototyping, Photoshop, Adobe XD",excellent,kinesthetic,qa engineer,hybrid,excellent,no,9,azure
female,"english, sinhala, tamil",bachelor's degree,information technology,2.88,2,1,2.85,UX Designer,"Figma, User Research, Psychology, Prototyping",low,visual,software engineer,remote,poor,no,12,azure
male,tamil,bachelor's degree,data science,3.39,2,2,2.76,Product Designer,"UX Research, Design Systems, Figma, User Flow",moderate,visual,qa engineer,onsite,excellent,yes,0,aws
female,"english, sinhala",bachelor's degree,cyber security,2.6,1,1,2.23,Blockchain Developer,"Cryptography, Solidity, Smart Contracts, Web3.js",low,auditory,qa engineer,hybrid,excellent,no,2,google
male,"sinhala, tamil",bachelor's degree,cyber security,2.1,1,1,2.78,IoT Engineer,"C/C++, Arduino, Cloud Integration, Sensors",moderate,kinesthetic,systems analyst,onsite,excellent,no,1,google
female,sinhala,bachelor's degree,cyber security,3.38,4,1,3.2,Embedded Systems Engineer,"Microcontrollers, RTOS, PCB Design, Electronics",low,visual,data scientist,remote,poor,yes,2,google
female,"tamil, english",bachelor's degree,software engineering,3.07,1,2,3.54,AR/VR Developer,"Unity, 3D Modeling, Blender, XR SDKs",excellent,visual,data scientist,hybrid,average,yes,9,aws
female,tamil,bachelor's degree,information technology,2.43,1,1,2.71,SEO Specialist,"SEO Tools, Content Strategy, Backlinks, Keyword Research",low,visual,data scientist,remote,average,yes,12,aws
female,"sinhala, tamil",bachelor's degree,information technology,3.29,1,1,3.61,IT Support Specialist,"Active Directory, Hardware, Ticketing Systems, Troubleshooting",excellent,kinesthetic,systems analyst,remote,poor,yes,0,aws
male,sinhala,bachelor's degree,software engineering,2.52,2,2,2.35,Software Engineer,"Spring Boot, SQL, Git, OOP",moderate,kinesthetic,qa engineer,hybrid,average,yes,4,cisco
male,english,bachelor's degree,computer science,2.29,2,1,2.98,Full Stack Developer,"Express, React, JavaScript, Node.js",moderate,auditory,security engineer,hybrid,excellent,no,6,cisco
male,"tamil, english",bachelor's degree,computer science,2.74,2,2,2.56,Frontend Developer,"HTML, Tailwind CSS, React, CSS",moderate,kinesthetic,security engineer,remote,excellent,no,1,cisco
female,"sinhala, tamil",bachelor's degree,data science,3.0,1,2,2.89,Backend Developer,"Microservices, Spring Boot, Java, Node.js",moderate,auditory,qa engineer,remote,average,yes,5,azure
female,tamil,bachelor's degree,computer science,2.81,3,2,2.92,Web Developer,"HTML, JavaScript, Bootstrap, PHP",excellent,visual,software engineer,onsite,poor,yes,4,google
female,tamil,bachelor's degree,software engineering,2.66,3,2,3.27,Mobile App Developer,"Kotlin, Swift, Java, Flutter",excellent,auditory,qa engineer,hybrid,excellent,yes,5,cisco
female,tamil,bachelor's degree,software engineering,2.73,1,1,2.73,Data Scientist,"SQL, Tableau, Machine Learning, Pandas",low,auditory,data scientist,remote,excellent,yes,2,google
female,sinhala,bachelor's degree,information technology,3.16,4,1,2.29,Data Analyst,"Python, Statistics, Data Visualization, Power BI",low,auditory,qa engineer,onsite,poor,no,5,google
female,english,bachelor's degree,cyber security,2.85,2,1,3.66,Machine Learning Engineer,"NumPy, Python, Deep Learning, TensorFlow",moderate,kinesthetic,devops engineer,onsite,excellent,yes,7,google
male,"english, sinhala",bachelor's degree,information technology,3.51,4,2,3.58,AI Engineer,"PyTorch, Python, Data Processing, LLMs",low,kinesthetic,software engineer,hybrid,excellent,yes,11,aws
female,tamil,bachelor's degree,data science,2.46,2,1,2.78,BI Developer,"Power BI, ETL Tools, DAX, SQL",moderate,auditory,data scientist,remote,average,no,1,google
female,"sinhala, tamil",bachelor's degree,software engineering,3.72,4,2,3.37,DevOps Engineer,"Jenkins, CI/CD, Linux, AWS",moderate,kinesthetic,software engineer,hybrid,poor,no,12,aws
male,sinhala,bachelor's degree,software engineering,2.57,1,1,3.12,Cloud Engineer,"GCP, Docker, AWS, Azure",low,auditory,qa engineer,onsite,excellent,yes,3,google
female,"english, sinhala, tamil",bachelor's degree,information technology,4.0,4,2,3.4,Cloud Architect,"Networking, AWS/Azure Design, Microservices, Scalability",excellent,kinesthetic,data scientist,hybrid,poor,yes,12,google
male,"english, sinhala",bachelor's degree,information technology,2.89,4,1,2.88,Cybersecurity Analyst,"Python, Firewalls, SIEM, Linux",excellent,visual,software engineer,remote,poor,yes,2,none
female,"tamil, english",bachelor's degree,cyber security,3.67,3,2,3.64,Ethical Hacker,"Python, Nmap, Burp Suite, Kali Linux",moderate,kinesthetic,data scientist,remote,poor,no,0,azure
male,sinhala,bachelor's degree,data science,2.75,2,2,2.91,Security Engineer,"IAM, Firewalls, Linux, SIEM",moderate,kinesthetic,qa engineer,remote,excellent,no,12,google
male,english,bachelor's degree,software engineering,2.68,2,1,3.91,Information Security Analyst,"SOC Tools, Incident Response, SIEM, Risk Assessment",excellent,kinesthetic,devops engineer,remote,excellent,yes,3,google
female,"tamil, english",bachelor's degree,data science,2.08,2,2,3.78,Network Engineer,"Cisco, Switching, Firewalls, VPN",excellent,auditory,devops engineer,remote,excellent,no,5,azure
female,tamil,bachelor's degree,computer science,3.56,2,1,3.63,System Administrator,"Virtualization, Linux, Active Directory, Windows Server",low,kinesthetic,qa engineer,onsite,average,yes,10,google
female,english,bachelor's degree,software engineering,2.88,2,2,2.64,IT Support Engineer,"Networking, Troubleshooting, Windows, Hardware",moderate,kinesthetic,systems analyst,hybrid,excellent,yes,7,none
female,sinhala,bachelor's degree,computer science,3.81,1,1,2.95,Hardware Engineer,"Arduino, Microcontrollers, Embedded C, Electronics",moderate,auditory,devops engineer,remote,excellent,no,11,none
male,"english, sinhala",bachelor's degree,cyber security,3.13,2,2,2.35,QA Engineer,"API Testing, Manual Testing, Test Cases, Jira",low,kinesthetic,security engineer,hybrid,average,no,3,aws
female,"english, sinhala",bachelor's degree,data science,3.18,3,1,3.71,Software Tester,"Manual Testing, Test Plans, Selenium, Bug Tracking",low,visual,systems analyst,remote,excellent,no,6,cisco
male,"tamil, english",bachelor's degree,cyber security,2.92,4,2,2.82,Automation Test Engineer,"TestNG, CI/CD, Cypress, Python",excellent,auditory,systems analyst,onsite,excellent,yes,0,none
male,english,bachelor's degree,computer science,2.99,4,2,2.7,UI Designer,"Photoshop, Figma, UI Principles, Prototyping",moderate,visual,software engineer,remote,average,yes,10,none
female,"english, sinhala",bachelor's degree,cyber security,3.38,1,1,3.29,UX Designer,"Wireframing, Prototyping, User Research, Psychology",low,auditory,qa engineer,remote,excellent,yes,12,google
male,"english, sinhala",bachelor's degree,data science,3.21,2,1,3.57,Product Designer,"User Flow, Design Systems, Prototyping, UI Design",excellent,kinesthetic,software engineer,remote,poor,no,1,google
female,"english, sinhala, tamil",bachelor's degree,cyber security,2.37,1,2,3.17,Blockchain Developer,"Solidity, Node.js, Ethereum, Cryptography",moderate,visual,software engineer,onsite,poor,yes,9,none
male,sinhala,bachelor's degree,software engineering,3.08,2,2,3.68,IoT Engineer,"C/C++, Cloud Integration, Sensors, MQTT",moderate,kinesthetic,software engineer,remote,poor,yes,11,azure
female,"sinhala, tamil",bachelor's degree,computer science,4.0,3,1,3.1,Embedded Systems Engineer,"C/C++, Microcontrollers, PCB Design, IoT",moderate,kinesthetic,security engineer,onsite,poor,no,6,cisco
male,tamil,bachelor's degree,software engineering,2.38,4,1,2.28,AR/VR Developer,"C#, XR SDKs, Unity, Unreal Engine",excellent,kinesthetic,qa engineer,hybrid,excellent,no,7,aws
male,sinhala,bachelor's degree,software engineering,3.51,4,1,3.73,SEO Specialist,"Content Strategy, Google Analytics, Backlinks, Keyword Research",excellent,visual,data scientist,remote,average,no,7,cisco
male,sinhala,bachelor's degree,information technology,2.21,2,2,3.1,IT Support Specialist,"Hardware, Networking, Troubleshooting, Active Directory",moderate,visual,software engineer,hybrid,excellent,yes,9,google
male,tamil,bachelor's degree,computer science,2.69,2,2,2.75,Software Engineer,"Java, OOP, SQL, Spring Boot",moderate,auditory,data scientist,onsite,excellent,no,4,none
female,sinhala,bachelor's degree,data science,3.46,2,1,3.76,Full Stack Developer,"MongoDB, React, JavaScript, Node.js",low,auditory,software engineer,hybrid,excellent,yes,9,google
female,sinhala,bachelor's degree,computer science,3.05,1,1,2.46,Frontend Developer,"JavaScript, React, CSS, Tailwind CSS",moderate,visual,qa engineer,remote,average,no,2,cisco
female,"sinhala, tamil",bachelor's degree,data science,2.53,3,2,2.52,Backend Developer,"Node.js, Java, SQL, REST API",low,kinesthetic,security engineer,onsite,poor,yes,10,google
male,"sinhala, tamil",bachelor's degree,information technology,3.57,2,2,2.91,Web Developer,"PHP, HTML, JavaScript, CSS",low,visual,data scientist,remote,average,yes,12,none
male,"english, sinhala, tamil",bachelor's degree,computer science,3.49,4,2,3.39,Mobile App Developer,"Swift, REST API, Java, Firebase",low,visual,qa engineer,hybrid,poor,no,10,aws
male,sinhala,bachelor's degree,computer science,3.76,3,2,2.57,Data Scientist,"NumPy, Python, Pandas, Tableau",moderate,kinesthetic,security engineer,remote,poor,no,0,aws
female,english,bachelor's degree,information technology,3.71,4,2,3.73,Data Analyst,"SQL, Python, Data Visualization, Statistics",excellent,visual,data scientist,onsite,poor,no,11,google
female,tamil,bachelor's degree,cyber security,2.72,4,2,3.81,Machine Learning Engineer,"NumPy, Python, Scikit-learn, Pandas",excellent,auditory,qa engineer,remote,poor,no,4,aws
female,sinhala,bachelor's degree,information technology,3.66,2,1,3.07,AI Engineer,"PyTorch, TensorFlow, Data Processing, NLP",excellent,auditory,software engineer,hybrid,excellent,yes,3,google
male,tamil,bachelor's degree,software engineering,2.66,1,2,3.5,BI Developer,"ETL Tools, Power BI, Excel, DAX",moderate,auditory,qa engineer,hybrid,average,no,2,cisco
female,sinhala,bachelor's degree,computer science,2.96,2,1,2.44,DevOps Engineer,"Kubernetes, Linux, Docker, Jenkins",moderate,kinesthetic,systems analyst,remote,poor,yes,6,google
male,tamil,bachelor's degree,software engineering,3.6,4,2,3.67,Cloud Engineer,"AWS, GCP, Terraform, Azure",moderate,visual,qa engineer,remote,poor,no,12,azure
female,"english, sinhala, tamil",bachelor's degree,computer science,2.16,3,1,3.76,Cloud Architect,"Networking, AWS/Azure Design, Microservices, Security",low,visual,security engineer,remote,excellent,yes,6,azure
female,"tamil, english",bachelor's degree,cyber security,2.38,1,1,2.7,Cybersecurity Analyst,"Linux, Firewalls, SIEM, Python",low,auditory,qa engineer,remote,excellent,no,5,cisco
female,"tamil, english",bachelor's degree,computer science,2.51,4,2,2.32,Ethical Hacker,"Burp Suite, Kali Linux, Python, Nmap",moderate,auditory,security engineer,hybrid,average,no,1,google
male,tamil,bachelor's degree,information technology,2.8,3,1,2.69,Security Engineer,"Linux, SIEM, Cloud Security, Encryption",moderate,kinesthetic,software engineer,onsite,poor,no,0,aws
male,sinhala,bachelor's degree,data science,2.96,1,1,3.27,Information Security Analyst,"Incident Response, SOC Tools, SIEM, Networking",moderate,auditory,devops engineer,remote,excellent,yes,8,none
male,"english, sinhala",bachelor's degree,information technology,2.39,3,1,3.95,Network Engineer,"Cisco, Routing, Switching, Firewalls",excellent,visual,security engineer,hybrid,average,yes,3,none
male,"tamil, english",bachelor's degree,computer science,3.41,3,2,2.9,System Administrator,"Networking, Active Directory, Virtualization, Windows Server",low,visual,security engineer,hybrid,excellent,no,1,azure
male,tamil,bachelor's degree,information technology,3.72,1,2,2.6,IT Support Engineer,"Ticketing Tools, Windows, Networking, Hardware",moderate,visual,software engineer,remote,average,yes,11,google
female,"tamil, english",bachelor's degree,information technology,2.76,3,1,2.52,Hardware Engineer,"Arduino, Embedded C, Electronics, Microcontrollers",excellent,visual,software engineer,onsite,excellent,yes,3,cisco
male,"english, sinhala, tamil",bachelor's degree,cyber security,2.09,1,1,3.04,QA Engineer,"Selenium, Test Cases, Manual Testing, SQL",excellent,auditory,security engineer,onsite,poor,yes,9,none
female,"tamil, english",bachelor's degree,software engineering,3.32,1,2,2.5,Software Tester,"Bug Tracking, Manual Testing, SQL, Test Plans",excellent,visual,security engineer,remote,average,no,12,google
female,"sinhala, tamil",bachelor's degree,computer science,3.86,1,2,3.04,Automation Test Engineer,"Python, TestNG, Selenium, Cypress",moderate,auditory,data scientist,remote,poor,no,3,none
male,sinhala,bachelor's degree,information technology,3.2,1,1,3.82,UI Designer,"Prototyping, Adobe XD, Photoshop, UI Principles",moderate,visual,software engineer,hybrid,excellent,no,2,aws
female,"tamil, english",bachelor's degree,data science,3.28,4,2,2.33,UX Designer,"Psychology, User Research, Wireframing, Prototyping",moderate,visual,data scientist,hybrid,poor,no,10,aws
female,"english, sinhala",bachelor's degree,information technology,3.49,4,1,3.9,Product Designer,"Design Systems, UI Design, User Flow, UX Research",moderate,kinesthetic,data scientist,hybrid,average,no,9,azure
female,"sinhala, tamil",bachelor's degree,cyber security,4.0,3,1,3.49,Blockchain Developer,"Ethereum, Smart Contracts, Web3.js, Node.js",excellent,kinesthetic,data scientist,remote,poor,yes,3,google
male,"sinhala, tamil",bachelor's degree,information technology,2.16,3,2,3.56,IoT Engineer,"Raspberry Pi, Arduino, C/C++, Cloud Integration",low,auditory,data scientist,hybrid,average,yes,2,aws
female,"english, sinhala, tamil",bachelor's degree,cyber security,3.2,1,2,3.81,Embedded Systems Engineer,"C/C++, RTOS, Electronics, PCB Design",moderate,auditory,software engineer,onsite,poor,yes,5,aws
female,english,bachelor's degree,information technology,3.77,1,1,2.72,AR/VR Developer,"3D Modeling, Blender, XR SDKs, C#",excellent,kinesthetic,systems analyst,hybrid,excellent,no,6,cisco
male,sinhala,bachelor's degree,software engineering,3.79,3,2,2.56,SEO Specialist,"Google Analytics, SEO Tools, Backlinks, Content Strategy",moderate,visual,security engineer,onsite,excellent,yes,7,cisco
female,"tamil, english",bachelor's degree,data science,3.38,4,1,3.34,IT Support Specialist,"Hardware, Networking, Windows, Troubleshooting",low,visual,systems analyst,remote,poor,no,4,aws
female,"english, sinhala",bachelor's degree,computer science,3.38,1,1,3.51,Software Engineer,"Git, Python, SQL, Spring Boot",excellent,visual,security engineer,onsite,poor,yes,5,google
female,"sinhala, tamil",bachelor's degree,data science,2.17,2,2,3.75,Full Stack Developer,"REST API, React, Express, MongoDB",low,kinesthetic,data scientist,remote,poor,yes,8,none
female,"tamil, english",bachelor's degree,information technology,3.52,1,1,2.46,Frontend Developer,"Tailwind CSS, TypeScript, JavaScript, React",low,kinesthetic,security engineer,remote,average,no,11,aws
female,tamil,bachelor's degree,computer science,3.7,2,2,2.62,Backend Developer,"Java, REST API, SQL, Spring Boot",excellent,visual,security engineer,hybrid,poor,no,9,none
female,tamil,bachelor's degree,information technology,3.39,4,2,3.73,Web Developer,"JavaScript, CSS, Bootstrap, PHP",low,visual,devops engineer,remote,average,no,4,none
female,"english, sinhala, tamil",bachelor's degree,computer science,2.74,3,2,2.72,Mobile App Developer,"Swift, Firebase, REST API, Kotlin",excellent,auditory,devops engineer,remote,poor,no,8,aws
male,tamil,bachelor's degree,cyber security,2.4,1,1,3.41,Data Scientist,"NumPy, Python, Pandas, Machine Learning",moderate,auditory,qa engineer,hybrid,poor,no,11,azure
male,"english, sinhala, tamil",bachelor's degree,software engineering,3.4,2,1,2.79,Data Analyst,"Python, Statistics, SQL, Power BI",excellent,auditory,software engineer,onsite,poor,yes,11,cisco
female,"english, sinhala",bachelor's degree,data science,3.42,1,1,3.21,Machine Learning Engineer,"Pandas, TensorFlow, Deep Learning, Python",low,auditory,devops engineer,onsite,excellent,yes,12,aws
female,tamil,bachelor's degree,cyber security,3.78,3,1,2.59,AI Engineer,"PyTorch, Data Processing, TensorFlow, Python",low,auditory,data scientist,onsite,poor,yes,9,azure
male,"english, sinhala",bachelor's degree,cyber security,3.38,3,2,3.2,BI Developer,"ETL Tools, Power BI, DAX, Tableau",low,visual,qa engineer,onsite,poor,yes,8,google
male,"english, sinhala, tamil",bachelor's degree,data science,2.88,1,1,2.77,DevOps Engineer,"Kubernetes, Docker, Linux, AWS",low,kinesthetic,software engineer,hybrid,poor,yes,8,cisco
female,english,bachelor's degree,computer science,2.96,1,2,3.04,Cloud Engineer,"Docker, AWS, Kubernetes, GCP",excellent,visual,data scientist,remote,excellent,no,8,azure
female,tamil,bachelor's degree,cyber security,3.74,1,1,2.99,Cloud Architect,"Scalability, Microservices, Networking, Security",low,visual,security engineer,onsite,average,yes,7,google
male,"english, sinhala, tamil",bachelor's degree,information technology,2.66,1,2,3.38,Cybersecurity Analyst,"Python, Firewalls, Linux, Networking",low,visual,devops engineer,onsite,average,yes,3,azure
male,"tamil, english",bachelor's degree,cyber security,2.2,2,1,2.65,Ethical Hacker,"Kali Linux, Burp Suite, Metasploit, Nmap",low,kinesthetic,qa engineer,remote,poor,no,5,aws
male,sinhala,bachelor's degree,data science,2.38,1,1,3.18,Security Engineer,"Firewalls, SIEM, Encryption, Linux",low,visual,data scientist,onsite,average,no,12,none
male,"english, sinhala, tamil",bachelor's degree,computer science,2.96,4,2,2.38,Information Security Analyst,"Incident Response, Networking, SOC Tools, SIEM",moderate,auditory,data scientist,onsite,average,yes,3,azure
male,"sinhala, tamil",bachelor's degree,information technology,2.36,2,1,2.94,Network Engineer,"Firewalls, VPN, Switching, TCP/IP",excellent,visual,qa engineer,onsite,poor,no,0,cisco
female,"tamil, english",bachelor's degree,data science,3.66,2,1,2.21,System Administrator,"Linux, Networking, Active Directory, Bash",moderate,kinesthetic,devops engineer,remote,poor,yes,2,none
female,"tamil, english",bachelor's degree,software engineering,3.68,1,2,2.66,IT Support Engineer,"Networking, Active Directory, Hardware, Troubleshooting",low,kinesthetic,data scientist,hybrid,average,no,2,aws
male,"sinhala, tamil",bachelor's degree,cyber security,2.38,2,2,3.26,Hardware Engineer,"PCB Design, Electronics, Embedded C, Circuit Design",moderate,auditory,security engineer,remote,poor,yes,12,azure
male,english,bachelor's degree,data science,3.14,1,2,3.35,QA Engineer,"SQL, Jira, Manual Testing, Test Cases",moderate,visual,qa engineer,hybrid,average,no,11,azure
female,"sinhala, tamil",bachelor's degree,computer science,2.81,4,1,3.27,Software Tester,"Manual Testing, Test Plans, SQL, Agile",low,kinesthetic,security engineer,hybrid,poor,no,1,none
male,"tamil, english",bachelor's degree,information technology,2.76,1,1,3.37,Automation Test Engineer,"Python, Selenium, Java, CI/CD",low,visual,security engineer,onsite,average,yes,0,aws
male,english,bachelor's degree,data science,2.55,4,2,3.47,UI Designer,"Photoshop, UI Principles, Color Theory, Figma",excellent,auditory,software engineer,hybrid,poor,no,1,aws
male,english,bachelor's degree,information technology,2.61,3,2,3.22,UX Designer,"Prototyping, Psychology, User Research, Wireframing",excellent,kinesthetic,security engineer,remote,excellent,yes,4,none
male,english,bachelor's degree,computer science,4.0,4,1,2.64,Product Designer,"UI Design, Design Systems, UX Research, Figma",excellent,kinesthetic,security engineer,hybrid,average,yes,10,aws
male,tamil,bachelor's degree,data science,3.5,4,1,3.45,Blockchain Developer,"Cryptography, Ethereum, Solidity, Node.js",moderate,kinesthetic,systems analyst,remote,poor,no,0,google
male,"tamil, english",bachelor's degree,data science,3.77,3,2,3.33,IoT Engineer,"MQTT, Raspberry Pi, C/C++, Cloud Integration",low,visual,devops engineer,remote,excellent,no,7,cisco
female,sinhala,bachelor's degree,cyber security,2.29,2,1,3.64,Embedded Systems Engineer,"Microcontrollers, C/C++, RTOS, PCB Design",low,visual,devops engineer,hybrid,poor,yes,11,cisco
male,tamil,bachelor's degree,computer science,2.23,4,1,3.11,AR/VR Developer,"Unity, XR SDKs, 3D Modeling, Blender",low,auditory,data scientist,onsite,poor,yes,11,google
male,"english, sinhala, tamil",bachelor's degree,software engineering,2.6,2,2,3.78,SEO Specialist,"HTML, Keyword Research, Google Analytics, Content Strategy",low,visual,devops engineer,hybrid,excellent,no,6,azure
male,tamil,bachelor's degree,information technology,2.7,1,2,3.09,IT Support Specialist,"Troubleshooting, Ticketing Systems, Windows, Networking",moderate,auditory,systems analyst,onsite,poor,yes,1,cisco
female,"sinhala, tamil",bachelor's degree,software engineering,3.22,2,2,3.22,Software Engineer,"Java, Git, Python, OOP",excellent,auditory,software engineer,onsite,poor,no,12,google
female,"tamil, english",bachelor's degree,information technology,2.36,3,2,2.95,Full Stack Developer,"JavaScript, Node.js, Express, MongoDB",low,kinesthetic,systems analyst,onsite,average,yes,6,cisco
female,"sinhala, tamil",bachelor's degree,computer science,3.02,4,1,3.54,Frontend Developer,"JavaScript, TypeScript, Tailwind CSS, CSS",moderate,visual,qa engineer,hybrid,average,yes,11,none
female,"tamil, english",bachelor's degree,cyber security,3.64,3,2,2.56,Backend Developer,"Node.js, REST API, SQL, Java",excellent,auditory,qa engineer,hybrid,average,yes,12,google
male,"english, sinhala, tamil",bachelor's degree,information technology,2.35,1,2,2.81,Web Developer,"CSS, PHP, JavaScript, HTML",moderate,kinesthetic,qa engineer,remote,average,yes,2,none
female,sinhala,bachelor's degree,cyber security,3.19,4,1,3.86,Mobile App Developer,"Flutter, Firebase, Java, Swift",low,visual,qa engineer,onsite,average,yes,7,none
female,"english, sinhala",bachelor's degree,information technology,2.42,1,2,3.85,Data Scientist,"Python, SQL, Machine Learning, Pandas",excellent,visual,data scientist,hybrid,poor,no,3,azure
female,"sinhala, tamil",bachelor's degree,data science,3.35,1,1,2.53,Data Analyst,"Power BI, Excel, Data Visualization, Statistics",excellent,auditory,systems analyst,onsite,excellent,no,2,aws
male,"english, sinhala",bachelor's degree,information technology,2.45,2,2,3.94,Machine Learning Engineer,"Python, Pandas, Scikit-learn, Deep Learning",moderate,visual,devops engineer,onsite,excellent,yes,10,google
male,tamil,bachelor's degree,computer science,2.22,2,2,3.33,AI Engineer,"Python, TensorFlow, PyTorch, NLP",moderate,kinesthetic,qa engineer,onsite,average,no,8,azure
female,sinhala,bachelor's degree,cyber security,2.95,3,2,3.26,BI Developer,"Tableau, ETL Tools, DAX, Excel",low,kinesthetic,data scientist,remote,excellent,yes,10,google
male,"english, sinhala",bachelor's degree,data science,2.18,2,2,2.23,DevOps Engineer,"Linux, AWS, Docker, Jenkins",excellent,auditory,qa engineer,onsite,excellent,no,5,none
male,tamil,bachelor's degree,data science,3.11,4,1,3.92,Cloud Engineer,"GCP, Terraform, Azure, Kubernetes",moderate,kinesthetic,software engineer,remote,excellent,no,8,google
male,english,bachelor's degree,cyber security,2.98,2,1,2.89,Cloud Architect,"Networking, IaC, Security, AWS/Azure Design",low,kinesthetic,security engineer,hybrid,poor,yes,9,aws
female,tamil,bachelor's degree,information technology,2.39,3,2,3.76,Cybersecurity Analyst,"Risk Analysis, Firewalls, Python, Linux",moderate,auditory,security engineer,remote,poor,yes,12,none
male,sinhala,bachelor's degree,software engineering,3.46,3,2,2.23,Ethical Hacker,"Burp Suite, Python, Nmap, Metasploit",moderate,kinesthetic,systems analyst,hybrid,excellent,yes,10,none
female,english,bachelor's degree,software engineering,3.61,3,1,3.81,Security Engineer,"Cloud Security, IAM, SIEM, Linux",low,auditory,devops engineer,remote,excellent,no,8,cisco
male,tamil,bachelor's degree,data science,2.96,4,1,2.77,Information Security Analyst,"Incident Response, Risk Assessment, Compliance, SOC Tools",low,auditory,security engineer,hybrid,poor,yes,6,none
male,"english, sinhala, tamil",bachelor's degree,cyber security,4.0,1,1,2.44,Network Engineer,"Switching, Routing, Firewalls, TCP/IP",excellent,visual,data scientist,onsite,average,yes,11,cisco
male,english,bachelor's degree,information technology,2.45,2,1,2.3,System Administrator,"Virtualization, Windows Server, Bash, Networking",low,auditory,systems analyst,remote,poor,no,1,none
female,"sinhala, tamil",bachelor's degree,information technology,3.89,2,2,3.18,IT Support Engineer,"Active Directory, Ticketing Tools, Hardware, Networking",excellent,kinesthetic,data scientist,onsite,poor,yes,6,none
male,sinhala,bachelor's degree,software engineering,3.47,3,2,3.06,Hardware Engineer,"Electronics, Circuit Design, Embedded C, Microcontrollers",excellent,auditory,qa engineer,onsite,excellent,yes,1,azure
female,english,bachelor's degree,data science,2.83,3,1,3.04,QA Engineer,"Manual Testing, Test Cases, API Testing, SQL",moderate,auditory,software engineer,hybrid,average,yes,3,aws
female,"english, sinhala, tamil",bachelor's degree,computer science,3.33,1,2,2.55,Software Tester,"SQL, Test Plans, Agile, Bug Tracking",moderate,auditory,devops engineer,onsite,poor,yes,10,none
male,tamil,bachelor's degree,software engineering,3.11,1,2,2.71,Automation Test Engineer,"Selenium, Cypress, CI/CD, Python",low,kinesthetic,software engineer,remote,poor,no,7,azure
female,"english, sinhala, tamil",bachelor's degree,information technology,3.82,3,1,3.24,UI Designer,"Prototyping, Color Theory, Adobe XD, Figma",moderate,visual,qa engineer,onsite,poor,no,6,cisco
female,english,bachelor's degree,software engineering,3.65,4,2,3.57,UX Designer,"User Research, Wireframing, UX Testing, Psychology",excellent,kinesthetic,devops engineer,hybrid,average,yes,1,google
male,sinhala,bachelor's degree,cyber security,3.83,4,1,3.37,Product Designer,"UI Design, Design Systems, User Flow, Figma",low,kinesthetic,software engineer,remote,excellent,yes,0,azure
female,"english, sinhala",bachelor's degree,data science,2.99,2,2,3.69,Blockchain Developer,"Web3.js, Cryptography, Ethereum, Node.js",low,visual,security engineer,hybrid,excellent,no,1,none
female,sinhala,bachelor's degree,data science,3.01,4,2,2.61,IoT Engineer,"MQTT, Cloud Integration, Raspberry Pi, C/C++",low,kinesthetic,systems analyst,hybrid,poor,yes,9,none
female,tamil,bachelor's degree,computer science,3.37,4,1,2.53,Embedded Systems Engineer,"RTOS, Electronics, C/C++, PCB Design",moderate,kinesthetic,software engineer,remote,average,no,5,azure
female,"sinhala, tamil",bachelor's degree,data science,2.99,3,1,3.21,AR/VR Developer,"Blender, 3D Modeling, Unreal Engine, C#",excellent,kinesthetic,systems analyst,hybrid,average,no,2,cisco
male,tamil,bachelor's degree,computer science,3.0,3,2,3.72,SEO Specialist,"HTML, Backlinks, SEO Tools, Content Strategy",low,auditory,security engineer,onsite,excellent,no,0,cisco
male,english,bachelor's degree,data science,2.89,2,2,3.75,IT Support Specialist,"Hardware, Networking, Ticketing Systems, Troubleshooting",moderate,visual,systems analyst,hybrid,excellent,no,3,none
female,"english, sinhala, tamil",bachelor's degree,information technology,2.54,1,2,2.81,Software Engineer,"Git, OOP, SQL, Python",low,kinesthetic,qa engineer,onsite,poor,yes,7,cisco
male,"tamil, english",bachelor's degree,computer science,2.65,3,2,3.18,Full Stack Developer,"JavaScript, React, Node.js, MongoDB",excellent,auditory,security engineer,remote,poor,no,11,azure
male,"tamil, english",bachelor's degree,cyber security,2.48,3,2,3.9,Frontend Developer,"TypeScript, HTML, JavaScript, CSS",excellent,auditory,qa engineer,onsite,average,yes,5,none
male,"english, sinhala, tamil",bachelor's degree,data science,2.22,1,1,3.12,Backend Developer,"Java, Spring Boot, REST API, Node.js",excellent,visual,systems analyst,onsite,average,no,12,aws
female,english,bachelor's degree,cyber security,2.49,3,1,2.78,Web Developer,"CSS, JavaScript, PHP, HTML",excellent,auditory,qa engineer,hybrid,excellent,no,2,none
male,"english, sinhala",bachelor's degree,information technology,3.36,4,1,2.91,Mobile App Developer,"Swift, REST API, Java, Flutter",moderate,visual,software engineer,remote,poor,no,10,google
female,english,bachelor's degree,software engineering,2.93,2,1,3.63,Data Scientist,"Python, NumPy, Machine Learning, Tableau",low,auditory,qa engineer,hybrid,poor,no,9,google
male,"english, sinhala, tamil",bachelor's degree,cyber security,2.67,4,1,3.83,Data Analyst,"Power BI, Python, Statistics, Data Visualization",low,kinesthetic,security engineer,hybrid,poor,yes,12,aws
male,"english, sinhala, tamil",bachelor's degree,software engineering,2.92,4,1,3.49,Machine Learning Engineer,"Scikit-learn, Deep Learning, TensorFlow, NumPy",low,auditory,security engineer,remote,excellent,yes,12,google
male,"english, sinhala",bachelor's degree,software engineering,2.65,3,2,2.49,AI Engineer,"TensorFlow, LLMs, Python, PyTorch",moderate,kinesthetic,data scientist,remote,poor,no,12,none
female,english,bachelor's degree,cyber security,2.48,3,2,2.78,BI Developer,"Power BI, ETL Tools, Excel, SQL",moderate,auditory,qa engineer,onsite,average,yes,1,cisco
female,"sinhala, tamil",bachelor's degree,software engineering,2.32,2,2,3.63,DevOps Engineer,"Jenkins, Linux, Kubernetes, CI/CD",low,kinesthetic,qa engineer,remote,poor,yes,4,azure
female,english,bachelor's degree,cyber security,3.83,4,1,2.64,Cloud Engineer,"Azure, Terraform, Docker, GCP",low,visual,qa engineer,remote,poor,no,11,azure
female,tamil,bachelor's degree,software engineering,3.2,2,1,3.86,Cloud Architect,"Microservices, Security, IaC, Networking",moderate,auditory,software engineer,hybrid,average,no,10,none
female,"english, sinhala",bachelor's degree,computer science,2.24,3,2,3.82,Cybersecurity Analyst,"Python, Firewalls, Risk Analysis, Networking",low,auditory,devops engineer,hybrid,poor,yes,12,azure
female,tamil,bachelor's degree,cyber security,3.82,4,2,3.15,Ethical Hacker,"Wireshark, Metasploit, Kali Linux, Burp Suite",excellent,kinesthetic,qa engineer,onsite,poor,yes,1,cisco
male,sinhala,bachelor's degree,information technology,3.11,2,1,3.31,Security Engineer,"Linux, Firewalls, Encryption, Cloud Security",moderate,kinesthetic,qa engineer,hybrid,average,yes,0,azure
male,sinhala,bachelor's degree,cyber security,2.61,1,1,2.49,Information Security Analyst,"Risk Assessment, Compliance, SOC Tools, SIEM",low,kinesthetic,devops engineer,hybrid,excellent,yes,4,azure
male,sinhala,bachelor's degree,computer science,2.83,2,1,3.98,Network Engineer,"TCP/IP, Firewalls, Cisco, VPN",low,auditory,security engineer,remote,poor,yes,3,cisco
male,sinhala,bachelor's degree,computer science,2.41,4,1,3.03,System Administrator,"Linux, Networking, Virtualization, Active Directory",moderate,kinesthetic,security engineer,remote,excellent,yes,0,google
female,sinhala,bachelor's degree,cyber security,2.48,4,2,3.47,IT Support Engineer,"Ticketing Tools, Hardware, Windows, Troubleshooting",low,auditory,systems analyst,onsite,excellent,no,1,none
male,"english, sinhala, tamil",bachelor's degree,computer science,2.85,2,1,2.41,Hardware Engineer,"Microcontrollers, Arduino, Circuit Design, PCB Design",moderate,kinesthetic,security engineer,hybrid,poor,no,9,none
male,english,bachelor's degree,computer science,3.91,4,2,3.91,QA Engineer,"Manual Testing, Jira, SQL, API Testing",moderate,visual,systems analyst,remote,excellent,no,0,google
male,english,bachelor's degree,software engineering,3.44,3,1,2.69,Software Tester,"Selenium, SQL, Test Plans, Agile",moderate,auditory,security engineer,hybrid,excellent,yes,11,none
female,"english, sinhala",bachelor's degree,computer science,4.0,1,2,3.31,Automation Test Engineer,"Java, Cypress, TestNG, Python",moderate,auditory,devops engineer,remote,average,yes,8,aws
female,sinhala,bachelor's degree,cyber security,2.43,4,1,2.53,UI Designer,"Figma, Adobe XD, UI Principles, Color Theory",low,visual,qa engineer,hybrid,poor,yes,6,cisco
female,"tamil, english",bachelor's degree,software engineering,3.86,1,1,3.47,UX Designer,"UX Testing, Wireframing, Prototyping, User Research",excellent,auditory,software engineer,onsite,poor,no,10,none
male,english,bachelor's degree,cyber security,2.57,4,2,3.64,Product Designer,"Design Systems, Prototyping, UX Research, User Flow",moderate,visual,software engineer,onsite,excellent,no,12,azure
male,tamil,bachelor's degree,information technology,3.89,2,2,2.91,Blockchain Developer,"Cryptography, Node.js, Ethereum, Smart Contracts",excellent,kinesthetic,devops engineer,hybrid,excellent,no,7,azure
male,tamil,bachelor's degree,data science,2.29,4,2,3.14,IoT Engineer,"Sensors, MQTT, Cloud Integration, Arduino",moderate,auditory,security engineer,remote,poor,no,2,google
female,"sinhala, tamil",bachelor's degree,cyber security,3.72,1,1,2.79,Embedded Systems Engineer,"Electronics, PCB Design, Microcontrollers, C/C++",low,kinesthetic,devops engineer,onsite,poor,yes,7,google
male,"english, sinhala",bachelor's degree,cyber security,3.36,3,2,3.09,AR/VR Developer,"XR SDKs, 3D Modeling, Unreal Engine, Unity",low,auditory,systems analyst,remote,poor,yes,1,google
male,tamil,bachelor's degree,cyber security,2.83,1,2,3.14,SEO Specialist,"Keyword Research, Google Analytics, Content Strategy, Backlinks",moderate,auditory,qa engineer,onsite,poor,yes,9,google
male,"tamil, english",bachelor's degree,software engineering,3.27,2,2,2.6,IT Support Specialist,"Ticketing Systems, Active Directory, Hardware, Networking",low,kinesthetic,data scientist,onsite,average,yes,6,azure
male,english,bachelor's degree,information technology,2.6,3,1,3.07,Software Engineer,"Python, SQL, Git, OOP",low,visual,data scientist,onsite,excellent,yes,0,azure
male,"sinhala, tamil",bachelor's degree,information technology,3.09,1,1,3.55,Full Stack Developer,"MongoDB, Express, Node.js, JavaScript",moderate,kinesthetic,qa engineer,onsite,excellent,no,9,aws
female,"tamil, english",bachelor's degree,software engineering,2.32,2,2,3.2,Frontend Developer,"TypeScript, React, CSS, Tailwind CSS",moderate,auditory,qa engineer,onsite,average,yes,2,aws
female,"english, sinhala",bachelor's degree,information technology,3.03,1,1,3.8,Backend Developer,"Spring Boot, Node.js, Microservices, REST API",excellent,kinesthetic,data scientist,remote,poor,no,6,none
male,sinhala,bachelor's degree,software engineering,2.91,2,2,2.55,Web Developer,"CSS, Bootstrap, MySQL, JavaScript",excellent,auditory,data scientist,onsite,excellent,no,1,azure
female,"english, sinhala",bachelor's degree,software engineering,3.07,3,1,3.02,Mobile App Developer,"REST API, Swift, Firebase, Java",excellent,auditory,systems analyst,hybrid,excellent,no,7,aws
female,"sinhala, tamil",bachelor's degree,cyber security,3.21,4,1,3.98,Data Scientist,"SQL, Machine Learning, NumPy, Tableau",low,auditory,software engineer,remote,average,no,2,azure
female,"english, sinhala, tamil",bachelor's degree,data science,3.21,1,1,2.93,Data Analyst,"Power BI, Excel, SQL, Python",low,visual,security engineer,onsite,average,no,0,aws
male,tamil,bachelor's degree,computer science,3.48,1,2,3.21,Machine Learning Engineer,"TensorFlow, Deep Learning, NumPy, Pandas",moderate,visual,software engineer,remote,average,no,7,none
female,"english, sinhala",bachelor's degree,cyber security,2.6,2,1,2.76,AI Engineer,"PyTorch, NLP, LLMs, Python",excellent,auditory,security engineer,remote,average,no,11,none
female,"english, sinhala, tamil",bachelor's degree,software engineering,3.3,3,1,2.4,BI Developer,"ETL Tools, Tableau, Excel, DAX",excellent,auditory,devops engineer,onsite,average,no,6,azure
female,"sinhala, tamil",bachelor's degree,software engineering,3.79,4,1,3.04,DevOps Engineer,"AWS, Jenkins, Linux, Kubernetes",excellent,kinesthetic,devops engineer,remote,excellent,no,12,aws
female,"english, sinhala, tamil",bachelor's degree,information technology,3.18,1,1,2.28,Cloud Engineer,"Docker, Azure, AWS, Kubernetes",excellent,auditory,systems analyst,remote,excellent,yes,4,aws
female,"english, sinhala",bachelor's degree,cyber security,3.08,1,1,2.49,Cloud Architect,"Security, Scalability, IaC, Networking",excellent,auditory,qa engineer,onsite,excellent,yes,7,aws
female,"english, sinhala, tamil",bachelor's degree,information technology,3.61,3,2,3.37,Cybersecurity Analyst,"Linux, Risk Analysis, SIEM, Firewalls",excellent,kinesthetic,systems analyst,hybrid,poor,yes,6,none
male,english,bachelor's degree,software engineering,3.73,3,2,2.45,Ethical Hacker,"Python, Wireshark, Kali Linux, Metasploit",excellent,visual,systems analyst,onsite,average,yes,9,cisco
male,"sinhala, tamil",bachelor's degree,computer science,2.99,2,2,2.97,Security Engineer,"Cloud Security, Linux, Firewalls, SIEM",moderate,kinesthetic,devops engineer,remote,average,no,7,google
male,"tamil, english",bachelor's degree,cyber security,2.34,4,1,2.24,Information Security Analyst,"Risk Assessment, Compliance, SOC Tools, Incident Response",low,auditory,security engineer,onsite,excellent,yes,2,google
male,"tamil, english",bachelor's degree,computer science,4.0,1,2,2.87,Network Engineer,"Routing, TCP/IP, VPN, Cisco",low,auditory,security engineer,onsite,poor,no,6,azure
female,"english, sinhala",bachelor's degree,cyber security,2.31,2,2,2.34,System Administrator,"Linux, Virtualization, Networking, Bash",low,kinesthetic,qa engineer,remote,average,no,10,google
male,"english, sinhala",bachelor's degree,computer science,3.05,1,1,2.69,IT Support Engineer,"Windows, Troubleshooting, Ticketing Tools, Active Directory",moderate,visual,devops engineer,remote,excellent,no,12,cisco
male,english,bachelor's degree,information technology,2.46,1,2,2.32,Hardware Engineer,"Embedded C, PCB Design, Arduino, Microcontrollers",low,kinesthetic,systems analyst,hybrid,poor,no,7,cisco
female,"english, sinhala, tamil",bachelor's degree,cyber security,2.63,1,1,2.27,QA Engineer,"SQL, Selenium, Test Cases, Manual Testing",moderate,kinesthetic,devops engineer,hybrid,excellent,yes,0,cisco
female,"english, sinhala",bachelor's degree,cyber security,2.91,3,2,2.4,Software Tester,"Selenium, Test Plans, Manual Testing, SQL",excellent,visual,data scientist,remote,excellent,yes,0,cisco
female,"english, sinhala",bachelor's degree,computer science,3.59,1,2,3.69,Automation Test Engineer,"Cypress, Python, Java, TestNG",moderate,auditory,devops engineer,onsite,poor,yes,6,cisco
male,"tamil, english",bachelor's degree,cyber security,3.43,1,2,3.87,UI Designer,"Adobe XD, Color Theory, Photoshop, Figma",moderate,visual,qa engineer,hybrid,excellent,yes,5,azure
female,english,bachelor's degree,data science,3.2,2,1,3.0,UX Designer,"Figma, UX Testing, User Research, Prototyping",moderate,kinesthetic,data scientist,hybrid,poor,yes,2,google
female,sinhala,bachelor's degree,information technology,3.17,4,1,3.95,Product Designer,"Prototyping, UX Research, User Flow, Design Systems",moderate,visual,software engineer,remote,excellent,yes,10,none
female,sinhala,bachelor's degree,cyber security,3.04,2,1,3.11,Blockchain Developer,"Node.js, Smart Contracts, Ethereum, Cryptography",excellent,visual,systems analyst,onsite,excellent,no,4,cisco
male,sinhala,bachelor's degree,cyber security,2.42,2,2,2.67,IoT Engineer,"C/C++, Cloud Integration, MQTT, Raspberry Pi",excellent,visual,data scientist,remote,poor,no,5,cisco
male,sinhala,bachelor's degree,cyber security,2.7,2,1,3.85,Embedded Systems Engineer,"PCB Design, Electronics, C/C++, Microcontrollers",excellent,kinesthetic,software engineer,onsite,average,no,2,azure
female,english,bachelor's degree,cyber security,3.27,2,1,3.69,AR/VR Developer,"C#, Unreal Engine, Blender, XR SDKs",excellent,auditory,security engineer,onsite,average,yes,11,none
female,"english, sinhala, tamil",bachelor's degree,computer science,3.8,2,2,2.31,SEO Specialist,"Keyword Research, Backlinks, HTML, SEO Tools",moderate,visual,systems analyst,onsite,excellent,no,11,cisco
male,tamil,bachelor's degree,information technology,3.79,4,2,3.81,IT Support Specialist,"Active Directory, Windows, Troubleshooting, Networking",excellent,auditory,software engineer,hybrid,average,no,1,cisco
female,sinhala,bachelor's degree,computer science,2.37,2,2,2.79,Software Engineer,"SQL, Python, Spring Boot, Java",excellent,kinesthetic,software engineer,hybrid,excellent,yes,7,google
male,sinhala,bachelor's degree,computer science,3.9,2,1,3.51,Full Stack Developer,"Express, JavaScript, MongoDB, REST API",excellent,visual,data scientist,onsite,excellent,yes,1,none
male,"english, sinhala, tamil",bachelor's degree,computer science,2.74,1,1,3.39,Frontend Developer,"HTML, TypeScript, Tailwind CSS, React",moderate,kinesthetic,devops engineer,hybrid,average,yes,12,none
male,tamil,bachelor's degree,computer science,2.7,1,1,3.99,Backend Developer,"SQL, Java, Node.js, Spring Boot",excellent,visual,security engineer,hybrid,excellent,yes,1,none
female,tamil,bachelor's degree,data science,2.93,2,1,3.87,Web Developer,"HTML, MySQL, JavaScript, PHP",low,auditory,security engineer,remote,excellent,no,4,aws
female,"english, sinhala",bachelor's degree,information technology,3.46,4,1,3.88,Mobile App Developer,"Kotlin, Flutter, Swift, REST API",low,visual,qa engineer,remote,poor,no,3,aws
female,"sinhala, tamil",bachelor's degree,computer science,3.02,4,2,3.02,Data Scientist,"Python, NumPy, Tableau, Machine Learning",low,auditory,security engineer,hybrid,poor,no,0,none
female,"english, sinhala",bachelor's degree,data science,3.7,1,2,2.58,Data Analyst,"SQL, Statistics, Data Visualization, Python",low,kinesthetic,systems analyst,onsite,poor,yes,10,azure
male,sinhala,bachelor's degree,information technology,3.9,1,2,3.87,Machine Learning Engineer,"Pandas, TensorFlow, Deep Learning, Scikit-learn",moderate,kinesthetic,devops engineer,remote,excellent,no,8,cisco
male,"tamil, english",bachelor's degree,computer science,2.51,1,2,3.52,AI Engineer,"TensorFlow, PyTorch, Python, Data Processing",moderate,visual,qa engineer,remote,excellent,yes,10,cisco
male,english,bachelor's degree,software engineering,2.54,3,1,2.22,BI Developer,"SQL, DAX, ETL Tools, Excel",moderate,visual,devops engineer,hybrid,excellent,yes,7,cisco
female,tamil,bachelor's degree,cyber security,3.15,4,2,2.53,DevOps Engineer,"CI/CD, Linux, Kubernetes, AWS",low,visual,qa engineer,hybrid,average,no,10,none
male,"tamil, english",bachelor's degree,data science,2.85,4,2,3.77,Cloud Engineer,"Docker, Azure, Kubernetes, Terraform",low,visual,devops engineer,hybrid,poor,yes,1,google
female,"english, sinhala",bachelor's degree,cyber security,2.27,3,2,3.88,Cloud Architect,"Security, AWS/Azure Design, Networking, Microservices",excellent,visual,systems analyst,hybrid,poor,no,4,none
male,english,bachelor's degree,cyber security,2.91,4,1,3.98,Cybersecurity Analyst,"Firewalls, Linux, Python, SIEM",excellent,visual,data scientist,onsite,average,no,5,google
male,sinhala,bachelor's degree,data science,2.7,2,1,2.79,Ethical Hacker,"Python, Burp Suite, Wireshark, Kali Linux",low,visual,devops engineer,onsite,average,no,2,none
male,english,bachelor's degree,data science,4.0,4,1,2.36,Security Engineer,"Encryption, Firewalls, IAM, Linux",moderate,visual,devops engineer,remote,poor,yes,10,azure
male,"sinhala, tamil",bachelor's degree,software engineering,3.06,4,1,3.12,Information Security Analyst,"SIEM, SOC Tools, Risk Assessment, Networking",moderate,auditory,security engineer,remote,excellent,no,9,google
female,"sinhala, tamil",bachelor's degree,information technology,3.1,1,2,3.47,Network Engineer,"TCP/IP, Switching, Routing, VPN",moderate,kinesthetic,qa engineer,hybrid,poor,yes,9,aws
male,"english, sinhala, tamil",bachelor's degree,cyber security,4.0,4,2,3.84,System Administrator,"Networking, Bash, Windows Server, Linux",moderate,visual,devops engineer,remote,excellent,no,2,none
female,"english, sinhala, tamil",bachelor's degree,data science,3.61,3,1,3.61,IT Support Engineer,"Ticketing Tools, Networking, Hardware, Troubleshooting",excellent,auditory,data scientist,onsite,average,no,11,google
male,english,bachelor's degree,cyber security,3.22,3,2,3.1,Hardware Engineer,"Embedded C, PCB Design, Microcontrollers, Arduino",low,kinesthetic,data scientist,hybrid,poor,no,2,cisco
male,tamil,bachelor's degree,information technology,2.36,4,1,2.39,QA Engineer,"Jira, Selenium, Manual Testing, API Testing",low,kinesthetic,devops engineer,onsite,poor,yes,6,google
female,sinhala,bachelor's degree,data science,3.11,3,2,3.82,Software Tester,"SQL, Agile, Bug Tracking, Manual Testing",low,auditory,data scientist,hybrid,excellent,yes,10,azure
female,english,bachelor's degree,information technology,2.77,3,1,3.78,Automation Test Engineer,"Cypress, CI/CD, Java, Selenium",excellent,kinesthetic,security engineer,hybrid,poor,yes,10,google
male,"english, sinhala",bachelor's degree,software engineering,2.87,4,1,2.65,UI Designer,"Photoshop, Color Theory, Prototyping, Adobe XD",moderate,kinesthetic,systems analyst,onsite,poor,yes,10,aws
male,"english, sinhala",bachelor's degree,data science,3.63,4,2,3.37,UX Designer,"Figma, User Research, Wireframing, UX Testing",moderate,visual,software engineer,onsite,average,yes,6,azure
male,sinhala,bachelor's degree,cyber security,2.68,1,2,3.56,Product Designer,"UX Research, Prototyping, Figma, User Flow",moderate,visual,systems analyst,hybrid,average,no,7,none
female,"english, sinhala, tamil",bachelor's degree,computer science,2.97,4,2,2.34,Blockchain Developer,"Web3.js, Solidity, Cryptography, Ethereum",moderate,visual,devops engineer,onsite,excellent,yes,1,cisco
male,sinhala,bachelor's degree,data science,2.83,2,2,3.42,IoT Engineer,"Arduino, C/C++, Cloud Integration, Raspberry Pi",excellent,auditory,security engineer,onsite,poor,no,12,none
female,"sinhala, tamil",bachelor's degree,data science,2.66,4,1,3.98,Embedded Systems Engineer,"IoT, PCB Design, Electronics, RTOS",excellent,kinesthetic,devops engineer,onsite,excellent,no,3,azure
male,"sinhala, tamil",bachelor's degree,computer science,3.45,3,2,2.91,AR/VR Developer,"3D Modeling, Unity, Unreal Engine, XR SDKs",excellent,kinesthetic,qa engineer,remote,average,no,1,cisco
female,tamil,bachelor's degree,cyber security,3.17,1,2,3.95,SEO Specialist,"Backlinks, Google Analytics, HTML, Keyword Research",moderate,visual,security engineer,hybrid,poor,yes,0,none
female,english,bachelor's degree,data science,2.83,1,1,3.38,IT Support Specialist,"Windows, Ticketing Systems, Networking, Hardware",moderate,auditory,qa engineer,hybrid,poor,yes,3,aws
female,english,bachelor's degree,information technology,3.86,2,2,3.07,Software Engineer,"SQL, Git, Java, OOP",low,auditory,security engineer,remote,excellent,no,12,aws
male,"tamil, english",bachelor's degree,data science,3.82,2,1,3.9,Full Stack Developer,"React, Express, JavaScript, REST API",excellent,auditory,qa engineer,remote,average,yes,12,none
male,tamil,bachelor's degree,cyber security,3.13,2,2,3.55,Frontend Developer,"CSS, JavaScript, HTML, TypeScript",moderate,kinesthetic,data scientist,remote,poor,no,2,aws
male,tamil,bachelor's degree,information technology,2.88,2,1,3.36,Backend Developer,"SQL, Spring Boot, Node.js, REST API",excellent,visual,qa engineer,onsite,poor,no,11,cisco
female,tamil,bachelor's degree,computer science,3.94,2,2,2.64,Web Developer,"JavaScript, Bootstrap, HTML, CSS",low,visual,data scientist,remote,average,yes,12,cisco
female,"english, sinhala",bachelor's degree,computer science,3.96,1,1,3.4,Mobile App Developer,"Firebase, Flutter, Java, Swift",excellent,auditory,qa engineer,remote,average,yes,5,cisco
female,english,bachelor's degree,data science,3.08,3,1,2.66,Data Scientist,"NumPy, Tableau, Machine Learning, Pandas",moderate,kinesthetic,security engineer,remote,poor,yes,6,azure
male,"english, sinhala",bachelor's degree,cyber security,2.62,2,2,3.5,Data Analyst,"Python, Data Visualization, Statistics, Power BI",low,visual,data scientist,hybrid,excellent,yes,12,azure
female,"sinhala, tamil",bachelor's degree,computer science,2.0,2,1,3.95,Machine Learning Engineer,"Python, Pandas, Scikit-learn, NumPy",excellent,auditory,software engineer,remote,excellent,yes,9,google
male,"english, sinhala, tamil",bachelor's degree,information technology,3.4,2,1,2.5,AI Engineer,"PyTorch, LLMs, TensorFlow, Data Processing",low,kinesthetic,systems analyst,hybrid,poor,yes,10,aws
male,"english, sinhala",bachelor's degree,cyber security,3.47,1,1,2.92,BI Developer,"Excel, Tableau, DAX, Power BI",moderate,auditory,data scientist,onsite,average,yes,6,none
female,sinhala,bachelor's degree,cyber security,3.28,2,2,3.9,DevOps Engineer,"CI/CD, Kubernetes, Docker, AWS",moderate,kinesthetic,devops engineer,hybrid,average,no,6,aws
female,tamil,bachelor's degree,software engineering,3.7,4,1,2.39,Cloud Engineer,"Terraform, AWS, Docker, GCP",low,visual,security engineer,onsite,excellent,yes,11,aws
female,tamil,bachelor's degree,cyber security,2.19,4,1,2.48,Cloud Architect,"IaC, AWS/Azure Design, Networking, Scalability",low,auditory,systems analyst,onsite,excellent,yes,8,azure
female,"tamil, english",bachelor's degree,computer science,3.01,4,1,2.87,Cybersecurity Analyst,"SIEM, Networking, Firewalls, Linux",low,auditory,systems analyst,onsite,poor,yes,11,aws
male,sinhala,bachelor's degree,cyber security,3.98,2,1,3.98,Ethical Hacker,"Nmap, Burp Suite, Wireshark, Metasploit",low,auditory,data scientist,onsite,excellent,no,5,aws
male,"tamil, english",bachelor's degree,computer science,3.75,2,1,3.02,Security Engineer,"Linux, SIEM, Cloud Security, IAM",moderate,kinesthetic,security engineer,remote,excellent,no,2,aws
male,"tamil, english",bachelor's degree,data science,3.06,1,1,2.88,Information Security Analyst,"Risk Assessment, Incident Response, SOC Tools, Compliance",moderate,visual,security engineer,onsite,average,yes,10,aws
male,"sinhala, tamil",bachelor's degree,computer science,3.29,4,2,3.12,Network Engineer,"Switching, Cisco, VPN, TCP/IP",excellent,auditory,qa engineer,remote,poor,yes,4,none
male,"tamil, english",bachelor's degree,software engineering,3.66,2,1,3.19,System Administrator,"Virtualization, Linux, Active Directory, Bash",excellent,visual,devops engineer,onsite,average,yes,1,none
male,english,bachelor's degree,information technology,2.18,3,1,2.57,IT Support Engineer,"Windows, Troubleshooting, Active Directory, Networking",low,visual,systems analyst,onsite,poor,no,7,none
female,"tamil, english",bachelor's degree,cyber security,2.57,2,1,3.81,Hardware Engineer,"Circuit Design, Microcontrollers, Embedded C, Electronics",excellent,auditory,devops engineer,remote,poor,no,7,none
male,sinhala,bachelor's degree,computer science,3.7,4,1,2.28,QA Engineer,"SQL, Manual Testing, Selenium, API Testing",moderate,visual,data scientist,remote,average,yes,6,azure
female,"tamil, english",bachelor's degree,software engineering,3.13,3,1,3.4,Software Tester,"Selenium, Test Plans, SQL, Bug Tracking",moderate,visual,devops engineer,hybrid,poor,no,1,aws
male,"sinhala, tamil",bachelor's degree,data science,3.54,1,2,2.84,Automation Test Engineer,"Cypress, Selenium, Java, TestNG",excellent,kinesthetic,qa engineer,onsite,excellent,no,7,google
male,sinhala,bachelor's degree,data science,2.56,1,1,2.27,UI Designer,"Prototyping, Photoshop, UI Principles, Figma",low,kinesthetic,software engineer,onsite,average,no,6,aws
male,"english, sinhala, tamil",bachelor's degree,data science,2.0,4,1,2.35,UX Designer,"User Research, Wireframing, Prototyping, Psychology",excellent,kinesthetic,software engineer,onsite,average,no,10,cisco
female,"sinhala, tamil",bachelor's degree,cyber security,3.85,1,1,3.97,Product Designer,"Prototyping, UX Research, Figma, UI Design",moderate,visual,data scientist,hybrid,excellent,no,12,cisco
male,"tamil, english",bachelor's degree,information technology,3.03,1,1,2.86,Blockchain Developer,"Ethereum, Solidity, Smart Contracts, Node.js",moderate,kinesthetic,security engineer,remote,average,yes,2,aws
male,"sinhala, tamil",bachelor's degree,software engineering,2.22,2,1,3.7,IoT Engineer,"Raspberry Pi, Cloud Integration, C/C++, MQTT",excellent,auditory,data scientist,onsite,average,yes,2,azure
male,english,bachelor's degree,software engineering,3.67,4,2,2.4,Embedded Systems Engineer,"RTOS, Electronics, IoT, C/C++",excellent,kinesthetic,systems analyst,remote,excellent,no,5,azure
male,"tamil, english",bachelor's degree,data science,2.71,2,2,3.48,AR/VR Developer,"3D Modeling, Blender, Unity, XR SDKs",excellent,visual,data scientist,remote,poor,no,7,google
male,tamil,bachelor's degree,data science,3.42,3,1,3.04,SEO Specialist,"HTML, Keyword Research, Google Analytics, SEO Tools",moderate,kinesthetic,security engineer,remote,poor,yes,5,google
male,english,bachelor's degree,information technology,4.0,4,1,3.57,IT Support Specialist,"Networking, Troubleshooting, Ticketing Systems, Hardware",low,visual,devops engineer,hybrid,average,no,12,aws
female,tamil,bachelor's degree,cyber security,3.12,1,1,3.65,Software Engineer,"SQL, Python, Git, Java",moderate,kinesthetic,data scientist,hybrid,average,yes,10,none
female,sinhala,bachelor's degree,cyber security,3.3,2,1,3.4,Full Stack Developer,"React, JavaScript, MongoDB, Express",moderate,kinesthetic,data scientist,hybrid,average,no,2,google
male,"sinhala, tamil",bachelor's degree,computer science,2.1,3,2,3.45,Frontend Developer,"JavaScript, TypeScript, Tailwind CSS, HTML",excellent,auditory,security engineer,onsite,poor,no,12,google
female,"english, sinhala",bachelor's degree,computer science,3.27,3,2,2.4,Backend Developer,"Spring Boot, SQL, Microservices, REST API",moderate,visual,systems analyst,onsite,average,no,7,google
male,tamil,bachelor's degree,information technology,2.78,1,1,3.68,Web Developer,"CSS, MySQL, PHP, Bootstrap",low,kinesthetic,software engineer,remote,excellent,no,5,cisco
male,tamil,bachelor's degree,software engineering,3.3,1,2,2.4,Mobile App Developer,"Java, REST API, Firebase, Kotlin",excellent,visual,data scientist,hybrid,excellent,yes,6,azure
male,"sinhala, tamil",bachelor's degree,cyber security,3.34,3,2,3.21,Data Scientist,"Tableau, Python, Pandas, Machine Learning",moderate,kinesthetic,systems analyst,onsite,poor,no,11,google
female,"english, sinhala",bachelor's degree,computer science,2.33,4,2,3.64,Data Analyst,"Statistics, Power BI, SQL, Python",low,visual,security engineer,onsite,average,yes,9,azure
male,"english, sinhala",bachelor's degree,information technology,2.89,2,1,3.13,Machine Learning Engineer,"Python, TensorFlow, Scikit-learn, Deep Learning",moderate,visual,devops engineer,remote,excellent,no,3,cisco
female,"tamil, english",bachelor's degree,computer science,2.78,4,1,3.78,AI Engineer,"Python, LLMs, Data Processing, PyTorch",moderate,visual,data scientist,onsite,average,no,6,cisco
male,tamil,bachelor's degree,information technology,2.42,4,1,2.97,BI Developer,"Tableau, ETL Tools, SQL, DAX",low,visual,security engineer,onsite,excellent,no,1,google
female,"english, sinhala",bachelor's degree,information technology,3.2,4,2,2.39,DevOps Engineer,"Linux, Jenkins, Docker, CI/CD",moderate,kinesthetic,data scientist,hybrid,poor,yes,4,cisco
male,"english, sinhala, tamil",bachelor's degree,computer science,3.94,2,2,3.28,Cloud Engineer,"AWS, Azure, Docker, GCP",moderate,visual,systems analyst,hybrid,excellent,no,5,cisco
male,"tamil, english",bachelor's degree,software engineering,3.47,1,1,2.7,Cloud Architect,"Microservices, IaC, Security, AWS/Azure Design",low,visual,devops engineer,hybrid,average,yes,3,none
male,"english, sinhala, tamil",bachelor's degree,computer science,4.0,4,2,3.56,Cybersecurity Analyst,"Networking, Firewalls, SIEM, Linux",excellent,kinesthetic,data scientist,onsite,average,yes,9,none
female,tamil,bachelor's degree,cyber security,3.0,2,2,3.18,Ethical Hacker,"Metasploit, Nmap, Python, Burp Suite",excellent,auditory,security engineer,remote,poor,no,9,google
male,"english, sinhala",bachelor's degree,software engineering,3.48,2,1,4.0,Security Engineer,"Encryption, Cloud Security, SIEM, IAM",moderate,visual,systems analyst,hybrid,average,no,2,azure
female,english,bachelor's degree,cyber security,3.09,4,2,2.91,Information Security Analyst,"SOC Tools, Incident Response, Risk Assessment, SIEM",low,kinesthetic,qa engineer,onsite,excellent,yes,0,azure
male,"sinhala, tamil",bachelor's degree,data science,4.0,2,2,2.59,Network Engineer,"Cisco, VPN, Routing, Firewalls",low,visual,qa engineer,remote,excellent,yes,1,none
male,english,bachelor's degree,cyber security,3.42,1,1,2.78,System Administrator,"Virtualization, Networking, Active Directory, Bash",low,visual,data scientist,hybrid,excellent,yes,8,cisco
female,"english, sinhala",bachelor's degree,information technology,3.72,1,2,3.1,IT Support Engineer,"Active Directory, Networking, Ticketing Tools, Windows",low,kinesthetic,security engineer,onsite,excellent,no,4,azure
female,"sinhala, tamil",bachelor's degree,cyber security,2.76,1,2,2.72,Hardware Engineer,"PCB Design, Electronics, Arduino, Circuit Design",excellent,visual,security engineer,remote,poor,yes,9,azure
female,tamil,bachelor's degree,data science,3.2,2,1,2.93,QA Engineer,"Manual Testing, Jira, SQL, Selenium",excellent,visual,data scientist,hybrid,poor,no,12,google
female,sinhala,bachelor's degree,cyber security,2.53,2,1,2.88,Software Tester,"Manual Testing, Bug Tracking, SQL, Test Plans",excellent,kinesthetic,data scientist,remote,average,yes,5,aws
female,tamil,bachelor's degree,cyber security,2.01,4,1,2.42,Automation Test Engineer,"Selenium, Java, Cypress, CI/CD",excellent,visual,data scientist,onsite,average,yes,10,azure
female,"english, sinhala, tamil",bachelor's degree,data science,3.13,2,1,2.95,UI Designer,"Prototyping, Figma, Adobe XD, UI Principles",excellent,kinesthetic,systems analyst,remote,excellent,yes,3,aws
male,"english, sinhala",bachelor's degree,cyber security,2.73,4,1,2.62,UX Designer,"UX Testing, User Research, Figma, Wireframing",moderate,auditory,software engineer,hybrid,excellent,no,6,cisco
female,"english, sinhala",bachelor's degree,software engineering,3.69,4,2,3.35,Product Designer,"Prototyping, Design Systems, UX Research, User Flow",excellent,visual,software engineer,onsite,poor,no,9,none
female,"tamil, english",bachelor's degree,cyber security,2.85,2,2,3.1,Blockchain Developer,"Cryptography, Web3.js, Node.js, Solidity",moderate,visual,software engineer,onsite,excellent,no,3,aws
female,"english, sinhala",bachelor's degree,computer science,4.0,2,2,3.36,IoT Engineer,"Arduino, C/C++, Cloud Integration, MQTT",low,auditory,systems analyst,hybrid,average,no,10,google
female,tamil,bachelor's degree,software engineering,3.22,2,1,3.29,Embedded Systems Engineer,"C/C++, RTOS, Microcontrollers, IoT",moderate,auditory,software engineer,remote,poor,yes,11,google
male,"tamil, english",bachelor's degree,information technology,3.23,2,1,3.29,AR/VR Developer,"Unreal Engine, Unity, XR SDKs, 3D Modeling",moderate,kinesthetic,security engineer,hybrid,average,yes,3,cisco
male,english,bachelor's degree,software engineering,2.52,2,2,2.82,SEO Specialist,"Backlinks, SEO Tools, Google Analytics, HTML",moderate,auditory,systems analyst,hybrid,average,yes,0,cisco
female,tamil,bachelor's degree,cyber security,3.54,4,2,2.97,IT Support Specialist,"Hardware, Active Directory, Ticketing Systems, Troubleshooting",low,auditory,data scientist,onsite,average,yes,11,aws
male,tamil,bachelor's degree,information technology,3.89,1,2,2.98,Software Engineer,"OOP, Java, Git, SQL",low,visual,qa engineer,hybrid,excellent,yes,1,cisco
male,english,bachelor's degree,information technology,3.48,2,2,3.32,Full Stack Developer,"JavaScript, MongoDB, Node.js, Express",moderate,auditory,data scientist,hybrid,average,no,12,cisco
female,"sinhala, tamil",bachelor's degree,cyber security,2.86,1,2,2.55,Frontend Developer,"Tailwind CSS, TypeScript, CSS, JavaScript",moderate,kinesthetic,software engineer,remote,average,no,6,none
female,sinhala,bachelor's degree,cyber security,2.48,4,1,3.91,Backend Developer,"Microservices, REST API, SQL, Node.js",moderate,auditory,security engineer,onsite,poor,yes,1,azure
male,english,bachelor's degree,computer science,2.31,4,1,3.04,Web Developer,"PHP, HTML, JavaScript, Bootstrap",moderate,auditory,systems analyst,onsite,average,yes,10,azure
female,sinhala,bachelor's degree,cyber security,2.54,2,1,2.45,Mobile App Developer,"Kotlin, Java, REST API, Flutter",moderate,auditory,software engineer,remote,average,no,11,aws
female,"sinhala, tamil",bachelor's degree,computer science,3.46,1,1,2.71,Data Scientist,"Pandas, SQL, Tableau, Python",excellent,visual,security engineer,remote,excellent,no,5,aws
male,english,bachelor's degree,cyber security,3.64,2,1,3.03,Data Analyst,"Data Visualization, Statistics, SQL, Python",excellent,auditory,qa engineer,remote,excellent,yes,11,aws
female,english,bachelor's degree,software engineering,2.49,2,1,3.82,Machine Learning Engineer,"Pandas, TensorFlow, Scikit-learn, NumPy",low,kinesthetic,systems analyst,onsite,poor,yes,1,aws
female,"sinhala, tamil",bachelor's degree,information technology,4.0,2,2,3.37,AI Engineer,"LLMs, PyTorch, TensorFlow, Python",excellent,auditory,devops engineer,hybrid,poor,yes,10,cisco
female,english,bachelor's degree,cyber security,2.9,1,2,3.87,BI Developer,"Power BI, DAX, Excel, ETL Tools",moderate,visual,data scientist,hybrid,average,yes,1,google
female,"english, sinhala, tamil",bachelor's degree,cyber security,3.42,3,1,3.65,DevOps Engineer,"Kubernetes, AWS, Docker, Linux",low,auditory,devops engineer,hybrid,average,yes,11,azure
female,"english, sinhala, tamil",bachelor's degree,computer science,2.51,1,2,2.68,Cloud Engineer,"AWS, Terraform, Kubernetes, Azure",moderate,visual,security engineer,hybrid,excellent,no,6,aws
female,"english, sinhala, tamil",bachelor's degree,cyber security,3.81,1,1,3.13,Cloud Architect,"Scalability, Microservices, IaC, AWS/Azure Design",low,visual,systems analyst,hybrid,excellent,no,0,aws
female,"english, sinhala",bachelor's degree,computer science,2.46,1,2,3.2,Cybersecurity Analyst,"Risk Analysis, Python, Networking, Linux",moderate,auditory,systems analyst,hybrid,poor,yes,3,cisco
male,"english, sinhala, tamil",bachelor's degree,cyber security,3.0,2,2,2.67,Ethical Hacker,"Burp Suite, Metasploit, Wireshark, Kali Linux",low,visual,data scientist,hybrid,poor,yes,0,google
male,"sinhala, tamil",bachelor's degree,data science,2.97,4,2,3.98,Security Engineer,"IAM, Firewalls, Cloud Security, Encryption",moderate,visual,software engineer,remote,average,no,12,google
female,"english, sinhala, tamil",bachelor's degree,computer science,2.26,4,1,2.98,Information Security Analyst,"SIEM, SOC Tools, Networking, Compliance",excellent,auditory,security engineer,remote,excellent,no,0,azure
female,"sinhala, tamil",bachelor's degree,software engineering,2.92,4,2,3.12,Network Engineer,"Routing, Firewalls, TCP/IP, Switching",excellent,kinesthetic,data scientist,hybrid,poor,yes,1,cisco
female,"english, sinhala",bachelor's degree,data science,3.27,3,1,3.46,System Administrator,"Networking, Virtualization, Windows Server, Linux",moderate,kinesthetic,qa engineer,remote,average,no,5,none
female,english,bachelor's degree,information technology,3.6,4,1,2.64,IT Support Engineer,"Active Directory, Troubleshooting, Hardware, Networking",moderate,auditory,qa engineer,hybrid,poor,no,12,aws
female,"english, sinhala",bachelor's degree,computer science,2.39,2,2,3.97,Hardware Engineer,"Electronics, Embedded C, Microcontrollers, Arduino",low,visual,data scientist,remote,poor,yes,0,azure
female,sinhala,bachelor's degree,data science,3.44,2,2,3.58,QA Engineer,"Test Cases, SQL, Selenium, Jira",excellent,visual,security engineer,remote,average,no,1,azure
male,"tamil, english",bachelor's degree,software engineering,2.63,4,1,3.24,Software Tester,"Selenium, Agile, Bug Tracking, Manual Testing",low,auditory,data scientist,onsite,excellent,no,9,cisco
male,sinhala,bachelor's degree,information technology,2.78,4,2,2.4,Automation Test Engineer,"Cypress, CI/CD, TestNG, Selenium",moderate,visual,qa engineer,onsite,excellent,no,12,aws
male,"english, sinhala",bachelor's degree,data science,3.07,3,2,3.38,UI Designer,"Photoshop, Color Theory, Adobe XD, Figma",moderate,visual,security engineer,hybrid,excellent,yes,0,azure
female,"sinhala, tamil",bachelor's degree,cyber security,2.4,4,1,3.51,UX Designer,"Prototyping, Wireframing, Psychology, User Research",moderate,visual,qa engineer,hybrid,excellent,no,7,google
male,"tamil, english",bachelor's degree,cyber security,3.63,2,2,3.4,Product Designer,"User Flow, UI Design, Figma, Design Systems",excellent,kinesthetic,devops engineer,remote,average,no,3,aws
female,"english, sinhala",bachelor's degree,data science,2.66,2,1,3.01,Blockchain Developer,"Web3.js, Smart Contracts, Node.js, Ethereum",excellent,auditory,qa engineer,onsite,poor,yes,12,aws
male,english,bachelor's degree,computer science,3.89,2,1,3.79,IoT Engineer,"C/C++, Cloud Integration, Arduino, Sensors",moderate,kinesthetic,qa engineer,onsite,excellent,yes,7,none
female,"english, sinhala, tamil",bachelor's degree,software engineering,3.85,3,2,2.81,Embedded Systems Engineer,"IoT, PCB Design, RTOS, C/C++",excellent,kinesthetic,security engineer,onsite,poor,no,9,aws
female,"english, sinhala, tamil",bachelor's degree,computer science,2.15,2,1,3.25,AR/VR Developer,"Unity, 3D Modeling, C#, Unreal Engine",moderate,kinesthetic,security engineer,hybrid,average,no,7,azure
female,sinhala,bachelor's degree,cyber security,3.39,4,2,3.46,SEO Specialist,"Backlinks, HTML, Google Analytics, Content Strategy",excellent,visual,devops engineer,onsite,average,yes,3,none
female,english,bachelor's degree,information technology,2.64,1,2,2.85,IT Support Specialist,"Networking, Ticketing Systems, Active Directory, Windows",low,visual,security engineer,onsite,excellent,no,4,azure
female,"sinhala, tamil",bachelor's degree,information technology,2.57,4,1,2.5,Software Engineer,"Git, OOP, Spring Boot, Python",low,auditory,software engineer,hybrid,average,yes,3,aws
male,"tamil, english",bachelor's degree,information technology,3.3,2,1,3.03,Full Stack Developer,"REST API, JavaScript, React, Node.js",moderate,visual,qa engineer,remote,poor,yes,2,none
female,"english, sinhala, tamil",bachelor's degree,software engineering,2.34,1,1,3.69,Frontend Developer,"TypeScript, React, JavaScript, Tailwind CSS",low,auditory,software engineer,onsite,average,no,4,azure
male,english,bachelor's degree,cyber security,3.44,2,2,3.32,Backend Developer,"REST API, SQL, Node.js, Java",moderate,visual,data scientist,onsite,average,yes,9,aws
female,"english, sinhala, tamil",bachelor's degree,software engineering,2.53,4,1,3.8,Web Developer,"MySQL, CSS, HTML, JavaScript",low,auditory,systems analyst,hybrid,poor,yes,2,azure
female,"english, sinhala",bachelor's degree,cyber security,2.45,3,2,3.08,Mobile App Developer,"Swift, REST API, Flutter, Firebase",low,auditory,qa engineer,onsite,poor,no,7,none
female,"tamil, english",bachelor's degree,software engineering,3.11,1,2,2.82,Data Scientist,"SQL, Machine Learning, Pandas, Python",moderate,kinesthetic,devops engineer,remote,poor,yes,9,none
male,"tamil, english",bachelor's degree,cyber security,3.51,3,1,2.29,Data Analyst,"Python, Excel, SQL, Power BI",low,auditory,software engineer,onsite,poor,yes,12,aws
male,"english, sinhala",bachelor's degree,software engineering,3.76,1,2,2.82,Machine Learning Engineer,"Python, Pandas, TensorFlow, NumPy",excellent,auditory,data scientist,onsite,poor,yes,11,aws
male,"tamil, english",bachelor's degree,cyber security,3.29,2,1,3.42,AI Engineer,"NLP, TensorFlow, Python, Data Processing",excellent,visual,software engineer,onsite,excellent,yes,10,cisco
male,"english, sinhala, tamil",bachelor's degree,cyber security,2.04,3,2,3.13,BI Developer,"DAX, Power BI, SQL, ETL Tools",low,kinesthetic,devops engineer,remote,poor,yes,2,cisco
female,english,bachelor's degree,computer science,3.35,1,1,2.75,DevOps Engineer,"CI/CD, Kubernetes, Docker, Jenkins",moderate,kinesthetic,devops engineer,remote,poor,no,4,google
male,english,bachelor's degree,software engineering,3.18,1,1,2.25,Cloud Engineer,"GCP, AWS, Azure, Docker",excellent,auditory,devops engineer,remote,excellent,no,3,azure
male,"sinhala, tamil",bachelor's degree,cyber security,2.86,1,1,2.69,Cloud Architect,"Security, IaC, Networking, Microservices",excellent,kinesthetic,data scientist,hybrid,excellent,no,4,azure
male,tamil,bachelor's degree,computer science,3.28,3,2,3.45,Cybersecurity Analyst,"Linux, Networking, Python, Risk Analysis",low,kinesthetic,systems analyst,hybrid,poor,yes,7,cisco
female,"tamil, english",bachelor's degree,data science,2.99,3,1,3.39,Ethical Hacker,"Kali Linux, Wireshark, Python, Burp Suite",low,kinesthetic,software engineer,hybrid,poor,no,10,azure
female,sinhala,bachelor's degree,computer science,3.95,3,1,3.99,Security Engineer,"IAM, Cloud Security, Encryption, Linux",low,visual,systems analyst,remote,average,yes,11,cisco
female,"english, sinhala",bachelor's degree,computer science,3.65,1,2,3.77,Information Security Analyst,"Risk Assessment, Incident Response, SOC Tools, Compliance",moderate,kinesthetic,devops engineer,onsite,excellent,yes,9,aws
male,"tamil, english",bachelor's degree,cyber security,2.98,3,1,3.31,Network Engineer,"Switching, Cisco, Firewalls, TCP/IP",moderate,auditory,devops engineer,onsite,average,yes,10,aws
female,"english, sinhala",bachelor's degree,computer science,3.7,1,2,2.33,System Administrator,"Windows Server, Active Directory, Virtualization, Networking",moderate,auditory,devops engineer,onsite,poor,yes,7,google
female,"tamil, english",bachelor's degree,software engineering,3.46,3,1,2.31,IT Support Engineer,"Troubleshooting, Active Directory, Windows, Networking",moderate,auditory,software engineer,remote,excellent,yes,11,azure
female,sinhala,bachelor's degree,data science,2.26,2,1,3.91,Hardware Engineer,"Embedded C, Microcontrollers, Electronics, Arduino",excellent,auditory,qa engineer,hybrid,excellent,no,10,aws
male,sinhala,bachelor's degree,software engineering,3.04,3,2,2.4,QA Engineer,"SQL, Manual Testing, Test Cases, Selenium",excellent,kinesthetic,qa engineer,hybrid,excellent,yes,11,aws
female,tamil,bachelor's degree,data science,3.53,2,2,2.45,Software Tester,"SQL, Test Plans, Selenium, Manual Testing",excellent,kinesthetic,systems analyst,onsite,excellent,yes,3,cisco
female,english,bachelor's degree,software engineering,3.09,1,1,2.84,Automation Test Engineer,"Java, Selenium, TestNG, CI/CD",moderate,kinesthetic,software engineer,onsite,average,yes,3,google
male,"sinhala, tamil",bachelor's degree,information technology,2.21,4,1,2.57,UI Designer,"UI Principles, Figma, Prototyping, Adobe XD",excellent,auditory,data scientist,onsite,excellent,yes,1,cisco
male,"english, sinhala",bachelor's degree,data science,3.06,3,2,3.77,UX Designer,"User Research, Wireframing, Prototyping, Figma",low,visual,data scientist,remote,excellent,yes,1,cisco
female,english,bachelor's degree,software engineering,3.14,4,2,3.02,Product Designer,"Prototyping, UX Research, Design Systems, UI Design",moderate,auditory,security engineer,hybrid,average,no,8,aws
male,"english, sinhala, tamil",bachelor's degree,data science,3.05,3,2,2.38,Blockchain Developer,"Cryptography, Smart Contracts, Solidity, Web3.js",moderate,kinesthetic,systems analyst,onsite,excellent,no,7,none
male,tamil,bachelor's degree,computer science,3.17,4,1,2.74,IoT Engineer,"Sensors, Raspberry Pi, MQTT, Arduino",excellent,kinesthetic,security engineer,hybrid,excellent,no,6,google
male,"sinhala, tamil",bachelor's degree,data science,3.82,4,1,2.69,Embedded Systems Engineer,"IoT, RTOS, C/C++, Microcontrollers",excellent,kinesthetic,devops engineer,onsite,excellent,no,4,none
male,"tamil, english",bachelor's degree,cyber security,4.0,1,2,3.0,AR/VR Developer,"Blender, XR SDKs, C#, Unity",low,auditory,software engineer,remote,average,no,4,none
male,english,bachelor's degree,software engineering,2.83,3,2,2.44,SEO Specialist,"Google Analytics, Keyword Research, SEO Tools, Content Strategy",moderate,auditory,qa engineer,remote,excellent,no,0,none
female,"english, sinhala",bachelor's degree,cyber security,3.56,2,2,3.32,IT Support Specialist,"Windows, Hardware, Active Directory, Networking",excellent,visual,devops engineer,hybrid,excellent,no,6,aws
male,english,bachelor's degree,software engineering,2.1,4,2,2.5,Software Engineer,"Spring Boot, Git, Java, OOP",excellent,auditory,software engineer,remote,average,yes,3,none
female,"english, sinhala, tamil",bachelor's degree,computer science,2.26,1,1,3.13,Full Stack Developer,"React, Node.js, MongoDB, JavaScript",moderate,auditory,qa engineer,hybrid,excellent,no,4,cisco
male,english,bachelor's degree,software engineering,3.07,3,1,2.98,Frontend Developer,"TypeScript, React, Tailwind CSS, HTML",low,visual,qa engineer,hybrid,excellent,no,8,azure
male,"tamil, english",bachelor's degree,computer science,3.75,1,1,2.84,Backend Developer,"REST API, Node.js, Microservices, SQL",moderate,visual,data scientist,onsite,poor,no,4,aws
female,"english, sinhala",bachelor's degree,data science,3.36,2,2,3.79,Web Developer,"JavaScript, CSS, PHP, Bootstrap",moderate,kinesthetic,software engineer,hybrid,average,no,4,none
female,"sinhala, tamil",bachelor's degree,cyber security,3.76,2,2,2.9,Mobile App Developer,"Flutter, Kotlin, Java, Firebase",low,visual,systems analyst,remote,poor,yes,4,aws
female,sinhala,bachelor's degree,cyber security,2.2,1,2,2.72,Data Scientist,"Python, Machine Learning, Pandas, NumPy",moderate,auditory,devops engineer,remote,poor,no,6,azure
female,"english, sinhala",bachelor's degree,data science,2.62,3,1,3.75,Data Analyst,"Data Visualization, Power BI, Python, SQL",low,visual,qa engineer,remote,average,no,0,azure
female,"english, sinhala, tamil",bachelor's degree,computer science,3.71,4,1,3.11,Machine Learning Engineer,"NumPy, Scikit-learn, Python, Pandas",low,kinesthetic,data scientist,hybrid,excellent,no,10,google
male,tamil,bachelor's degree,cyber security,3.74,2,2,2.82,AI Engineer,"Python, NLP, LLMs, PyTorch",low,kinesthetic,software engineer,onsite,poor,no,0,azure
female,sinhala,bachelor's degree,information technology,3.19,1,2,3.42,BI Developer,"ETL Tools, Excel, Power BI, Tableau",low,auditory,systems analyst,onsite,excellent,yes,12,cisco
female,sinhala,bachelor's degree,data science,4.0,4,2,2.86,DevOps Engineer,"AWS, Linux, Docker, CI/CD",excellent,visual,data scientist,remote,poor,yes,2,none
female,"english, sinhala, tamil",bachelor's degree,data science,2.84,4,1,3.06,Cloud Engineer,"Kubernetes, AWS, Docker, Azure",moderate,auditory,systems analyst,remote,average,yes,1,google
female,"sinhala, tamil",bachelor's degree,data science,2.39,2,2,3.93,Cloud Architect,"Microservices, Security, AWS/Azure Design, Scalability",excellent,kinesthetic,security engineer,onsite,poor,no,9,aws
male,"english, sinhala, tamil",bachelor's degree,software engineering,3.84,1,2,2.29,Cybersecurity Analyst,"SIEM, Networking, Linux, Risk Analysis",excellent,auditory,data scientist,remote,average,no,5,aws
female,"sinhala, tamil",bachelor's degree,information technology,2.76,3,2,3.24,Ethical Hacker,"Metasploit, Python, Kali Linux, Wireshark",moderate,visual,software engineer,onsite,excellent,yes,7,azure
male,"english, sinhala",bachelor's degree,software engineering,3.05,4,1,3.46,Security Engineer,"Firewalls, SIEM, Cloud Security, IAM",low,visual,software engineer,hybrid,excellent,yes,10,none
male,sinhala,bachelor's degree,cyber security,2.52,2,2,3.71,Information Security Analyst,"Risk Assessment, Compliance, Incident Response, SIEM",excellent,kinesthetic,systems analyst,remote,excellent,yes,12,azure
female,english,bachelor's degree,software engineering,2.46,2,1,2.9,Network Engineer,"Cisco, Firewalls, Switching, VPN",moderate,auditory,software engineer,hybrid,poor,yes,6,none
female,english,bachelor's degree,cyber security,2.51,2,1,2.22,System Administrator,"Windows Server, Linux, Bash, Virtualization",excellent,auditory,devops engineer,hybrid,average,yes,0,none
female,"english, sinhala",bachelor's degree,data science,2.37,3,2,3.78,IT Support Engineer,"Windows, Active Directory, Hardware, Troubleshooting",moderate,visual,qa engineer,onsite,average,no,4,aws
male,"english, sinhala, tamil",bachelor's degree,data science,3.78,3,1,3.4,Hardware Engineer,"Arduino, PCB Design, Microcontrollers, Electronics",low,kinesthetic,data scientist,remote,excellent,no,3,google
female,"tamil, english",bachelor's degree,data science,2.33,3,2,2.89,QA Engineer,"SQL, Selenium, Jira, API Testing",excellent,kinesthetic,software engineer,remote,average,no,12,google
male,"tamil, english",bachelor's degree,computer science,3.12,1,2,3.94,Software Tester,"Bug Tracking, Manual Testing, Test Plans, Selenium",excellent,auditory,systems analyst,hybrid,average,yes,7,none
male,"tamil, english",bachelor's degree,software engineering,2.24,4,2,2.84,Automation Test Engineer,"CI/CD, Python, Selenium, Java",low,auditory,software engineer,remote,excellent,yes,5,google
female,tamil,bachelor's degree,computer science,3.08,4,1,2.91,UI Designer,"UI Principles, Photoshop, Adobe XD, Figma",excellent,kinesthetic,systems analyst,remote,poor,no,5,azure
female,tamil,bachelor's degree,data science,3.32,4,2,3.18,UX Designer,"User Research, UX Testing, Prototyping, Psychology",excellent,auditory,qa engineer,remote,average,no,10,azure
female,"english, sinhala",bachelor's degree,computer science,3.75,3,2,3.91,Product Designer,"UI Design, Design Systems, User Flow, Prototyping",low,auditory,software engineer,hybrid,excellent,yes,7,azure
female,"english, sinhala",bachelor's degree,software engineering,3.97,2,2,2.98,Blockchain Developer,"Web3.js, Node.js, Ethereum, Solidity",moderate,kinesthetic,software engineer,hybrid,poor,no,11,google
female,"tamil, english",bachelor's degree,software engineering,2.38,2,1,2.25,IoT Engineer,"C/C++, Cloud Integration, Sensors, Raspberry Pi",moderate,auditory,security engineer,hybrid,average,no,11,cisco
male,"sinhala, tamil",bachelor's degree,computer science,2.26,3,1,3.97,Embedded Systems Engineer,"RTOS, Microcontrollers, Electronics, IoT",excellent,visual,data scientist,onsite,average,no,9,none
male,"tamil, english",bachelor's degree,software engineering,2.39,1,1,3.76,AR/VR Developer,"3D Modeling, C#, XR SDKs, Unreal Engine",moderate,auditory,security engineer,hybrid,poor,no,7,aws
male,sinhala,bachelor's degree,cyber security,3.88,3,2,2.63,SEO Specialist,"Content Strategy, SEO Tools, Backlinks, Google Analytics",moderate,kinesthetic,security engineer,remote,average,yes,2,google
male,"tamil, english",bachelor's degree,computer science,2.66,1,1,3.26,IT Support Specialist,"Active Directory, Ticketing Systems, Troubleshooting, Windows",moderate,auditory,security engineer,hybrid,excellent,yes,7,none
male,"english, sinhala",bachelor's degree,information technology,3.68,1,2,3.78,Software Engineer,"OOP, Git, Java, Python",low,kinesthetic,security engineer,onsite,average,no,3,azure
male,"english, sinhala, tamil",bachelor's degree,information technology,2.98,2,2,3.52,Full Stack Developer,"Express, Node.js, MongoDB, React",excellent,visual,security engineer,onsite,excellent,yes,0,azure
male,english,bachelor's degree,computer science,2.16,3,1,2.29,Frontend Developer,"TypeScript, React, CSS, JavaScript",moderate,auditory,software engineer,onsite,poor,yes,1,cisco
male,"english, sinhala",bachelor's degree,data science,3.11,3,2,3.3,Backend Developer,"Microservices, SQL, Node.js, Java",excellent,visual,qa engineer,hybrid,poor,no,1,none
female,sinhala,bachelor's degree,cyber security,3.83,4,2,3.05,Web Developer,"CSS, Bootstrap, MySQL, HTML",excellent,auditory,security engineer,remote,poor,no,4,cisco
female,english,bachelor's degree,information technology,3.85,3,2,2.63,Mobile App Developer,"Java, Kotlin, REST API, Swift",moderate,visual,data scientist,remote,poor,yes,0,google
female,"english, sinhala",bachelor's degree,data science,2.74,2,1,2.83,Data Scientist,"NumPy, Machine Learning, SQL, Tableau",excellent,kinesthetic,systems analyst,hybrid,excellent,yes,10,cisco
male,"sinhala, tamil",bachelor's degree,data science,2.1,3,2,3.25,Data Analyst,"Power BI, Python, SQL, Data Visualization",moderate,visual,systems analyst,onsite,poor,yes,7,cisco
female,"tamil, english",bachelor's degree,cyber security,3.37,3,1,2.65,Machine Learning Engineer,"Pandas, NumPy, TensorFlow, Scikit-learn",excellent,visual,devops engineer,onsite,poor,yes,8,none
female,"tamil, english",bachelor's degree,information technology,3.3,1,2,3.14,AI Engineer,"Python, PyTorch, NLP, Data Processing",low,visual,systems analyst,onsite,excellent,no,9,aws
male,"english, sinhala",bachelor's degree,data science,2.78,4,1,3.04,BI Developer,"SQL, Power BI, Tableau, DAX",low,kinesthetic,data scientist,onsite,poor,yes,6,aws
female,"english, sinhala",bachelor's degree,information technology,3.2,3,2,3.07,DevOps Engineer,"AWS, Kubernetes, Linux, Jenkins",low,auditory,devops engineer,hybrid,poor,no,5,azure
female,"tamil, english",bachelor's degree,computer science,3.87,3,1,2.38,Cloud Engineer,"Terraform, Kubernetes, Azure, Docker",moderate,kinesthetic,devops engineer,remote,poor,no,2,cisco
female,"english, sinhala, tamil",bachelor's degree,computer science,2.19,4,1,3.67,Cloud Architect,"AWS/Azure Design, Microservices, IaC, Scalability",low,auditory,data scientist,hybrid,average,no,8,aws
female,"english, sinhala, tamil",bachelor's degree,computer science,3.48,2,2,3.58,Cybersecurity Analyst,"Firewalls, Linux, Python, Networking",low,kinesthetic,devops engineer,hybrid,poor,yes,11,cisco
female,"english, sinhala, tamil",bachelor's degree,data science,3.78,3,1,3.24,Ethical Hacker,"Burp Suite, Metasploit, Wireshark, Kali Linux",low,visual,systems analyst,remote,average,no,5,aws
female,sinhala,bachelor's degree,data science,3.7,2,2,3.75,Security Engineer,"Firewalls, Linux, Cloud Security, IAM",low,auditory,devops engineer,remote,average,yes,12,azure
female,"english, sinhala, tamil",bachelor's degree,data science,4.0,4,2,3.88,Information Security Analyst,"Incident Response, Risk Assessment, SOC Tools, Networking",excellent,auditory,devops engineer,remote,average,no,11,azure
female,"tamil, english",bachelor's degree,software engineering,3.02,3,1,3.17,Network Engineer,"VPN, Cisco, Firewalls, Switching",excellent,visual,qa engineer,hybrid,poor,yes,1,azure
male,sinhala,bachelor's degree,cyber security,3.7,4,1,3.14,System Administrator,"Bash, Linux, Active Directory, Windows Server",low,kinesthetic,security engineer,remote,excellent,yes,2,aws
female,tamil,bachelor's degree,computer science,3.07,4,1,3.24,IT Support Engineer,"Windows, Ticketing Tools, Active Directory, Hardware",moderate,kinesthetic,security engineer,onsite,excellent,yes,5,aws
male,"english, sinhala",bachelor's degree,software engineering,3.66,1,1,2.39,Hardware Engineer,"Circuit Design, Microcontrollers, Electronics, Embedded C",low,kinesthetic,qa engineer,onsite,excellent,no,4,aws
female,english,bachelor's degree,computer science,3.68,3,2,3.24,QA Engineer,"Manual Testing, SQL, Test Cases, Jira",moderate,visual,security engineer,onsite,average,yes,8,google
female,english,bachelor's degree,software engineering,3.38,1,2,3.42,Software Tester,"Bug Tracking, Agile, Manual Testing, SQL",excellent,auditory,devops engineer,onsite,average,yes,11,aws
female,"tamil, english",bachelor's degree,computer science,3.37,3,2,3.86,Automation Test Engineer,"Python, Selenium, Cypress, TestNG",low,visual,data scientist,onsite,excellent,no,6,none
male,"english, sinhala",bachelor's degree,computer science,3.54,1,1,2.38,UI Designer,"Figma, Prototyping, Adobe XD, UI Principles",excellent,auditory,software engineer,remote,poor,yes,3,none
male,tamil,bachelor's degree,data science,2.89,3,1,3.65,UX Designer,"Figma, UX Testing, Psychology, User Research",low,kinesthetic,qa engineer,hybrid,average,yes,11,cisco
male,"english, sinhala",bachelor's degree,data science,2.0,1,2,2.75,Product Designer,"User Flow, UX Research, Design Systems, Prototyping",excellent,auditory,data scientist,hybrid,average,no,7,google
female,"english, sinhala, tamil",bachelor's degree,software engineering,2.4,3,1,2.26,Blockchain Developer,"Ethereum, Node.js, Smart Contracts, Cryptography",low,kinesthetic,security engineer,hybrid,poor,yes,9,aws
female,english,bachelor's degree,computer science,3.96,1,2,3.34,IoT Engineer,"Arduino, Sensors, Raspberry Pi, Cloud Integration",moderate,auditory,qa engineer,remote,average,yes,5,google
male,"tamil, english",bachelor's degree,computer science,3.19,4,2,2.95,Embedded Systems Engineer,"C/C++, Electronics, Microcontrollers, IoT",low,kinesthetic,systems analyst,remote,average,yes,1,cisco
female,"sinhala, tamil",bachelor's degree,cyber security,2.87,1,2,2.41,AR/VR Developer,"XR SDKs, C#, Unreal Engine, 3D Modeling",moderate,auditory,data scientist,onsite,excellent,yes,9,aws
male,"english, sinhala, tamil",bachelor's degree,cyber security,4.0,1,1,3.9,SEO Specialist,"Google Analytics, SEO Tools, Keyword Research, HTML",low,kinesthetic,systems analyst,hybrid,poor,yes,5,google
male,"english, sinhala, tamil",bachelor's degree,data science,4.0,3,2,2.45,IT Support Specialist,"Ticketing Systems, Active Directory, Troubleshooting, Hardware",excellent,auditory,systems analyst,onsite,poor,yes,9,azure
female,"tamil, english",bachelor's degree,computer science,3.41,4,1,2.9,Software Engineer,"Spring Boot, Java, Python, OOP",moderate,kinesthetic,security engineer,hybrid,average,yes,3,azure
male,"tamil, english",bachelor's degree,information technology,3.06,3,1,3.16,Full Stack Developer,"Node.js, React, MongoDB, REST API",low,visual,qa engineer,onsite,excellent,yes,7,none
