gender,languages_selected,education_level,major_field_of_study,cgpa,current_year,current_semester,experties_major_gpa,experties_suggest_career,student_programming_learned,student_databases_tools,student_cloud_platforms_infra_tools,mind_stress_management,learning_style,student_expectation,preferred_work_environment,work_life_balance,internship_experience,real_world_projects_completed,certifications
female,"english, sinhala",bachelor's degree,information technology,3.94,2,2,2.95,ml engineer,"python, java",mongodb,kubernetes,moderate,kinesthetic,data scientist,remote,poor,yes,0,aws
male,"english, sinhala",bachelor's degree,cyber security,3.26,4,2,2.92,software engineer,"python, java",sql server,aws,low,auditory,systems analyst,onsite,poor,no,8,none
female,"sinhala, tamil",bachelor's degree,data science,2.32,1,1,3.82,network engineer,"python, sql",oracle,gcp,low,auditory,qa engineer,hybrid,excellent,no,7,cisco
male,tamil,bachelor's degree,data science,3.88,4,2,2.75,systems analyst,"python, sql",oracle,azure,moderate,auditory,software engineer,onsite,average,yes,3,google
male,english,bachelor's degree,computer science,2.74,2,1,2.85,cloud engineer,"python, r",mongodb,aws,low,visual,data scientist,remote,excellent,yes,9,google
female,"tamil, english",bachelor's degree,computer science,3.42,2,1,3.69,cloud engineer,"python, java",mysql,kubernetes,excellent,kinesthetic,devops engineer,remote,poor,no,2,aws
male,"english, sinhala",bachelor's degree,software engineering,3.64,3,2,2.47,software engineer,"c#, .net",postgresql,azure,low,visual,systems analyst,onsite,poor,yes,2,azure
male,tamil,bachelor's degree,information technology,3.75,4,1,3.72,ml engineer,"python, r",mongodb,azure,low,visual,security engineer,onsite,excellent,no,10,aws
female,"sinhala, tamil",bachelor's degree,cyber security,3.46,3,1,3.2,qa engineer,"java, c++",sql server,docker,low,auditory,software engineer,onsite,average,no,7,cisco
male,"english, sinhala",bachelor's degree,cyber security,2.44,2,1,3.34,qa engineer,"javascript, php",mysql,azure,excellent,auditory,software engineer,remote,poor,yes,1,azure
male,tamil,bachelor's degree,cyber security,2.57,3,1,2.4,data analyst,"python, r",postgresql,azure,low,visual,software engineer,onsite,average,no,5,aws
female,"tamil, english",bachelor's degree,software engineering,3.5,4,1,2.42,cloud engineer,"python, r",mysql,azure,moderate,auditory,software engineer,remote,average,yes,8,google
male,"sinhala, tamil",bachelor's degree,information technology,2.76,3,2,2.63,cyber security analyst,"java, c++",sql server,kubernetes,moderate,visual,software engineer,remote,poor,yes,1,google
male,english,bachelor's degree,information technology,3.55,3,1,3.65,cyber security analyst,"java, c++",sql server,aws,low,kinesthetic,data scientist,remote,excellent,no,9,none
female,"english, sinhala, tamil",bachelor's degree,data science,3.2,4,2,3.23,systems analyst,"python, sql",postgresql,aws,moderate,visual,qa engineer,hybrid,average,yes,11,google
female,"sinhala, tamil",bachelor's degree,information technology,3.02,1,2,3.07,ml engineer,"java, c++",oracle,gcp,excellent,kinesthetic,security engineer,onsite,excellent,no,5,google
female,tamil,bachelor's degree,computer science,2.42,2,1,2.33,systems analyst,"python, java",sql server,aws,excellent,kinesthetic,software engineer,remote,poor,yes,4,none
male,"english, sinhala",bachelor's degree,software engineering,3.16,2,1,2.55,network engineer,"java, c++",mysql,gcp,low,auditory,qa engineer,onsite,average,yes,10,aws
male,"sinhala, tamil",bachelor's degree,information technology,3.11,3,2,3.74,software engineer,"python, r",postgresql,aws,low,kinesthetic,security engineer,remote,excellent,no,3,aws
female,"english, sinhala, tamil",bachelor's degree,cyber security,2.56,2,2,3.78,cyber security analyst,"java, c++",mysql,docker,excellent,visual,security engineer,remote,excellent,no,12,aws
female,"english, sinhala",bachelor's degree,computer science,2.3,1,2,3.45,ml engineer,"javascript, php",sql server,azure,excellent,auditory,qa engineer,onsite,average,no,4,cisco
female,"sinhala, tamil",bachelor's degree,information technology,3.53,3,1,2.85,devops engineer,"javascript, php",oracle,aws,low,auditory,devops engineer,hybrid,poor,yes,7,azure
male,"english, sinhala",bachelor's degree,information technology,3.78,1,2,3.23,ml engineer,"javascript, php",mysql,gcp,excellent,auditory,devops engineer,hybrid,poor,yes,6,cisco
female,"english, sinhala",bachelor's degree,data science,3.76,4,1,3.6,data analyst,"java, c++",postgresql,gcp,moderate,kinesthetic,qa engineer,hybrid,excellent,no,9,google
female,sinhala,bachelor's degree,cyber security,2.84,2,2,3.61,ml engineer,"java, c++",sql server,gcp,excellent,visual,security engineer,remote,excellent,no,1,cisco
male,"tamil, english",bachelor's degree,information technology,2.86,3,1,2.32,ml engineer,"java, c++",mysql,kubernetes,low,kinesthetic,data scientist,remote,average,yes,7,none
male,"english, sinhala, tamil",bachelor's degree,data science,3.08,3,1,3.59,data analyst,"python, sql",oracle,aws,low,visual,data scientist,hybrid,average,yes,10,none
male,tamil,bachelor's degree,data science,2.5,4,1,3.67,software engineer,"c#, .net",sql server,kubernetes,excellent,kinesthetic,security engineer,hybrid,average,no,1,aws
female,"sinhala, tamil",bachelor's degree,software engineering,3.68,2,1,2.88,ml engineer,"javascript, php",mongodb,azure,low,kinesthetic,systems analyst,remote,excellent,no,9,cisco
female,tamil,bachelor's degree,information technology,2.8,3,1,2.51,ml engineer,"javascript, php",sql server,kubernetes,low,auditory,qa engineer,onsite,poor,yes,10,cisco
female,"tamil, english",bachelor's degree,cyber security,2.52,2,2,3.45,cyber security analyst,"java, c++",oracle,kubernetes,excellent,visual,software engineer,hybrid,excellent,yes,12,azure
female,english,bachelor's degree,information technology,3.3,3,1,3.1,software engineer,"c#, .net",mysql,kubernetes,low,auditory,security engineer,remote,poor,no,3,google
male,"english, sinhala",bachelor's degree,cyber security,3.87,1,2,2.96,devops engineer,"c#, .net",postgresql,azure,low,kinesthetic,software engineer,onsite,poor,yes,7,aws
male,english,bachelor's degree,data science,3.98,3,1,3.02,cloud engineer,"python, sql",mongodb,kubernetes,moderate,visual,systems analyst,hybrid,excellent,yes,6,none
male,"tamil, english",bachelor's degree,data science,3.79,4,1,2.97,ml engineer,"python, sql",mysql,aws,low,visual,devops engineer,onsite,poor,no,4,aws
male,"sinhala, tamil",bachelor's degree,cyber security,2.88,3,2,2.37,software engineer,"c#, .net",sql server,gcp,excellent,auditory,systems analyst,hybrid,poor,no,10,azure
male,english,bachelor's degree,computer science,2.43,4,2,3.24,qa engineer,"java, c++",sql server,gcp,low,visual,devops engineer,hybrid,poor,yes,5,cisco
female,english,bachelor's degree,computer science,2.98,2,2,3.86,systems analyst,"python, sql",mongodb,kubernetes,excellent,auditory,qa engineer,hybrid,excellent,yes,1,google
male,"english, sinhala, tamil",bachelor's degree,information technology,2.93,3,2,3.7,devops engineer,"c#, .net",mongodb,azure,low,visual,data scientist,onsite,average,no,5,aws
male,"sinhala, tamil",bachelor's degree,software engineering,2.8,2,1,2.92,software engineer,"javascript, php",mysql,azure,excellent,auditory,systems analyst,remote,average,yes,3,azure
male,sinhala,bachelor's degree,information technology,2.5,3,2,2.79,ml engineer,"c#, .net",oracle,azure,moderate,auditory,security engineer,onsite,excellent,yes,10,azure
female,"english, sinhala, tamil",bachelor's degree,computer science,3.87,3,1,2.62,ml engineer,"c#, .net",oracle,gcp,low,kinesthetic,systems analyst,remote,excellent,no,6,none
male,"english, sinhala, tamil",bachelor's degree,computer science,3.93,1,2,2.29,qa engineer,"python, sql",oracle,aws,low,kinesthetic,data scientist,remote,average,yes,7,none
male,sinhala,bachelor's degree,cyber security,2.99,2,1,2.62,cyber security analyst,"python, r",mongodb,kubernetes,low,visual,security engineer,remote,average,yes,8,cisco
male,"english, sinhala",bachelor's degree,information technology,2.36,1,1,3.09,software engineer,"python, java",mongodb,aws,low,visual,security engineer,hybrid,excellent,no,9,cisco
female,"sinhala, tamil",bachelor's degree,information technology,2.96,3,2,2.94,cloud engineer,"java, c++",mongodb,aws,low,auditory,security engineer,onsite,poor,no,0,aws
female,english,bachelor's degree,cyber security,3.95,3,1,2.61,cloud engineer,"java, c++",sql server,azure,low,kinesthetic,data scientist,remote,excellent,yes,4,cisco
male,sinhala,bachelor's degree,cyber security,3.87,1,1,2.49,network engineer,"java, c++",postgresql,azure,low,auditory,security engineer,onsite,excellent,no,0,azure
female,english,bachelor's degree,computer science,3.51,3,2,3.99,ml engineer,"javascript, php",mongodb,gcp,low,visual,qa engineer,remote,poor,yes,8,aws
male,"english, sinhala",bachelor's degree,computer science,3.99,2,2,2.63,qa engineer,"python, r",mongodb,kubernetes,excellent,auditory,devops engineer,hybrid,average,yes,3,google
male,english,bachelor's degree,computer science,2.39,2,2,2.92,qa engineer,"python, java",sql server,azure,low,auditory,qa engineer,remote,excellent,yes,5,azure
male,"sinhala, tamil",bachelor's degree,software engineering,3.12,4,1,3.09,cloud engineer,"javascript, php",sql server,azure,low,visual,devops engineer,onsite,excellent,yes,5,none
female,english,bachelor's degree,software engineering,2.86,3,1,3.34,software engineer,"python, java",oracle,azure,excellent,auditory,software engineer,onsite,excellent,yes,0,azure
female,english,bachelor's degree,computer science,2.7,3,1,3.75,ml engineer,"python, r",sql server,docker,low,auditory,security engineer,remote,average,no,7,none
male,sinhala,bachelor's degree,information technology,2.87,4,2,3.6,software engineer,"python, r",sql server,docker,low,auditory,devops engineer,remote,excellent,yes,12,google
female,tamil,bachelor's degree,information technology,2.82,1,1,3.73,network engineer,"java, c++",mongodb,azure,moderate,kinesthetic,qa engineer,onsite,excellent,no,11,azure
male,"sinhala, tamil",bachelor's degree,information technology,3.72,3,2,2.76,cloud engineer,"python, java",mongodb,azure,low,auditory,systems analyst,hybrid,excellent,no,7,none
male,english,bachelor's degree,cyber security,3.68,2,1,3.22,devops engineer,"python, sql",mongodb,gcp,low,auditory,data scientist,hybrid,average,yes,3,google
male,"english, sinhala, tamil",bachelor's degree,cyber security,3.35,3,2,3.47,data analyst,"python, java",mongodb,aws,low,visual,software engineer,hybrid,excellent,no,1,azure
female,tamil,bachelor's degree,data science,2.7,1,1,3.89,qa engineer,"java, c++",mongodb,kubernetes,excellent,kinesthetic,software engineer,onsite,poor,yes,6,azure
female,"english, sinhala, tamil",bachelor's degree,cyber security,2.83,1,2,3.26,software engineer,"javascript, php",postgresql,gcp,moderate,visual,systems analyst,remote,poor,no,6,google
female,sinhala,bachelor's degree,information technology,2.32,2,2,3.19,ai engineer,"python, sql",postgresql,azure,excellent,visual,security engineer,hybrid,excellent,yes,1,none
female,"sinhala, tamil",bachelor's degree,information technology,2.91,4,1,2.73,qa engineer,"c#, .net",sql server,gcp,moderate,visual,security engineer,hybrid,poor,no,3,none
female,"tamil, english",bachelor's degree,data science,3.15,1,2,2.49,devops engineer,"python, r",mysql,gcp,moderate,auditory,software engineer,onsite,poor,no,1,azure
female,"english, sinhala",bachelor's degree,data science,2.94,3,1,2.42,data analyst,"python, sql",postgresql,aws,excellent,visual,software engineer,hybrid,poor,no,3,google
male,"tamil, english",bachelor's degree,cyber security,2.74,2,2,3.16,network engineer,"java, c++",sql server,kubernetes,excellent,visual,software engineer,onsite,poor,yes,8,none
female,english,bachelor's degree,data science,2.22,2,2,2.33,data analyst,"javascript, php",mongodb,docker,excellent,kinesthetic,systems analyst,onsite,excellent,no,1,none
male,tamil,bachelor's degree,cyber security,2.43,2,1,3.96,qa engineer,"python, sql",postgresql,kubernetes,low,visual,devops engineer,hybrid,average,yes,5,azure
male,"tamil, english",bachelor's degree,information technology,3.6,3,2,3.06,cloud engineer,"java, c++",mysql,kubernetes,low,kinesthetic,systems analyst,onsite,average,yes,3,aws
male,"sinhala, tamil",bachelor's degree,cyber security,3.57,4,1,2.48,devops engineer,"python, r",mysql,aws,low,visual,security engineer,hybrid,average,no,2,none
female,tamil,bachelor's degree,data science,2.25,1,1,3.25,software engineer,"javascript, php",sql server,gcp,moderate,visual,data scientist,remote,excellent,no,7,none
female,english,bachelor's degree,information technology,2.34,4,2,3.0,qa engineer,"javascript, php",sql server,docker,excellent,kinesthetic,systems analyst,hybrid,poor,yes,5,aws
female,sinhala,bachelor's degree,software engineering,2.96,1,2,3.53,data analyst,"python, sql",postgresql,docker,moderate,kinesthetic,security engineer,hybrid,average,no,9,azure
male,sinhala,bachelor's degree,data science,3.19,1,2,2.51,qa engineer,"javascript, php",mongodb,gcp,low,auditory,qa engineer,remote,average,yes,8,cisco
female,"sinhala, tamil",bachelor's degree,data science,2.57,4,2,3.13,cloud engineer,"python, sql",oracle,aws,moderate,visual,devops engineer,remote,poor,no,11,aws
female,"english, sinhala",bachelor's degree,information technology,3.13,2,2,3.29,cyber security analyst,"c#, .net",postgresql,azure,low,auditory,qa engineer,onsite,average,yes,6,aws
female,"tamil, english",bachelor's degree,software engineering,2.22,3,2,4.0,cloud engineer,"java, c++",sql server,azure,low,visual,security engineer,remote,poor,yes,8,cisco
female,"english, sinhala, tamil",bachelor's degree,computer science,2.93,2,2,2.79,devops engineer,"python, java",oracle,aws,low,visual,systems analyst,onsite,excellent,no,4,google
female,"sinhala, tamil",bachelor's degree,computer science,3.73,4,1,2.85,network engineer,"python, sql",mongodb,gcp,low,kinesthetic,devops engineer,remote,average,no,7,none
female,"english, sinhala, tamil",bachelor's degree,information technology,3.83,1,2,2.22,cyber security analyst,"python, r",postgresql,aws,moderate,auditory,security engineer,remote,poor,no,12,none
male,sinhala,bachelor's degree,software engineering,3.37,4,2,2.86,data analyst,"java, c++",sql server,aws,low,auditory,data scientist,hybrid,excellent,no,9,cisco
male,english,bachelor's degree,information technology,3.37,2,2,3.69,data analyst,"python, sql",mysql,azure,moderate,visual,qa engineer,remote,average,yes,3,none
female,"english, sinhala",bachelor's degree,cyber security,3.41,2,1,2.31,devops engineer,"javascript, php",mysql,kubernetes,excellent,auditory,systems analyst,onsite,excellent,no,12,google
male,tamil,bachelor's degree,software engineering,2.25,4,2,3.72,ai engineer,"python, java",sql server,kubernetes,moderate,kinesthetic,systems analyst,remote,average,yes,10,none
female,tamil,bachelor's degree,information technology,3.27,3,2,2.3,cyber security analyst,"javascript, php",oracle,kubernetes,excellent,visual,security engineer,hybrid,poor,no,11,azure
female,"sinhala, tamil",bachelor's degree,computer science,3.89,1,1,2.29,ml engineer,"python, r",oracle,gcp,excellent,visual,software engineer,onsite,excellent,yes,6,aws
female,"sinhala, tamil",bachelor's degree,information technology,3.97,4,1,3.63,cloud engineer,"python, r",mysql,docker,low,kinesthetic,software engineer,onsite,excellent,no,3,cisco
male,english,bachelor's degree,information technology,2.53,3,1,3.64,qa engineer,"c#, .net",mongodb,aws,moderate,kinesthetic,devops engineer,hybrid,excellent,no,5,azure
female,sinhala,bachelor's degree,computer science,2.77,2,2,3.86,network engineer,"python, java",mongodb,kubernetes,low,auditory,software engineer,remote,average,yes,12,aws
female,english,bachelor's degree,computer science,2.64,3,1,3.87,data analyst,"java, c++",sql server,docker,moderate,auditory,systems analyst,onsite,average,no,9,aws
female,"tamil, english",bachelor's degree,cyber security,2.71,4,1,3.18,software engineer,"python, r",mysql,gcp,low,kinesthetic,qa engineer,onsite,average,yes,12,google
male,english,bachelor's degree,information technology,3.31,2,1,3.59,ml engineer,"python, sql",mongodb,gcp,excellent,visual,qa engineer,hybrid,poor,no,5,google
female,"english, sinhala",bachelor's degree,software engineering,3.92,2,1,3.29,software engineer,"python, java",mysql,azure,excellent,kinesthetic,data scientist,remote,poor,yes,9,none
female,english,bachelor's degree,software engineering,3.45,4,1,3.12,ml engineer,"java, c++",oracle,docker,moderate,kinesthetic,data scientist,onsite,excellent,no,9,none
male,"tamil, english",bachelor's degree,cyber security,2.83,4,2,2.87,cloud engineer,"python, java",mongodb,azure,excellent,visual,systems analyst,onsite,poor,yes,4,aws
female,"sinhala, tamil",bachelor's degree,cyber security,2.6,4,2,2.92,qa engineer,"c#, .net",mongodb,kubernetes,moderate,visual,data scientist,hybrid,excellent,no,12,azure
male,sinhala,bachelor's degree,information technology,3.1,3,2,3.41,systems analyst,"c#, .net",sql server,docker,low,visual,qa engineer,hybrid,average,yes,10,aws
male,"tamil, english",bachelor's degree,data science,3.35,4,2,3.61,ml engineer,"c#, .net",sql server,azure,moderate,visual,security engineer,onsite,average,no,5,cisco
female,english,bachelor's degree,cyber security,3.13,1,2,2.28,data analyst,"python, sql",sql server,kubernetes,excellent,auditory,security engineer,remote,average,yes,9,google
male,"english, sinhala, tamil",bachelor's degree,information technology,3.52,1,2,3.18,ml engineer,"javascript, php",postgresql,docker,moderate,visual,qa engineer,remote,excellent,no,4,azure
female,english,bachelor's degree,computer science,3.91,4,1,2.46,qa engineer,"python, sql",oracle,kubernetes,excellent,visual,software engineer,hybrid,average,no,1,azure
male,tamil,bachelor's degree,information technology,3.67,1,2,3.2,software engineer,"python, r",mongodb,docker,low,kinesthetic,security engineer,remote,excellent,no,9,aws
female,"english, sinhala",bachelor's degree,cyber security,2.61,3,2,2.84,ml engineer,"python, java",mysql,docker,moderate,auditory,systems analyst,onsite,excellent,no,2,azure
male,english,bachelor's degree,software engineering,3.8,1,1,3.05,software engineer,"javascript, php",mongodb,docker,low,auditory,software engineer,onsite,poor,no,0,cisco
female,english,bachelor's degree,cyber security,2.71,2,2,2.44,cloud engineer,"javascript, php",mysql,docker,moderate,kinesthetic,security engineer,remote,excellent,yes,12,azure
male,tamil,bachelor's degree,data science,2.26,2,2,3.89,data analyst,"python, java",mysql,aws,excellent,auditory,software engineer,onsite,poor,yes,1,google
male,"tamil, english",bachelor's degree,cyber security,2.54,1,2,2.34,cyber security analyst,"python, r",mongodb,aws,moderate,auditory,systems analyst,remote,average,no,10,azure
female,"english, sinhala",bachelor's degree,cyber security,2.32,1,2,3.47,ml engineer,"python, java",mongodb,kubernetes,excellent,auditory,software engineer,hybrid,poor,no,5,aws
female,"english, sinhala, tamil",bachelor's degree,information technology,4.0,4,1,2.83,data analyst,"java, c++",postgresql,azure,moderate,auditory,qa engineer,hybrid,average,yes,6,google
female,"english, sinhala, tamil",bachelor's degree,software engineering,3.32,4,2,3.53,network engineer,"python, r",oracle,kubernetes,moderate,kinesthetic,qa engineer,hybrid,average,no,9,azure
female,tamil,bachelor's degree,computer science,3.91,1,1,3.25,cloud engineer,"python, r",mysql,gcp,excellent,auditory,qa engineer,hybrid,excellent,yes,9,azure
female,"english, sinhala",bachelor's degree,cyber security,2.73,1,2,3.89,devops engineer,"python, r",sql server,gcp,low,visual,software engineer,onsite,average,no,6,cisco
female,"english, sinhala",bachelor's degree,cyber security,3.52,2,2,3.68,devops engineer,"javascript, php",oracle,gcp,excellent,auditory,qa engineer,hybrid,excellent,yes,9,google
male,"english, sinhala",bachelor's degree,data science,2.62,3,1,2.33,data analyst,"java, c++",sql server,aws,low,visual,software engineer,remote,average,no,8,azure
male,english,bachelor's degree,computer science,3.13,4,1,3.16,cyber security analyst,"python, sql",postgresql,azure,excellent,kinesthetic,data scientist,remote,poor,no,8,none
male,"english, sinhala, tamil",bachelor's degree,computer science,3.39,4,2,3.34,qa engineer,"javascript, php",oracle,azure,moderate,kinesthetic,devops engineer,hybrid,average,yes,12,azure
female,"sinhala, tamil",bachelor's degree,data science,3.53,3,1,2.29,ai engineer,"java, c++",mysql,aws,moderate,kinesthetic,data scientist,remote,average,no,11,none
male,"tamil, english",bachelor's degree,information technology,2.68,2,1,3.17,data analyst,"javascript, php",sql server,kubernetes,excellent,kinesthetic,data scientist,onsite,excellent,no,0,aws
female,english,bachelor's degree,cyber security,3.19,1,1,2.99,data analyst,"python, r",sql server,docker,excellent,visual,qa engineer,remote,excellent,no,4,google
female,sinhala,bachelor's degree,data science,3.22,2,1,3.59,cloud engineer,"python, sql",oracle,kubernetes,moderate,auditory,software engineer,hybrid,poor,no,5,cisco
female,english,bachelor's degree,cyber security,3.4,2,1,3.27,ml engineer,"javascript, php",oracle,aws,moderate,auditory,devops engineer,onsite,average,yes,9,azure
male,tamil,bachelor's degree,software engineering,2.53,1,1,2.35,network engineer,"python, java",sql server,docker,moderate,kinesthetic,security engineer,onsite,average,yes,6,google
male,sinhala,bachelor's degree,computer science,2.98,4,1,3.16,ai engineer,"javascript, php",mysql,gcp,low,auditory,software engineer,remote,poor,no,10,azure
male,sinhala,bachelor's degree,software engineering,3.23,1,1,3.4,devops engineer,"python, java",mongodb,docker,excellent,auditory,qa engineer,hybrid,poor,yes,11,aws
female,"sinhala, tamil",bachelor's degree,computer science,3.48,2,1,3.97,cloud engineer,"python, r",postgresql,aws,excellent,visual,qa engineer,remote,excellent,no,11,google
male,"tamil, english",bachelor's degree,cyber security,3.0,3,1,2.67,devops engineer,"java, c++",oracle,kubernetes,excellent,visual,security engineer,remote,average,yes,4,aws
female,"tamil, english",bachelor's degree,information technology,3.99,1,1,3.87,ml engineer,"python, java",mysql,gcp,moderate,kinesthetic,devops engineer,hybrid,excellent,yes,4,none
female,"english, sinhala",bachelor's degree,computer science,3.0,2,1,3.67,ai engineer,"javascript, php",postgresql,kubernetes,moderate,kinesthetic,software engineer,onsite,excellent,yes,11,azure
male,"tamil, english",bachelor's degree,data science,3.19,1,1,2.99,devops engineer,"javascript, php",postgresql,aws,excellent,auditory,systems analyst,onsite,average,no,8,azure
female,english,bachelor's degree,information technology,2.67,2,1,2.82,cloud engineer,"python, java",mongodb,kubernetes,excellent,auditory,qa engineer,onsite,poor,no,10,aws
female,tamil,bachelor's degree,data science,3.03,2,1,3.35,ml engineer,"java, c++",sql server,aws,low,visual,data scientist,onsite,poor,no,0,cisco
male,"tamil, english",bachelor's degree,computer science,2.57,2,1,2.25,data analyst,"python, sql",postgresql,docker,low,visual,devops engineer,onsite,excellent,yes,11,google
male,"english, sinhala, tamil",bachelor's degree,cyber security,3.32,1,2,2.8,cyber security analyst,"javascript, php",mongodb,kubernetes,moderate,auditory,data scientist,hybrid,average,yes,2,google
female,"english, sinhala, tamil",bachelor's degree,information technology,3.6,4,1,3.75,devops engineer,"java, c++",postgresql,gcp,low,auditory,security engineer,hybrid,poor,no,4,cisco
male,"english, sinhala",bachelor's degree,information technology,2.66,3,2,3.71,ml engineer,"c#, .net",mysql,azure,low,visual,security engineer,onsite,poor,yes,9,google
female,tamil,bachelor's degree,software engineering,3.93,4,1,2.65,software engineer,"java, c++",mongodb,docker,low,kinesthetic,data scientist,remote,excellent,yes,9,cisco
female,"english, sinhala, tamil",bachelor's degree,information technology,3.41,1,2,3.68,devops engineer,"python, java",sql server,gcp,moderate,auditory,qa engineer,hybrid,excellent,no,1,none
male,"tamil, english",bachelor's degree,data science,3.44,3,2,3.5,cloud engineer,"javascript, php",mongodb,kubernetes,low,auditory,devops engineer,onsite,poor,no,2,cisco
female,"english, sinhala",bachelor's degree,software engineering,3.59,3,2,2.44,data analyst,"python, sql",sql server,azure,low,visual,qa engineer,onsite,excellent,yes,4,aws
female,english,bachelor's degree,cyber security,3.87,3,1,3.65,software engineer,"python, java",mysql,kubernetes,excellent,kinesthetic,data scientist,hybrid,excellent,yes,0,google
male,english,bachelor's degree,software engineering,3.16,2,2,2.26,devops engineer,"python, java",sql server,aws,excellent,auditory,devops engineer,remote,poor,yes,8,aws
female,"sinhala, tamil",bachelor's degree,information technology,2.91,2,1,3.29,ai engineer,"python, sql",oracle,kubernetes,low,kinesthetic,devops engineer,remote,excellent,yes,0,azure
male,"english, sinhala, tamil",bachelor's degree,software engineering,3.52,2,1,2.59,data analyst,"java, c++",oracle,docker,low,visual,security engineer,remote,excellent,no,5,cisco
male,"english, sinhala, tamil",bachelor's degree,data science,2.92,2,2,2.81,qa engineer,"python, sql",sql server,kubernetes,moderate,auditory,qa engineer,onsite,excellent,yes,0,none
male,"tamil, english",bachelor's degree,software engineering,2.26,4,1,3.99,systems analyst,"python, r",mongodb,kubernetes,low,auditory,qa engineer,remote,excellent,no,11,cisco
female,tamil,bachelor's degree,computer science,3.44,3,2,3.77,ml engineer,"javascript, php",mysql,docker,excellent,kinesthetic,software engineer,hybrid,poor,no,2,google
male,"tamil, english",bachelor's degree,cyber security,3.68,2,1,3.06,devops engineer,"c#, .net",mysql,gcp,excellent,kinesthetic,qa engineer,remote,average,yes,5,azure
male,"tamil, english",bachelor's degree,data science,3.64,2,2,3.45,data analyst,"javascript, php",mongodb,azure,moderate,kinesthetic,software engineer,remote,average,no,6,google
male,english,bachelor's degree,computer science,2.35,3,2,3.94,ml engineer,"c#, .net",sql server,kubernetes,moderate,kinesthetic,devops engineer,hybrid,poor,yes,5,azure
male,"english, sinhala, tamil",bachelor's degree,software engineering,3.93,3,1,3.74,software engineer,"c#, .net",mongodb,gcp,moderate,visual,qa engineer,onsite,poor,yes,12,azure
female,"tamil, english",bachelor's degree,cyber security,3.77,3,1,3.99,qa engineer,"c#, .net",oracle,gcp,low,auditory,software engineer,onsite,poor,yes,7,azure
male,"english, sinhala",bachelor's degree,data science,3.66,2,1,3.89,qa engineer,"java, c++",mongodb,kubernetes,low,visual,devops engineer,remote,excellent,no,1,aws
female,"english, sinhala, tamil",bachelor's degree,cyber security,3.1,4,2,2.34,ml engineer,"c#, .net",postgresql,azure,moderate,visual,data scientist,hybrid,excellent,no,1,none
male,"english, sinhala",bachelor's degree,data science,3.3,4,2,2.83,ml engineer,"c#, .net",sql server,aws,excellent,visual,security engineer,onsite,excellent,no,8,cisco
male,sinhala,bachelor's degree,information technology,2.48,2,1,3.9,cyber security analyst,"javascript, php",postgresql,docker,moderate,visual,devops engineer,remote,poor,yes,4,azure
male,"english, sinhala, tamil",bachelor's degree,software engineering,2.41,3,1,3.92,cloud engineer,"python, sql",sql server,gcp,low,visual,devops engineer,onsite,poor,no,12,none
male,english,bachelor's degree,cyber security,2.53,2,2,3.56,network engineer,"python, r",mysql,docker,moderate,auditory,software engineer,hybrid,poor,yes,9,azure
female,english,bachelor's degree,software engineering,3.36,1,1,2.94,data analyst,"java, c++",sql server,docker,moderate,auditory,devops engineer,onsite,poor,yes,6,cisco
female,"english, sinhala",bachelor's degree,software engineering,2.27,3,2,2.69,systems analyst,"java, c++",sql server,gcp,low,visual,devops engineer,hybrid,excellent,yes,11,google
female,"english, sinhala",bachelor's degree,computer science,3.69,1,2,3.14,devops engineer,"python, sql",sql server,azure,low,visual,software engineer,hybrid,average,yes,3,none
female,"english, sinhala, tamil",bachelor's degree,information technology,3.49,1,2,3.25,ai engineer,"c#, .net",mongodb,docker,moderate,visual,software engineer,remote,excellent,no,7,aws
male,"english, sinhala",bachelor's degree,software engineering,3.48,1,1,2.56,cloud engineer,"python, sql",mongodb,docker,excellent,visual,security engineer,hybrid,poor,yes,0,cisco
male,tamil,bachelor's degree,software engineering,3.88,1,1,3.18,cyber security analyst,"java, c++",mysql,aws,excellent,visual,systems analyst,onsite,average,yes,12,azure
female,"tamil, english",bachelor's degree,information technology,3.28,4,1,3.52,ml engineer,"python, java",sql server,aws,excellent,kinesthetic,data scientist,remote,poor,no,1,azure
male,"english, sinhala, tamil",bachelor's degree,data science,2.67,4,1,2.3,network engineer,"c#, .net",mongodb,kubernetes,low,kinesthetic,security engineer,onsite,poor,yes,1,aws
male,tamil,bachelor's degree,data science,2.29,3,1,2.33,cloud engineer,"java, c++",mongodb,gcp,moderate,visual,software engineer,onsite,excellent,no,5,cisco
female,"english, sinhala, tamil",bachelor's degree,data science,3.96,2,2,3.29,cloud engineer,"python, java",sql server,aws,excellent,visual,systems analyst,remote,excellent,yes,0,google
male,"sinhala, tamil",bachelor's degree,cyber security,3.09,2,1,2.93,cloud engineer,"python, r",mongodb,kubernetes,excellent,visual,data scientist,remote,excellent,yes,0,google
female,sinhala,bachelor's degree,data science,2.73,3,1,3.15,qa engineer,"java, c++",sql server,docker,excellent,kinesthetic,security engineer,onsite,poor,no,10,none
female,tamil,bachelor's degree,cyber security,3.82,2,2,3.99,cyber security analyst,"python, sql",oracle,kubernetes,low,kinesthetic,data scientist,remote,poor,yes,3,azure
female,tamil,bachelor's degree,computer science,3.3,1,1,2.5,data analyst,"python, sql",mongodb,aws,low,auditory,devops engineer,remote,average,no,5,azure
female,"tamil, english",bachelor's degree,computer science,2.94,4,2,2.63,devops engineer,"c#, .net",sql server,docker,moderate,kinesthetic,systems analyst,onsite,poor,no,7,aws
male,"english, sinhala, tamil",bachelor's degree,software engineering,3.58,2,2,2.92,data analyst,"java, c++",sql server,azure,excellent,auditory,security engineer,remote,poor,no,3,azure
male,tamil,bachelor's degree,computer science,2.41,2,2,3.97,devops engineer,"javascript, php",sql server,gcp,moderate,kinesthetic,software engineer,remote,excellent,yes,1,cisco
male,"english, sinhala",bachelor's degree,computer science,2.35,4,1,2.36,systems analyst,"python, java",mongodb,aws,excellent,kinesthetic,data scientist,remote,excellent,no,5,azure
female,"english, sinhala, tamil",bachelor's degree,computer science,3.94,1,1,3.14,software engineer,"c#, .net",oracle,kubernetes,excellent,kinesthetic,systems analyst,remote,average,yes,5,aws
male,"english, sinhala, tamil",bachelor's degree,cyber security,2.76,2,1,2.65,cyber security analyst,"python, sql",sql server,aws,moderate,kinesthetic,qa engineer,onsite,average,yes,3,cisco
male,tamil,bachelor's degree,software engineering,3.87,3,1,2.61,cloud engineer,"c#, .net",mysql,kubernetes,moderate,kinesthetic,security engineer,onsite,excellent,no,2,cisco
female,english,bachelor's degree,information technology,2.3,1,2,2.71,ml engineer,"c#, .net",sql server,kubernetes,moderate,auditory,devops engineer,hybrid,poor,yes,8,aws
male,"english, sinhala",bachelor's degree,data science,3.67,2,2,3.75,software engineer,"python, r",oracle,kubernetes,low,auditory,devops engineer,hybrid,average,yes,7,none
female,"tamil, english",bachelor's degree,software engineering,3.86,2,2,2.27,devops engineer,"java, c++",mongodb,kubernetes,low,kinesthetic,qa engineer,hybrid,excellent,no,11,google
male,"sinhala, tamil",bachelor's degree,data science,2.85,4,1,3.75,devops engineer,"python, r",oracle,aws,excellent,auditory,security engineer,onsite,average,no,11,aws
female,"sinhala, tamil",bachelor's degree,computer science,3.35,3,1,3.68,ml engineer,"javascript, php",oracle,azure,excellent,auditory,security engineer,hybrid,average,yes,2,azure
female,tamil,bachelor's degree,information technology,3.32,1,1,2.94,data analyst,"java, c++",mysql,kubernetes,excellent,kinesthetic,security engineer,onsite,poor,yes,7,google
female,sinhala,bachelor's degree,information technology,3.31,3,2,3.95,network engineer,"python, sql",oracle,docker,low,kinesthetic,data scientist,onsite,excellent,no,9,cisco
female,"tamil, english",bachelor's degree,software engineering,2.34,2,2,3.52,ml engineer,"python, r",oracle,docker,excellent,kinesthetic,devops engineer,hybrid,average,no,12,azure
female,"english, sinhala, tamil",bachelor's degree,cyber security,3.92,1,1,3.92,network engineer,"python, sql",sql server,kubernetes,moderate,visual,devops engineer,hybrid,average,yes,2,aws
male,"english, sinhala",bachelor's degree,cyber security,2.44,3,1,3.29,qa engineer,"python, sql",oracle,docker,excellent,visual,data scientist,remote,average,no,5,google
male,english,bachelor's degree,data science,3.43,4,1,2.8,cyber security analyst,"python, r",postgresql,docker,moderate,visual,devops engineer,hybrid,poor,yes,9,azure
female,"english, sinhala",bachelor's degree,information technology,3.26,3,2,3.39,cyber security analyst,"c#, .net",postgresql,azure,moderate,visual,qa engineer,remote,average,yes,12,google
male,english,bachelor's degree,information technology,3.76,4,1,3.08,data analyst,"python, java",postgresql,azure,low,auditory,data scientist,hybrid,average,yes,7,google
female,english,bachelor's degree,cyber security,3.55,3,1,3.65,software engineer,"java, c++",oracle,azure,low,auditory,devops engineer,onsite,excellent,no,6,google
female,"sinhala, tamil",bachelor's degree,computer science,3.3,2,2,3.46,cyber security analyst,"java, c++",sql server,docker,excellent,kinesthetic,qa engineer,remote,excellent,no,10,google
male,"tamil, english",bachelor's degree,computer science,3.56,1,1,2.3,devops engineer,"python, r",sql server,docker,moderate,auditory,qa engineer,hybrid,average,yes,5,google
female,tamil,bachelor's degree,software engineering,3.43,4,2,3.49,ai engineer,"python, r",postgresql,docker,low,visual,data scientist,hybrid,average,no,0,azure
female,sinhala,bachelor's degree,computer science,3.91,1,2,2.47,data analyst,"c#, .net",mongodb,gcp,moderate,auditory,devops engineer,hybrid,average,no,12,cisco
female,english,bachelor's degree,information technology,2.8,1,1,3.13,network engineer,"c#, .net",sql server,docker,moderate,kinesthetic,systems analyst,hybrid,average,yes,0,azure
male,"english, sinhala",bachelor's degree,computer science,2.28,2,2,2.79,software engineer,"python, sql",sql server,aws,low,kinesthetic,qa engineer,onsite,poor,yes,5,cisco
male,tamil,bachelor's degree,information technology,3.41,4,2,3.34,cyber security analyst,"javascript, php",sql server,azure,moderate,kinesthetic,data scientist,hybrid,excellent,no,7,none
female,"english, sinhala, tamil",bachelor's degree,data science,2.7,4,1,2.44,qa engineer,"javascript, php",sql server,gcp,moderate,auditory,software engineer,hybrid,average,yes,2,none
female,"english, sinhala",bachelor's degree,cyber security,3.56,2,1,2.65,systems analyst,"c#, .net",mysql,docker,moderate,visual,qa engineer,hybrid,excellent,no,1,cisco
male,english,bachelor's degree,software engineering,3.74,2,2,2.38,systems analyst,"python, r",sql server,kubernetes,excellent,visual,data scientist,hybrid,average,yes,3,azure
female,english,bachelor's degree,information technology,2.66,2,2,3.43,software engineer,"javascript, php",mongodb,gcp,moderate,visual,software engineer,remote,excellent,no,1,cisco
female,tamil,bachelor's degree,information technology,3.28,2,2,3.51,qa engineer,"python, sql",mysql,gcp,low,kinesthetic,qa engineer,hybrid,average,no,0,google
female,"tamil, english",bachelor's degree,software engineering,2.69,4,2,2.34,data analyst,"python, r",mysql,docker,moderate,auditory,data scientist,remote,average,no,1,none
female,sinhala,bachelor's degree,computer science,2.75,1,2,2.84,cyber security analyst,"python, java",oracle,gcp,moderate,kinesthetic,devops engineer,hybrid,excellent,no,0,cisco
female,"english, sinhala, tamil",bachelor's degree,computer science,3.72,2,2,2.24,software engineer,"python, sql",sql server,aws,moderate,auditory,software engineer,remote,poor,yes,5,azure
male,"sinhala, tamil",bachelor's degree,computer science,2.82,4,2,3.96,ml engineer,"javascript, php",sql server,gcp,excellent,visual,software engineer,onsite,poor,yes,6,none
male,english,bachelor's degree,computer science,3.08,4,1,3.05,software engineer,"python, sql",mongodb,gcp,low,auditory,software engineer,onsite,poor,no,12,google
male,"english, sinhala",bachelor's degree,data science,2.53,4,2,2.82,software engineer,"c#, .net",oracle,azure,excellent,kinesthetic,security engineer,remote,average,no,11,google
female,"english, sinhala, tamil",bachelor's degree,computer science,3.07,1,2,2.59,network engineer,"python, sql",sql server,gcp,low,auditory,systems analyst,hybrid,average,no,3,none
male,"english, sinhala, tamil",bachelor's degree,cyber security,3.51,3,1,3.35,software engineer,"c#, .net",mysql,gcp,low,kinesthetic,devops engineer,hybrid,poor,yes,1,none
female,sinhala,bachelor's degree,information technology,3.36,1,1,2.51,software engineer,"python, sql",mysql,docker,excellent,kinesthetic,qa engineer,hybrid,excellent,yes,9,none
male,english,bachelor's degree,software engineering,2.71,2,1,3.76,software engineer,"javascript, php",mysql,docker,low,auditory,systems analyst,remote,excellent,yes,3,google
female,sinhala,bachelor's degree,computer science,3.42,1,1,2.85,cloud engineer,"javascript, php",mongodb,kubernetes,low,kinesthetic,data scientist,remote,average,no,8,google
female,"english, sinhala, tamil",bachelor's degree,data science,2.54,3,1,3.55,network engineer,"python, sql",postgresql,docker,moderate,kinesthetic,data scientist,onsite,average,no,3,google
female,tamil,bachelor's degree,information technology,3.1,1,1,2.94,cyber security analyst,"python, java",mongodb,aws,excellent,auditory,devops engineer,remote,excellent,yes,6,google
male,english,bachelor's degree,software engineering,3.66,3,2,3.7,cloud engineer,"c#, .net",sql server,gcp,moderate,auditory,qa engineer,hybrid,excellent,no,5,azure
female,sinhala,bachelor's degree,software engineering,3.27,2,1,3.67,network engineer,"javascript, php",postgresql,gcp,low,auditory,software engineer,remote,poor,no,11,none
female,"english, sinhala, tamil",bachelor's degree,computer science,3.72,4,1,3.3,cloud engineer,"java, c++",sql server,gcp,excellent,kinesthetic,systems analyst,onsite,excellent,yes,2,aws
male,"english, sinhala",bachelor's degree,software engineering,3.5,1,2,3.09,data analyst,"javascript, php",postgresql,kubernetes,low,kinesthetic,qa engineer,onsite,poor,yes,5,azure
male,tamil,bachelor's degree,cyber security,2.24,2,1,2.26,ai engineer,"c#, .net",mysql,aws,excellent,visual,software engineer,onsite,average,yes,3,aws
female,"sinhala, tamil",bachelor's degree,data science,3.96,3,2,2.81,data analyst,"python, r",postgresql,docker,moderate,kinesthetic,devops engineer,remote,average,yes,11,google
female,"tamil, english",bachelor's degree,software engineering,3.27,2,1,3.46,ml engineer,"python, java",postgresql,azure,excellent,visual,software engineer,onsite,excellent,yes,1,cisco
female,"tamil, english",bachelor's degree,computer science,3.19,2,1,2.48,network engineer,"java, c++",postgresql,aws,moderate,kinesthetic,security engineer,hybrid,excellent,no,2,cisco
male,sinhala,bachelor's degree,data science,2.86,3,2,2.36,devops engineer,"java, c++",postgresql,aws,moderate,visual,software engineer,remote,excellent,yes,2,none
male,"sinhala, tamil",bachelor's degree,data science,3.25,4,2,2.92,software engineer,"python, sql",postgresql,kubernetes,low,auditory,qa engineer,remote,poor,no,8,aws
male,"tamil, english",bachelor's degree,data science,2.84,4,2,2.29,cyber security analyst,"python, r",mysql,azure,moderate,auditory,software engineer,onsite,poor,no,7,azure
male,"english, sinhala",bachelor's degree,software engineering,2.59,1,2,2.37,data analyst,"javascript, php",mysql,aws,moderate,visual,security engineer,hybrid,poor,yes,1,azure
female,"sinhala, tamil",bachelor's degree,cyber security,3.32,2,2,2.35,software engineer,"python, java",mongodb,gcp,excellent,auditory,qa engineer,remote,excellent,yes,7,azure
female,"english, sinhala, tamil",bachelor's degree,cyber security,2.78,1,1,3.06,cloud engineer,"python, r",oracle,aws,excellent,visual,software engineer,remote,poor,no,6,cisco
male,english,bachelor's degree,computer science,3.16,3,1,2.64,software engineer,"java, c++",postgresql,azure,moderate,kinesthetic,qa engineer,remote,poor,yes,6,azure
male,"sinhala, tamil",bachelor's degree,data science,2.81,2,2,2.33,cloud engineer,"java, c++",postgresql,docker,low,auditory,data scientist,remote,average,yes,11,aws
male,tamil,bachelor's degree,software engineering,2.9,1,2,3.01,data analyst,"javascript, php",mongodb,aws,low,auditory,qa engineer,hybrid,average,no,5,azure
female,english,bachelor's degree,data science,2.85,3,2,2.73,software engineer,"c#, .net",sql server,gcp,low,visual,software engineer,hybrid,excellent,no,11,azure
male,tamil,bachelor's degree,computer science,3.17,4,1,2.34,qa engineer,"c#, .net",sql server,azure,moderate,visual,security engineer,onsite,excellent,yes,11,aws
female,english,bachelor's degree,information technology,2.42,3,2,3.48,software engineer,"python, r",postgresql,docker,excellent,kinesthetic,systems analyst,onsite,average,no,7,cisco
female,"english, sinhala, tamil",bachelor's degree,data science,2.93,2,2,2.23,cyber security analyst,"java, c++",mongodb,kubernetes,low,visual,systems analyst,hybrid,excellent,no,7,azure
female,"tamil, english",bachelor's degree,software engineering,3.34,2,1,3.28,cyber security analyst,"python, r",oracle,docker,low,visual,security engineer,onsite,average,yes,9,aws
male,"english, sinhala, tamil",bachelor's degree,cyber security,3.82,3,1,2.96,data analyst,"python, sql",sql server,azure,moderate,visual,software engineer,remote,poor,no,9,cisco
male,"sinhala, tamil",bachelor's degree,software engineering,2.25,2,2,2.6,data analyst,"c#, .net",mysql,aws,excellent,visual,devops engineer,remote,poor,yes,10,cisco
male,"english, sinhala, tamil",bachelor's degree,data science,2.7,4,1,3.36,ml engineer,"c#, .net",postgresql,azure,low,auditory,qa engineer,hybrid,excellent,no,6,aws
female,tamil,bachelor's degree,data science,2.84,2,2,3.19,devops engineer,"python, r",mongodb,aws,moderate,visual,software engineer,onsite,average,yes,12,cisco
female,"sinhala, tamil",bachelor's degree,software engineering,3.68,4,2,2.96,data analyst,"javascript, php",sql server,aws,moderate,auditory,qa engineer,hybrid,poor,no,1,azure
female,tamil,bachelor's degree,cyber security,2.66,3,1,3.38,ml engineer,"python, java",oracle,azure,excellent,auditory,devops engineer,onsite,poor,yes,6,google
female,"english, sinhala, tamil",bachelor's degree,information technology,3.3,2,1,2.87,ai engineer,"java, c++",postgresql,aws,moderate,visual,software engineer,remote,excellent,yes,9,google
male,"tamil, english",bachelor's degree,software engineering,3.56,2,2,3.26,qa engineer,"java, c++",mysql,aws,moderate,visual,data scientist,hybrid,average,yes,4,cisco
male,"english, sinhala",bachelor's degree,computer science,2.29,3,2,3.17,data analyst,"python, java",oracle,kubernetes,moderate,auditory,security engineer,onsite,average,no,3,azure
male,"english, sinhala, tamil",bachelor's degree,computer science,3.4,2,2,2.51,software engineer,"c#, .net",mongodb,docker,excellent,auditory,data scientist,remote,poor,no,5,azure
male,"english, sinhala",bachelor's degree,software engineering,2.87,4,1,2.87,software engineer,"python, r",mongodb,azure,excellent,visual,devops engineer,remote,excellent,no,10,aws
male,tamil,bachelor's degree,information technology,2.33,3,2,2.53,cyber security analyst,"java, c++",oracle,gcp,low,visual,software engineer,hybrid,poor,no,12,azure
male,sinhala,bachelor's degree,computer science,3.36,3,2,2.96,ml engineer,"javascript, php",postgresql,docker,excellent,auditory,security engineer,onsite,poor,yes,5,azure
male,"english, sinhala",bachelor's degree,computer science,3.97,1,2,2.72,cloud engineer,"java, c++",sql server,aws,moderate,auditory,software engineer,onsite,average,yes,11,google
male,"english, sinhala, tamil",bachelor's degree,information technology,3.27,2,2,2.22,cloud engineer,"javascript, php",mysql,aws,low,kinesthetic,data scientist,onsite,average,yes,6,azure
male,"english, sinhala, tamil",bachelor's degree,computer science,2.38,1,2,2.92,ml engineer,"c#, .net",postgresql,aws,low,auditory,security engineer,hybrid,average,yes,10,azure
male,tamil,bachelor's degree,computer science,2.97,2,1,2.24,data analyst,"c#, .net",mongodb,azure,excellent,auditory,systems analyst,hybrid,excellent,no,7,azure
male,english,bachelor's degree,information technology,3.34,4,2,2.28,software engineer,"c#, .net",mysql,kubernetes,excellent,visual,data scientist,onsite,poor,no,4,aws
male,english,bachelor's degree,information technology,2.85,2,1,3.68,network engineer,"python, sql",postgresql,docker,low,kinesthetic,qa engineer,onsite,poor,yes,8,aws
male,"english, sinhala",bachelor's degree,software engineering,3.7,1,1,3.65,devops engineer,"javascript, php",mongodb,aws,low,kinesthetic,security engineer,hybrid,average,yes,1,google
female,"english, sinhala, tamil",bachelor's degree,data science,2.2,4,2,2.75,systems analyst,"c#, .net",sql server,kubernetes,excellent,kinesthetic,qa engineer,hybrid,average,no,11,azure
male,"tamil, english",bachelor's degree,software engineering,2.48,1,2,2.53,data analyst,"python, java",mysql,azure,low,visual,security engineer,hybrid,excellent,no,4,azure
male,sinhala,bachelor's degree,cyber security,3.51,4,1,3.96,software engineer,"python, java",mongodb,gcp,moderate,kinesthetic,systems analyst,hybrid,poor,yes,12,google
female,"english, sinhala, tamil",bachelor's degree,software engineering,3.45,3,1,2.97,cloud engineer,"python, sql",mongodb,azure,low,kinesthetic,systems analyst,onsite,average,no,7,none
female,"english, sinhala, tamil",bachelor's degree,data science,3.62,4,1,3.1,software engineer,"python, java",sql server,gcp,low,kinesthetic,qa engineer,onsite,excellent,no,2,azure
female,english,bachelor's degree,data science,2.45,2,1,2.56,ml engineer,"java, c++",postgresql,kubernetes,moderate,auditory,devops engineer,onsite,poor,no,0,none
male,"english, sinhala",bachelor's degree,software engineering,3.55,3,1,3.89,ai engineer,"python, java",mongodb,kubernetes,low,visual,systems analyst,remote,average,no,12,google
male,"sinhala, tamil",bachelor's degree,data science,3.4,3,1,2.95,ai engineer,"python, r",sql server,azure,excellent,auditory,security engineer,hybrid,poor,yes,12,google
female,"english, sinhala, tamil",bachelor's degree,computer science,3.61,1,2,2.68,devops engineer,"java, c++",mysql,gcp,moderate,auditory,software engineer,remote,excellent,yes,2,cisco
female,english,bachelor's degree,cyber security,3.68,4,1,3.37,systems analyst,"python, sql",mongodb,kubernetes,excellent,auditory,qa engineer,onsite,excellent,no,5,azure
male,tamil,bachelor's degree,information technology,2.28,4,1,2.25,software engineer,"python, java",mongodb,kubernetes,moderate,auditory,data scientist,hybrid,poor,yes,4,aws
male,"tamil, english",bachelor's degree,software engineering,2.22,3,1,3.49,devops engineer,"c#, .net",mongodb,kubernetes,moderate,visual,devops engineer,remote,poor,yes,6,azure
female,"sinhala, tamil",bachelor's degree,software engineering,2.81,1,2,2.31,systems analyst,"java, c++",mysql,docker,excellent,visual,qa engineer,remote,average,no,3,google
female,"sinhala, tamil",bachelor's degree,data science,2.91,1,2,3.67,software engineer,"python, sql",postgresql,kubernetes,excellent,visual,qa engineer,remote,poor,no,3,google
female,english,bachelor's degree,computer science,2.47,4,2,2.95,data analyst,"c#, .net",mysql,docker,excellent,auditory,devops engineer,remote,poor,yes,10,none
female,"tamil, english",bachelor's degree,information technology,3.91,3,2,3.51,software engineer,"python, r",sql server,kubernetes,low,visual,data scientist,hybrid,excellent,no,11,cisco
male,"tamil, english",bachelor's degree,software engineering,3.77,3,2,3.13,software engineer,"python, r",mongodb,kubernetes,excellent,visual,data scientist,hybrid,average,no,7,aws
female,"english, sinhala, tamil",bachelor's degree,software engineering,3.93,4,1,3.07,data analyst,"c#, .net",mysql,azure,excellent,auditory,devops engineer,hybrid,poor,yes,12,cisco
female,tamil,bachelor's degree,data science,2.58,2,2,3.92,cloud engineer,"python, java",mongodb,aws,low,auditory,data scientist,remote,average,no,7,azure
female,"english, sinhala",bachelor's degree,cyber security,3.74,3,1,3.47,software engineer,"java, c++",mongodb,docker,excellent,kinesthetic,qa engineer,remote,poor,yes,1,aws
male,"english, sinhala, tamil",bachelor's degree,data science,3.57,2,2,3.7,cloud engineer,"java, c++",mysql,aws,low,kinesthetic,devops engineer,onsite,average,no,1,aws
female,tamil,bachelor's degree,computer science,3.51,2,1,2.42,network engineer,"python, sql",mysql,gcp,excellent,visual,software engineer,remote,average,no,0,aws
female,"tamil, english",bachelor's degree,information technology,3.57,2,2,3.14,qa engineer,"java, c++",oracle,docker,excellent,auditory,data scientist,remote,excellent,no,3,none
male,english,bachelor's degree,cyber security,3.32,1,1,2.84,ml engineer,"java, c++",sql server,gcp,excellent,kinesthetic,devops engineer,hybrid,average,yes,10,none
female,tamil,bachelor's degree,data science,3.66,4,1,3.66,software engineer,"c#, .net",mongodb,azure,moderate,kinesthetic,security engineer,remote,average,no,12,none
female,"sinhala, tamil",bachelor's degree,computer science,2.69,3,1,2.65,cyber security analyst,"python, java",mysql,azure,excellent,visual,systems analyst,onsite,excellent,no,8,none
female,"tamil, english",bachelor's degree,data science,3.77,2,2,2.36,network engineer,"javascript, php",sql server,gcp,excellent,visual,security engineer,remote,average,no,9,azure
female,english,bachelor's degree,software engineering,3.28,2,2,3.76,cyber security analyst,"java, c++",mongodb,aws,moderate,auditory,security engineer,remote,poor,no,1,aws
female,tamil,bachelor's degree,information technology,3.06,3,2,3.73,systems analyst,"c#, .net",mongodb,gcp,moderate,visual,security engineer,hybrid,poor,yes,11,cisco
female,english,bachelor's degree,software engineering,2.85,2,1,3.78,software engineer,"python, sql",postgresql,docker,excellent,auditory,qa engineer,remote,average,no,5,aws
female,sinhala,bachelor's degree,information technology,3.95,2,1,3.76,network engineer,"python, sql",mongodb,gcp,moderate,kinesthetic,qa engineer,onsite,poor,no,4,cisco
female,"tamil, english",bachelor's degree,software engineering,3.09,2,1,2.79,software engineer,"c#, .net",mongodb,gcp,low,visual,security engineer,onsite,average,no,10,none
male,"sinhala, tamil",bachelor's degree,cyber security,3.74,4,1,4.0,cyber security analyst,"java, c++",sql server,aws,excellent,auditory,qa engineer,remote,average,no,4,cisco
male,"sinhala, tamil",bachelor's degree,software engineering,2.7,3,2,3.27,data analyst,"c#, .net",mysql,aws,excellent,auditory,devops engineer,remote,average,no,7,none
male,"sinhala, tamil",bachelor's degree,cyber security,3.07,4,2,2.35,network engineer,"java, c++",mysql,azure,moderate,auditory,devops engineer,hybrid,average,yes,2,google
male,tamil,bachelor's degree,data science,3.62,2,2,3.62,software engineer,"python, r",mysql,gcp,excellent,kinesthetic,systems analyst,onsite,excellent,no,4,aws
female,"english, sinhala",bachelor's degree,software engineering,2.82,2,1,2.25,devops engineer,"javascript, php",mongodb,kubernetes,low,auditory,software engineer,remote,average,yes,0,none
female,"english, sinhala",bachelor's degree,cyber security,3.1,4,2,3.44,cyber security analyst,"python, sql",postgresql,azure,moderate,visual,security engineer,onsite,average,yes,1,azure
female,"sinhala, tamil",bachelor's degree,information technology,2.58,4,1,2.79,software engineer,"java, c++",sql server,kubernetes,excellent,kinesthetic,data scientist,onsite,poor,no,2,azure
female,"tamil, english",bachelor's degree,computer science,3.34,1,2,2.66,data analyst,"c#, .net",sql server,docker,low,visual,devops engineer,hybrid,excellent,yes,8,aws
male,"english, sinhala, tamil",bachelor's degree,information technology,2.55,4,2,3.75,cyber security analyst,"python, java",oracle,docker,low,auditory,software engineer,hybrid,average,no,1,cisco
female,"english, sinhala, tamil",bachelor's degree,computer science,3.45,4,1,2.57,cyber security analyst,"java, c++",sql server,docker,moderate,auditory,qa engineer,hybrid,excellent,no,2,none
female,"tamil, english",bachelor's degree,information technology,2.38,4,1,2.48,software engineer,"c#, .net",mysql,aws,excellent,kinesthetic,security engineer,onsite,poor,no,5,azure
female,"tamil, english",bachelor's degree,data science,3.65,3,2,3.72,network engineer,"python, r",postgresql,gcp,moderate,auditory,security engineer,onsite,excellent,yes,4,aws
male,"tamil, english",bachelor's degree,software engineering,3.1,3,1,3.52,devops engineer,"python, r",sql server,kubernetes,low,auditory,systems analyst,remote,average,yes,12,azure
female,"tamil, english",bachelor's degree,software engineering,3.6,1,2,3.02,data analyst,"python, r",mysql,azure,low,kinesthetic,systems analyst,hybrid,average,yes,8,none
male,english,bachelor's degree,data science,3.88,1,1,2.41,devops engineer,"c#, .net",mysql,kubernetes,low,kinesthetic,data scientist,remote,poor,no,8,aws
female,"sinhala, tamil",bachelor's degree,computer science,2.42,1,1,3.8,software engineer,"python, java",sql server,azure,excellent,visual,data scientist,onsite,poor,no,2,none
male,english,bachelor's degree,computer science,3.26,3,1,2.5,data analyst,"python, java",sql server,kubernetes,moderate,auditory,software engineer,remote,average,yes,7,google
female,english,bachelor's degree,information technology,2.48,4,1,2.76,cyber security analyst,"javascript, php",sql server,kubernetes,low,auditory,data scientist,hybrid,poor,yes,6,azure
female,sinhala,bachelor's degree,information technology,2.61,2,1,3.71,ml engineer,"python, r",sql server,docker,moderate,visual,software engineer,remote,average,yes,2,google
male,sinhala,bachelor's degree,information technology,3.25,2,2,3.55,ml engineer,"java, c++",oracle,aws,excellent,visual,systems analyst,hybrid,average,yes,10,none
female,"english, sinhala, tamil",bachelor's degree,data science,3.58,4,2,3.87,ai engineer,"javascript, php",mysql,kubernetes,low,auditory,systems analyst,hybrid,poor,no,3,azure
male,"english, sinhala",bachelor's degree,cyber security,2.88,3,1,2.31,qa engineer,"java, c++",mongodb,kubernetes,moderate,visual,data scientist,onsite,excellent,no,8,google
male,sinhala,bachelor's degree,computer science,3.55,3,2,3.56,software engineer,"java, c++",mongodb,azure,excellent,visual,software engineer,onsite,average,no,9,none
female,"english, sinhala",bachelor's degree,information technology,3.42,2,1,2.79,ml engineer,"python, sql",mysql,azure,excellent,kinesthetic,data scientist,onsite,excellent,no,10,none
male,"english, sinhala, tamil",bachelor's degree,computer science,3.27,1,1,3.24,data analyst,"c#, .net",mysql,azure,low,visual,data scientist,hybrid,excellent,no,11,cisco
male,"tamil, english",bachelor's degree,cyber security,3.09,1,2,2.66,software engineer,"python, r",mongodb,kubernetes,moderate,kinesthetic,devops engineer,hybrid,poor,yes,4,cisco
female,"english, sinhala",bachelor's degree,software engineering,2.7,1,2,2.54,software engineer,"java, c++",oracle,docker,moderate,visual,devops engineer,remote,average,no,7,azure
male,tamil,bachelor's degree,cyber security,2.89,1,1,2.3,qa engineer,"python, java",sql server,aws,moderate,visual,security engineer,remote,excellent,no,9,none
female,sinhala,bachelor's degree,computer science,2.51,3,2,3.1,ml engineer,"python, java",mongodb,aws,low,kinesthetic,security engineer,remote,average,yes,11,none
male,tamil,bachelor's degree,information technology,2.87,3,2,2.32,cyber security analyst,"python, sql",sql server,aws,moderate,auditory,data scientist,hybrid,average,yes,11,none
female,"english, sinhala",bachelor's degree,data science,3.49,4,2,2.32,devops engineer,"python, java",postgresql,kubernetes,low,visual,devops engineer,remote,average,no,0,aws
female,"sinhala, tamil",bachelor's degree,cyber security,3.75,4,2,3.76,systems analyst,"python, r",oracle,kubernetes,moderate,auditory,qa engineer,remote,poor,no,5,aws
male,tamil,bachelor's degree,software engineering,2.77,2,2,3.25,cloud engineer,"python, java",postgresql,kubernetes,excellent,auditory,qa engineer,remote,poor,yes,6,azure
male,english,bachelor's degree,data science,3.6,4,1,3.02,cloud engineer,"java, c++",oracle,docker,excellent,visual,data scientist,hybrid,excellent,no,8,azure
male,tamil,bachelor's degree,software engineering,3.34,4,2,2.6,cloud engineer,"javascript, php",sql server,azure,excellent,visual,software engineer,hybrid,average,yes,3,azure
male,"sinhala, tamil",bachelor's degree,cyber security,3.9,1,2,2.47,cloud engineer,"javascript, php",sql server,aws,low,visual,qa engineer,onsite,poor,no,7,none
male,sinhala,bachelor's degree,computer science,2.85,4,1,2.94,devops engineer,"c#, .net",oracle,aws,excellent,kinesthetic,systems analyst,remote,poor,yes,9,google
male,"sinhala, tamil",bachelor's degree,computer science,3.42,1,1,2.74,network engineer,"python, java",mongodb,gcp,excellent,auditory,data scientist,hybrid,excellent,yes,4,aws
female,"english, sinhala, tamil",bachelor's degree,data science,2.22,3,1,3.39,data analyst,"javascript, php",mongodb,docker,moderate,kinesthetic,devops engineer,remote,poor,yes,8,google
male,sinhala,bachelor's degree,information technology,3.4,2,1,2.37,data analyst,"javascript, php",sql server,aws,excellent,kinesthetic,qa engineer,onsite,average,no,3,aws
male,"english, sinhala",bachelor's degree,software engineering,2.99,1,2,3.78,systems analyst,"java, c++",postgresql,kubernetes,moderate,kinesthetic,qa engineer,remote,poor,no,8,azure
female,"tamil, english",bachelor's degree,cyber security,2.73,2,2,2.23,cloud engineer,"python, r",postgresql,kubernetes,low,kinesthetic,data scientist,remote,average,yes,2,google
female,"english, sinhala",bachelor's degree,computer science,3.5,3,1,2.22,cyber security analyst,"python, sql",mysql,docker,excellent,visual,security engineer,onsite,excellent,yes,12,cisco
male,tamil,bachelor's degree,software engineering,2.21,4,1,2.49,software engineer,"c#, .net",mysql,gcp,low,auditory,qa engineer,hybrid,excellent,yes,10,cisco
male,"english, sinhala, tamil",bachelor's degree,data science,2.8,4,2,2.52,qa engineer,"python, java",mysql,docker,excellent,auditory,security engineer,onsite,poor,yes,7,google
female,"english, sinhala, tamil",bachelor's degree,data science,3.95,3,2,3.12,ai engineer,"javascript, php",postgresql,docker,moderate,kinesthetic,data scientist,hybrid,poor,yes,11,none
female,sinhala,bachelor's degree,data science,3.45,1,1,3.02,devops engineer,"python, java",mysql,azure,excellent,visual,data scientist,onsite,average,yes,3,azure
female,tamil,bachelor's degree,information technology,2.23,1,2,3.93,ml engineer,"python, java",sql server,docker,excellent,auditory,security engineer,hybrid,excellent,no,5,azure
female,"english, sinhala, tamil",bachelor's degree,cyber security,3.59,2,2,2.92,devops engineer,"python, r",oracle,gcp,moderate,visual,data scientist,onsite,excellent,no,2,none
female,"english, sinhala, tamil",bachelor's degree,data science,3.92,3,1,2.6,devops engineer,"c#, .net",postgresql,kubernetes,moderate,auditory,devops engineer,remote,poor,yes,0,cisco
female,tamil,bachelor's degree,information technology,2.96,3,1,3.83,software engineer,"python, sql",postgresql,gcp,low,kinesthetic,systems analyst,remote,excellent,no,2,aws
male,"tamil, english",bachelor's degree,software engineering,3.54,4,2,3.25,software engineer,"c#, .net",sql server,aws,excellent,auditory,devops engineer,remote,average,yes,10,none
male,"english, sinhala, tamil",bachelor's degree,software engineering,2.72,3,2,3.63,ml engineer,"javascript, php",mongodb,kubernetes,excellent,kinesthetic,data scientist,onsite,poor,yes,4,aws
female,english,bachelor's degree,data science,2.96,3,2,3.53,software engineer,"javascript, php",sql server,aws,moderate,kinesthetic,software engineer,hybrid,average,yes,1,azure
male,english,bachelor's degree,software engineering,2.37,4,1,2.86,software engineer,"python, r",sql server,docker,low,visual,software engineer,remote,average,yes,2,none
male,tamil,bachelor's degree,cyber security,2.77,3,1,3.12,software engineer,"python, r",mongodb,azure,moderate,visual,software engineer,onsite,average,yes,10,cisco
female,"sinhala, tamil",bachelor's degree,computer science,2.2,4,1,2.95,cloud engineer,"javascript, php",mongodb,gcp,low,kinesthetic,devops engineer,remote,poor,no,12,aws
female,sinhala,bachelor's degree,cyber security,2.81,1,1,3.5,data analyst,"java, c++",oracle,docker,moderate,auditory,systems analyst,remote,average,no,11,aws
female,"english, sinhala",bachelor's degree,data science,3.23,3,2,3.92,cloud engineer,"java, c++",mysql,azure,low,visual,security engineer,onsite,excellent,no,7,none
male,"sinhala, tamil",bachelor's degree,information technology,3.45,1,2,2.48,data analyst,"python, java",oracle,azure,excellent,kinesthetic,software engineer,remote,average,no,5,google
female,"sinhala, tamil",bachelor's degree,computer science,3.53,2,2,3.75,data analyst,"python, java",oracle,aws,moderate,visual,devops engineer,remote,excellent,no,9,aws
female,"tamil, english",bachelor's degree,data science,2.32,4,2,3.08,ml engineer,"python, java",oracle,azure,moderate,auditory,systems analyst,remote,poor,no,0,cisco
female,sinhala,bachelor's degree,information technology,3.79,4,1,2.36,ai engineer,"python, r",postgresql,azure,excellent,visual,security engineer,remote,average,yes,3,none
male,"english, sinhala",bachelor's degree,computer science,3.12,3,2,3.07,qa engineer,"python, java",mongodb,aws,low,kinesthetic,devops engineer,remote,average,yes,5,google
female,"english, sinhala, tamil",bachelor's degree,cyber security,2.87,2,2,2.29,cloud engineer,"javascript, php",oracle,aws,excellent,auditory,qa engineer,hybrid,poor,no,3,aws
male,english,bachelor's degree,software engineering,2.82,4,1,3.52,devops engineer,"java, c++",postgresql,docker,low,kinesthetic,data scientist,onsite,excellent,no,5,aws
female,tamil,bachelor's degree,software engineering,2.92,3,1,3.21,data analyst,"python, sql",mongodb,gcp,low,kinesthetic,security engineer,remote,poor,no,9,google
female,"english, sinhala, tamil",bachelor's degree,computer science,2.37,4,2,3.7,qa engineer,"python, r",sql server,aws,moderate,auditory,security engineer,hybrid,average,yes,5,google
male,"english, sinhala, tamil",bachelor's degree,cyber security,2.99,3,2,3.31,ml engineer,"java, c++",oracle,gcp,moderate,visual,qa engineer,hybrid,average,yes,7,none
male,"english, sinhala, tamil",bachelor's degree,computer science,3.18,3,1,2.36,systems analyst,"python, java",mysql,kubernetes,moderate,visual,data scientist,onsite,excellent,yes,2,aws
male,english,bachelor's degree,cyber security,2.45,3,1,3.23,devops engineer,"java, c++",oracle,gcp,excellent,kinesthetic,qa engineer,remote,average,no,10,azure
male,"tamil, english",bachelor's degree,cyber security,2.42,3,2,3.34,systems analyst,"python, r",sql server,azure,low,kinesthetic,data scientist,remote,poor,yes,4,none
female,"sinhala, tamil",bachelor's degree,cyber security,2.3,4,1,3.19,software engineer,"python, sql",mongodb,aws,excellent,auditory,data scientist,remote,excellent,no,8,azure
female,"english, sinhala, tamil",bachelor's degree,data science,2.63,2,2,2.29,devops engineer,"python, java",mysql,azure,low,kinesthetic,qa engineer,remote,average,yes,1,google
female,"sinhala, tamil",bachelor's degree,computer science,2.56,2,1,3.41,data analyst,"java, c++",oracle,aws,excellent,visual,security engineer,onsite,average,yes,1,aws
male,english,bachelor's degree,data science,3.17,4,1,2.71,cloud engineer,"python, sql",postgresql,aws,moderate,visual,devops engineer,hybrid,average,no,3,azure
male,english,bachelor's degree,information technology,2.72,1,1,3.17,ai engineer,"java, c++",mysql,gcp,low,auditory,systems analyst,hybrid,average,no,7,cisco
female,sinhala,bachelor's degree,computer science,3.65,1,2,2.21,software engineer,"python, r",oracle,aws,moderate,auditory,software engineer,hybrid,excellent,no,7,azure
male,"english, sinhala, tamil",bachelor's degree,cyber security,2.77,3,1,3.33,data analyst,"java, c++",sql server,gcp,low,auditory,software engineer,hybrid,excellent,no,7,cisco
female,"english, sinhala",bachelor's degree,software engineering,2.61,2,2,3.19,devops engineer,"python, sql",mysql,kubernetes,moderate,visual,devops engineer,remote,average,yes,1,none
female,"english, sinhala, tamil",bachelor's degree,computer science,3.97,1,1,2.54,cloud engineer,"c#, .net",mongodb,azure,excellent,visual,security engineer,remote,poor,no,1,none
male,english,bachelor's degree,information technology,2.33,3,2,3.68,software engineer,"java, c++",postgresql,aws,low,kinesthetic,qa engineer,onsite,average,yes,5,google
male,english,bachelor's degree,computer science,3.57,4,1,3.81,ai engineer,"python, sql",mongodb,gcp,excellent,auditory,systems analyst,remote,excellent,no,7,google
female,"english, sinhala",bachelor's degree,cyber security,3.57,1,2,2.87,cloud engineer,"python, sql",mongodb,gcp,excellent,kinesthetic,qa engineer,remote,excellent,no,8,aws
male,"english, sinhala, tamil",bachelor's degree,information technology,2.84,2,1,3.37,cloud engineer,"python, java",sql server,gcp,excellent,auditory,data scientist,hybrid,poor,yes,8,aws
female,english,bachelor's degree,cyber security,3.69,4,2,2.51,devops engineer,"c#, .net",mysql,aws,excellent,kinesthetic,devops engineer,onsite,average,no,9,cisco
female,sinhala,bachelor's degree,computer science,2.58,1,2,3.71,ai engineer,"c#, .net",postgresql,gcp,moderate,auditory,devops engineer,onsite,poor,yes,0,cisco
female,english,bachelor's degree,software engineering,3.9,4,2,2.74,systems analyst,"javascript, php",mysql,docker,moderate,auditory,qa engineer,remote,average,no,2,google
male,tamil,bachelor's degree,cyber security,3.91,1,1,2.52,devops engineer,"java, c++",postgresql,azure,moderate,kinesthetic,systems analyst,onsite,excellent,yes,3,cisco
male,"sinhala, tamil",bachelor's degree,information technology,2.5,2,1,3.61,systems analyst,"python, sql",postgresql,aws,excellent,kinesthetic,data scientist,onsite,average,yes,6,cisco
male,"english, sinhala, tamil",bachelor's degree,data science,3.59,1,1,2.51,ai engineer,"python, sql",mongodb,gcp,low,visual,devops engineer,hybrid,average,no,5,none
female,tamil,bachelor's degree,cyber security,2.38,1,2,2.91,cyber security analyst,"python, java",mongodb,aws,excellent,visual,security engineer,onsite,excellent,no,12,azure
male,sinhala,bachelor's degree,software engineering,3.84,3,1,3.5,cloud engineer,"python, sql",sql server,gcp,excellent,auditory,systems analyst,hybrid,excellent,no,6,none
male,"sinhala, tamil",bachelor's degree,computer science,3.05,3,2,3.78,cloud engineer,"python, sql",oracle,docker,excellent,kinesthetic,devops engineer,hybrid,excellent,no,1,google
male,tamil,bachelor's degree,software engineering,2.62,1,2,2.9,data analyst,"c#, .net",sql server,kubernetes,excellent,auditory,devops engineer,remote,excellent,no,11,azure
male,"sinhala, tamil",bachelor's degree,cyber security,2.63,3,2,2.84,cyber security analyst,"python, java",mongodb,docker,excellent,auditory,data scientist,onsite,poor,no,0,cisco
female,tamil,bachelor's degree,computer science,2.86,4,2,2.95,ml engineer,"c#, .net",mongodb,azure,excellent,kinesthetic,data scientist,remote,poor,yes,4,google
male,"english, sinhala",bachelor's degree,information technology,3.63,4,1,2.52,devops engineer,"python, sql",oracle,aws,moderate,auditory,qa engineer,onsite,poor,yes,0,aws
female,"tamil, english",bachelor's degree,software engineering,3.58,4,2,2.66,qa engineer,"python, java",mysql,kubernetes,low,kinesthetic,devops engineer,onsite,average,yes,4,cisco
male,"tamil, english",bachelor's degree,cyber security,2.97,4,2,3.31,systems analyst,"java, c++",mongodb,kubernetes,excellent,auditory,qa engineer,hybrid,excellent,yes,8,google
male,sinhala,bachelor's degree,information technology,2.5,1,1,2.5,data analyst,"c#, .net",mongodb,gcp,moderate,kinesthetic,devops engineer,remote,poor,yes,0,google
male,tamil,bachelor's degree,software engineering,3.29,3,1,3.18,data analyst,"c#, .net",sql server,gcp,low,visual,qa engineer,remote,average,yes,6,none
female,"english, sinhala",bachelor's degree,computer science,2.5,2,2,2.8,ai engineer,"python, r",oracle,docker,excellent,kinesthetic,software engineer,remote,excellent,yes,4,aws
female,english,bachelor's degree,cyber security,2.35,3,1,3.03,devops engineer,"python, java",sql server,gcp,moderate,kinesthetic,systems analyst,hybrid,poor,yes,3,azure
female,"english, sinhala",bachelor's degree,computer science,3.85,3,1,2.26,data analyst,"c#, .net",oracle,gcp,moderate,visual,devops engineer,onsite,excellent,yes,4,azure
male,"tamil, english",bachelor's degree,data science,3.31,4,2,2.84,software engineer,"python, java",mysql,kubernetes,moderate,auditory,qa engineer,remote,excellent,yes,4,cisco
male,"sinhala, tamil",bachelor's degree,computer science,2.29,3,2,2.85,cloud engineer,"javascript, php",mongodb,aws,moderate,auditory,software engineer,remote,excellent,no,12,google
male,"sinhala, tamil",bachelor's degree,cyber security,3.29,1,1,2.22,software engineer,"python, r",sql server,docker,low,kinesthetic,systems analyst,remote,average,no,4,cisco
male,sinhala,bachelor's degree,data science,3.56,3,2,3.24,devops engineer,"python, r",postgresql,azure,low,visual,software engineer,hybrid,poor,no,7,none
male,"sinhala, tamil",bachelor's degree,data science,3.98,2,2,2.47,software engineer,"c#, .net",oracle,gcp,moderate,auditory,security engineer,hybrid,average,yes,7,azure
female,tamil,bachelor's degree,data science,3.82,4,1,3.34,software engineer,"javascript, php",postgresql,kubernetes,moderate,kinesthetic,security engineer,remote,average,yes,3,cisco
male,sinhala,bachelor's degree,computer science,2.76,1,1,3.66,software engineer,"c#, .net",mysql,gcp,low,auditory,devops engineer,hybrid,average,no,9,none
male,"english, sinhala",bachelor's degree,computer science,2.89,2,1,2.25,cyber security analyst,"python, sql",sql server,docker,low,kinesthetic,devops engineer,remote,average,no,3,google
female,"sinhala, tamil",bachelor's degree,software engineering,3.28,4,2,3.82,qa engineer,"python, java",mysql,gcp,excellent,kinesthetic,data scientist,onsite,average,yes,8,aws
male,sinhala,bachelor's degree,cyber security,3.71,2,1,3.65,cyber security analyst,"c#, .net",mysql,gcp,low,visual,software engineer,hybrid,poor,yes,3,google
female,"tamil, english",bachelor's degree,data science,3.47,4,2,3.67,cyber security analyst,"python, java",sql server,aws,low,visual,devops engineer,onsite,poor,no,9,google
male,"tamil, english",bachelor's degree,software engineering,3.45,3,2,3.39,ai engineer,"python, sql",sql server,kubernetes,low,kinesthetic,qa engineer,hybrid,average,no,11,none
male,sinhala,bachelor's degree,software engineering,2.49,3,1,2.49,cyber security analyst,"javascript, php",mysql,gcp,low,auditory,qa engineer,hybrid,poor,yes,1,google
male,tamil,bachelor's degree,software engineering,3.16,1,2,2.93,ai engineer,"python, r",sql server,docker,excellent,auditory,security engineer,hybrid,poor,yes,9,aws
male,tamil,bachelor's degree,information technology,3.8,1,1,3.99,qa engineer,"python, sql",mysql,azure,moderate,kinesthetic,qa engineer,hybrid,average,yes,1,none
female,english,bachelor's degree,information technology,3.93,3,2,3.0,network engineer,"python, r",mongodb,aws,moderate,kinesthetic,qa engineer,onsite,poor,yes,5,cisco
female,sinhala,bachelor's degree,cyber security,3.36,2,2,3.49,ai engineer,"java, c++",sql server,docker,low,auditory,software engineer,onsite,excellent,yes,3,none
male,"english, sinhala, tamil",bachelor's degree,information technology,3.25,4,1,3.17,qa engineer,"python, r",mongodb,gcp,excellent,auditory,devops engineer,onsite,average,yes,10,cisco
female,"tamil, english",bachelor's degree,information technology,2.29,2,1,2.97,devops engineer,"java, c++",sql server,gcp,low,visual,systems analyst,onsite,excellent,yes,5,azure
male,tamil,bachelor's degree,cyber security,3.53,2,2,3.01,software engineer,"javascript, php",mongodb,gcp,moderate,kinesthetic,software engineer,hybrid,excellent,yes,4,aws
male,english,bachelor's degree,software engineering,2.54,3,2,3.5,systems analyst,"javascript, php",oracle,gcp,excellent,visual,data scientist,remote,poor,yes,7,cisco
female,"sinhala, tamil",bachelor's degree,data science,3.46,2,1,2.51,cyber security analyst,"java, c++",mysql,azure,low,auditory,systems analyst,onsite,excellent,yes,4,google
male,"english, sinhala",bachelor's degree,data science,3.19,1,1,2.72,cyber security analyst,"python, r",postgresql,docker,moderate,kinesthetic,software engineer,remote,excellent,no,4,azure
female,english,bachelor's degree,computer science,3.49,2,1,2.36,cyber security analyst,"python, java",mysql,docker,moderate,auditory,data scientist,hybrid,excellent,yes,3,azure
male,"sinhala, tamil",bachelor's degree,computer science,2.66,1,2,2.6,systems analyst,"c#, .net",mysql,kubernetes,moderate,visual,qa engineer,remote,average,yes,11,none
female,"english, sinhala",bachelor's degree,information technology,3.85,4,1,3.8,network engineer,"javascript, php",postgresql,kubernetes,moderate,auditory,devops engineer,hybrid,poor,yes,9,azure
female,sinhala,bachelor's degree,cyber security,3.63,2,1,2.32,cyber security analyst,"python, sql",postgresql,azure,moderate,visual,software engineer,remote,average,no,5,aws
male,"sinhala, tamil",bachelor's degree,information technology,2.35,2,2,2.58,devops engineer,"python, java",mysql,docker,low,visual,software engineer,hybrid,poor,yes,11,azure
female,"english, sinhala, tamil",bachelor's degree,information technology,3.08,1,2,3.36,devops engineer,"javascript, php",mysql,kubernetes,excellent,visual,data scientist,hybrid,excellent,no,4,cisco
male,"tamil, english",bachelor's degree,software engineering,2.27,1,1,3.82,ml engineer,"javascript, php",postgresql,gcp,moderate,auditory,data scientist,hybrid,excellent,yes,3,google
male,tamil,bachelor's degree,software engineering,3.77,2,1,3.58,ml engineer,"javascript, php",oracle,azure,moderate,kinesthetic,qa engineer,hybrid,average,no,9,cisco
female,"english, sinhala, tamil",bachelor's degree,data science,3.85,1,1,3.09,ml engineer,"c#, .net",mongodb,kubernetes,low,kinesthetic,qa engineer,hybrid,poor,yes,8,aws
male,"tamil, english",bachelor's degree,cyber security,3.99,3,1,3.78,cloud engineer,"java, c++",sql server,gcp,low,visual,software engineer,hybrid,average,no,0,google
male,"sinhala, tamil",bachelor's degree,computer science,3.55,2,1,2.43,data analyst,"java, c++",mongodb,kubernetes,excellent,auditory,security engineer,remote,excellent,yes,12,aws
male,"english, sinhala, tamil",bachelor's degree,computer science,3.2,3,2,3.52,ml engineer,"c#, .net",mysql,kubernetes,low,visual,systems analyst,hybrid,average,yes,0,azure
male,"english, sinhala",bachelor's degree,information technology,2.31,1,2,2.33,qa engineer,"python, sql",mongodb,azure,low,kinesthetic,devops engineer,remote,average,yes,0,azure
female,"sinhala, tamil",bachelor's degree,information technology,2.68,3,2,3.78,data analyst,"python, java",mongodb,azure,excellent,kinesthetic,qa engineer,hybrid,average,no,2,azure
female,sinhala,bachelor's degree,cyber security,3.05,1,1,3.49,cyber security analyst,"python, java",postgresql,kubernetes,low,visual,devops engineer,remote,poor,yes,12,none
female,"english, sinhala, tamil",bachelor's degree,software engineering,2.83,1,2,3.61,qa engineer,"python, java",mysql,azure,excellent,visual,data scientist,hybrid,average,yes,11,cisco
female,english,bachelor's degree,software engineering,2.36,2,1,2.49,ai engineer,"python, java",mysql,aws,moderate,kinesthetic,systems analyst,remote,poor,no,4,azure
male,english,bachelor's degree,cyber security,3.37,1,2,3.12,ai engineer,"python, r",mysql,kubernetes,excellent,kinesthetic,security engineer,hybrid,poor,no,2,azure
female,sinhala,bachelor's degree,cyber security,2.44,4,1,3.8,ml engineer,"python, sql",oracle,azure,excellent,kinesthetic,software engineer,onsite,average,no,1,aws
male,"tamil, english",bachelor's degree,software engineering,2.9,3,1,2.69,software engineer,"python, r",oracle,kubernetes,moderate,kinesthetic,devops engineer,hybrid,average,no,8,google
female,"sinhala, tamil",bachelor's degree,data science,2.7,3,2,3.93,ai engineer,"python, sql",oracle,kubernetes,moderate,visual,data scientist,hybrid,average,no,10,cisco
female,"tamil, english",bachelor's degree,cyber security,2.95,2,2,2.24,qa engineer,"python, r",sql server,kubernetes,moderate,kinesthetic,software engineer,hybrid,poor,yes,3,azure
male,english,bachelor's degree,software engineering,3.6,2,1,2.62,devops engineer,"java, c++",postgresql,kubernetes,excellent,visual,data scientist,onsite,excellent,no,0,none
male,"english, sinhala",bachelor's degree,software engineering,3.51,2,1,3.94,cloud engineer,"javascript, php",postgresql,gcp,excellent,visual,data scientist,onsite,average,yes,2,google
male,sinhala,bachelor's degree,cyber security,2.74,1,1,3.36,network engineer,"c#, .net",mysql,azure,low,auditory,security engineer,onsite,excellent,yes,12,azure
male,sinhala,bachelor's degree,software engineering,3.9,3,1,2.27,data analyst,"python, r",oracle,docker,excellent,auditory,security engineer,hybrid,average,no,0,google
female,english,bachelor's degree,information technology,3.37,2,2,2.63,data analyst,"java, c++",sql server,aws,excellent,kinesthetic,devops engineer,remote,poor,yes,7,azure
female,english,bachelor's degree,computer science,2.64,1,1,3.05,devops engineer,"python, sql",mysql,azure,low,kinesthetic,qa engineer,hybrid,average,yes,6,google
female,"english, sinhala, tamil",bachelor's degree,data science,3.9,4,1,2.78,software engineer,"c#, .net",sql server,aws,low,visual,devops engineer,onsite,excellent,yes,7,azure
female,"sinhala, tamil",bachelor's degree,computer science,3.25,3,2,3.89,systems analyst,"javascript, php",sql server,gcp,moderate,auditory,software engineer,remote,average,no,9,google
female,"sinhala, tamil",bachelor's degree,cyber security,3.38,4,1,2.47,ml engineer,"java, c++",mongodb,aws,low,kinesthetic,systems analyst,hybrid,average,no,8,cisco
female,english,bachelor's degree,computer science,3.39,3,2,3.89,data analyst,"c#, .net",sql server,gcp,low,kinesthetic,devops engineer,onsite,excellent,no,8,none
male,sinhala,bachelor's degree,cyber security,3.45,1,2,2.35,ai engineer,"javascript, php",sql server,gcp,excellent,kinesthetic,software engineer,remote,average,no,9,aws
male,"tamil, english",bachelor's degree,data science,3.16,2,1,3.77,cloud engineer,"c#, .net",postgresql,gcp,low,auditory,devops engineer,onsite,excellent,no,3,cisco
female,"sinhala, tamil",bachelor's degree,software engineering,3.36,3,2,3.15,ml engineer,"python, r",mysql,gcp,low,kinesthetic,systems analyst,hybrid,excellent,no,7,cisco
male,sinhala,bachelor's degree,data science,2.63,3,2,3.12,ml engineer,"python, r",oracle,kubernetes,excellent,kinesthetic,devops engineer,hybrid,average,yes,10,none
female,"english, sinhala, tamil",bachelor's degree,computer science,3.92,2,2,2.32,ml engineer,"javascript, php",postgresql,docker,excellent,auditory,qa engineer,hybrid,average,no,6,aws
male,"english, sinhala, tamil",bachelor's degree,data science,3.02,2,2,3.57,devops engineer,"python, r",oracle,aws,low,kinesthetic,qa engineer,onsite,average,yes,1,none
female,"english, sinhala",bachelor's degree,cyber security,3.0,2,1,3.94,ai engineer,"python, sql",sql server,gcp,moderate,auditory,data scientist,onsite,excellent,yes,10,azure
female,english,bachelor's degree,computer science,2.32,4,2,2.37,cyber security analyst,"python, java",postgresql,gcp,excellent,auditory,data scientist,hybrid,average,no,1,google
female,"english, sinhala, tamil",bachelor's degree,information technology,3.43,1,1,2.34,data analyst,"python, sql",sql server,azure,moderate,visual,devops engineer,remote,average,no,9,none
male,"english, sinhala, tamil",bachelor's degree,data science,3.15,3,1,3.99,software engineer,"javascript, php",sql server,kubernetes,excellent,auditory,security engineer,hybrid,excellent,yes,11,cisco
male,"tamil, english",bachelor's degree,software engineering,2.99,2,2,3.51,data analyst,"c#, .net",mongodb,kubernetes,excellent,auditory,data scientist,hybrid,average,no,0,none
male,tamil,bachelor's degree,software engineering,2.26,4,2,2.75,ml engineer,"python, java",oracle,gcp,low,kinesthetic,security engineer,hybrid,average,no,6,none
male,tamil,bachelor's degree,data science,3.37,2,2,3.73,software engineer,"python, java",mongodb,azure,moderate,visual,data scientist,hybrid,average,yes,6,aws
male,tamil,bachelor's degree,data science,2.73,2,2,2.62,data analyst,"java, c++",postgresql,kubernetes,moderate,kinesthetic,qa engineer,onsite,excellent,yes,8,none
male,"english, sinhala, tamil",bachelor's degree,information technology,3.93,1,1,3.21,ml engineer,"c#, .net",mongodb,gcp,low,visual,data scientist,onsite,average,yes,1,aws
female,english,bachelor's degree,computer science,3.21,4,1,3.32,cyber security analyst,"c#, .net",postgresql,aws,low,kinesthetic,software engineer,onsite,poor,yes,8,azure
male,"sinhala, tamil",bachelor's degree,information technology,3.2,4,1,3.3,software engineer,"python, java",postgresql,gcp,excellent,auditory,qa engineer,remote,average,no,1,none
male,english,bachelor's degree,data science,2.48,1,2,3.23,cyber security analyst,"javascript, php",postgresql,azure,low,visual,data scientist,hybrid,poor,yes,2,cisco
male,english,bachelor's degree,software engineering,3.65,1,1,3.55,software engineer,"javascript, php",sql server,docker,moderate,kinesthetic,qa engineer,hybrid,poor,yes,9,none
female,english,bachelor's degree,cyber security,3.43,3,2,2.49,software engineer,"java, c++",mongodb,kubernetes,low,kinesthetic,devops engineer,remote,average,no,11,google
male,"tamil, english",bachelor's degree,information technology,2.67,1,1,2.22,ai engineer,"python, r",mongodb,gcp,low,kinesthetic,qa engineer,remote,excellent,yes,8,cisco
male,"english, sinhala, tamil",bachelor's degree,information technology,3.87,1,2,3.93,ai engineer,"python, sql",sql server,gcp,excellent,visual,qa engineer,hybrid,excellent,yes,0,aws
male,tamil,bachelor's degree,cyber security,2.34,1,2,2.69,cloud engineer,"c#, .net",oracle,azure,excellent,visual,software engineer,remote,average,no,7,google
male,"english, sinhala",bachelor's degree,data science,2.93,4,2,3.83,cloud engineer,"c#, .net",mysql,docker,excellent,visual,data scientist,hybrid,poor,yes,5,azure
female,sinhala,bachelor's degree,data science,3.37,3,1,2.31,qa engineer,"javascript, php",mongodb,gcp,moderate,visual,systems analyst,remote,average,no,4,azure
male,"english, sinhala, tamil",bachelor's degree,software engineering,2.5,2,1,3.53,data analyst,"python, sql",mongodb,docker,low,kinesthetic,software engineer,onsite,average,yes,7,azure
female,tamil,bachelor's degree,cyber security,3.04,3,1,2.31,ml engineer,"java, c++",postgresql,kubernetes,low,auditory,qa engineer,remote,excellent,no,1,none
male,"sinhala, tamil",bachelor's degree,software engineering,3.4,2,2,3.2,qa engineer,"python, r",mongodb,azure,moderate,auditory,devops engineer,onsite,excellent,no,6,aws
female,tamil,bachelor's degree,software engineering,2.75,1,1,3.3,qa engineer,"c#, .net",postgresql,azure,moderate,kinesthetic,data scientist,onsite,average,yes,10,none
male,"english, sinhala, tamil",bachelor's degree,computer science,3.98,1,1,2.62,data analyst,"python, r",sql server,azure,excellent,auditory,software engineer,remote,average,no,5,none
male,"tamil, english",bachelor's degree,cyber security,2.27,1,1,2.86,ai engineer,"python, r",mysql,docker,excellent,kinesthetic,qa engineer,remote,average,yes,12,none
female,tamil,bachelor's degree,data science,2.92,2,2,3.41,network engineer,"javascript, php",oracle,kubernetes,excellent,auditory,systems analyst,remote,average,yes,8,google
female,"tamil, english",bachelor's degree,software engineering,3.57,2,1,2.45,ml engineer,"javascript, php",sql server,gcp,low,auditory,data scientist,onsite,poor,yes,6,azure
male,tamil,bachelor's degree,computer science,3.8,2,2,2.72,cloud engineer,"c#, .net",postgresql,gcp,excellent,auditory,software engineer,remote,poor,yes,8,aws
male,english,bachelor's degree,information technology,3.82,3,2,3.66,qa engineer,"java, c++",oracle,aws,moderate,auditory,security engineer,hybrid,average,yes,12,azure
female,"tamil, english",bachelor's degree,software engineering,2.61,1,1,2.33,data analyst,"python, sql",mysql,aws,low,auditory,software engineer,hybrid,poor,yes,10,cisco
male,"sinhala, tamil",bachelor's degree,information technology,3.9,3,1,2.39,cyber security analyst,"javascript, php",mongodb,gcp,moderate,auditory,software engineer,hybrid,excellent,yes,3,none
female,"english, sinhala, tamil",bachelor's degree,software engineering,2.23,1,2,2.66,ai engineer,"javascript, php",oracle,kubernetes,moderate,auditory,software engineer,onsite,excellent,no,12,none
male,tamil,bachelor's degree,data science,2.87,2,1,2.69,data analyst,"python, java",sql server,docker,excellent,kinesthetic,devops engineer,onsite,poor,yes,3,none
female,"english, sinhala, tamil",bachelor's degree,data science,3.45,1,2,2.68,cyber security analyst,"java, c++",mongodb,kubernetes,low,kinesthetic,security engineer,onsite,excellent,no,10,azure
female,"english, sinhala, tamil",bachelor's degree,data science,2.71,2,2,3.34,network engineer,"python, java",postgresql,kubernetes,low,kinesthetic,devops engineer,hybrid,poor,yes,5,aws
female,"english, sinhala, tamil",bachelor's degree,software engineering,3.73,4,2,3.09,data analyst,"python, java",sql server,docker,excellent,visual,systems analyst,remote,average,no,2,none
male,"english, sinhala, tamil",bachelor's degree,information technology,3.69,4,2,3.34,qa engineer,"python, sql",oracle,gcp,moderate,kinesthetic,systems analyst,remote,average,no,1,azure
female,tamil,bachelor's degree,cyber security,3.81,3,1,3.64,data analyst,"python, sql",mongodb,aws,moderate,visual,software engineer,hybrid,average,no,2,azure
female,sinhala,bachelor's degree,data science,3.85,4,1,2.45,data analyst,"python, java",sql server,kubernetes,low,kinesthetic,software engineer,remote,excellent,no,6,none
male,sinhala,bachelor's degree,software engineering,3.47,1,1,3.87,data analyst,"javascript, php",mysql,gcp,excellent,visual,systems analyst,hybrid,excellent,no,10,cisco
male,"english, sinhala, tamil",bachelor's degree,data science,2.8,4,2,3.41,ml engineer,"python, r",sql server,aws,low,visual,data scientist,onsite,average,yes,1,cisco
male,"tamil, english",bachelor's degree,software engineering,3.7,1,1,3.45,software engineer,"c#, .net",sql server,kubernetes,excellent,kinesthetic,data scientist,remote,excellent,no,7,none
male,english,bachelor's degree,software engineering,2.66,1,1,3.03,data analyst,"python, java",mysql,docker,low,kinesthetic,systems analyst,hybrid,excellent,yes,12,google
male,tamil,bachelor's degree,data science,3.87,2,2,2.39,cyber security analyst,"python, r",postgresql,docker,moderate,visual,systems analyst,hybrid,average,no,5,cisco
female,"english, sinhala",bachelor's degree,information technology,2.6,3,1,3.39,cloud engineer,"python, java",oracle,azure,excellent,visual,data scientist,onsite,excellent,yes,0,google
female,"tamil, english",bachelor's degree,information technology,2.35,3,2,3.29,cyber security analyst,"python, r",mysql,gcp,low,auditory,security engineer,hybrid,poor,no,10,none
male,"tamil, english",bachelor's degree,cyber security,2.38,2,2,3.11,cloud engineer,"python, java",mysql,docker,excellent,kinesthetic,security engineer,remote,average,yes,6,google
female,"tamil, english",bachelor's degree,information technology,3.71,2,1,3.32,cyber security analyst,"python, sql",postgresql,kubernetes,moderate,auditory,security engineer,remote,poor,yes,12,cisco
female,"english, sinhala, tamil",bachelor's degree,data science,3.79,2,2,3.81,devops engineer,"c#, .net",sql server,gcp,moderate,visual,security engineer,onsite,excellent,no,6,azure
female,"sinhala, tamil",bachelor's degree,data science,2.46,4,2,3.89,network engineer,"java, c++",mongodb,gcp,excellent,auditory,data scientist,onsite,poor,yes,4,none
female,"english, sinhala, tamil",bachelor's degree,computer science,3.24,2,1,3.21,ml engineer,"python, r",postgresql,aws,excellent,kinesthetic,qa engineer,hybrid,poor,yes,9,none
male,tamil,bachelor's degree,cyber security,3.29,4,2,2.36,ai engineer,"java, c++",mysql,azure,low,auditory,software engineer,onsite,excellent,yes,12,cisco
male,tamil,bachelor's degree,computer science,3.36,1,2,2.35,software engineer,"python, java",sql server,aws,excellent,auditory,security engineer,remote,poor,yes,9,none
male,"english, sinhala, tamil",bachelor's degree,information technology,3.48,2,1,3.81,software engineer,"javascript, php",oracle,azure,excellent,kinesthetic,data scientist,onsite,average,no,7,cisco
male,english,bachelor's degree,data science,2.87,3,1,2.67,data analyst,"javascript, php",sql server,kubernetes,excellent,kinesthetic,software engineer,hybrid,average,no,1,aws
female,english,bachelor's degree,data science,3.31,4,1,2.54,qa engineer,"javascript, php",mongodb,gcp,moderate,auditory,devops engineer,hybrid,poor,no,6,azure
male,sinhala,bachelor's degree,computer science,3.42,2,1,2.32,ai engineer,"python, sql",mongodb,azure,moderate,kinesthetic,data scientist,hybrid,poor,yes,9,google
female,english,bachelor's degree,cyber security,3.72,2,1,3.51,ml engineer,"c#, .net",mongodb,docker,moderate,visual,systems analyst,remote,average,yes,3,cisco
female,"english, sinhala, tamil",bachelor's degree,software engineering,3.95,3,2,3.72,software engineer,"java, c++",postgresql,kubernetes,excellent,visual,systems analyst,hybrid,poor,no,10,google
female,tamil,bachelor's degree,software engineering,2.74,1,1,3.75,systems analyst,"java, c++",mongodb,kubernetes,excellent,auditory,data scientist,remote,excellent,no,6,none
female,tamil,bachelor's degree,data science,3.82,4,1,3.61,cloud engineer,"java, c++",postgresql,gcp,moderate,visual,systems analyst,remote,poor,no,11,azure
female,tamil,bachelor's degree,cyber security,3.93,2,2,3.16,cyber security analyst,"python, java",mysql,kubernetes,low,kinesthetic,data scientist,onsite,excellent,no,5,azure
female,"english, sinhala, tamil",bachelor's degree,cyber security,3.95,3,1,2.53,data analyst,"python, java",sql server,docker,excellent,auditory,software engineer,hybrid,poor,yes,8,aws
female,english,bachelor's degree,data science,3.89,1,2,3.24,software engineer,"c#, .net",mysql,kubernetes,low,auditory,devops engineer,remote,average,no,6,aws
male,english,bachelor's degree,cyber security,2.56,2,2,2.67,ml engineer,"java, c++",mongodb,kubernetes,excellent,kinesthetic,software engineer,onsite,excellent,yes,2,azure
female,"sinhala, tamil",bachelor's degree,software engineering,2.64,1,2,2.84,qa engineer,"python, sql",postgresql,docker,excellent,visual,software engineer,hybrid,average,yes,12,aws
female,"sinhala, tamil",bachelor's degree,computer science,3.78,2,2,3.2,qa engineer,"python, sql",mysql,azure,moderate,visual,security engineer,remote,excellent,yes,8,aws
male,tamil,bachelor's degree,information technology,3.47,1,1,2.97,cyber security analyst,"javascript, php",mysql,azure,low,visual,systems analyst,remote,poor,no,1,none
male,"tamil, english",bachelor's degree,software engineering,2.35,4,1,3.29,data analyst,"python, r",sql server,gcp,moderate,auditory,software engineer,hybrid,average,no,4,cisco
male,"tamil, english",bachelor's degree,information technology,2.46,1,2,2.82,devops engineer,"c#, .net",mongodb,kubernetes,excellent,visual,data scientist,remote,average,yes,0,cisco
male,tamil,bachelor's degree,software engineering,2.91,1,1,2.44,systems analyst,"java, c++",oracle,kubernetes,moderate,visual,security engineer,onsite,excellent,no,7,azure
male,"tamil, english",bachelor's degree,computer science,2.63,2,2,3.84,devops engineer,"javascript, php",postgresql,gcp,moderate,kinesthetic,security engineer,onsite,poor,no,3,none
male,sinhala,bachelor's degree,software engineering,3.53,4,2,3.85,ml engineer,"python, java",postgresql,azure,excellent,visual,devops engineer,onsite,average,no,2,cisco
female,"english, sinhala",bachelor's degree,computer science,2.89,3,2,3.71,qa engineer,"javascript, php",oracle,azure,excellent,visual,data scientist,hybrid,poor,yes,4,none
male,"sinhala, tamil",bachelor's degree,information technology,2.65,1,2,3.35,cloud engineer,"java, c++",postgresql,gcp,low,visual,qa engineer,onsite,poor,no,4,google
male,"english, sinhala",bachelor's degree,data science,2.3,2,2,3.92,cloud engineer,"java, c++",oracle,kubernetes,excellent,visual,qa engineer,remote,excellent,no,5,aws
male,"tamil, english",bachelor's degree,cyber security,2.28,2,2,3.93,systems analyst,"python, java",mongodb,azure,excellent,auditory,data scientist,remote,average,no,7,aws
female,tamil,bachelor's degree,software engineering,2.47,3,1,3.06,qa engineer,"python, java",oracle,kubernetes,moderate,kinesthetic,data scientist,onsite,poor,yes,0,azure
female,"sinhala, tamil",bachelor's degree,computer science,2.29,1,1,2.26,devops engineer,"python, sql",oracle,azure,excellent,visual,systems analyst,onsite,average,no,1,cisco
male,"english, sinhala",bachelor's degree,data science,3.6,4,1,3.38,ml engineer,"python, sql",mongodb,kubernetes,excellent,kinesthetic,devops engineer,hybrid,poor,yes,9,cisco
male,"english, sinhala, tamil",bachelor's degree,software engineering,3.03,1,1,2.84,software engineer,"python, r",mysql,aws,low,auditory,systems analyst,hybrid,poor,yes,8,aws
female,"tamil, english",bachelor's degree,information technology,2.21,1,1,2.58,devops engineer,"python, sql",mongodb,azure,low,visual,qa engineer,onsite,average,no,8,aws
male,"tamil, english",bachelor's degree,software engineering,2.79,1,2,2.74,devops engineer,"python, r",oracle,kubernetes,low,visual,data scientist,remote,poor,yes,9,azure
female,tamil,bachelor's degree,information technology,2.41,3,2,3.3,software engineer,"python, java",postgresql,azure,excellent,visual,qa engineer,remote,poor,no,11,aws
male,"english, sinhala, tamil",bachelor's degree,software engineering,2.25,2,1,3.88,data analyst,"python, r",mysql,azure,moderate,visual,systems analyst,onsite,excellent,no,0,aws
female,english,bachelor's degree,data science,3.75,2,2,3.07,ai engineer,"java, c++",sql server,gcp,excellent,kinesthetic,data scientist,hybrid,average,no,4,aws
female,tamil,bachelor's degree,cyber security,2.73,1,1,2.2,qa engineer,"javascript, php",postgresql,aws,moderate,auditory,security engineer,onsite,poor,no,9,google
male,"english, sinhala",bachelor's degree,data science,3.37,3,1,3.18,ml engineer,"python, sql",postgresql,aws,excellent,visual,data scientist,hybrid,excellent,yes,9,google
female,sinhala,bachelor's degree,cyber security,3.17,3,2,3.99,systems analyst,"python, java",sql server,gcp,excellent,visual,security engineer,onsite,poor,yes,7,none
male,tamil,bachelor's degree,cyber security,2.97,1,1,2.46,cloud engineer,"python, java",sql server,gcp,moderate,auditory,security engineer,onsite,poor,yes,12,google
female,tamil,bachelor's degree,data science,3.23,3,2,3.7,cyber security analyst,"java, c++",mysql,azure,moderate,auditory,software engineer,remote,excellent,yes,0,azure
female,"english, sinhala",bachelor's degree,computer science,3.5,1,2,3.74,data analyst,"python, java",sql server,docker,low,visual,systems analyst,remote,excellent,no,11,cisco
male,english,bachelor's degree,software engineering,2.67,2,2,2.64,ml engineer,"python, r",mysql,kubernetes,excellent,visual,security engineer,hybrid,excellent,no,8,aws
female,"tamil, english",bachelor's degree,data science,2.38,4,1,2.23,devops engineer,"python, java",postgresql,kubernetes,moderate,auditory,software engineer,remote,poor,no,12,cisco
male,english,bachelor's degree,information technology,3.65,4,1,3.17,data analyst,"javascript, php",sql server,aws,excellent,auditory,data scientist,onsite,average,no,3,none
male,english,bachelor's degree,cyber security,3.79,2,1,3.2,network engineer,"c#, .net",postgresql,kubernetes,moderate,kinesthetic,data scientist,hybrid,poor,no,12,cisco
female,"sinhala, tamil",bachelor's degree,software engineering,2.33,4,1,3.43,cloud engineer,"java, c++",mysql,kubernetes,excellent,auditory,data scientist,onsite,excellent,no,2,cisco
male,sinhala,bachelor's degree,information technology,3.9,4,2,3.43,systems analyst,"javascript, php",postgresql,docker,low,auditory,systems analyst,hybrid,excellent,no,8,azure
male,tamil,bachelor's degree,computer science,2.22,3,1,3.69,devops engineer,"c#, .net",postgresql,gcp,excellent,kinesthetic,software engineer,remote,excellent,no,4,cisco
male,english,bachelor's degree,computer science,3.79,2,2,3.79,cyber security analyst,"python, r",mongodb,kubernetes,low,auditory,systems analyst,remote,average,no,0,none
male,tamil,bachelor's degree,cyber security,2.9,2,2,3.41,cloud engineer,"python, r",mongodb,gcp,moderate,kinesthetic,systems analyst,hybrid,excellent,no,4,aws
female,"sinhala, tamil",bachelor's degree,software engineering,2.57,1,2,3.78,ml engineer,"python, r",oracle,docker,moderate,kinesthetic,devops engineer,hybrid,average,no,12,cisco
female,"english, sinhala",bachelor's degree,cyber security,2.3,3,2,3.08,cyber security analyst,"java, c++",oracle,azure,moderate,kinesthetic,devops engineer,remote,average,no,8,google
female,"sinhala, tamil",bachelor's degree,cyber security,2.78,1,2,3.66,software engineer,"java, c++",sql server,kubernetes,moderate,auditory,data scientist,remote,poor,no,6,google
male,"english, sinhala",bachelor's degree,cyber security,2.73,2,1,2.79,software engineer,"c#, .net",mongodb,aws,low,kinesthetic,data scientist,hybrid,average,yes,10,google
male,"english, sinhala, tamil",bachelor's degree,data science,2.49,3,2,3.03,ml engineer,"python, java",postgresql,azure,moderate,auditory,data scientist,hybrid,average,no,3,azure
male,"english, sinhala, tamil",bachelor's degree,information technology,2.97,3,1,3.7,devops engineer,"python, r",sql server,docker,moderate,visual,devops engineer,hybrid,excellent,no,1,google
male,tamil,bachelor's degree,cyber security,2.77,4,1,2.91,qa engineer,"python, r",mongodb,docker,moderate,kinesthetic,systems analyst,remote,average,no,2,none
female,"english, sinhala",bachelor's degree,information technology,2.86,3,1,2.3,cloud engineer,"python, java",oracle,azure,moderate,auditory,security engineer,onsite,average,no,4,cisco
female,"sinhala, tamil",bachelor's degree,computer science,3.34,3,2,3.77,software engineer,"python, sql",sql server,gcp,low,auditory,security engineer,onsite,poor,no,7,aws
female,sinhala,bachelor's degree,computer science,2.74,4,1,2.74,ml engineer,"python, sql",postgresql,aws,low,auditory,security engineer,remote,poor,no,6,cisco
male,tamil,bachelor's degree,cyber security,3.8,2,1,3.88,devops engineer,"python, r",sql server,docker,excellent,kinesthetic,devops engineer,remote,poor,no,4,azure
male,"tamil, english",bachelor's degree,information technology,2.52,2,2,3.18,ml engineer,"python, sql",oracle,docker,low,auditory,devops engineer,onsite,excellent,no,8,cisco
female,"english, sinhala, tamil",bachelor's degree,data science,2.3,1,1,2.41,software engineer,"java, c++",sql server,azure,excellent,auditory,software engineer,remote,average,yes,2,none
female,sinhala,bachelor's degree,data science,2.91,2,1,3.56,cloud engineer,"java, c++",sql server,kubernetes,moderate,auditory,qa engineer,remote,poor,no,2,aws
female,"tamil, english",bachelor's degree,cyber security,2.97,4,1,3.01,data analyst,"python, sql",postgresql,azure,excellent,visual,systems analyst,hybrid,poor,no,5,none
female,"tamil, english",bachelor's degree,data science,3.68,1,2,2.89,devops engineer,"python, r",sql server,aws,moderate,visual,systems analyst,remote,poor,no,4,google
male,"tamil, english",bachelor's degree,cyber security,2.97,2,2,3.49,data analyst,"java, c++",postgresql,azure,moderate,kinesthetic,security engineer,onsite,excellent,no,9,google
female,tamil,bachelor's degree,data science,3.05,3,2,2.61,network engineer,"python, sql",postgresql,azure,low,visual,devops engineer,hybrid,average,yes,2,none
female,"tamil, english",bachelor's degree,information technology,3.3,1,2,3.89,devops engineer,"javascript, php",postgresql,azure,low,kinesthetic,systems analyst,onsite,poor,yes,7,azure
male,"english, sinhala, tamil",bachelor's degree,software engineering,3.39,1,1,2.34,devops engineer,"javascript, php",oracle,kubernetes,moderate,auditory,devops engineer,remote,average,no,9,cisco
male,"tamil, english",bachelor's degree,software engineering,2.85,2,1,3.95,software engineer,"python, java",mysql,aws,moderate,visual,qa engineer,hybrid,excellent,yes,5,aws
female,"sinhala, tamil",bachelor's degree,cyber security,2.8,2,2,3.54,data analyst,"c#, .net",sql server,aws,excellent,auditory,systems analyst,hybrid,poor,yes,0,aws
male,"english, sinhala",bachelor's degree,information technology,2.26,4,1,2.96,cyber security analyst,"javascript, php",mongodb,aws,moderate,visual,software engineer,remote,excellent,no,3,none
female,"english, sinhala, tamil",bachelor's degree,software engineering,2.82,1,1,2.3,systems analyst,"javascript, php",mongodb,gcp,low,auditory,data scientist,onsite,average,no,0,aws
female,"english, sinhala",bachelor's degree,information technology,3.88,4,2,3.44,qa engineer,"javascript, php",mysql,gcp,excellent,visual,devops engineer,hybrid,average,no,1,azure
female,"english, sinhala",bachelor's degree,computer science,2.59,1,1,3.39,data analyst,"python, sql",mongodb,docker,moderate,kinesthetic,software engineer,hybrid,excellent,yes,10,cisco
female,"english, sinhala",bachelor's degree,software engineering,3.06,2,1,3.33,qa engineer,"c#, .net",mongodb,azure,low,auditory,systems analyst,hybrid,poor,no,11,cisco
female,"english, sinhala",bachelor's degree,data science,2.72,1,1,2.21,systems analyst,"python, r",mongodb,kubernetes,low,auditory,systems analyst,onsite,excellent,no,1,azure
female,tamil,bachelor's degree,cyber security,3.68,3,1,3.2,qa engineer,"python, sql",oracle,docker,excellent,kinesthetic,data scientist,remote,poor,yes,12,aws
female,english,bachelor's degree,software engineering,2.31,4,2,3.79,cloud engineer,"c#, .net",sql server,gcp,moderate,visual,data scientist,hybrid,poor,no,8,azure
male,tamil,bachelor's degree,software engineering,2.85,1,1,3.68,devops engineer,"c#, .net",oracle,azure,excellent,auditory,data scientist,onsite,average,no,3,cisco
male,"tamil, english",bachelor's degree,information technology,3.16,3,1,3.89,data analyst,"python, java",postgresql,gcp,moderate,visual,systems analyst,onsite,average,yes,7,google
female,sinhala,bachelor's degree,software engineering,2.5,2,2,3.47,network engineer,"c#, .net",sql server,kubernetes,excellent,visual,devops engineer,remote,poor,no,5,azure
female,"english, sinhala, tamil",bachelor's degree,computer science,3.56,4,1,3.32,software engineer,"c#, .net",sql server,gcp,low,visual,qa engineer,onsite,excellent,no,7,aws
female,tamil,bachelor's degree,software engineering,3.11,1,1,3.11,systems analyst,"c#, .net",mysql,kubernetes,moderate,visual,data scientist,hybrid,poor,yes,12,google
male,"english, sinhala",bachelor's degree,computer science,3.56,4,1,3.65,ml engineer,"python, r",mongodb,azure,low,kinesthetic,software engineer,hybrid,poor,yes,6,none
female,english,bachelor's degree,information technology,2.64,3,1,3.07,cloud engineer,"python, sql",sql server,gcp,low,kinesthetic,software engineer,onsite,poor,no,8,azure
female,"english, sinhala",bachelor's degree,cyber security,3.31,1,1,2.63,network engineer,"python, java",sql server,aws,excellent,auditory,qa engineer,hybrid,excellent,yes,0,azure
female,"english, sinhala, tamil",bachelor's degree,information technology,2.82,1,2,3.32,data analyst,"python, r",mysql,docker,low,auditory,systems analyst,remote,excellent,yes,0,none
female,tamil,bachelor's degree,computer science,2.34,2,1,3.81,data analyst,"c#, .net",mongodb,kubernetes,excellent,visual,devops engineer,remote,average,no,2,cisco
male,english,bachelor's degree,cyber security,3.3,1,1,3.42,devops engineer,"python, sql",oracle,aws,low,auditory,qa engineer,hybrid,excellent,no,1,none
female,english,bachelor's degree,data science,3.84,2,1,3.22,network engineer,"python, java",postgresql,docker,moderate,visual,qa engineer,remote,excellent,no,8,cisco
female,sinhala,bachelor's degree,software engineering,2.62,3,1,3.41,data analyst,"python, sql",mysql,kubernetes,excellent,visual,systems analyst,onsite,excellent,yes,11,aws
female,tamil,bachelor's degree,data science,2.53,4,1,3.22,data analyst,"javascript, php",sql server,kubernetes,moderate,auditory,systems analyst,remote,average,yes,11,google
female,"english, sinhala, tamil",bachelor's degree,computer science,2.46,3,1,3.08,software engineer,"python, java",mysql,gcp,low,visual,devops engineer,hybrid,poor,no,9,cisco
female,"sinhala, tamil",bachelor's degree,data science,3.33,4,2,2.65,cyber security analyst,"python, r",oracle,azure,moderate,visual,security engineer,onsite,excellent,no,4,google
female,"tamil, english",bachelor's degree,information technology,3.79,1,1,3.31,data analyst,"python, r",oracle,kubernetes,excellent,auditory,devops engineer,onsite,poor,no,7,aws
male,"tamil, english",bachelor's degree,computer science,3.86,3,1,3.45,cyber security analyst,"java, c++",postgresql,aws,excellent,kinesthetic,systems analyst,remote,excellent,no,9,none
female,"english, sinhala",bachelor's degree,cyber security,3.63,4,2,2.37,ml engineer,"c#, .net",sql server,aws,low,auditory,qa engineer,onsite,average,no,2,azure
female,tamil,bachelor's degree,computer science,2.75,1,1,2.27,devops engineer,"python, sql",sql server,aws,moderate,visual,qa engineer,onsite,poor,no,6,google
female,tamil,bachelor's degree,cyber security,2.34,3,2,2.93,cloud engineer,"java, c++",postgresql,kubernetes,moderate,visual,software engineer,remote,excellent,no,4,google
male,"tamil, english",bachelor's degree,cyber security,2.64,4,1,3.75,systems analyst,"python, r",oracle,azure,low,kinesthetic,software engineer,onsite,average,no,6,azure
male,"sinhala, tamil",bachelor's degree,software engineering,3.4,2,1,2.49,cloud engineer,"python, r",oracle,docker,excellent,auditory,qa engineer,remote,average,yes,3,google
female,"english, sinhala",bachelor's degree,computer science,2.72,3,1,2.84,data analyst,"c#, .net",sql server,aws,excellent,auditory,qa engineer,hybrid,average,yes,8,cisco
male,english,bachelor's degree,cyber security,2.47,2,2,2.68,devops engineer,"python, java",sql server,docker,low,kinesthetic,devops engineer,onsite,excellent,yes,9,azure
male,"tamil, english",bachelor's degree,data science,3.42,2,2,2.65,systems analyst,"python, sql",sql server,azure,low,visual,data scientist,hybrid,average,yes,5,none
female,"english, sinhala, tamil",bachelor's degree,data science,2.66,2,2,3.55,systems analyst,"python, r",oracle,gcp,moderate,auditory,systems analyst,hybrid,poor,no,12,cisco
female,"sinhala, tamil",bachelor's degree,software engineering,3.49,3,2,3.39,data analyst,"javascript, php",mysql,gcp,low,kinesthetic,devops engineer,hybrid,poor,yes,11,none
female,"tamil, english",bachelor's degree,software engineering,3.04,2,1,3.29,ai engineer,"python, r",sql server,azure,low,visual,qa engineer,hybrid,poor,yes,9,cisco
male,sinhala,bachelor's degree,cyber security,3.82,2,2,2.57,cyber security analyst,"javascript, php",mysql,gcp,low,visual,data scientist,hybrid,average,no,6,azure
female,tamil,bachelor's degree,software engineering,2.23,3,2,2.41,software engineer,"python, java",mysql,docker,moderate,visual,security engineer,hybrid,average,yes,9,google
female,"sinhala, tamil",bachelor's degree,information technology,3.81,3,1,3.17,software engineer,"c#, .net",sql server,docker,excellent,auditory,security engineer,hybrid,average,no,10,aws
female,tamil,bachelor's degree,information technology,2.98,1,1,3.9,data analyst,"python, java",postgresql,gcp,low,visual,security engineer,remote,average,yes,12,azure
male,english,bachelor's degree,software engineering,3.77,2,2,3.97,data analyst,"javascript, php",mongodb,kubernetes,low,kinesthetic,software engineer,remote,average,no,4,cisco
female,"english, sinhala",bachelor's degree,computer science,2.25,3,2,2.39,software engineer,"python, r",mongodb,gcp,moderate,kinesthetic,devops engineer,hybrid,average,no,3,aws
male,"sinhala, tamil",bachelor's degree,computer science,3.2,1,2,2.83,cloud engineer,"python, sql",sql server,kubernetes,low,kinesthetic,security engineer,remote,excellent,yes,3,cisco
male,"english, sinhala, tamil",bachelor's degree,computer science,3.94,4,1,2.32,cyber security analyst,"c#, .net",postgresql,azure,excellent,auditory,software engineer,remote,poor,yes,5,cisco
male,sinhala,bachelor's degree,computer science,2.53,2,1,3.64,ml engineer,"python, sql",sql server,aws,moderate,visual,software engineer,hybrid,poor,no,12,cisco
female,"english, sinhala",bachelor's degree,computer science,3.14,2,2,2.97,software engineer,"python, r",sql server,docker,excellent,visual,security engineer,remote,average,yes,4,none
female,"tamil, english",bachelor's degree,software engineering,3.97,3,1,3.89,ml engineer,"javascript, php",oracle,kubernetes,low,auditory,qa engineer,hybrid,excellent,yes,7,aws
female,"tamil, english",bachelor's degree,information technology,2.87,2,2,2.5,cloud engineer,"javascript, php",oracle,aws,excellent,auditory,data scientist,onsite,poor,no,5,none
female,sinhala,bachelor's degree,computer science,2.46,4,1,2.83,ml engineer,"javascript, php",oracle,kubernetes,low,auditory,data scientist,onsite,average,yes,0,google
female,"english, sinhala",bachelor's degree,software engineering,3.45,3,1,2.31,ml engineer,"python, sql",oracle,kubernetes,low,auditory,software engineer,hybrid,poor,yes,12,none
male,"sinhala, tamil",bachelor's degree,data science,3.48,1,2,2.77,ml engineer,"c#, .net",postgresql,azure,low,kinesthetic,security engineer,hybrid,excellent,no,11,azure
female,tamil,bachelor's degree,data science,3.95,3,1,3.6,software engineer,"python, r",postgresql,aws,moderate,kinesthetic,devops engineer,onsite,poor,yes,3,google
female,english,bachelor's degree,computer science,3.92,3,2,3.53,ml engineer,"python, java",oracle,gcp,excellent,kinesthetic,security engineer,remote,average,no,6,aws
female,tamil,bachelor's degree,computer science,2.58,4,1,2.35,devops engineer,"java, c++",oracle,gcp,low,kinesthetic,qa engineer,remote,average,no,1,none
female,sinhala,bachelor's degree,software engineering,2.42,3,2,3.52,devops engineer,"java, c++",postgresql,docker,moderate,kinesthetic,devops engineer,hybrid,average,no,6,azure
male,english,bachelor's degree,software engineering,3.08,1,1,3.77,data analyst,"python, r",mongodb,docker,excellent,auditory,qa engineer,remote,average,no,12,azure
female,tamil,bachelor's degree,information technology,2.71,3,2,3.93,devops engineer,"python, r",mysql,kubernetes,moderate,visual,systems analyst,onsite,excellent,no,9,cisco
male,sinhala,bachelor's degree,information technology,2.32,1,2,3.53,software engineer,"python, r",mysql,aws,moderate,kinesthetic,data scientist,onsite,poor,yes,2,cisco
male,"english, sinhala",bachelor's degree,computer science,3.57,1,2,2.81,network engineer,"python, r",mysql,gcp,low,kinesthetic,qa engineer,remote,average,no,10,none
male,english,bachelor's degree,information technology,2.47,4,1,2.21,cloud engineer,"python, r",mysql,docker,low,auditory,systems analyst,remote,excellent,no,11,cisco
male,english,bachelor's degree,cyber security,3.25,1,2,3.51,qa engineer,"python, sql",mysql,azure,low,visual,data scientist,remote,poor,no,5,none
female,sinhala,bachelor's degree,data science,3.94,3,1,2.57,network engineer,"python, java",mongodb,docker,moderate,auditory,devops engineer,onsite,average,no,0,cisco
female,english,bachelor's degree,data science,2.38,1,1,3.08,ml engineer,"python, r",mysql,azure,moderate,kinesthetic,qa engineer,remote,excellent,yes,3,azure
female,english,bachelor's degree,cyber security,2.62,4,1,3.67,systems analyst,"javascript, php",postgresql,azure,excellent,visual,qa engineer,remote,poor,yes,8,azure
male,tamil,bachelor's degree,data science,2.35,2,2,3.99,devops engineer,"python, sql",postgresql,kubernetes,moderate,kinesthetic,devops engineer,hybrid,poor,yes,12,cisco
female,"english, sinhala",bachelor's degree,information technology,2.7,2,1,3.86,cyber security analyst,"python, sql",sql server,kubernetes,low,visual,devops engineer,hybrid,average,no,0,cisco
male,tamil,bachelor's degree,software engineering,3.33,2,1,3.45,software engineer,"python, r",oracle,docker,excellent,auditory,data scientist,remote,poor,yes,5,azure
female,tamil,bachelor's degree,cyber security,3.8,3,2,3.27,ml engineer,"c#, .net",mysql,docker,moderate,kinesthetic,systems analyst,remote,excellent,yes,8,google
female,tamil,bachelor's degree,computer science,2.49,3,2,3.67,data analyst,"javascript, php",postgresql,kubernetes,low,auditory,software engineer,remote,poor,yes,4,aws
female,"english, sinhala, tamil",bachelor's degree,data science,3.18,2,1,2.21,data analyst,"python, r",mongodb,kubernetes,excellent,auditory,qa engineer,onsite,poor,no,0,google
female,"english, sinhala",bachelor's degree,information technology,3.96,3,1,3.67,cyber security analyst,"python, sql",mysql,docker,low,auditory,security engineer,onsite,average,yes,4,aws
male,"sinhala, tamil",bachelor's degree,software engineering,3.2,2,2,2.3,ai engineer,"python, java",mysql,aws,moderate,visual,qa engineer,hybrid,poor,no,4,google
female,tamil,bachelor's degree,data science,3.34,2,2,3.01,cloud engineer,"c#, .net",oracle,azure,low,visual,qa engineer,remote,poor,no,4,none
female,"english, sinhala, tamil",bachelor's degree,information technology,3.16,4,2,2.29,software engineer,"c#, .net",sql server,azure,low,kinesthetic,data scientist,onsite,poor,no,10,none
male,"sinhala, tamil",bachelor's degree,cyber security,3.52,2,2,3.59,network engineer,"python, java",oracle,gcp,excellent,visual,software engineer,hybrid,poor,yes,12,azure
male,"sinhala, tamil",bachelor's degree,data science,2.5,2,2,3.8,cyber security analyst,"javascript, php",mysql,gcp,low,auditory,qa engineer,hybrid,poor,yes,6,aws
female,"sinhala, tamil",bachelor's degree,computer science,2.67,2,2,3.95,devops engineer,"javascript, php",mysql,gcp,low,kinesthetic,software engineer,remote,average,yes,8,azure
female,"english, sinhala",bachelor's degree,data science,2.83,1,1,2.38,data analyst,"javascript, php",sql server,azure,moderate,visual,software engineer,remote,poor,no,5,google
female,tamil,bachelor's degree,computer science,2.29,2,2,3.62,ml engineer,"java, c++",sql server,kubernetes,low,visual,devops engineer,hybrid,poor,yes,7,google
female,"english, sinhala",bachelor's degree,information technology,2.4,3,2,2.93,cyber security analyst,"python, sql",mongodb,kubernetes,low,kinesthetic,software engineer,onsite,excellent,yes,0,none
male,"sinhala, tamil",bachelor's degree,software engineering,2.4,1,2,3.19,ml engineer,"python, java",mysql,aws,excellent,kinesthetic,data scientist,onsite,average,yes,2,cisco
male,"english, sinhala, tamil",bachelor's degree,cyber security,3.58,3,1,2.94,cyber security analyst,"c#, .net",sql server,docker,low,auditory,systems analyst,hybrid,poor,no,7,cisco
male,"tamil, english",bachelor's degree,software engineering,3.01,4,1,3.36,data analyst,"python, r",postgresql,kubernetes,low,kinesthetic,devops engineer,remote,poor,no,3,none
female,"sinhala, tamil",bachelor's degree,data science,3.85,3,1,2.65,ml engineer,"python, sql",sql server,kubernetes,low,visual,data scientist,hybrid,poor,yes,11,google
female,"tamil, english",bachelor's degree,cyber security,3.41,4,1,3.72,qa engineer,"java, c++",mysql,gcp,excellent,auditory,software engineer,remote,excellent,no,6,aws
female,english,bachelor's degree,cyber security,2.57,2,1,2.84,systems analyst,"python, r",postgresql,gcp,low,visual,qa engineer,hybrid,excellent,no,5,google
male,tamil,bachelor's degree,data science,2.76,1,2,3.3,data analyst,"javascript, php",postgresql,docker,excellent,kinesthetic,systems analyst,remote,average,yes,1,cisco
male,sinhala,bachelor's degree,software engineering,2.52,1,1,3.8,ai engineer,"python, r",mongodb,gcp,excellent,kinesthetic,qa engineer,onsite,poor,no,4,google
female,"english, sinhala, tamil",bachelor's degree,information technology,2.41,2,1,3.67,ml engineer,"c#, .net",postgresql,docker,low,kinesthetic,qa engineer,remote,poor,no,12,azure
male,"english, sinhala, tamil",bachelor's degree,data science,3.6,3,1,2.69,data analyst,"c#, .net",mongodb,azure,excellent,visual,software engineer,hybrid,poor,no,7,cisco
female,tamil,bachelor's degree,computer science,2.89,2,1,3.42,data analyst,"python, sql",oracle,gcp,excellent,kinesthetic,software engineer,onsite,poor,no,1,cisco
male,"english, sinhala",bachelor's degree,software engineering,2.55,3,1,2.82,cyber security analyst,"python, r",mysql,aws,moderate,visual,systems analyst,onsite,average,no,10,none
female,"tamil, english",bachelor's degree,cyber security,3.24,2,2,2.41,network engineer,"java, c++",postgresql,aws,moderate,auditory,qa engineer,hybrid,poor,no,3,cisco
male,sinhala,bachelor's degree,software engineering,2.35,3,1,3.89,qa engineer,"python, sql",postgresql,docker,low,visual,software engineer,onsite,excellent,no,10,aws
male,tamil,bachelor's degree,computer science,2.91,3,2,3.0,ml engineer,"python, java",oracle,docker,moderate,kinesthetic,software engineer,remote,average,yes,4,google
female,"english, sinhala",bachelor's degree,information technology,2.25,4,2,3.44,network engineer,"python, java",mysql,kubernetes,excellent,kinesthetic,systems analyst,hybrid,average,no,11,none
male,"english, sinhala, tamil",bachelor's degree,computer science,3.73,1,1,2.31,cyber security analyst,"python, java",mysql,docker,moderate,visual,software engineer,remote,average,no,5,azure
female,"english, sinhala",bachelor's degree,software engineering,2.72,2,1,3.64,cyber security analyst,"javascript, php",sql server,docker,low,kinesthetic,qa engineer,hybrid,excellent,yes,2,google
female,"english, sinhala",bachelor's degree,cyber security,3.95,3,1,3.57,devops engineer,"javascript, php",mongodb,kubernetes,excellent,visual,qa engineer,hybrid,excellent,yes,11,none
female,"tamil, english",bachelor's degree,information technology,3.56,4,1,3.58,cloud engineer,"java, c++",sql server,gcp,excellent,visual,systems analyst,hybrid,average,no,9,cisco
female,"english, sinhala, tamil",bachelor's degree,software engineering,2.97,4,1,3.94,software engineer,"c#, .net",oracle,docker,excellent,visual,data scientist,remote,average,yes,11,cisco
male,"tamil, english",bachelor's degree,information technology,2.58,3,1,3.99,cyber security analyst,"c#, .net",mongodb,kubernetes,excellent,visual,data scientist,onsite,excellent,yes,2,aws
male,"tamil, english",bachelor's degree,cyber security,2.24,4,1,3.36,data analyst,"javascript, php",postgresql,aws,moderate,auditory,data scientist,onsite,poor,no,6,cisco
female,english,bachelor's degree,cyber security,3.76,1,1,3.05,data analyst,"python, sql",mongodb,docker,excellent,visual,data scientist,remote,average,no,3,google
female,tamil,bachelor's degree,computer science,2.42,2,1,3.86,software engineer,"python, r",postgresql,gcp,moderate,visual,security engineer,hybrid,poor,no,12,aws
female,"english, sinhala, tamil",bachelor's degree,software engineering,2.58,3,1,2.86,cloud engineer,"java, c++",mongodb,kubernetes,excellent,auditory,data scientist,remote,average,no,12,cisco
female,"english, sinhala",bachelor's degree,data science,3.0,3,1,3.16,qa engineer,"python, java",mysql,gcp,moderate,kinesthetic,devops engineer,onsite,poor,yes,4,cisco
female,"sinhala, tamil",bachelor's degree,cyber security,3.89,2,1,2.32,cyber security analyst,"javascript, php",sql server,docker,excellent,visual,software engineer,remote,poor,yes,8,google
female,english,bachelor's degree,information technology,2.85,3,2,2.36,data analyst,"c#, .net",oracle,docker,excellent,kinesthetic,devops engineer,hybrid,average,yes,1,cisco
female,"english, sinhala",bachelor's degree,computer science,2.49,2,1,3.27,devops engineer,"javascript, php",postgresql,kubernetes,excellent,auditory,devops engineer,onsite,excellent,no,0,cisco
male,"sinhala, tamil",bachelor's degree,cyber security,3.87,1,2,3.2,software engineer,"java, c++",mongodb,docker,moderate,visual,data scientist,onsite,excellent,no,12,aws
female,sinhala,bachelor's degree,data science,3.22,1,2,3.1,qa engineer,"javascript, php",oracle,docker,excellent,visual,systems analyst,onsite,average,no,11,cisco
female,sinhala,bachelor's degree,computer science,2.55,4,1,2.27,software engineer,"python, sql",oracle,docker,excellent,kinesthetic,systems analyst,onsite,excellent,yes,10,azure
female,english,bachelor's degree,information technology,3.65,2,1,3.59,cyber security analyst,"javascript, php",oracle,docker,moderate,visual,systems analyst,hybrid,poor,no,7,none
female,english,bachelor's degree,information technology,3.66,1,1,3.49,data analyst,"python, r",sql server,docker,moderate,kinesthetic,devops engineer,remote,excellent,no,0,google
male,"sinhala, tamil",bachelor's degree,data science,3.46,3,2,2.8,qa engineer,"python, sql",oracle,gcp,excellent,auditory,software engineer,hybrid,poor,no,9,azure
female,"english, sinhala",bachelor's degree,information technology,2.52,3,1,3.44,ml engineer,"python, sql",mysql,aws,excellent,kinesthetic,systems analyst,hybrid,poor,yes,8,cisco
male,"tamil, english",bachelor's degree,data science,3.36,4,1,3.12,systems analyst,"python, r",mongodb,azure,excellent,auditory,qa engineer,onsite,average,no,7,google
female,"english, sinhala",bachelor's degree,data science,3.62,3,1,2.65,cloud engineer,"python, java",sql server,aws,excellent,kinesthetic,devops engineer,remote,poor,yes,6,none
female,"english, sinhala, tamil",bachelor's degree,software engineering,2.35,3,2,3.98,software engineer,"python, sql",mongodb,docker,excellent,auditory,data scientist,hybrid,poor,no,11,none
male,"sinhala, tamil",bachelor's degree,information technology,3.52,3,2,2.81,qa engineer,"python, r",oracle,gcp,moderate,auditory,qa engineer,onsite,average,yes,11,azure
male,"sinhala, tamil",bachelor's degree,data science,2.5,4,2,2.2,cyber security analyst,"javascript, php",mysql,azure,excellent,kinesthetic,security engineer,onsite,average,yes,5,azure
female,english,bachelor's degree,data science,2.22,3,1,2.35,data analyst,"javascript, php",mysql,docker,excellent,visual,qa engineer,onsite,poor,no,10,none
male,"english, sinhala, tamil",bachelor's degree,computer science,3.56,4,1,3.03,cloud engineer,"javascript, php",oracle,azure,moderate,kinesthetic,systems analyst,onsite,poor,yes,6,aws
female,"english, sinhala",bachelor's degree,data science,2.27,1,2,3.26,software engineer,"python, java",sql server,aws,moderate,kinesthetic,devops engineer,remote,excellent,no,9,google
female,"english, sinhala",bachelor's degree,computer science,3.04,4,1,2.54,qa engineer,"c#, .net",oracle,aws,excellent,auditory,qa engineer,hybrid,excellent,no,1,cisco
female,tamil,bachelor's degree,cyber security,3.59,1,1,3.72,data analyst,"python, java",mysql,docker,low,visual,systems analyst,hybrid,poor,no,7,cisco
male,tamil,bachelor's degree,information technology,3.99,4,1,3.2,software engineer,"javascript, php",postgresql,aws,moderate,auditory,qa engineer,remote,average,yes,0,cisco
female,sinhala,bachelor's degree,data science,3.81,2,2,3.9,cloud engineer,"python, java",sql server,azure,excellent,kinesthetic,data scientist,remote,average,no,10,aws
female,tamil,bachelor's degree,information technology,3.03,2,1,3.96,software engineer,"python, java",mongodb,kubernetes,moderate,kinesthetic,systems analyst,hybrid,poor,yes,3,google
female,"english, sinhala",bachelor's degree,information technology,2.35,4,2,2.93,ml engineer,"python, java",postgresql,azure,low,kinesthetic,systems analyst,remote,excellent,yes,9,none
male,sinhala,bachelor's degree,cyber security,3.64,3,2,3.76,ai engineer,"python, sql",oracle,gcp,excellent,visual,devops engineer,remote,excellent,no,6,cisco
female,"sinhala, tamil",bachelor's degree,software engineering,2.45,4,1,2.52,software engineer,"java, c++",mysql,docker,low,visual,software engineer,hybrid,excellent,yes,6,cisco
male,tamil,bachelor's degree,information technology,2.57,2,2,2.22,data analyst,"javascript, php",sql server,docker,low,kinesthetic,software engineer,hybrid,excellent,yes,0,google
male,english,bachelor's degree,data science,2.3,4,1,3.99,ml engineer,"python, sql",mongodb,kubernetes,excellent,visual,qa engineer,onsite,average,yes,9,azure
female,"tamil, english",bachelor's degree,information technology,2.31,1,1,3.7,ml engineer,"python, java",postgresql,docker,excellent,visual,qa engineer,hybrid,average,no,7,azure
male,"english, sinhala",bachelor's degree,computer science,3.59,4,1,3.65,cloud engineer,"python, java",mongodb,docker,excellent,kinesthetic,data scientist,onsite,average,yes,7,none
male,sinhala,bachelor's degree,computer science,2.58,1,2,3.54,systems analyst,"c#, .net",mongodb,azure,moderate,kinesthetic,devops engineer,onsite,average,yes,5,azure
male,"english, sinhala, tamil",bachelor's degree,software engineering,3.74,1,1,2.75,ai engineer,"python, r",oracle,azure,low,kinesthetic,software engineer,hybrid,excellent,no,5,aws
male,"english, sinhala, tamil",bachelor's degree,software engineering,2.81,4,1,3.67,data analyst,"c#, .net",sql server,docker,low,kinesthetic,software engineer,hybrid,average,no,10,aws
female,"sinhala, tamil",bachelor's degree,software engineering,3.07,1,2,3.71,devops engineer,"javascript, php",mongodb,aws,moderate,visual,devops engineer,remote,average,yes,2,google
female,"english, sinhala",bachelor's degree,software engineering,2.61,2,2,2.41,cyber security analyst,"c#, .net",mongodb,docker,excellent,auditory,devops engineer,remote,poor,no,5,aws
male,"english, sinhala",bachelor's degree,information technology,3.23,2,2,2.7,software engineer,"python, java",oracle,gcp,low,kinesthetic,software engineer,hybrid,excellent,yes,0,google
female,"english, sinhala, tamil",bachelor's degree,computer science,2.91,1,2,3.05,network engineer,"javascript, php",mongodb,aws,excellent,visual,systems analyst,remote,poor,no,11,none
female,tamil,bachelor's degree,information technology,3.95,2,2,2.94,ai engineer,"python, sql",sql server,gcp,moderate,visual,security engineer,remote,poor,no,1,cisco
female,sinhala,bachelor's degree,data science,4.0,2,2,2.79,cyber security analyst,"python, r",mongodb,gcp,moderate,visual,software engineer,remote,average,no,7,google
female,"english, sinhala",bachelor's degree,software engineering,2.44,4,2,2.25,software engineer,"python, java",postgresql,aws,excellent,kinesthetic,qa engineer,remote,excellent,yes,6,none
male,"english, sinhala, tamil",bachelor's degree,cyber security,3.0,1,1,3.33,cloud engineer,"c#, .net",postgresql,aws,moderate,visual,data scientist,hybrid,excellent,no,2,cisco
male,sinhala,bachelor's degree,information technology,3.36,1,1,2.32,ml engineer,"c#, .net",oracle,azure,moderate,auditory,devops engineer,hybrid,poor,yes,8,google
female,sinhala,bachelor's degree,cyber security,3.95,1,2,2.52,qa engineer,"c#, .net",sql server,kubernetes,excellent,kinesthetic,qa engineer,onsite,excellent,no,7,azure
female,"english, sinhala, tamil",bachelor's degree,data science,2.89,1,1,2.27,cloud engineer,"python, sql",mongodb,azure,moderate,auditory,devops engineer,onsite,excellent,yes,6,google
female,sinhala,bachelor's degree,data science,2.75,1,2,2.38,software engineer,"python, sql",mysql,kubernetes,moderate,kinesthetic,systems analyst,remote,excellent,yes,2,aws
male,"tamil, english",bachelor's degree,computer science,2.92,2,2,2.69,data analyst,"python, sql",oracle,gcp,moderate,auditory,devops engineer,onsite,poor,yes,7,none
male,"english, sinhala",bachelor's degree,computer science,2.36,2,1,2.83,data analyst,"python, java",oracle,gcp,low,kinesthetic,devops engineer,onsite,poor,no,11,aws
male,"tamil, english",bachelor's degree,data science,3.48,4,1,2.5,cyber security analyst,"python, java",oracle,aws,low,visual,systems analyst,remote,average,yes,9,none
male,sinhala,bachelor's degree,software engineering,2.47,1,1,3.94,devops engineer,"python, sql",postgresql,kubernetes,excellent,kinesthetic,software engineer,hybrid,poor,no,0,google
male,sinhala,bachelor's degree,computer science,3.73,1,1,3.4,ml engineer,"javascript, php",sql server,azure,moderate,auditory,devops engineer,remote,poor,no,11,cisco
male,"tamil, english",bachelor's degree,software engineering,3.88,2,1,3.86,network engineer,"java, c++",mongodb,kubernetes,moderate,auditory,devops engineer,onsite,excellent,yes,7,none
male,sinhala,bachelor's degree,computer science,2.73,3,1,3.39,qa engineer,"javascript, php",oracle,azure,low,visual,security engineer,onsite,poor,yes,11,google
female,sinhala,bachelor's degree,information technology,2.2,3,1,2.74,cloud engineer,"java, c++",postgresql,kubernetes,moderate,auditory,systems analyst,onsite,excellent,no,0,azure
female,"sinhala, tamil",bachelor's degree,cyber security,3.35,1,2,3.57,ml engineer,"java, c++",oracle,kubernetes,low,kinesthetic,security engineer,onsite,poor,no,11,aws
female,"sinhala, tamil",bachelor's degree,cyber security,3.78,2,1,3.77,ml engineer,"python, sql",oracle,docker,moderate,auditory,security engineer,hybrid,average,no,7,google
female,"english, sinhala, tamil",bachelor's degree,information technology,3.32,1,2,3.03,data analyst,"java, c++",mongodb,gcp,moderate,kinesthetic,security engineer,hybrid,average,yes,0,cisco
female,english,bachelor's degree,data science,3.12,1,2,3.1,devops engineer,"python, java",mongodb,azure,excellent,visual,security engineer,onsite,excellent,yes,6,aws
male,english,bachelor's degree,software engineering,3.51,2,1,3.28,network engineer,"python, r",mysql,azure,low,kinesthetic,qa engineer,onsite,average,no,3,google
male,tamil,bachelor's degree,data science,3.84,2,1,2.58,data analyst,"java, c++",sql server,kubernetes,low,auditory,software engineer,onsite,poor,no,11,google
male,sinhala,bachelor's degree,cyber security,3.41,3,1,2.7,cloud engineer,"javascript, php",sql server,docker,excellent,kinesthetic,devops engineer,hybrid,excellent,yes,9,aws
male,sinhala,bachelor's degree,information technology,3.39,4,1,3.58,cloud engineer,"java, c++",mongodb,azure,moderate,visual,data scientist,remote,average,yes,10,none
male,tamil,bachelor's degree,cyber security,2.29,4,1,2.9,ai engineer,"python, r",mongodb,docker,low,auditory,qa engineer,hybrid,excellent,yes,9,google
male,sinhala,bachelor's degree,software engineering,2.71,3,2,2.98,cyber security analyst,"java, c++",mysql,azure,low,kinesthetic,software engineer,remote,poor,yes,6,google
female,"tamil, english",bachelor's degree,software engineering,3.47,3,1,2.35,software engineer,"c#, .net",oracle,aws,low,kinesthetic,software engineer,remote,excellent,yes,6,aws
female,sinhala,bachelor's degree,data science,2.24,2,1,2.78,data analyst,"python, java",mongodb,azure,excellent,auditory,qa engineer,hybrid,poor,no,3,cisco
female,"sinhala, tamil",bachelor's degree,information technology,3.07,1,2,2.97,network engineer,"c#, .net",mysql,gcp,moderate,visual,software engineer,remote,excellent,yes,6,cisco
female,"tamil, english",bachelor's degree,software engineering,2.3,3,1,2.87,cyber security analyst,"java, c++",mongodb,gcp,excellent,kinesthetic,security engineer,remote,poor,no,1,cisco
female,"sinhala, tamil",bachelor's degree,data science,2.57,2,2,2.86,software engineer,"python, java",sql server,docker,low,auditory,devops engineer,hybrid,excellent,no,10,aws
male,"english, sinhala, tamil",bachelor's degree,data science,3.83,3,2,2.65,software engineer,"python, java",sql server,gcp,excellent,visual,security engineer,hybrid,excellent,yes,6,cisco
female,"english, sinhala, tamil",bachelor's degree,cyber security,2.77,1,2,3.73,devops engineer,"javascript, php",sql server,kubernetes,moderate,auditory,security engineer,onsite,poor,yes,8,aws
male,english,bachelor's degree,information technology,3.65,2,2,2.79,devops engineer,"python, sql",mysql,kubernetes,excellent,visual,devops engineer,hybrid,poor,yes,10,azure
male,"tamil, english",bachelor's degree,software engineering,2.69,2,2,3.13,ml engineer,"javascript, php",mongodb,aws,moderate,kinesthetic,devops engineer,hybrid,poor,no,1,google
female,"tamil, english",bachelor's degree,software engineering,3.01,3,1,3.24,network engineer,"python, r",oracle,kubernetes,excellent,auditory,devops engineer,remote,poor,no,6,azure
female,"english, sinhala",bachelor's degree,data science,3.59,4,2,2.54,software engineer,"javascript, php",oracle,gcp,low,kinesthetic,security engineer,hybrid,excellent,no,1,azure
male,"sinhala, tamil",bachelor's degree,computer science,3.24,3,1,3.34,ml engineer,"python, java",sql server,aws,moderate,auditory,data scientist,remote,average,yes,0,cisco
female,"english, sinhala, tamil",bachelor's degree,software engineering,3.51,3,1,2.37,cloud engineer,"python, r",mysql,docker,low,auditory,data scientist,onsite,average,yes,1,aws
female,"english, sinhala",bachelor's degree,data science,3.52,1,2,3.29,cyber security analyst,"javascript, php",sql server,gcp,excellent,kinesthetic,qa engineer,remote,average,yes,9,aws
female,"tamil, english",bachelor's degree,software engineering,3.64,1,1,2.56,data analyst,"python, java",mysql,aws,excellent,kinesthetic,devops engineer,onsite,average,no,11,cisco
male,"tamil, english",bachelor's degree,software engineering,2.95,1,1,2.88,systems analyst,"java, c++",mysql,kubernetes,low,auditory,systems analyst,onsite,average,no,12,azure
female,"english, sinhala",bachelor's degree,information technology,2.29,3,1,2.66,network engineer,"javascript, php",mongodb,docker,excellent,visual,security engineer,remote,average,no,9,aws
female,"english, sinhala",bachelor's degree,cyber security,2.56,1,1,3.31,cyber security analyst,"python, sql",mongodb,kubernetes,low,kinesthetic,software engineer,remote,average,yes,6,aws
female,"sinhala, tamil",bachelor's degree,computer science,3.2,4,2,3.53,network engineer,"javascript, php",postgresql,docker,excellent,auditory,devops engineer,remote,excellent,yes,4,google
female,"sinhala, tamil",bachelor's degree,computer science,2.32,4,1,3.13,ml engineer,"python, sql",mysql,azure,excellent,visual,qa engineer,remote,average,no,5,google
male,tamil,bachelor's degree,cyber security,2.78,4,1,3.73,cloud engineer,"javascript, php",mysql,gcp,low,kinesthetic,systems analyst,remote,excellent,yes,6,aws
male,"sinhala, tamil",bachelor's degree,software engineering,3.14,1,2,3.32,ml engineer,"javascript, php",mongodb,azure,excellent,auditory,qa engineer,onsite,average,no,12,aws
male,english,bachelor's degree,software engineering,3.56,2,2,3.0,cyber security analyst,"python, r",mysql,docker,moderate,auditory,security engineer,onsite,average,no,7,aws
male,tamil,bachelor's degree,data science,3.52,1,1,3.65,software engineer,"javascript, php",oracle,azure,moderate,visual,security engineer,onsite,average,no,9,cisco
male,"tamil, english",bachelor's degree,software engineering,2.87,1,1,3.33,software engineer,"javascript, php",mysql,azure,low,visual,qa engineer,hybrid,excellent,no,2,none
male,sinhala,bachelor's degree,cyber security,3.13,3,1,2.76,devops engineer,"c#, .net",mongodb,kubernetes,excellent,auditory,systems analyst,hybrid,excellent,no,10,google
female,"english, sinhala",bachelor's degree,cyber security,2.53,2,1,2.7,devops engineer,"c#, .net",mysql,gcp,moderate,visual,data scientist,remote,average,no,4,cisco
female,sinhala,bachelor's degree,cyber security,2.23,2,2,3.6,cyber security analyst,"javascript, php",oracle,aws,excellent,kinesthetic,data scientist,hybrid,excellent,yes,6,cisco
female,"english, sinhala",bachelor's degree,computer science,3.69,1,1,2.34,qa engineer,"python, r",mysql,kubernetes,moderate,visual,systems analyst,remote,excellent,no,9,none
female,sinhala,bachelor's degree,information technology,3.37,3,1,3.32,ml engineer,"python, sql",oracle,kubernetes,moderate,auditory,software engineer,onsite,excellent,yes,3,cisco
male,"english, sinhala, tamil",bachelor's degree,information technology,2.56,4,2,3.42,data analyst,"python, r",sql server,gcp,excellent,visual,software engineer,remote,excellent,no,10,none
male,"tamil, english",bachelor's degree,software engineering,3.1,4,2,3.84,ai engineer,"python, java",mysql,kubernetes,moderate,auditory,security engineer,remote,average,yes,12,azure
female,"sinhala, tamil",bachelor's degree,software engineering,3.89,1,2,3.45,software engineer,"java, c++",mongodb,gcp,excellent,kinesthetic,security engineer,onsite,poor,yes,8,google
female,tamil,bachelor's degree,data science,3.67,1,1,2.66,software engineer,"python, java",mongodb,aws,moderate,auditory,systems analyst,hybrid,excellent,no,3,azure
female,"tamil, english",bachelor's degree,cyber security,3.09,2,1,3.0,devops engineer,"python, java",oracle,gcp,excellent,visual,systems analyst,remote,poor,no,4,azure
female,english,bachelor's degree,computer science,2.77,3,1,2.38,cloud engineer,"python, r",mysql,gcp,excellent,kinesthetic,devops engineer,remote,average,no,0,cisco
male,"english, sinhala",bachelor's degree,data science,3.95,4,2,3.13,network engineer,"javascript, php",mongodb,aws,moderate,visual,security engineer,hybrid,average,no,5,google
male,"sinhala, tamil",bachelor's degree,information technology,2.24,1,1,3.01,devops engineer,"javascript, php",sql server,aws,low,visual,devops engineer,remote,excellent,yes,12,aws
male,"english, sinhala",bachelor's degree,computer science,3.77,2,1,3.86,software engineer,"java, c++",postgresql,kubernetes,moderate,visual,software engineer,remote,poor,yes,12,none
female,"sinhala, tamil",bachelor's degree,software engineering,3.06,2,2,2.39,data analyst,"python, r",mysql,aws,moderate,visual,data scientist,remote,poor,yes,3,google
female,english,bachelor's degree,information technology,3.57,1,1,3.78,software engineer,"python, java",oracle,gcp,excellent,visual,security engineer,onsite,average,yes,6,none
female,"english, sinhala, tamil",bachelor's degree,cyber security,2.78,1,1,3.15,ai engineer,"python, java",postgresql,azure,excellent,kinesthetic,devops engineer,onsite,poor,no,9,aws
male,sinhala,bachelor's degree,cyber security,3.08,3,2,3.15,network engineer,"c#, .net",sql server,azure,excellent,visual,data scientist,hybrid,excellent,yes,7,none
male,"sinhala, tamil",bachelor's degree,information technology,2.27,2,1,2.24,ai engineer,"python, sql",mysql,gcp,excellent,visual,qa engineer,remote,poor,yes,0,cisco
female,english,bachelor's degree,computer science,2.33,3,1,3.36,software engineer,"python, r",mysql,aws,moderate,visual,devops engineer,onsite,poor,yes,11,cisco
male,sinhala,bachelor's degree,information technology,2.58,4,2,3.82,data analyst,"python, r",sql server,docker,moderate,auditory,systems analyst,remote,poor,yes,7,google
female,tamil,bachelor's degree,cyber security,2.64,2,1,3.67,data analyst,"python, sql",mongodb,aws,low,visual,qa engineer,remote,average,yes,12,none
male,"english, sinhala",bachelor's degree,software engineering,3.93,3,2,3.83,software engineer,"c#, .net",postgresql,gcp,moderate,auditory,devops engineer,hybrid,excellent,yes,9,none
male,"english, sinhala",bachelor's degree,data science,2.41,2,2,2.47,ml engineer,"c#, .net",postgresql,gcp,low,kinesthetic,systems analyst,remote,poor,no,9,google
male,tamil,bachelor's degree,computer science,2.23,4,1,3.94,cyber security analyst,"python, java",sql server,azure,moderate,visual,data scientist,onsite,average,no,9,google
male,"tamil, english",bachelor's degree,computer science,2.55,1,2,2.32,software engineer,"python, r",postgresql,docker,moderate,kinesthetic,software engineer,hybrid,poor,no,2,azure
female,english,bachelor's degree,cyber security,3.88,3,1,2.53,devops engineer,"javascript, php",sql server,aws,excellent,visual,data scientist,onsite,excellent,no,10,none
male,sinhala,bachelor's degree,cyber security,2.87,3,1,3.82,cyber security analyst,"javascript, php",mysql,docker,low,auditory,security engineer,onsite,poor,no,11,aws
female,"english, sinhala, tamil",bachelor's degree,computer science,2.89,4,2,3.2,qa engineer,"javascript, php",postgresql,azure,excellent,kinesthetic,qa engineer,onsite,average,no,11,azure
female,sinhala,bachelor's degree,data science,3.85,1,2,2.65,devops engineer,"c#, .net",postgresql,aws,low,auditory,data scientist,remote,excellent,no,1,cisco
male,"english, sinhala, tamil",bachelor's degree,cyber security,3.91,3,1,3.71,cyber security analyst,"javascript, php",mongodb,gcp,low,auditory,security engineer,hybrid,excellent,yes,1,google
female,english,bachelor's degree,computer science,3.57,3,1,2.38,cyber security analyst,"python, r",sql server,docker,moderate,kinesthetic,qa engineer,remote,average,no,10,google
female,english,bachelor's degree,data science,3.04,3,2,3.84,ml engineer,"c#, .net",oracle,azure,excellent,kinesthetic,devops engineer,remote,average,no,0,azure
female,english,bachelor's degree,information technology,3.35,3,1,2.67,devops engineer,"javascript, php",mysql,kubernetes,moderate,visual,systems analyst,onsite,poor,no,9,azure
male,"english, sinhala, tamil",bachelor's degree,computer science,3.44,3,2,3.94,systems analyst,"python, java",mysql,docker,moderate,kinesthetic,qa engineer,remote,average,no,9,cisco
male,sinhala,bachelor's degree,computer science,3.09,2,1,3.27,data analyst,"c#, .net",mongodb,kubernetes,low,kinesthetic,systems analyst,onsite,excellent,no,7,aws
male,english,bachelor's degree,cyber security,3.71,3,1,2.49,devops engineer,"python, sql",sql server,aws,low,auditory,systems analyst,onsite,excellent,no,9,aws
male,"english, sinhala",bachelor's degree,cyber security,3.03,1,2,2.84,ml engineer,"java, c++",sql server,gcp,excellent,kinesthetic,qa engineer,remote,excellent,yes,0,aws
male,tamil,bachelor's degree,cyber security,2.49,1,1,2.9,data analyst,"javascript, php",mysql,azure,moderate,auditory,qa engineer,hybrid,excellent,yes,10,google
female,"sinhala, tamil",bachelor's degree,computer science,2.79,1,1,2.87,network engineer,"c#, .net",oracle,docker,moderate,visual,data scientist,hybrid,excellent,yes,0,cisco
male,sinhala,bachelor's degree,data science,3.29,3,1,3.39,devops engineer,"c#, .net",postgresql,gcp,moderate,kinesthetic,qa engineer,hybrid,poor,no,4,aws
male,english,bachelor's degree,software engineering,3.92,3,2,2.23,data analyst,"c#, .net",mongodb,kubernetes,excellent,visual,systems analyst,onsite,average,yes,3,none
female,"english, sinhala, tamil",bachelor's degree,software engineering,3.6,2,2,3.73,network engineer,"javascript, php",mongodb,kubernetes,excellent,visual,systems analyst,onsite,excellent,yes,7,cisco
male,"english, sinhala",bachelor's degree,data science,3.03,4,1,2.75,devops engineer,"python, r",mysql,azure,excellent,auditory,devops engineer,onsite,excellent,no,9,google
male,"tamil, english",bachelor's degree,information technology,2.69,4,1,3.94,cloud engineer,"c#, .net",postgresql,gcp,excellent,kinesthetic,software engineer,onsite,average,no,6,aws
female,tamil,bachelor's degree,computer science,2.71,3,1,2.24,software engineer,"python, r",sql server,aws,moderate,kinesthetic,data scientist,onsite,average,no,1,aws
male,tamil,bachelor's degree,information technology,3.28,4,1,3.12,systems analyst,"java, c++",mongodb,kubernetes,low,kinesthetic,systems analyst,onsite,excellent,yes,10,cisco
female,"english, sinhala",bachelor's degree,data science,3.59,3,1,3.59,cloud engineer,"python, r",mysql,docker,moderate,kinesthetic,devops engineer,hybrid,average,yes,1,aws
male,"english, sinhala",bachelor's degree,cyber security,2.45,4,2,2.23,software engineer,"python, r",sql server,azure,low,kinesthetic,software engineer,remote,poor,yes,8,cisco
male,sinhala,bachelor's degree,computer science,3.47,3,2,2.82,systems analyst,"java, c++",mongodb,azure,moderate,visual,data scientist,hybrid,poor,yes,2,azure
female,"sinhala, tamil",bachelor's degree,computer science,3.08,3,2,2.92,cloud engineer,"python, sql",postgresql,azure,moderate,visual,qa engineer,onsite,average,no,4,none
female,"sinhala, tamil",bachelor's degree,computer science,2.86,1,1,3.35,qa engineer,"javascript, php",mongodb,docker,excellent,auditory,devops engineer,remote,average,yes,3,aws
female,sinhala,bachelor's degree,information technology,2.55,3,2,3.11,network engineer,"python, r",mongodb,gcp,low,kinesthetic,security engineer,onsite,excellent,yes,2,aws
female,english,bachelor's degree,information technology,3.47,4,1,3.54,systems analyst,"python, r",mongodb,kubernetes,moderate,visual,software engineer,remote,excellent,yes,3,google
male,"tamil, english",bachelor's degree,cyber security,2.26,1,1,2.31,ml engineer,"python, sql",postgresql,docker,excellent,visual,systems analyst,hybrid,excellent,no,10,cisco
male,sinhala,bachelor's degree,cyber security,3.15,4,2,3.47,network engineer,"javascript, php",oracle,kubernetes,low,kinesthetic,systems analyst,hybrid,poor,yes,11,google
male,tamil,bachelor's degree,information technology,3.67,2,1,3.87,devops engineer,"c#, .net",postgresql,aws,moderate,kinesthetic,devops engineer,onsite,poor,no,12,none
male,english,bachelor's degree,cyber security,3.4,2,1,3.14,software engineer,"java, c++",mysql,docker,excellent,visual,software engineer,onsite,poor,no,10,cisco
female,sinhala,bachelor's degree,information technology,3.49,1,2,3.52,cyber security analyst,"java, c++",postgresql,docker,excellent,visual,security engineer,hybrid,average,no,12,azure
female,"english, sinhala",bachelor's degree,cyber security,2.6,1,1,3.33,qa engineer,"python, sql",sql server,docker,low,kinesthetic,devops engineer,remote,poor,yes,6,aws
male,"english, sinhala, tamil",bachelor's degree,computer science,3.67,1,1,2.6,data analyst,"javascript, php",sql server,aws,low,visual,software engineer,onsite,excellent,no,4,azure
male,"tamil, english",bachelor's degree,software engineering,2.24,3,2,3.97,qa engineer,"javascript, php",mysql,aws,low,kinesthetic,data scientist,hybrid,average,yes,2,azure
female,"tamil, english",bachelor's degree,information technology,2.75,1,2,3.68,devops engineer,"python, java",postgresql,aws,excellent,kinesthetic,data scientist,remote,average,no,5,aws
male,"tamil, english",bachelor's degree,computer science,3.11,1,1,3.44,software engineer,"python, r",mysql,gcp,low,visual,security engineer,onsite,average,yes,4,cisco
male,"english, sinhala",bachelor's degree,computer science,2.57,4,1,3.07,cyber security analyst,"java, c++",oracle,kubernetes,low,visual,qa engineer,onsite,average,yes,7,aws
female,sinhala,bachelor's degree,information technology,2.9,2,2,2.22,software engineer,"javascript, php",oracle,gcp,moderate,kinesthetic,systems analyst,remote,poor,no,12,azure
male,"english, sinhala, tamil",bachelor's degree,software engineering,3.74,2,2,2.99,cloud engineer,"python, java",mongodb,kubernetes,excellent,kinesthetic,systems analyst,onsite,average,yes,9,google
male,"english, sinhala, tamil",bachelor's degree,software engineering,2.26,2,1,2.91,devops engineer,"javascript, php",postgresql,docker,moderate,visual,qa engineer,onsite,average,no,9,azure
female,"tamil, english",bachelor's degree,data science,3.89,1,2,3.92,software engineer,"javascript, php",mongodb,azure,excellent,visual,systems analyst,onsite,average,yes,2,aws
male,"english, sinhala",bachelor's degree,information technology,2.91,4,1,2.99,software engineer,"python, java",sql server,gcp,excellent,auditory,qa engineer,onsite,excellent,yes,6,cisco
male,english,bachelor's degree,computer science,3.48,2,1,3.71,data analyst,"javascript, php",postgresql,azure,low,kinesthetic,devops engineer,remote,poor,no,6,none
female,"tamil, english",bachelor's degree,computer science,2.54,3,1,3.41,cyber security analyst,"c#, .net",postgresql,azure,moderate,auditory,data scientist,onsite,poor,yes,0,none
male,tamil,bachelor's degree,information technology,2.59,2,1,3.77,devops engineer,"python, sql",mongodb,aws,excellent,visual,data scientist,hybrid,poor,no,3,google
male,"tamil, english",bachelor's degree,cyber security,2.24,3,1,2.85,cyber security analyst,"javascript, php",oracle,docker,excellent,auditory,software engineer,onsite,excellent,no,8,aws
female,"tamil, english",bachelor's degree,information technology,2.48,3,2,3.8,systems analyst,"java, c++",oracle,docker,moderate,visual,systems analyst,hybrid,poor,yes,10,cisco
male,english,bachelor's degree,data science,3.14,1,2,3.73,software engineer,"java, c++",mysql,kubernetes,excellent,kinesthetic,qa engineer,remote,average,yes,7,azure
female,english,bachelor's degree,data science,3.82,2,1,2.32,cloud engineer,"python, sql",postgresql,docker,excellent,auditory,data scientist,onsite,excellent,no,11,none
male,english,bachelor's degree,information technology,3.88,1,2,3.76,software engineer,"python, r",postgresql,gcp,moderate,auditory,systems analyst,hybrid,poor,yes,10,aws
female,english,bachelor's degree,cyber security,3.89,3,1,2.53,software engineer,"python, java",postgresql,aws,excellent,kinesthetic,qa engineer,hybrid,poor,yes,5,aws
male,"tamil, english",bachelor's degree,cyber security,3.47,1,2,2.9,cyber security analyst,"python, sql",oracle,docker,low,visual,systems analyst,onsite,average,yes,9,azure
female,"english, sinhala, tamil",bachelor's degree,information technology,2.76,2,1,2.56,network engineer,"python, r",postgresql,kubernetes,moderate,visual,devops engineer,remote,average,yes,10,azure
male,sinhala,bachelor's degree,software engineering,2.69,1,1,3.99,data analyst,"python, r",postgresql,docker,low,visual,security engineer,remote,average,no,3,azure
female,"english, sinhala, tamil",bachelor's degree,data science,2.46,2,1,3.32,devops engineer,"python, r",sql server,aws,moderate,auditory,qa engineer,onsite,excellent,yes,0,cisco
male,tamil,bachelor's degree,cyber security,3.23,4,2,2.46,devops engineer,"c#, .net",sql server,azure,low,visual,software engineer,hybrid,poor,yes,8,cisco
male,sinhala,bachelor's degree,data science,2.32,1,2,3.25,data analyst,"python, sql",mysql,gcp,excellent,kinesthetic,qa engineer,remote,excellent,yes,12,google
male,"english, sinhala, tamil",bachelor's degree,cyber security,2.65,1,1,3.32,cyber security analyst,"python, r",mysql,gcp,moderate,auditory,qa engineer,onsite,poor,yes,9,none
female,english,bachelor's degree,data science,3.55,2,2,2.43,devops engineer,"javascript, php",sql server,aws,low,auditory,systems analyst,onsite,poor,no,8,none
female,"tamil, english",bachelor's degree,cyber security,2.69,1,1,3.09,cloud engineer,"python, java",mongodb,docker,low,visual,devops engineer,hybrid,poor,no,1,cisco
male,english,bachelor's degree,software engineering,2.91,3,2,3.32,software engineer,"c#, .net",mongodb,gcp,low,visual,software engineer,remote,average,yes,11,cisco
female,sinhala,bachelor's degree,data science,3.18,1,1,2.88,ml engineer,"python, sql",oracle,kubernetes,low,auditory,security engineer,hybrid,excellent,yes,3,none
female,tamil,bachelor's degree,software engineering,3.14,1,1,3.96,cloud engineer,"python, r",postgresql,gcp,excellent,auditory,systems analyst,hybrid,excellent,no,9,none
male,sinhala,bachelor's degree,computer science,3.85,1,1,3.34,devops engineer,"python, java",postgresql,gcp,low,auditory,software engineer,hybrid,excellent,yes,11,aws
female,"tamil, english",bachelor's degree,software engineering,3.28,2,2,2.41,ml engineer,"c#, .net",postgresql,azure,excellent,auditory,devops engineer,hybrid,average,no,7,cisco
female,tamil,bachelor's degree,information technology,2.35,1,1,3.99,data analyst,"java, c++",postgresql,kubernetes,low,visual,data scientist,onsite,excellent,no,8,azure
male,"english, sinhala",bachelor's degree,data science,3.56,2,2,3.77,qa engineer,"java, c++",sql server,azure,low,auditory,systems analyst,hybrid,poor,yes,2,none
female,english,bachelor's degree,software engineering,3.72,3,1,3.07,devops engineer,"python, r",oracle,kubernetes,low,kinesthetic,data scientist,remote,poor,no,7,google
male,tamil,bachelor's degree,computer science,3.74,3,2,3.58,systems analyst,"c#, .net",mongodb,kubernetes,moderate,visual,systems analyst,onsite,excellent,no,7,aws
female,"tamil, english",bachelor's degree,information technology,3.92,4,1,3.53,software engineer,"javascript, php",sql server,azure,low,auditory,data scientist,remote,average,yes,12,cisco
female,"english, sinhala, tamil",bachelor's degree,cyber security,2.95,4,2,2.6,software engineer,"javascript, php",oracle,kubernetes,low,auditory,devops engineer,hybrid,excellent,yes,9,cisco
female,sinhala,bachelor's degree,cyber security,2.49,3,1,2.53,qa engineer,"python, java",oracle,docker,excellent,visual,data scientist,remote,excellent,yes,2,google
female,english,bachelor's degree,cyber security,3.61,3,2,3.03,ml engineer,"python, sql",postgresql,azure,excellent,auditory,qa engineer,remote,average,no,2,azure
female,english,bachelor's degree,information technology,3.53,2,2,3.09,devops engineer,"javascript, php",sql server,docker,low,auditory,devops engineer,remote,poor,yes,5,none
male,"english, sinhala, tamil",bachelor's degree,software engineering,3.39,4,2,3.55,devops engineer,"python, r",sql server,aws,low,kinesthetic,security engineer,hybrid,poor,no,0,cisco
female,sinhala,bachelor's degree,information technology,2.78,3,1,2.86,data analyst,"python, r",sql server,gcp,low,kinesthetic,software engineer,hybrid,excellent,no,10,none
female,sinhala,bachelor's degree,computer science,2.26,3,1,2.52,cloud engineer,"python, r",mongodb,gcp,excellent,visual,qa engineer,remote,excellent,no,2,cisco
female,"tamil, english",bachelor's degree,computer science,3.83,2,2,2.65,ml engineer,"python, r",mysql,azure,excellent,auditory,data scientist,remote,poor,no,1,google
female,"english, sinhala, tamil",bachelor's degree,information technology,2.41,4,1,3.37,software engineer,"python, java",sql server,azure,moderate,visual,data scientist,hybrid,average,no,2,aws
male,sinhala,bachelor's degree,software engineering,2.69,4,2,2.54,devops engineer,"c#, .net",mongodb,docker,moderate,kinesthetic,data scientist,remote,average,no,1,cisco
female,"english, sinhala, tamil",bachelor's degree,computer science,3.37,1,1,2.68,cyber security analyst,"python, sql",oracle,gcp,excellent,visual,security engineer,remote,poor,no,3,cisco
female,"sinhala, tamil",bachelor's degree,software engineering,3.43,4,2,3.88,network engineer,"python, java",postgresql,kubernetes,moderate,visual,data scientist,onsite,excellent,no,8,cisco
male,"sinhala, tamil",bachelor's degree,software engineering,2.37,3,1,3.84,ml engineer,"java, c++",mongodb,azure,excellent,visual,devops engineer,remote,excellent,no,6,cisco
male,tamil,bachelor's degree,computer science,2.54,4,1,3.45,cyber security analyst,"python, r",oracle,gcp,low,kinesthetic,devops engineer,remote,excellent,yes,0,azure
female,"english, sinhala",bachelor's degree,software engineering,2.78,4,1,3.42,qa engineer,"java, c++",mongodb,kubernetes,excellent,auditory,devops engineer,onsite,poor,no,2,azure
female,"english, sinhala",bachelor's degree,cyber security,3.98,4,2,3.43,qa engineer,"c#, .net",oracle,kubernetes,excellent,visual,software engineer,hybrid,poor,yes,1,aws
female,"tamil, english",bachelor's degree,computer science,3.26,3,2,2.88,cloud engineer,"c#, .net",mysql,aws,low,visual,data scientist,hybrid,poor,yes,12,azure
male,"english, sinhala",bachelor's degree,software engineering,3.76,4,1,3.65,ml engineer,"java, c++",mysql,docker,excellent,kinesthetic,data scientist,remote,excellent,no,6,azure
female,"tamil, english",bachelor's degree,data science,2.93,3,1,2.32,cloud engineer,"python, java",mysql,gcp,excellent,visual,qa engineer,onsite,excellent,yes,12,google
male,"tamil, english",bachelor's degree,software engineering,3.83,4,1,3.32,software engineer,"python, java",mongodb,aws,low,kinesthetic,security engineer,remote,poor,no,1,aws
female,"english, sinhala",bachelor's degree,software engineering,2.52,4,1,3.47,cyber security analyst,"python, java",oracle,docker,excellent,kinesthetic,data scientist,remote,average,no,4,none
male,tamil,bachelor's degree,information technology,2.37,3,1,3.08,devops engineer,"java, c++",sql server,kubernetes,low,auditory,data scientist,hybrid,average,no,12,cisco
male,"english, sinhala",bachelor's degree,cyber security,3.49,4,1,3.03,cyber security analyst,"c#, .net",oracle,azure,excellent,auditory,devops engineer,remote,average,no,9,none
male,sinhala,bachelor's degree,software engineering,3.81,1,2,3.05,software engineer,"python, java",mongodb,kubernetes,moderate,visual,qa engineer,hybrid,poor,yes,2,none
male,sinhala,bachelor's degree,software engineering,3.95,4,2,3.94,data analyst,"javascript, php",mongodb,kubernetes,excellent,visual,devops engineer,hybrid,poor,no,4,azure
female,"sinhala, tamil",bachelor's degree,software engineering,3.82,4,2,3.32,cyber security analyst,"python, java",mongodb,kubernetes,low,auditory,devops engineer,remote,poor,no,8,cisco
male,"tamil, english",bachelor's degree,computer science,2.25,4,2,2.81,data analyst,"c#, .net",postgresql,gcp,excellent,visual,software engineer,remote,average,yes,10,none
female,"english, sinhala, tamil",bachelor's degree,computer science,3.8,4,2,3.6,software engineer,"python, r",oracle,azure,moderate,visual,devops engineer,hybrid,poor,no,12,azure
female,"english, sinhala, tamil",bachelor's degree,cyber security,3.89,2,1,3.78,cyber security analyst,"python, r",mongodb,kubernetes,low,auditory,security engineer,hybrid,average,yes,8,google
female,sinhala,bachelor's degree,computer science,3.24,2,1,2.84,cloud engineer,"python, sql",oracle,gcp,moderate,kinesthetic,qa engineer,remote,average,yes,2,google
male,"english, sinhala, tamil",bachelor's degree,computer science,3.15,3,2,2.97,ml engineer,"python, java",sql server,azure,moderate,kinesthetic,qa engineer,remote,excellent,no,0,azure
female,"tamil, english",bachelor's degree,computer science,3.78,4,1,2.93,data analyst,"python, sql",postgresql,aws,moderate,auditory,data scientist,hybrid,average,yes,5,azure
female,"sinhala, tamil",bachelor's degree,software engineering,3.96,2,1,2.4,ml engineer,"python, sql",mongodb,kubernetes,moderate,visual,data scientist,hybrid,excellent,yes,2,aws
male,"english, sinhala",bachelor's degree,data science,2.86,4,2,3.88,cyber security analyst,"c#, .net",mysql,azure,low,visual,software engineer,onsite,average,yes,2,none
female,english,bachelor's degree,data science,3.06,4,1,3.33,data analyst,"javascript, php",sql server,azure,low,auditory,qa engineer,hybrid,poor,no,1,aws
male,"sinhala, tamil",bachelor's degree,information technology,3.28,1,2,2.81,qa engineer,"python, java",mongodb,gcp,low,auditory,software engineer,onsite,poor,yes,3,none
female,"english, sinhala",bachelor's degree,data science,3.14,2,1,2.74,cloud engineer,"python, sql",mysql,kubernetes,low,visual,devops engineer,remote,poor,no,10,none
female,english,bachelor's degree,data science,2.81,3,1,3.37,network engineer,"java, c++",mysql,kubernetes,excellent,kinesthetic,software engineer,onsite,average,yes,12,aws
female,"tamil, english",bachelor's degree,data science,3.6,4,2,2.27,data analyst,"python, sql",postgresql,gcp,moderate,visual,data scientist,onsite,excellent,yes,12,google
female,"tamil, english",bachelor's degree,computer science,2.39,1,1,3.92,systems analyst,"java, c++",mongodb,gcp,excellent,auditory,data scientist,hybrid,average,yes,2,aws
male,tamil,bachelor's degree,cyber security,2.38,4,2,2.23,software engineer,"python, sql",sql server,kubernetes,moderate,kinesthetic,devops engineer,onsite,poor,no,8,aws
male,english,bachelor's degree,cyber security,3.21,1,1,2.78,cyber security analyst,"python, r",mysql,kubernetes,excellent,visual,security engineer,remote,poor,yes,2,google
female,"english, sinhala",bachelor's degree,software engineering,3.54,1,2,2.56,ml engineer,"python, sql",mysql,docker,moderate,auditory,software engineer,hybrid,average,no,1,cisco
female,"sinhala, tamil",bachelor's degree,cyber security,3.5,2,2,2.27,qa engineer,"java, c++",mongodb,docker,low,visual,security engineer,hybrid,excellent,yes,12,azure
female,"sinhala, tamil",bachelor's degree,software engineering,2.3,4,2,3.24,ai engineer,"c#, .net",mysql,aws,excellent,auditory,qa engineer,hybrid,average,yes,6,azure
female,"english, sinhala",bachelor's degree,information technology,3.06,1,2,3.82,network engineer,"python, sql",mongodb,aws,excellent,kinesthetic,data scientist,remote,poor,no,1,google
female,"sinhala, tamil",bachelor's degree,information technology,2.39,4,2,2.81,cloud engineer,"python, r",oracle,azure,excellent,visual,devops engineer,remote,excellent,no,0,azure
male,tamil,bachelor's degree,data science,2.63,2,2,2.37,qa engineer,"python, sql",mysql,aws,low,visual,software engineer,onsite,poor,yes,1,azure
male,tamil,bachelor's degree,data science,3.19,2,1,3.27,qa engineer,"python, sql",mongodb,azure,low,kinesthetic,qa engineer,hybrid,excellent,yes,3,google
female,"english, sinhala, tamil",bachelor's degree,data science,3.86,3,2,3.95,data analyst,"python, java",mongodb,gcp,excellent,auditory,devops engineer,hybrid,poor,no,10,none
male,"tamil, english",bachelor's degree,data science,3.29,4,1,2.76,cloud engineer,"java, c++",oracle,aws,low,visual,qa engineer,remote,poor,yes,11,aws
male,sinhala,bachelor's degree,cyber security,2.55,3,1,3.08,devops engineer,"python, java",oracle,aws,low,auditory,qa engineer,onsite,average,yes,9,cisco
female,"english, sinhala",bachelor's degree,software engineering,2.93,4,1,2.68,systems analyst,"javascript, php",postgresql,kubernetes,excellent,auditory,software engineer,hybrid,poor,no,10,cisco
male,"english, sinhala",bachelor's degree,cyber security,2.59,3,2,3.39,cyber security analyst,"java, c++",mongodb,aws,moderate,auditory,software engineer,hybrid,average,no,1,none
male,"tamil, english",bachelor's degree,cyber security,2.92,2,1,3.66,systems analyst,"python, r",mongodb,azure,low,auditory,qa engineer,onsite,excellent,yes,0,azure
female,sinhala,bachelor's degree,data science,3.45,4,1,2.6,data analyst,"java, c++",mongodb,docker,low,kinesthetic,security engineer,hybrid,poor,no,2,azure
female,"english, sinhala",bachelor's degree,computer science,3.03,2,2,3.97,cloud engineer,"c#, .net",sql server,azure,excellent,auditory,systems analyst,onsite,excellent,no,11,aws
male,"tamil, english",bachelor's degree,cyber security,3.75,1,2,3.66,data analyst,"python, java",sql server,kubernetes,moderate,kinesthetic,qa engineer,hybrid,average,yes,4,none
male,english,bachelor's degree,data science,3.17,4,2,3.35,software engineer,"java, c++",sql server,kubernetes,low,auditory,qa engineer,remote,poor,no,5,none
male,"english, sinhala",bachelor's degree,computer science,3.98,1,2,2.76,devops engineer,"c#, .net",mongodb,aws,excellent,auditory,data scientist,onsite,excellent,no,3,cisco
male,"sinhala, tamil",bachelor's degree,cyber security,2.65,3,1,3.54,software engineer,"javascript, php",mysql,gcp,moderate,auditory,software engineer,hybrid,excellent,yes,3,none
male,"sinhala, tamil",bachelor's degree,computer science,3.48,1,2,3.4,cloud engineer,"python, java",mongodb,azure,excellent,auditory,software engineer,hybrid,average,no,8,aws
female,tamil,bachelor's degree,software engineering,2.39,4,1,3.38,data analyst,"python, r",sql server,azure,excellent,kinesthetic,systems analyst,remote,excellent,no,1,aws
female,"sinhala, tamil",bachelor's degree,information technology,2.74,4,2,3.28,ml engineer,"c#, .net",sql server,kubernetes,moderate,kinesthetic,systems analyst,onsite,poor,no,12,azure
male,english,bachelor's degree,information technology,3.0,1,1,3.1,devops engineer,"python, sql",mongodb,azure,low,visual,data scientist,hybrid,poor,yes,7,none
male,"tamil, english",bachelor's degree,software engineering,2.84,1,2,3.34,network engineer,"java, c++",sql server,azure,excellent,auditory,software engineer,hybrid,excellent,no,3,google
female,sinhala,bachelor's degree,software engineering,2.76,4,2,3.14,software engineer,"python, sql",mysql,docker,moderate,visual,software engineer,hybrid,excellent,no,2,cisco
female,"sinhala, tamil",bachelor's degree,information technology,2.94,2,1,2.51,software engineer,"python, java",oracle,azure,moderate,visual,qa engineer,remote,excellent,no,9,aws
male,"tamil, english",bachelor's degree,cyber security,2.39,3,1,2.84,devops engineer,"python, sql",mongodb,docker,low,visual,devops engineer,hybrid,excellent,yes,6,none
male,"sinhala, tamil",bachelor's degree,cyber security,2.75,2,2,2.38,ml engineer,"c#, .net",postgresql,aws,excellent,auditory,systems analyst,hybrid,poor,yes,0,cisco
male,sinhala,bachelor's degree,cyber security,3.53,3,2,2.46,cloud engineer,"python, r",postgresql,kubernetes,low,visual,security engineer,onsite,average,no,6,aws
female,sinhala,bachelor's degree,data science,3.29,2,1,2.63,software engineer,"python, r",mysql,gcp,excellent,kinesthetic,software engineer,remote,excellent,no,12,cisco
female,"english, sinhala",bachelor's degree,software engineering,2.83,3,2,3.59,ml engineer,"python, r",mongodb,azure,low,kinesthetic,systems analyst,hybrid,excellent,yes,5,azure
male,sinhala,bachelor's degree,information technology,3.0,2,2,3.64,cloud engineer,"c#, .net",postgresql,gcp,moderate,kinesthetic,software engineer,hybrid,average,yes,12,none
female,english,bachelor's degree,cyber security,2.75,4,1,3.97,ai engineer,"python, java",oracle,kubernetes,excellent,auditory,qa engineer,remote,average,yes,7,google
male,tamil,bachelor's degree,cyber security,2.59,1,2,2.31,qa engineer,"c#, .net",sql server,azure,excellent,kinesthetic,qa engineer,remote,excellent,yes,8,azure
male,english,bachelor's degree,data science,2.38,1,2,2.64,data analyst,"python, java",mysql,docker,excellent,kinesthetic,qa engineer,remote,excellent,no,4,google
male,"english, sinhala, tamil",bachelor's degree,data science,2.36,2,1,2.75,ai engineer,"python, java",postgresql,gcp,moderate,visual,data scientist,hybrid,average,no,2,aws
male,sinhala,bachelor's degree,information technology,3.57,3,1,2.27,cyber security analyst,"c#, .net",oracle,aws,moderate,auditory,qa engineer,hybrid,poor,yes,3,google
male,sinhala,bachelor's degree,cyber security,3.0,4,1,2.58,cloud engineer,"python, sql",mongodb,azure,excellent,auditory,systems analyst,remote,poor,no,11,aws
female,sinhala,bachelor's degree,cyber security,2.42,2,2,2.56,ml engineer,"python, java",oracle,azure,excellent,visual,systems analyst,hybrid,excellent,yes,4,azure
male,english,bachelor's degree,data science,2.79,3,2,3.13,data analyst,"python, java",sql server,docker,low,auditory,devops engineer,hybrid,average,yes,6,aws
female,"tamil, english",bachelor's degree,computer science,3.55,3,1,2.47,devops engineer,"c#, .net",sql server,azure,moderate,auditory,software engineer,hybrid,poor,yes,6,cisco
male,english,bachelor's degree,computer science,3.87,3,1,3.95,devops engineer,"python, sql",mysql,kubernetes,moderate,visual,software engineer,hybrid,excellent,yes,5,aws
female,"english, sinhala",bachelor's degree,information technology,2.87,4,2,3.07,software engineer,"javascript, php",sql server,kubernetes,excellent,visual,qa engineer,onsite,excellent,no,2,none
female,"sinhala, tamil",bachelor's degree,computer science,2.81,3,2,2.44,software engineer,"python, java",mongodb,azure,excellent,auditory,security engineer,hybrid,average,no,2,azure
male,"tamil, english",bachelor's degree,cyber security,2.6,4,1,2.54,data analyst,"python, sql",oracle,docker,excellent,auditory,devops engineer,remote,excellent,yes,2,cisco
male,tamil,bachelor's degree,information technology,2.35,3,2,2.23,cyber security analyst,"c#, .net",postgresql,docker,low,kinesthetic,software engineer,remote,excellent,no,5,azure
male,"english, sinhala, tamil",bachelor's degree,cyber security,2.33,2,2,2.39,network engineer,"java, c++",mongodb,azure,low,visual,software engineer,onsite,average,no,8,azure
female,"tamil, english",bachelor's degree,data science,3.45,1,1,2.45,qa engineer,"python, java",postgresql,docker,moderate,visual,data scientist,onsite,poor,no,2,azure
male,"english, sinhala, tamil",bachelor's degree,computer science,2.4,2,2,3.13,cloud engineer,"python, r",mysql,docker,low,kinesthetic,data scientist,hybrid,poor,yes,0,azure
female,tamil,bachelor's degree,information technology,2.98,2,2,2.88,devops engineer,"javascript, php",mysql,azure,moderate,visual,systems analyst,hybrid,poor,yes,8,cisco
male,"sinhala, tamil",bachelor's degree,computer science,3.33,2,1,2.35,software engineer,"python, sql",mysql,kubernetes,low,auditory,systems analyst,onsite,excellent,no,3,azure
male,tamil,bachelor's degree,computer science,3.75,2,1,3.91,software engineer,"python, sql",sql server,azure,moderate,visual,qa engineer,hybrid,excellent,no,0,none
female,"tamil, english",bachelor's degree,cyber security,3.95,4,1,3.02,data analyst,"python, java",mysql,kubernetes,low,visual,data scientist,onsite,poor,yes,3,aws
female,"tamil, english",bachelor's degree,computer science,2.31,1,2,2.7,software engineer,"python, r",mysql,gcp,excellent,visual,qa engineer,onsite,average,no,5,google
male,english,bachelor's degree,information technology,2.68,1,2,3.64,data analyst,"javascript, php",mongodb,azure,low,visual,systems analyst,hybrid,average,yes,3,google
female,"sinhala, tamil",bachelor's degree,computer science,2.67,1,1,3.45,systems analyst,"python, sql",oracle,gcp,low,kinesthetic,software engineer,onsite,poor,no,1,none
male,sinhala,bachelor's degree,computer science,3.39,1,2,2.53,ml engineer,"c#, .net",mysql,gcp,low,kinesthetic,security engineer,hybrid,average,yes,2,azure
male,sinhala,bachelor's degree,software engineering,2.25,3,2,2.71,qa engineer,"javascript, php",mysql,aws,low,visual,qa engineer,onsite,poor,no,1,google
female,english,bachelor's degree,cyber security,3.41,3,1,2.69,devops engineer,"c#, .net",sql server,aws,moderate,kinesthetic,systems analyst,onsite,excellent,no,12,cisco
female,sinhala,bachelor's degree,computer science,2.35,4,2,2.91,devops engineer,"javascript, php",sql server,aws,low,visual,devops engineer,hybrid,average,yes,3,cisco
female,"english, sinhala, tamil",bachelor's degree,information technology,2.6,1,1,2.83,cyber security analyst,"c#, .net",postgresql,docker,excellent,kinesthetic,software engineer,hybrid,excellent,yes,7,cisco
male,"sinhala, tamil",bachelor's degree,software engineering,3.9,4,2,3.36,cyber security analyst,"c#, .net",mysql,docker,excellent,visual,security engineer,remote,poor,yes,5,azure
male,english,bachelor's degree,cyber security,3.11,3,2,2.76,systems analyst,"python, sql",mongodb,azure,excellent,kinesthetic,devops engineer,onsite,poor,yes,10,azure
female,"english, sinhala",bachelor's degree,data science,3.84,4,1,2.54,systems analyst,"python, r",postgresql,docker,moderate,auditory,devops engineer,onsite,poor,yes,10,cisco
female,"english, sinhala, tamil",bachelor's degree,data science,2.5,4,2,2.7,software engineer,"c#, .net",oracle,aws,low,auditory,systems analyst,onsite,average,no,0,azure
male,english,bachelor's degree,information technology,3.71,2,2,3.68,cyber security analyst,"python, r",mysql,kubernetes,excellent,auditory,security engineer,onsite,excellent,yes,2,cisco
female,tamil,bachelor's degree,information technology,2.73,2,2,3.58,ml engineer,"python, r",sql server,azure,low,kinesthetic,data scientist,onsite,average,no,6,aws
female,"english, sinhala",bachelor's degree,software engineering,3.61,1,2,3.28,qa engineer,"python, java",mongodb,kubernetes,low,auditory,devops engineer,hybrid,excellent,no,12,cisco
female,english,bachelor's degree,data science,3.66,4,1,3.91,qa engineer,"javascript, php",oracle,gcp,low,auditory,software engineer,onsite,average,yes,4,google
male,tamil,bachelor's degree,software engineering,2.86,1,2,2.61,cloud engineer,"python, java",oracle,aws,moderate,auditory,devops engineer,onsite,average,no,1,azure
male,"english, sinhala",bachelor's degree,cyber security,3.8,3,2,3.27,systems analyst,"python, sql",oracle,kubernetes,moderate,visual,security engineer,onsite,poor,yes,3,google
male,sinhala,bachelor's degree,information technology,2.31,2,2,2.8,ml engineer,"javascript, php",mysql,aws,low,auditory,systems analyst,remote,poor,no,3,cisco
male,sinhala,bachelor's degree,data science,2.56,1,2,3.13,software engineer,"python, sql",mongodb,azure,moderate,kinesthetic,devops engineer,remote,poor,yes,11,none
female,"sinhala, tamil",bachelor's degree,data science,2.23,2,1,2.67,ml engineer,"python, r",oracle,azure,moderate,kinesthetic,devops engineer,hybrid,poor,no,10,aws
female,"sinhala, tamil",bachelor's degree,software engineering,3.16,4,2,3.34,network engineer,"javascript, php",mysql,docker,moderate,visual,data scientist,onsite,poor,no,12,cisco
male,english,bachelor's degree,computer science,3.99,3,1,3.39,ml engineer,"java, c++",oracle,gcp,moderate,kinesthetic,security engineer,remote,excellent,no,1,none
female,tamil,bachelor's degree,computer science,2.59,1,1,2.96,cyber security analyst,"javascript, php",oracle,kubernetes,low,auditory,devops engineer,remote,average,yes,1,none
male,tamil,bachelor's degree,computer science,2.77,2,2,3.69,data analyst,"java, c++",mysql,azure,excellent,visual,data scientist,hybrid,average,no,8,cisco
male,"english, sinhala, tamil",bachelor's degree,computer science,2.29,1,2,2.92,qa engineer,"python, sql",sql server,docker,moderate,visual,qa engineer,onsite,excellent,yes,3,none
male,sinhala,bachelor's degree,computer science,2.3,3,2,2.8,software engineer,"python, sql",postgresql,gcp,excellent,auditory,devops engineer,onsite,poor,yes,9,none
female,"tamil, english",bachelor's degree,cyber security,2.39,4,1,2.89,ml engineer,"javascript, php",postgresql,docker,excellent,auditory,software engineer,remote,excellent,no,6,google
female,"tamil, english",bachelor's degree,cyber security,3.03,3,2,3.55,software engineer,"java, c++",mongodb,gcp,excellent,auditory,systems analyst,onsite,excellent,no,5,none
female,"tamil, english",bachelor's degree,information technology,3.08,4,2,2.78,ai engineer,"javascript, php",sql server,gcp,low,auditory,software engineer,hybrid,excellent,no,7,aws
male,tamil,bachelor's degree,computer science,3.34,2,1,2.97,qa engineer,"python, r",oracle,docker,excellent,visual,systems analyst,onsite,average,yes,11,google
female,"tamil, english",bachelor's degree,cyber security,2.75,2,2,2.58,ml engineer,"python, java",mysql,docker,low,visual,devops engineer,remote,poor,yes,11,google
male,"english, sinhala, tamil",bachelor's degree,computer science,3.62,2,2,3.4,ml engineer,"java, c++",oracle,kubernetes,low,auditory,data scientist,hybrid,poor,yes,1,azure
female,sinhala,bachelor's degree,cyber security,3.83,1,1,3.73,ml engineer,"python, java",oracle,docker,moderate,auditory,qa engineer,hybrid,average,yes,7,google
female,"english, sinhala",bachelor's degree,cyber security,3.16,2,2,2.46,cloud engineer,"python, java",postgresql,kubernetes,moderate,auditory,security engineer,hybrid,poor,yes,11,aws
female,"sinhala, tamil",bachelor's degree,information technology,2.26,2,1,3.23,software engineer,"python, java",mongodb,kubernetes,excellent,auditory,data scientist,remote,average,yes,12,none
male,"sinhala, tamil",bachelor's degree,cyber security,2.29,4,2,2.29,devops engineer,"python, java",sql server,aws,excellent,kinesthetic,security engineer,remote,average,yes,11,cisco
female,"english, sinhala",bachelor's degree,information technology,2.48,3,1,3.69,devops engineer,"python, r",sql server,kubernetes,moderate,visual,security engineer,onsite,average,no,5,google
male,tamil,bachelor's degree,cyber security,2.68,3,2,2.86,cyber security analyst,"python, java",mysql,docker,moderate,auditory,systems analyst,onsite,poor,no,4,none
female,"sinhala, tamil",bachelor's degree,computer science,2.4,4,1,3.0,ml engineer,"javascript, php",mysql,docker,low,auditory,systems analyst,remote,average,no,6,azure
male,"english, sinhala",bachelor's degree,information technology,2.49,4,1,2.24,cloud engineer,"c#, .net",postgresql,kubernetes,moderate,auditory,qa engineer,remote,excellent,yes,4,none
male,sinhala,bachelor's degree,information technology,3.97,3,2,2.63,ml engineer,"javascript, php",mongodb,kubernetes,excellent,auditory,software engineer,hybrid,poor,no,5,none
female,sinhala,bachelor's degree,information technology,2.96,2,1,3.24,qa engineer,"python, java",postgresql,docker,moderate,kinesthetic,software engineer,remote,excellent,yes,5,none
female,"tamil, english",bachelor's degree,information technology,2.51,4,2,3.45,ml engineer,"python, java",postgresql,kubernetes,low,kinesthetic,security engineer,remote,excellent,no,7,azure
female,"tamil, english",bachelor's degree,software engineering,2.95,3,1,2.69,software engineer,"python, r",mongodb,azure,moderate,visual,devops engineer,remote,poor,no,11,none
male,tamil,bachelor's degree,cyber security,3.13,2,2,2.97,ml engineer,"java, c++",mongodb,gcp,low,auditory,software engineer,remote,excellent,yes,12,aws
female,"english, sinhala",bachelor's degree,cyber security,3.61,1,2,2.55,systems analyst,"python, r",postgresql,docker,excellent,visual,devops engineer,onsite,average,yes,1,azure
female,"tamil, english",bachelor's degree,cyber security,3.99,4,2,2.51,data analyst,"python, java",postgresql,kubernetes,excellent,kinesthetic,qa engineer,hybrid,poor,no,2,azure
male,"sinhala, tamil",bachelor's degree,computer science,2.6,1,1,3.01,software engineer,"c#, .net",oracle,kubernetes,moderate,auditory,data scientist,onsite,average,yes,2,aws
female,english,bachelor's degree,information technology,3.66,3,1,3.91,software engineer,"java, c++",mongodb,azure,moderate,auditory,software engineer,remote,poor,no,1,aws
female,"english, sinhala, tamil",bachelor's degree,information technology,3.7,2,1,3.94,software engineer,"java, c++",sql server,aws,low,kinesthetic,data scientist,hybrid,average,no,5,google
male,sinhala,bachelor's degree,information technology,3.93,2,1,2.55,cloud engineer,"python, sql",postgresql,kubernetes,excellent,kinesthetic,security engineer,onsite,excellent,yes,2,google
female,tamil,bachelor's degree,cyber security,3.27,1,2,3.99,systems analyst,"python, r",postgresql,docker,low,visual,systems analyst,hybrid,poor,yes,9,azure
female,"sinhala, tamil",bachelor's degree,software engineering,2.75,1,1,3.14,software engineer,"python, r",mongodb,gcp,low,auditory,software engineer,hybrid,average,yes,7,aws
female,"tamil, english",bachelor's degree,information technology,3.42,2,2,3.22,devops engineer,"javascript, php",mongodb,gcp,excellent,visual,devops engineer,onsite,poor,yes,7,google
female,"english, sinhala",bachelor's degree,data science,2.64,3,1,3.94,ai engineer,"c#, .net",postgresql,kubernetes,low,visual,systems analyst,hybrid,excellent,no,11,aws
male,english,bachelor's degree,software engineering,3.12,1,2,3.16,software engineer,"python, r",oracle,kubernetes,low,kinesthetic,data scientist,hybrid,poor,no,5,none
male,"sinhala, tamil",bachelor's degree,information technology,2.57,3,2,2.54,data analyst,"java, c++",oracle,azure,excellent,visual,software engineer,onsite,excellent,yes,11,cisco
female,"english, sinhala, tamil",bachelor's degree,cyber security,3.47,1,2,3.17,ml engineer,"c#, .net",oracle,azure,excellent,kinesthetic,data scientist,remote,excellent,no,2,azure
female,english,bachelor's degree,software engineering,3.19,3,1,3.45,software engineer,"java, c++",oracle,docker,excellent,visual,data scientist,remote,excellent,no,12,aws
female,english,bachelor's degree,computer science,3.12,1,2,2.73,cloud engineer,"java, c++",oracle,kubernetes,moderate,auditory,software engineer,remote,excellent,no,10,google
male,"sinhala, tamil",bachelor's degree,software engineering,3.65,4,2,2.45,devops engineer,"java, c++",mongodb,aws,excellent,visual,qa engineer,hybrid,average,yes,2,google
male,"english, sinhala, tamil",bachelor's degree,software engineering,3.85,3,2,2.87,software engineer,"c#, .net",mysql,kubernetes,excellent,kinesthetic,devops engineer,hybrid,average,no,12,aws
female,"english, sinhala, tamil",bachelor's degree,software engineering,2.73,1,1,2.58,qa engineer,"c#, .net",mysql,gcp,low,visual,qa engineer,hybrid,average,no,6,aws
male,sinhala,bachelor's degree,computer science,3.96,1,2,2.88,ai engineer,"python, sql",mongodb,kubernetes,low,kinesthetic,systems analyst,remote,average,no,10,cisco
male,sinhala,bachelor's degree,software engineering,3.66,4,2,2.97,systems analyst,"python, sql",oracle,docker,low,auditory,software engineer,onsite,excellent,no,5,azure
male,"sinhala, tamil",bachelor's degree,software engineering,3.44,3,1,2.5,systems analyst,"python, sql",postgresql,kubernetes,moderate,auditory,data scientist,onsite,excellent,yes,0,aws
male,"english, sinhala, tamil",bachelor's degree,computer science,3.63,3,1,3.1,software engineer,"python, sql",oracle,kubernetes,moderate,kinesthetic,data scientist,onsite,average,no,10,google
female,"sinhala, tamil",bachelor's degree,software engineering,3.0,1,2,2.24,cyber security analyst,"python, r",sql server,docker,moderate,visual,qa engineer,hybrid,average,no,11,aws
female,tamil,bachelor's degree,data science,3.74,4,2,3.83,ml engineer,"python, sql",sql server,docker,low,visual,systems analyst,hybrid,poor,no,11,google
female,"sinhala, tamil",bachelor's degree,computer science,2.81,2,2,2.34,devops engineer,"javascript, php",oracle,gcp,moderate,auditory,data scientist,hybrid,excellent,no,10,google
female,english,bachelor's degree,data science,3.58,3,2,2.31,network engineer,"c#, .net",mongodb,aws,moderate,visual,software engineer,onsite,excellent,yes,4,cisco
male,"tamil, english",bachelor's degree,software engineering,3.52,2,1,3.99,ai engineer,"python, r",postgresql,azure,excellent,kinesthetic,data scientist,onsite,poor,yes,1,azure
female,english,bachelor's degree,information technology,3.61,1,1,3.36,cloud engineer,"c#, .net",mongodb,kubernetes,moderate,visual,devops engineer,hybrid,excellent,no,11,google
male,tamil,bachelor's degree,data science,3.8,2,1,3.55,cyber security analyst,"python, java",oracle,docker,low,kinesthetic,data scientist,remote,excellent,no,7,cisco
female,"english, sinhala, tamil",bachelor's degree,data science,3.54,1,1,2.97,data analyst,"c#, .net",oracle,gcp,low,visual,devops engineer,onsite,excellent,yes,4,aws
female,"tamil, english",bachelor's degree,data science,3.68,1,2,3.74,cloud engineer,"python, sql",sql server,azure,excellent,auditory,systems analyst,onsite,poor,no,9,azure
female,"sinhala, tamil",bachelor's degree,information technology,3.34,3,1,3.88,data analyst,"python, java",postgresql,gcp,excellent,kinesthetic,software engineer,onsite,excellent,no,1,google
female,"tamil, english",bachelor's degree,information technology,3.44,4,1,2.99,ml engineer,"javascript, php",oracle,kubernetes,moderate,auditory,qa engineer,hybrid,average,yes,3,none
male,"english, sinhala, tamil",bachelor's degree,software engineering,3.59,3,2,3.38,cloud engineer,"javascript, php",postgresql,kubernetes,moderate,auditory,security engineer,remote,poor,yes,2,google
male,"english, sinhala",bachelor's degree,computer science,3.84,1,1,2.21,ai engineer,"python, sql",postgresql,gcp,excellent,visual,qa engineer,hybrid,average,yes,2,none
male,tamil,bachelor's degree,information technology,2.74,1,1,2.61,devops engineer,"python, sql",mysql,kubernetes,low,auditory,security engineer,remote,poor,no,3,azure
female,english,bachelor's degree,cyber security,2.85,4,1,3.78,systems analyst,"javascript, php",postgresql,aws,excellent,visual,software engineer,remote,poor,yes,11,google
female,"english, sinhala, tamil",bachelor's degree,cyber security,3.63,2,2,3.89,network engineer,"javascript, php",oracle,docker,excellent,visual,devops engineer,remote,excellent,no,6,cisco
male,tamil,bachelor's degree,computer science,2.55,2,2,2.78,ml engineer,"python, r",mongodb,docker,low,visual,data scientist,onsite,excellent,no,10,none
female,"sinhala, tamil",bachelor's degree,computer science,2.67,4,1,2.95,systems analyst,"python, sql",oracle,azure,excellent,visual,data scientist,remote,average,no,0,aws
male,"english, sinhala",bachelor's degree,information technology,3.45,4,2,2.44,cloud engineer,"python, r",sql server,azure,low,visual,data scientist,hybrid,poor,yes,5,azure
female,tamil,bachelor's degree,data science,3.27,4,2,2.23,qa engineer,"c#, .net",mongodb,docker,excellent,kinesthetic,software engineer,remote,poor,yes,5,none
female,english,bachelor's degree,computer science,3.36,4,2,2.48,systems analyst,"python, sql",sql server,aws,low,visual,qa engineer,hybrid,poor,yes,9,google
male,english,bachelor's degree,cyber security,3.28,4,1,3.79,network engineer,"python, r",sql server,gcp,low,auditory,data scientist,hybrid,average,no,6,none
male,"tamil, english",bachelor's degree,computer science,2.4,3,1,3.41,software engineer,"python, java",mysql,kubernetes,low,kinesthetic,software engineer,hybrid,excellent,yes,7,google
male,"english, sinhala",bachelor's degree,computer science,3.1,2,1,2.74,software engineer,"python, java",oracle,docker,moderate,kinesthetic,software engineer,hybrid,average,yes,1,cisco
male,sinhala,bachelor's degree,software engineering,3.84,2,1,3.3,network engineer,"java, c++",mysql,azure,low,auditory,systems analyst,remote,excellent,no,10,cisco
male,tamil,bachelor's degree,information technology,3.03,4,2,3.91,software engineer,"javascript, php",sql server,azure,moderate,auditory,systems analyst,remote,poor,yes,7,cisco
female,"tamil, english",bachelor's degree,data science,3.7,2,2,3.11,data analyst,"python, java",postgresql,kubernetes,low,auditory,qa engineer,hybrid,poor,no,12,cisco
female,"english, sinhala, tamil",bachelor's degree,data science,3.96,2,2,3.23,network engineer,"java, c++",postgresql,aws,excellent,visual,qa engineer,onsite,average,yes,1,none
female,tamil,bachelor's degree,data science,3.74,3,1,3.79,cyber security analyst,"javascript, php",postgresql,azure,excellent,kinesthetic,qa engineer,remote,average,yes,10,aws
female,"english, sinhala, tamil",bachelor's degree,information technology,2.53,3,2,3.18,data analyst,"python, r",mongodb,docker,moderate,kinesthetic,security engineer,remote,average,yes,1,azure
female,sinhala,bachelor's degree,software engineering,3.8,2,2,3.24,cyber security analyst,"python, java",mysql,gcp,low,auditory,software engineer,onsite,poor,no,9,google
female,"tamil, english",bachelor's degree,computer science,2.87,1,1,3.19,devops engineer,"python, java",postgresql,kubernetes,moderate,kinesthetic,security engineer,hybrid,poor,no,8,google
male,english,bachelor's degree,software engineering,3.92,1,1,2.65,ai engineer,"java, c++",oracle,azure,low,visual,systems analyst,remote,average,yes,7,none
male,sinhala,bachelor's degree,data science,2.96,4,1,2.27,network engineer,"python, java",oracle,docker,excellent,kinesthetic,systems analyst,onsite,average,no,0,cisco
male,"english, sinhala, tamil",bachelor's degree,information technology,2.99,2,1,2.74,cloud engineer,"python, sql",postgresql,kubernetes,moderate,visual,software engineer,remote,average,yes,9,azure
female,tamil,bachelor's degree,computer science,3.81,4,2,2.96,cloud engineer,"javascript, php",postgresql,azure,low,kinesthetic,systems analyst,onsite,poor,no,3,aws
male,"english, sinhala, tamil",bachelor's degree,software engineering,2.77,1,2,3.91,software engineer,"javascript, php",mysql,gcp,low,kinesthetic,data scientist,remote,average,no,11,google
male,sinhala,bachelor's degree,information technology,3.96,3,2,2.93,data analyst,"javascript, php",sql server,azure,excellent,kinesthetic,devops engineer,remote,average,no,6,cisco
male,tamil,bachelor's degree,cyber security,3.89,1,2,3.64,data analyst,"c#, .net",sql server,kubernetes,moderate,visual,software engineer,hybrid,excellent,yes,0,none
male,"english, sinhala, tamil",bachelor's degree,cyber security,2.46,1,1,2.47,qa engineer,"javascript, php",mongodb,aws,low,auditory,data scientist,hybrid,average,no,0,aws
female,"sinhala, tamil",bachelor's degree,computer science,3.27,2,2,3.53,devops engineer,"python, r",mysql,docker,excellent,visual,security engineer,onsite,average,no,12,none
male,sinhala,bachelor's degree,software engineering,2.45,1,2,3.63,software engineer,"c#, .net",mysql,kubernetes,moderate,auditory,software engineer,hybrid,poor,no,12,google
male,"sinhala, tamil",bachelor's degree,computer science,3.38,2,1,2.63,cloud engineer,"python, java",sql server,gcp,low,auditory,devops engineer,hybrid,excellent,no,7,azure
male,"tamil, english",bachelor's degree,computer science,3.94,1,1,3.0,ai engineer,"python, java",oracle,kubernetes,excellent,kinesthetic,qa engineer,hybrid,average,no,10,aws
male,"sinhala, tamil",bachelor's degree,computer science,3.25,4,1,3.94,qa engineer,"python, java",postgresql,docker,moderate,kinesthetic,data scientist,onsite,average,yes,10,aws
female,"english, sinhala, tamil",bachelor's degree,data science,2.43,3,1,2.92,software engineer,"java, c++",oracle,docker,low,visual,software engineer,onsite,average,yes,6,google
female,"sinhala, tamil",bachelor's degree,data science,3.75,4,1,2.97,software engineer,"python, java",mysql,azure,moderate,visual,devops engineer,hybrid,average,yes,7,aws
male,"tamil, english",bachelor's degree,computer science,3.85,4,2,3.16,ml engineer,"java, c++",mongodb,azure,moderate,visual,software engineer,remote,average,no,5,google
female,"english, sinhala",bachelor's degree,information technology,3.93,3,1,2.82,data analyst,"python, r",mongodb,docker,moderate,auditory,systems analyst,remote,poor,yes,0,azure
female,"sinhala, tamil",bachelor's degree,information technology,2.32,4,1,2.77,data analyst,"javascript, php",postgresql,gcp,moderate,kinesthetic,security engineer,hybrid,excellent,yes,11,aws
female,"english, sinhala, tamil",bachelor's degree,software engineering,3.57,3,1,2.54,cyber security analyst,"java, c++",sql server,gcp,low,kinesthetic,data scientist,remote,average,no,7,google
male,sinhala,bachelor's degree,information technology,3.22,1,2,2.32,data analyst,"python, r",postgresql,kubernetes,moderate,auditory,systems analyst,onsite,average,yes,0,none
female,"tamil, english",bachelor's degree,computer science,3.34,1,2,2.43,ml engineer,"python, java",mysql,gcp,moderate,kinesthetic,qa engineer,hybrid,excellent,yes,1,azure
female,"english, sinhala, tamil",bachelor's degree,data science,3.34,4,1,3.01,software engineer,"python, java",mysql,azure,moderate,visual,qa engineer,remote,excellent,no,5,azure
male,"tamil, english",bachelor's degree,data science,2.39,2,1,2.34,data analyst,"python, r",postgresql,azure,moderate,visual,data scientist,remote,excellent,no,11,aws
female,"sinhala, tamil",bachelor's degree,computer science,3.03,3,1,3.48,ai engineer,"python, r",postgresql,docker,excellent,auditory,systems analyst,hybrid,poor,no,11,azure
male,"sinhala, tamil",bachelor's degree,computer science,3.98,3,1,2.45,data analyst,"c#, .net",mongodb,kubernetes,moderate,visual,devops engineer,remote,average,yes,7,none
female,"sinhala, tamil",bachelor's degree,computer science,2.95,4,2,2.9,qa engineer,"python, sql",postgresql,aws,excellent,kinesthetic,systems analyst,remote,excellent,yes,3,aws
male,english,bachelor's degree,software engineering,3.14,3,2,2.3,cloud engineer,"java, c++",oracle,gcp,moderate,auditory,data scientist,remote,excellent,yes,8,none
female,"english, sinhala, tamil",bachelor's degree,software engineering,2.22,3,2,3.6,systems analyst,"python, java",oracle,docker,excellent,auditory,devops engineer,hybrid,average,no,1,none
male,sinhala,bachelor's degree,information technology,2.78,1,1,2.54,software engineer,"python, java",sql server,gcp,low,kinesthetic,software engineer,hybrid,poor,yes,9,aws
male,"english, sinhala",bachelor's degree,cyber security,2.82,4,1,3.65,qa engineer,"javascript, php",mongodb,azure,excellent,auditory,security engineer,hybrid,average,yes,12,azure
male,"english, sinhala",bachelor's degree,data science,2.6,1,2,2.61,devops engineer,"java, c++",mongodb,kubernetes,moderate,auditory,security engineer,remote,excellent,no,5,google
female,sinhala,bachelor's degree,software engineering,2.42,4,1,3.09,software engineer,"python, r",oracle,docker,moderate,visual,software engineer,hybrid,poor,yes,1,none
male,"tamil, english",bachelor's degree,data science,2.31,3,2,3.29,qa engineer,"c#, .net",mysql,kubernetes,low,kinesthetic,software engineer,onsite,poor,yes,9,cisco
male,"english, sinhala, tamil",bachelor's degree,software engineering,2.42,4,1,3.8,cloud engineer,"java, c++",mongodb,aws,low,visual,security engineer,onsite,excellent,no,1,google
female,"tamil, english",bachelor's degree,cyber security,2.83,4,1,2.85,devops engineer,"python, sql",oracle,docker,low,kinesthetic,software engineer,remote,average,yes,11,aws
female,english,bachelor's degree,cyber security,2.82,3,2,3.43,network engineer,"javascript, php",postgresql,kubernetes,low,kinesthetic,data scientist,onsite,average,yes,0,azure
female,english,bachelor's degree,data science,2.99,3,2,2.47,ml engineer,"javascript, php",mongodb,gcp,moderate,kinesthetic,security engineer,hybrid,excellent,yes,1,cisco
female,"english, sinhala",bachelor's degree,cyber security,3.53,2,2,3.06,ml engineer,"java, c++",postgresql,gcp,moderate,kinesthetic,devops engineer,hybrid,excellent,no,5,none
male,sinhala,bachelor's degree,cyber security,3.03,1,2,3.76,ml engineer,"python, sql",mysql,aws,moderate,visual,systems analyst,onsite,average,yes,12,aws
female,"english, sinhala",bachelor's degree,data science,3.75,2,1,3.79,cyber security analyst,"java, c++",mongodb,kubernetes,low,kinesthetic,qa engineer,remote,poor,yes,5,none
female,"tamil, english",bachelor's degree,computer science,2.55,1,2,2.43,ai engineer,"java, c++",oracle,gcp,moderate,visual,security engineer,remote,average,no,7,cisco
female,"sinhala, tamil",bachelor's degree,software engineering,3.81,3,2,3.92,ml engineer,"python, r",mongodb,aws,moderate,kinesthetic,software engineer,onsite,average,yes,2,cisco
female,english,bachelor's degree,computer science,2.21,4,2,2.5,cloud engineer,"python, sql",sql server,docker,low,visual,systems analyst,remote,poor,no,9,none
male,tamil,bachelor's degree,software engineering,3.52,4,2,3.3,systems analyst,"javascript, php",sql server,docker,low,kinesthetic,software engineer,remote,poor,yes,12,cisco
female,english,bachelor's degree,information technology,2.66,3,2,3.24,devops engineer,"javascript, php",sql server,docker,moderate,auditory,security engineer,remote,poor,no,8,google
male,"english, sinhala, tamil",bachelor's degree,computer science,3.2,3,2,3.18,cloud engineer,"python, sql",oracle,azure,moderate,auditory,systems analyst,remote,excellent,no,8,azure
female,"english, sinhala, tamil",bachelor's degree,software engineering,2.34,1,1,3.92,systems analyst,"javascript, php",oracle,docker,excellent,kinesthetic,security engineer,hybrid,average,no,4,cisco
female,tamil,bachelor's degree,software engineering,2.73,4,1,3.91,data analyst,"python, sql",mysql,kubernetes,excellent,visual,software engineer,hybrid,poor,yes,1,google
female,tamil,bachelor's degree,software engineering,3.65,4,1,3.68,cyber security analyst,"java, c++",mysql,azure,excellent,visual,data scientist,onsite,poor,no,10,google
female,english,bachelor's degree,cyber security,3.41,1,1,3.57,software engineer,"javascript, php",sql server,aws,excellent,visual,systems analyst,remote,average,no,5,none
male,"english, sinhala",bachelor's degree,data science,2.37,2,1,3.5,ai engineer,"java, c++",oracle,aws,excellent,visual,systems analyst,remote,average,yes,7,cisco
female,"english, sinhala",bachelor's degree,data science,2.53,4,1,3.81,ml engineer,"python, sql",postgresql,kubernetes,excellent,visual,data scientist,onsite,average,yes,5,aws
male,english,bachelor's degree,information technology,2.68,2,2,2.24,ml engineer,"javascript, php",sql server,kubernetes,low,auditory,software engineer,remote,excellent,yes,11,azure
male,tamil,bachelor's degree,information technology,3.68,4,2,3.65,cloud engineer,"python, sql",oracle,gcp,low,kinesthetic,software engineer,remote,excellent,yes,7,none
male,english,bachelor's degree,software engineering,2.24,1,1,3.7,devops engineer,"python, java",sql server,aws,low,auditory,data scientist,onsite,poor,yes,5,google
male,tamil,bachelor's degree,cyber security,3.3,4,1,2.63,network engineer,"python, sql",mysql,docker,moderate,kinesthetic,software engineer,hybrid,average,yes,0,aws
male,tamil,bachelor's degree,computer science,2.47,4,1,2.76,software engineer,"python, java",mysql,azure,excellent,kinesthetic,security engineer,remote,poor,yes,1,aws
male,tamil,bachelor's degree,software engineering,3.42,3,2,2.87,cyber security analyst,"python, java",postgresql,azure,low,kinesthetic,security engineer,remote,excellent,no,9,cisco
female,"english, sinhala, tamil",bachelor's degree,data science,3.77,3,1,3.34,cyber security analyst,"python, sql",oracle,kubernetes,excellent,visual,data scientist,hybrid,average,yes,4,azure
male,"english, sinhala",bachelor's degree,computer science,3.02,3,1,3.13,data analyst,"python, r",sql server,azure,low,kinesthetic,security engineer,onsite,average,no,1,azure
male,"sinhala, tamil",bachelor's degree,information technology,2.35,2,2,2.48,ai engineer,"c#, .net",mongodb,gcp,excellent,auditory,devops engineer,remote,excellent,yes,4,none
female,tamil,bachelor's degree,information technology,3.74,3,2,3.09,data analyst,"java, c++",mysql,kubernetes,moderate,visual,security engineer,onsite,poor,yes,7,none
female,"english, sinhala",bachelor's degree,cyber security,2.3,4,1,3.49,systems analyst,"javascript, php",sql server,gcp,low,auditory,qa engineer,onsite,average,no,11,none
female,"english, sinhala",bachelor's degree,data science,2.27,4,1,3.64,software engineer,"c#, .net",postgresql,azure,low,auditory,systems analyst,hybrid,poor,yes,4,azure
female,"sinhala, tamil",bachelor's degree,information technology,3.41,2,1,3.55,software engineer,"python, sql",postgresql,aws,low,kinesthetic,devops engineer,hybrid,average,no,12,google
female,english,bachelor's degree,information technology,3.21,1,1,3.74,network engineer,"javascript, php",oracle,gcp,moderate,kinesthetic,data scientist,hybrid,average,no,9,azure
female,english,bachelor's degree,cyber security,3.49,3,2,2.87,ai engineer,"python, sql",oracle,azure,excellent,visual,systems analyst,remote,average,no,1,none
male,sinhala,bachelor's degree,software engineering,2.36,4,1,3.08,cloud engineer,"c#, .net",postgresql,azure,excellent,visual,security engineer,onsite,average,no,8,none
male,tamil,bachelor's degree,computer science,3.03,3,1,3.61,ml engineer,"c#, .net",postgresql,gcp,excellent,auditory,security engineer,remote,excellent,yes,7,google
female,"english, sinhala, tamil",bachelor's degree,computer science,2.43,4,1,2.23,cloud engineer,"c#, .net",mongodb,aws,moderate,kinesthetic,data scientist,hybrid,average,yes,4,none
female,"english, sinhala, tamil",bachelor's degree,software engineering,3.2,3,1,3.72,devops engineer,"python, r",oracle,azure,excellent,auditory,qa engineer,remote,excellent,no,12,google
male,"tamil, english",bachelor's degree,data science,3.85,1,1,2.72,cloud engineer,"python, java",oracle,kubernetes,excellent,auditory,qa engineer,remote,excellent,yes,0,azure
male,sinhala,bachelor's degree,information technology,2.37,1,1,3.55,cyber security analyst,"c#, .net",mongodb,aws,excellent,visual,security engineer,hybrid,poor,no,1,cisco
female,"tamil, english",bachelor's degree,cyber security,3.33,2,2,3.78,software engineer,"python, java",mysql,kubernetes,excellent,auditory,systems analyst,hybrid,average,yes,11,google
male,"tamil, english",bachelor's degree,software engineering,3.47,4,2,3.3,cyber security analyst,"java, c++",mongodb,docker,low,visual,security engineer,hybrid,excellent,yes,6,azure
male,sinhala,bachelor's degree,cyber security,3.49,4,2,2.73,data analyst,"c#, .net",sql server,aws,moderate,kinesthetic,security engineer,hybrid,poor,no,3,aws
male,sinhala,bachelor's degree,computer science,3.96,4,1,3.28,ml engineer,"javascript, php",mysql,kubernetes,low,auditory,systems analyst,onsite,excellent,yes,7,azure
male,"english, sinhala, tamil",bachelor's degree,cyber security,3.78,2,2,2.93,software engineer,"javascript, php",sql server,kubernetes,moderate,kinesthetic,software engineer,hybrid,average,yes,1,cisco
female,"english, sinhala",bachelor's degree,cyber security,2.67,4,1,2.97,ml engineer,"python, r",sql server,gcp,low,kinesthetic,qa engineer,hybrid,average,yes,9,none
female,"tamil, english",bachelor's degree,data science,3.11,3,1,3.94,cloud engineer,"python, java",sql server,docker,moderate,kinesthetic,software engineer,onsite,poor,yes,1,google
female,"sinhala, tamil",bachelor's degree,software engineering,3.68,3,1,3.18,systems analyst,"python, java",sql server,aws,low,kinesthetic,software engineer,onsite,excellent,no,1,cisco
female,english,bachelor's degree,software engineering,3.42,3,1,3.22,data analyst,"java, c++",sql server,aws,excellent,kinesthetic,security engineer,remote,excellent,no,7,none
female,english,bachelor's degree,cyber security,3.51,1,1,3.09,ml engineer,"python, sql",oracle,docker,moderate,visual,systems analyst,onsite,average,yes,2,google
male,"english, sinhala",bachelor's degree,computer science,3.31,4,2,3.97,data analyst,"c#, .net",mysql,aws,low,visual,qa engineer,hybrid,poor,yes,5,cisco
male,"english, sinhala, tamil",bachelor's degree,computer science,2.2,1,1,3.12,cloud engineer,"javascript, php",mongodb,kubernetes,low,kinesthetic,systems analyst,onsite,average,yes,1,aws
male,sinhala,bachelor's degree,computer science,3.97,4,2,2.63,ai engineer,"c#, .net",oracle,azure,excellent,visual,systems analyst,remote,excellent,yes,5,aws
female,"tamil, english",bachelor's degree,cyber security,3.9,2,1,2.76,systems analyst,"python, r",postgresql,kubernetes,excellent,kinesthetic,data scientist,hybrid,poor,no,5,none
male,sinhala,bachelor's degree,data science,3.98,2,1,2.27,data analyst,"javascript, php",postgresql,azure,low,kinesthetic,data scientist,onsite,average,no,2,none
male,"english, sinhala",bachelor's degree,software engineering,2.99,1,2,3.27,cloud engineer,"javascript, php",sql server,azure,excellent,kinesthetic,software engineer,hybrid,poor,yes,7,cisco
female,"english, sinhala, tamil",bachelor's degree,cyber security,2.47,3,2,2.31,ml engineer,"python, java",postgresql,kubernetes,low,visual,software engineer,remote,excellent,yes,8,cisco
female,"tamil, english",bachelor's degree,cyber security,3.4,2,1,2.57,data analyst,"python, java",postgresql,gcp,low,auditory,software engineer,onsite,poor,no,7,aws
male,tamil,bachelor's degree,data science,2.82,4,1,3.15,cyber security analyst,"python, sql",sql server,docker,excellent,auditory,software engineer,hybrid,excellent,yes,11,none
female,sinhala,bachelor's degree,data science,3.05,2,2,3.8,cloud engineer,"python, sql",mongodb,kubernetes,low,auditory,software engineer,remote,poor,no,10,none
male,"english, sinhala",bachelor's degree,information technology,2.65,4,1,3.0,network engineer,"javascript, php",mongodb,aws,moderate,kinesthetic,software engineer,remote,poor,no,10,azure
male,"english, sinhala, tamil",bachelor's degree,computer science,3.6,2,2,2.82,network engineer,"python, java",mongodb,gcp,moderate,auditory,systems analyst,hybrid,excellent,no,0,none
male,"tamil, english",bachelor's degree,cyber security,3.06,1,1,3.86,qa engineer,"javascript, php",oracle,kubernetes,excellent,auditory,qa engineer,hybrid,poor,yes,10,cisco
female,"tamil, english",bachelor's degree,cyber security,3.04,2,1,3.31,qa engineer,"c#, .net",mysql,azure,excellent,visual,security engineer,hybrid,poor,no,1,cisco
female,sinhala,bachelor's degree,computer science,2.43,3,1,2.47,software engineer,"python, java",sql server,docker,low,auditory,systems analyst,remote,excellent,no,3,none
female,english,bachelor's degree,software engineering,3.6,4,1,2.39,data analyst,"c#, .net",postgresql,kubernetes,low,kinesthetic,systems analyst,onsite,excellent,yes,9,google
male,sinhala,bachelor's degree,data science,3.94,4,1,3.49,network engineer,"javascript, php",oracle,azure,moderate,auditory,qa engineer,hybrid,average,no,8,none
male,"sinhala, tamil",bachelor's degree,data science,3.52,3,1,2.93,cyber security analyst,"java, c++",oracle,docker,excellent,auditory,devops engineer,hybrid,average,no,4,none
female,"english, sinhala, tamil",bachelor's degree,data science,3.37,4,2,3.72,cloud engineer,"python, sql",mongodb,aws,low,visual,security engineer,hybrid,average,yes,12,none
female,tamil,bachelor's degree,data science,3.01,3,1,3.45,ai engineer,"python, java",mongodb,gcp,excellent,kinesthetic,software engineer,hybrid,excellent,no,2,cisco
male,"sinhala, tamil",bachelor's degree,computer science,2.32,4,1,3.55,data analyst,"javascript, php",mysql,gcp,low,visual,software engineer,onsite,poor,no,1,azure
female,sinhala,bachelor's degree,information technology,2.84,4,1,2.72,data analyst,"python, java",mysql,docker,moderate,kinesthetic,systems analyst,hybrid,average,no,1,google
male,"english, sinhala, tamil",bachelor's degree,cyber security,2.7,4,1,3.97,ml engineer,"python, sql",oracle,azure,excellent,visual,qa engineer,onsite,poor,yes,0,google
male,"english, sinhala, tamil",bachelor's degree,computer science,3.77,1,1,3.7,qa engineer,"python, r",postgresql,gcp,excellent,kinesthetic,data scientist,onsite,average,no,1,google
male,"sinhala, tamil",bachelor's degree,cyber security,2.59,3,2,2.71,systems analyst,"c#, .net",mysql,docker,moderate,kinesthetic,devops engineer,remote,excellent,no,2,aws
male,"sinhala, tamil",bachelor's degree,data science,3.59,3,1,3.13,cloud engineer,"python, sql",sql server,gcp,moderate,kinesthetic,security engineer,remote,average,no,7,azure
female,english,bachelor's degree,software engineering,3.78,4,1,3.53,software engineer,"java, c++",mysql,aws,moderate,auditory,systems analyst,hybrid,excellent,yes,5,none
female,sinhala,bachelor's degree,software engineering,2.98,1,2,3.96,cyber security analyst,"java, c++",mysql,docker,low,auditory,devops engineer,hybrid,poor,yes,5,google
female,"tamil, english",bachelor's degree,software engineering,2.32,3,1,3.61,cyber security analyst,"c#, .net",sql server,gcp,excellent,visual,data scientist,onsite,excellent,no,0,cisco
male,sinhala,bachelor's degree,information technology,2.69,2,1,3.08,devops engineer,"python, java",mongodb,kubernetes,excellent,visual,security engineer,onsite,poor,no,10,azure
male,tamil,bachelor's degree,computer science,3.18,2,1,2.49,systems analyst,"java, c++",oracle,azure,low,auditory,qa engineer,onsite,poor,no,0,aws
male,"english, sinhala",bachelor's degree,information technology,3.41,3,1,3.36,qa engineer,"python, r",sql server,aws,low,kinesthetic,devops engineer,onsite,average,yes,1,cisco
female,"english, sinhala, tamil",bachelor's degree,data science,2.6,3,1,3.17,data analyst,"python, r",mongodb,kubernetes,low,visual,qa engineer,remote,average,no,12,aws
female,"english, sinhala",bachelor's degree,software engineering,2.9,1,2,3.69,ai engineer,"python, java",postgresql,aws,excellent,auditory,qa engineer,hybrid,excellent,no,11,aws
female,sinhala,bachelor's degree,software engineering,3.32,1,2,3.22,cloud engineer,"python, java",mongodb,aws,excellent,auditory,qa engineer,hybrid,poor,yes,2,aws
male,english,bachelor's degree,data science,3.33,4,2,3.65,network engineer,"python, java",postgresql,kubernetes,low,auditory,software engineer,hybrid,average,no,8,azure
female,english,bachelor's degree,computer science,3.68,2,1,2.83,data analyst,"javascript, php",oracle,gcp,moderate,auditory,devops engineer,remote,excellent,yes,12,none
male,english,bachelor's degree,computer science,2.31,2,2,3.98,software engineer,"javascript, php",sql server,kubernetes,excellent,kinesthetic,devops engineer,hybrid,average,yes,12,cisco
male,"tamil, english",bachelor's degree,computer science,3.86,2,2,3.78,software engineer,"python, java",sql server,gcp,excellent,auditory,security engineer,onsite,average,yes,0,google
male,"english, sinhala, tamil",bachelor's degree,data science,2.97,2,1,3.36,systems analyst,"python, r",sql server,gcp,excellent,auditory,systems analyst,hybrid,poor,yes,0,azure
male,sinhala,bachelor's degree,software engineering,3.55,1,2,2.33,cloud engineer,"javascript, php",sql server,azure,low,auditory,devops engineer,remote,average,yes,11,aws
female,sinhala,bachelor's degree,computer science,3.06,4,1,3.18,cloud engineer,"python, java",mongodb,kubernetes,low,kinesthetic,devops engineer,hybrid,poor,yes,7,cisco
male,english,bachelor's degree,data science,3.42,2,1,3.18,qa engineer,"c#, .net",oracle,docker,low,kinesthetic,software engineer,onsite,poor,no,7,google
female,"english, sinhala, tamil",bachelor's degree,cyber security,3.57,1,1,2.48,devops engineer,"python, java",mongodb,azure,low,auditory,software engineer,remote,excellent,yes,7,google
female,sinhala,bachelor's degree,software engineering,2.81,1,1,3.69,data analyst,"python, sql",mysql,aws,low,kinesthetic,security engineer,remote,average,no,4,none
male,english,bachelor's degree,information technology,2.22,1,1,3.37,systems analyst,"java, c++",sql server,aws,excellent,kinesthetic,data scientist,remote,poor,yes,10,cisco
male,sinhala,bachelor's degree,information technology,2.72,1,1,3.25,software engineer,"python, sql",sql server,kubernetes,excellent,visual,devops engineer,onsite,excellent,yes,4,none
male,"english, sinhala, tamil",bachelor's degree,information technology,3.25,2,1,3.32,cloud engineer,"python, r",postgresql,aws,excellent,kinesthetic,devops engineer,remote,average,no,7,cisco
male,"sinhala, tamil",bachelor's degree,data science,2.94,3,2,3.88,qa engineer,"c#, .net",oracle,docker,excellent,auditory,devops engineer,onsite,poor,yes,10,cisco
male,"sinhala, tamil",bachelor's degree,computer science,3.18,1,2,2.62,qa engineer,"python, sql",oracle,azure,low,kinesthetic,software engineer,hybrid,average,yes,9,cisco
female,"english, sinhala",bachelor's degree,data science,3.91,4,2,3.28,ml engineer,"java, c++",mysql,azure,excellent,kinesthetic,systems analyst,hybrid,average,yes,11,google
female,sinhala,bachelor's degree,data science,3.62,1,2,3.52,cyber security analyst,"python, r",mysql,gcp,excellent,auditory,data scientist,onsite,excellent,yes,5,none
female,tamil,bachelor's degree,software engineering,3.07,4,1,2.25,cloud engineer,"python, sql",oracle,aws,low,kinesthetic,qa engineer,hybrid,excellent,no,11,aws
female,"sinhala, tamil",bachelor's degree,data science,3.31,3,2,2.27,ai engineer,"python, r",oracle,kubernetes,excellent,auditory,qa engineer,onsite,excellent,no,11,cisco
male,"sinhala, tamil",bachelor's degree,software engineering,2.38,4,2,2.23,network engineer,"python, r",mysql,gcp,moderate,auditory,qa engineer,onsite,average,no,12,none
female,"sinhala, tamil",bachelor's degree,cyber security,3.19,4,2,2.93,systems analyst,"python, java",mongodb,aws,moderate,auditory,systems analyst,hybrid,excellent,no,10,aws
male,tamil,bachelor's degree,cyber security,3.67,4,1,2.82,data analyst,"python, r",oracle,kubernetes,excellent,auditory,data scientist,onsite,excellent,yes,1,none
female,"english, sinhala, tamil",bachelor's degree,information technology,2.28,2,1,3.94,ml engineer,"python, java",oracle,aws,low,auditory,devops engineer,onsite,excellent,yes,6,none
male,"english, sinhala, tamil",bachelor's degree,data science,3.36,1,1,3.35,cloud engineer,"python, r",mongodb,docker,low,auditory,qa engineer,remote,poor,yes,9,google
male,"tamil, english",bachelor's degree,cyber security,3.25,2,2,2.66,cyber security analyst,"javascript, php",sql server,docker,excellent,auditory,software engineer,remote,poor,yes,9,aws
male,sinhala,bachelor's degree,cyber security,3.47,4,1,3.51,software engineer,"python, r",postgresql,aws,moderate,auditory,security engineer,onsite,average,no,0,google
male,"sinhala, tamil",bachelor's degree,information technology,2.79,2,2,2.98,ml engineer,"python, r",oracle,aws,low,auditory,systems analyst,onsite,poor,no,9,none
female,"english, sinhala, tamil",bachelor's degree,cyber security,2.5,1,1,2.88,network engineer,"javascript, php",mongodb,aws,excellent,auditory,data scientist,onsite,average,no,4,cisco
male,"english, sinhala",bachelor's degree,cyber security,2.53,2,1,2.85,ml engineer,"java, c++",sql server,azure,excellent,visual,security engineer,remote,excellent,no,7,cisco
female,"english, sinhala, tamil",bachelor's degree,software engineering,3.29,3,1,2.41,cyber security analyst,"java, c++",oracle,kubernetes,low,kinesthetic,systems analyst,hybrid,excellent,yes,11,none
female,"english, sinhala",bachelor's degree,information technology,2.85,1,2,2.41,software engineer,"javascript, php",sql server,azure,moderate,visual,systems analyst,onsite,excellent,no,9,none
female,english,bachelor's degree,data science,3.69,3,2,3.45,cyber security analyst,"java, c++",mysql,azure,low,auditory,security engineer,onsite,poor,no,3,cisco
male,"english, sinhala",bachelor's degree,cyber security,3.05,2,1,2.38,software engineer,"python, r",postgresql,aws,excellent,kinesthetic,devops engineer,hybrid,excellent,no,10,cisco
female,sinhala,bachelor's degree,information technology,2.79,1,2,3.4,data analyst,"python, java",mysql,kubernetes,excellent,auditory,data scientist,onsite,excellent,no,9,aws
female,tamil,bachelor's degree,computer science,2.62,3,2,2.71,cloud engineer,"python, java",oracle,azure,excellent,visual,security engineer,remote,poor,yes,0,google
male,english,bachelor's degree,software engineering,3.73,2,1,2.28,qa engineer,"java, c++",mysql,gcp,moderate,visual,devops engineer,hybrid,poor,yes,10,aws
male,"english, sinhala",bachelor's degree,data science,3.14,3,2,2.32,cyber security analyst,"c#, .net",mysql,kubernetes,moderate,auditory,security engineer,hybrid,excellent,yes,0,aws
male,"sinhala, tamil",bachelor's degree,computer science,3.28,1,1,2.72,data analyst,"python, sql",mongodb,aws,moderate,visual,qa engineer,hybrid,excellent,yes,0,google
female,"english, sinhala",bachelor's degree,software engineering,2.4,1,2,2.72,cyber security analyst,"python, sql",mysql,aws,excellent,visual,data scientist,hybrid,average,yes,10,azure
male,"english, sinhala",bachelor's degree,computer science,3.77,4,1,2.25,data analyst,"javascript, php",mysql,gcp,moderate,kinesthetic,devops engineer,remote,average,yes,6,google
female,"tamil, english",bachelor's degree,cyber security,3.92,3,1,3.22,qa engineer,"python, java",mongodb,docker,low,auditory,software engineer,hybrid,average,yes,2,aws
male,sinhala,bachelor's degree,software engineering,3.72,4,1,2.24,cloud engineer,"python, r",mongodb,aws,low,visual,software engineer,onsite,average,yes,11,azure
male,tamil,bachelor's degree,data science,3.39,4,2,3.81,ml engineer,"python, r",postgresql,docker,low,auditory,devops engineer,onsite,excellent,yes,6,google
male,"english, sinhala, tamil",bachelor's degree,software engineering,2.74,2,1,2.37,cyber security analyst,"python, r",sql server,aws,low,kinesthetic,software engineer,remote,poor,yes,12,none
male,sinhala,bachelor's degree,software engineering,2.84,1,1,2.63,data analyst,"python, r",mysql,kubernetes,moderate,auditory,systems analyst,remote,average,yes,7,aws
male,sinhala,bachelor's degree,data science,2.48,1,1,2.65,software engineer,"python, java",mongodb,aws,excellent,kinesthetic,software engineer,hybrid,average,yes,8,google
female,"english, sinhala",bachelor's degree,software engineering,3.49,4,2,3.75,cyber security analyst,"java, c++",mongodb,gcp,low,visual,data scientist,hybrid,average,yes,4,none
male,tamil,bachelor's degree,cyber security,3.98,4,1,3.18,cloud engineer,"python, java",oracle,kubernetes,moderate,visual,qa engineer,hybrid,average,yes,9,none
male,"sinhala, tamil",bachelor's degree,information technology,2.39,4,2,3.06,qa engineer,"python, java",sql server,aws,low,kinesthetic,software engineer,hybrid,poor,no,6,aws
male,"tamil, english",bachelor's degree,computer science,2.77,4,2,2.4,software engineer,"python, sql",postgresql,kubernetes,moderate,kinesthetic,devops engineer,onsite,average,yes,3,azure
male,tamil,bachelor's degree,cyber security,3.93,3,2,3.19,ml engineer,"python, java",sql server,kubernetes,moderate,kinesthetic,devops engineer,hybrid,excellent,yes,1,azure
male,"tamil, english",bachelor's degree,cyber security,2.32,4,1,2.54,systems analyst,"python, r",mongodb,docker,low,kinesthetic,security engineer,onsite,excellent,no,11,google
female,"tamil, english",bachelor's degree,software engineering,3.02,1,1,3.06,ai engineer,"python, r",mysql,gcp,excellent,kinesthetic,software engineer,hybrid,average,yes,4,cisco
female,english,bachelor's degree,data science,2.39,4,2,3.38,ml engineer,"python, java",postgresql,azure,moderate,kinesthetic,data scientist,hybrid,poor,no,12,azure
female,"tamil, english",bachelor's degree,information technology,3.55,1,1,3.84,systems analyst,"python, sql",mysql,docker,excellent,auditory,security engineer,remote,excellent,no,4,azure
male,sinhala,bachelor's degree,computer science,3.42,3,1,3.71,cyber security analyst,"python, sql",oracle,aws,low,visual,devops engineer,hybrid,excellent,no,1,aws
male,"tamil, english",bachelor's degree,computer science,2.68,1,1,3.7,cloud engineer,"c#, .net",sql server,kubernetes,low,kinesthetic,security engineer,onsite,poor,no,12,none
male,english,bachelor's degree,software engineering,3.67,2,2,3.17,ml engineer,"c#, .net",postgresql,kubernetes,excellent,visual,qa engineer,hybrid,excellent,no,1,none
male,"sinhala, tamil",bachelor's degree,data science,2.94,2,1,3.56,software engineer,"c#, .net",oracle,aws,excellent,visual,systems analyst,hybrid,poor,yes,12,none
female,english,bachelor's degree,cyber security,2.32,1,2,2.23,devops engineer,"c#, .net",sql server,azure,moderate,visual,qa engineer,onsite,average,yes,0,aws
male,"sinhala, tamil",bachelor's degree,data science,2.6,4,2,3.98,data analyst,"python, java",mongodb,docker,low,kinesthetic,security engineer,hybrid,average,yes,0,none
male,english,bachelor's degree,computer science,2.88,1,2,2.92,data analyst,"python, sql",postgresql,docker,low,kinesthetic,security engineer,remote,excellent,yes,4,google
male,"tamil, english",bachelor's degree,computer science,3.01,3,2,2.53,cyber security analyst,"java, c++",oracle,aws,excellent,visual,qa engineer,remote,excellent,no,11,google
male,"english, sinhala",bachelor's degree,software engineering,2.65,4,2,2.33,systems analyst,"c#, .net",oracle,docker,moderate,auditory,systems analyst,hybrid,poor,no,11,azure
female,"english, sinhala, tamil",bachelor's degree,information technology,3.9,1,1,2.92,devops engineer,"javascript, php",postgresql,kubernetes,low,kinesthetic,devops engineer,hybrid,excellent,no,10,azure
female,"tamil, english",bachelor's degree,software engineering,3.61,2,2,3.25,cyber security analyst,"python, r",mysql,docker,excellent,visual,data scientist,remote,average,no,11,azure
male,"sinhala, tamil",bachelor's degree,software engineering,3.27,1,1,3.53,ai engineer,"python, r",oracle,kubernetes,moderate,visual,systems analyst,hybrid,excellent,no,12,cisco
female,sinhala,bachelor's degree,software engineering,3.89,3,2,2.82,ai engineer,"python, r",postgresql,kubernetes,moderate,visual,software engineer,hybrid,excellent,yes,2,azure
male,"english, sinhala",bachelor's degree,data science,3.22,2,1,2.66,data analyst,"python, r",postgresql,docker,moderate,visual,devops engineer,remote,average,yes,9,none
female,"tamil, english",bachelor's degree,cyber security,3.72,2,1,2.67,network engineer,"python, r",mysql,aws,low,auditory,qa engineer,hybrid,poor,yes,12,cisco
female,tamil,bachelor's degree,software engineering,2.97,4,1,2.27,cloud engineer,"java, c++",mysql,azure,excellent,visual,security engineer,hybrid,poor,no,4,cisco
female,sinhala,bachelor's degree,data science,2.55,2,1,2.63,network engineer,"c#, .net",oracle,gcp,moderate,visual,security engineer,onsite,poor,yes,4,google
female,"sinhala, tamil",bachelor's degree,software engineering,3.44,4,1,2.33,ml engineer,"python, r",postgresql,kubernetes,moderate,visual,systems analyst,remote,excellent,yes,2,azure
male,english,bachelor's degree,software engineering,3.99,3,1,2.28,cloud engineer,"python, sql",mysql,azure,moderate,kinesthetic,data scientist,onsite,excellent,yes,4,google
male,english,bachelor's degree,information technology,3.85,1,1,2.98,cyber security analyst,"c#, .net",sql server,docker,low,kinesthetic,data scientist,remote,excellent,yes,0,none
male,"english, sinhala",bachelor's degree,data science,2.92,1,2,2.75,cloud engineer,"c#, .net",mysql,aws,excellent,kinesthetic,security engineer,remote,poor,yes,7,aws
male,"english, sinhala, tamil",bachelor's degree,computer science,3.71,2,2,2.22,cyber security analyst,"python, r",postgresql,azure,moderate,auditory,qa engineer,remote,poor,no,10,aws
female,"english, sinhala",bachelor's degree,computer science,2.38,2,1,3.92,qa engineer,"python, r",mysql,docker,excellent,auditory,software engineer,hybrid,poor,yes,5,azure
female,english,bachelor's degree,information technology,3.09,2,2,2.74,devops engineer,"javascript, php",sql server,kubernetes,moderate,visual,data scientist,onsite,excellent,no,12,google
male,sinhala,bachelor's degree,information technology,3.68,3,1,2.2,cloud engineer,"python, r",postgresql,docker,moderate,auditory,devops engineer,remote,average,yes,6,cisco
female,"english, sinhala, tamil",bachelor's degree,information technology,3.26,4,1,3.07,ml engineer,"python, r",oracle,kubernetes,moderate,visual,security engineer,hybrid,poor,yes,8,google
male,english,bachelor's degree,data science,3.66,2,1,3.34,cloud engineer,"python, java",oracle,kubernetes,moderate,visual,software engineer,remote,average,yes,1,azure
male,"english, sinhala",bachelor's degree,software engineering,3.88,3,2,3.22,software engineer,"javascript, php",postgresql,aws,excellent,visual,software engineer,onsite,average,yes,7,cisco
female,sinhala,bachelor's degree,software engineering,2.21,3,1,2.72,data analyst,"python, java",mongodb,gcp,excellent,kinesthetic,data scientist,onsite,excellent,no,0,aws
male,sinhala,bachelor's degree,cyber security,3.31,2,2,2.54,ml engineer,"java, c++",mysql,aws,low,kinesthetic,software engineer,remote,poor,no,1,azure
female,"sinhala, tamil",bachelor's degree,computer science,3.25,3,2,3.76,data analyst,"java, c++",oracle,gcp,low,visual,data scientist,remote,excellent,yes,4,aws
male,sinhala,bachelor's degree,information technology,3.14,1,2,2.99,data analyst,"c#, .net",mysql,gcp,low,visual,devops engineer,hybrid,poor,no,9,azure
female,"english, sinhala, tamil",bachelor's degree,information technology,3.34,1,1,2.63,software engineer,"python, sql",sql server,azure,excellent,kinesthetic,software engineer,remote,average,yes,4,azure
male,english,bachelor's degree,information technology,2.25,3,2,2.27,software engineer,"python, sql",postgresql,aws,low,visual,devops engineer,onsite,average,no,10,google
female,"english, sinhala, tamil",bachelor's degree,information technology,2.61,4,2,3.27,cyber security analyst,"java, c++",sql server,azure,excellent,auditory,qa engineer,onsite,average,yes,5,google
male,"sinhala, tamil",bachelor's degree,cyber security,2.5,4,2,3.74,systems analyst,"python, r",sql server,docker,excellent,kinesthetic,systems analyst,onsite,poor,yes,7,azure
female,"english, sinhala, tamil",bachelor's degree,computer science,2.66,1,2,2.31,cloud engineer,"javascript, php",oracle,azure,moderate,visual,qa engineer,hybrid,average,no,4,google
female,english,bachelor's degree,data science,2.48,4,1,2.48,software engineer,"javascript, php",oracle,kubernetes,moderate,visual,qa engineer,hybrid,poor,yes,6,aws
male,"english, sinhala",bachelor's degree,data science,3.46,3,2,3.42,data analyst,"java, c++",sql server,aws,low,auditory,devops engineer,hybrid,excellent,yes,1,none
female,"english, sinhala",bachelor's degree,information technology,3.43,2,2,2.77,qa engineer,"java, c++",sql server,docker,excellent,auditory,qa engineer,hybrid,poor,no,0,cisco
male,english,bachelor's degree,computer science,3.95,4,2,3.76,software engineer,"c#, .net",mysql,kubernetes,moderate,auditory,qa engineer,remote,average,yes,11,none
male,sinhala,bachelor's degree,data science,2.36,2,2,3.44,cloud engineer,"python, r",mongodb,azure,excellent,kinesthetic,devops engineer,remote,excellent,yes,7,cisco
female,sinhala,bachelor's degree,information technology,2.71,4,1,3.67,ml engineer,"python, r",mysql,gcp,excellent,auditory,data scientist,remote,excellent,no,9,aws
female,english,bachelor's degree,computer science,3.66,1,2,4.0,software engineer,"java, c++",mongodb,aws,low,auditory,systems analyst,hybrid,average,yes,2,google
male,tamil,bachelor's degree,computer science,3.33,2,1,2.8,software engineer,"python, sql",sql server,docker,low,kinesthetic,systems analyst,remote,excellent,no,4,cisco
female,"english, sinhala, tamil",bachelor's degree,cyber security,2.95,4,2,2.41,devops engineer,"java, c++",mongodb,azure,excellent,auditory,devops engineer,hybrid,average,yes,9,google
male,english,bachelor's degree,software engineering,2.61,1,2,3.41,software engineer,"python, r",oracle,kubernetes,low,visual,systems analyst,remote,poor,yes,10,aws
male,sinhala,bachelor's degree,software engineering,2.51,4,2,3.14,data analyst,"python, sql",mongodb,docker,low,visual,security engineer,remote,average,no,4,azure
female,"tamil, english",bachelor's degree,data science,3.57,3,2,3.27,network engineer,"python, java",mongodb,azure,low,kinesthetic,qa engineer,hybrid,excellent,yes,12,azure
female,"tamil, english",bachelor's degree,software engineering,3.91,3,1,3.8,software engineer,"python, sql",mysql,docker,low,kinesthetic,devops engineer,remote,excellent,no,0,cisco
female,"english, sinhala",bachelor's degree,software engineering,2.49,2,2,3.05,systems analyst,"python, r",postgresql,kubernetes,excellent,kinesthetic,data scientist,hybrid,excellent,yes,5,aws
male,"tamil, english",bachelor's degree,software engineering,2.52,3,1,3.85,data analyst,"javascript, php",sql server,kubernetes,excellent,kinesthetic,security engineer,remote,excellent,no,7,google
female,tamil,bachelor's degree,information technology,2.33,1,1,3.32,cloud engineer,"java, c++",mysql,aws,low,visual,systems analyst,remote,average,yes,7,azure
male,"sinhala, tamil",bachelor's degree,information technology,3.85,2,2,3.91,cloud engineer,"java, c++",oracle,kubernetes,moderate,kinesthetic,qa engineer,remote,excellent,yes,2,google
male,tamil,bachelor's degree,cyber security,3.32,2,1,2.6,devops engineer,"c#, .net",postgresql,aws,low,auditory,systems analyst,remote,poor,no,3,cisco
female,tamil,bachelor's degree,software engineering,2.41,2,1,3.79,qa engineer,"javascript, php",postgresql,docker,moderate,auditory,data scientist,hybrid,average,yes,7,none
male,sinhala,bachelor's degree,computer science,2.75,1,2,3.18,devops engineer,"java, c++",sql server,kubernetes,excellent,auditory,qa engineer,onsite,poor,no,10,cisco
female,"english, sinhala, tamil",bachelor's degree,computer science,3.69,4,1,3.62,cyber security analyst,"python, r",mysql,docker,excellent,auditory,qa engineer,onsite,poor,yes,11,none
male,"english, sinhala, tamil",bachelor's degree,cyber security,2.92,1,1,3.71,cyber security analyst,"python, r",oracle,docker,moderate,visual,software engineer,hybrid,average,yes,0,aws
male,"english, sinhala",bachelor's degree,computer science,3.46,4,2,3.16,software engineer,"javascript, php",mongodb,docker,excellent,kinesthetic,systems analyst,onsite,poor,no,1,cisco
male,english,bachelor's degree,software engineering,2.82,1,1,2.82,software engineer,"javascript, php",sql server,aws,excellent,kinesthetic,qa engineer,onsite,average,yes,9,azure
female,sinhala,bachelor's degree,data science,3.76,2,2,2.72,qa engineer,"java, c++",oracle,gcp,low,auditory,data scientist,onsite,poor,no,6,none
male,sinhala,bachelor's degree,data science,2.87,2,2,3.28,cloud engineer,"c#, .net",oracle,azure,low,kinesthetic,qa engineer,onsite,poor,no,6,azure
male,sinhala,bachelor's degree,information technology,3.44,1,1,2.42,devops engineer,"python, sql",postgresql,kubernetes,low,visual,devops engineer,remote,excellent,yes,12,azure
female,"english, sinhala, tamil",bachelor's degree,software engineering,2.53,4,1,2.58,software engineer,"python, sql",oracle,azure,excellent,kinesthetic,qa engineer,onsite,average,no,5,google
female,"english, sinhala, tamil",bachelor's degree,cyber security,3.35,4,2,3.31,ml engineer,"javascript, php",sql server,kubernetes,moderate,kinesthetic,software engineer,hybrid,average,yes,3,none
male,tamil,bachelor's degree,computer science,3.81,3,1,3.0,ml engineer,"c#, .net",oracle,azure,excellent,auditory,systems analyst,hybrid,excellent,yes,7,none
female,"sinhala, tamil",bachelor's degree,computer science,3.05,2,2,2.61,ai engineer,"javascript, php",mongodb,docker,excellent,kinesthetic,qa engineer,hybrid,average,no,12,google
male,"english, sinhala",bachelor's degree,software engineering,3.29,1,1,2.51,software engineer,"java, c++",postgresql,kubernetes,moderate,visual,devops engineer,remote,average,no,3,aws
female,"sinhala, tamil",bachelor's degree,computer science,2.64,4,1,2.3,cyber security analyst,"java, c++",mysql,gcp,moderate,visual,security engineer,remote,average,yes,10,none
female,"tamil, english",bachelor's degree,data science,3.41,4,2,3.0,data analyst,"python, sql",mysql,kubernetes,excellent,auditory,systems analyst,remote,excellent,yes,5,google
female,tamil,bachelor's degree,cyber security,2.63,1,2,2.62,systems analyst,"python, java",mongodb,azure,moderate,kinesthetic,qa engineer,remote,average,no,0,azure
male,"english, sinhala",bachelor's degree,computer science,3.71,1,1,2.89,ml engineer,"python, sql",mysql,kubernetes,low,auditory,security engineer,remote,poor,no,8,azure
male,"tamil, english",bachelor's degree,data science,3.24,3,1,2.57,systems analyst,"c#, .net",oracle,docker,low,auditory,systems analyst,onsite,poor,no,9,google
female,"tamil, english",bachelor's degree,computer science,2.53,4,1,3.17,qa engineer,"python, sql",mysql,azure,excellent,auditory,security engineer,hybrid,average,no,7,google
female,"sinhala, tamil",bachelor's degree,software engineering,2.45,4,1,3.63,software engineer,"c#, .net",postgresql,kubernetes,moderate,auditory,qa engineer,hybrid,average,yes,1,none
male,"english, sinhala, tamil",bachelor's degree,cyber security,3.5,4,1,3.38,cyber security analyst,"python, sql",mongodb,gcp,moderate,kinesthetic,software engineer,hybrid,average,yes,3,aws
female,tamil,bachelor's degree,computer science,3.89,4,2,2.89,software engineer,"python, java",oracle,docker,low,kinesthetic,data scientist,hybrid,average,yes,7,azure
male,"tamil, english",bachelor's degree,cyber security,2.24,3,1,3.7,ml engineer,"c#, .net",mongodb,azure,excellent,kinesthetic,qa engineer,hybrid,poor,no,1,none
male,sinhala,bachelor's degree,information technology,2.98,4,1,3.99,cyber security analyst,"javascript, php",oracle,aws,low,auditory,devops engineer,remote,excellent,yes,7,azure
male,english,bachelor's degree,cyber security,3.47,4,1,3.44,cloud engineer,"javascript, php",mongodb,docker,excellent,visual,security engineer,hybrid,excellent,no,0,cisco
male,english,bachelor's degree,cyber security,3.71,1,2,2.6,devops engineer,"python, r",postgresql,docker,moderate,auditory,data scientist,onsite,excellent,no,6,none
male,"sinhala, tamil",bachelor's degree,data science,2.79,3,1,3.04,ai engineer,"python, r",oracle,kubernetes,excellent,visual,software engineer,onsite,excellent,yes,10,azure
female,"tamil, english",bachelor's degree,information technology,3.25,3,1,3.99,ml engineer,"java, c++",postgresql,aws,low,auditory,security engineer,hybrid,excellent,yes,0,azure
female,english,bachelor's degree,data science,2.33,1,2,2.77,software engineer,"java, c++",mongodb,kubernetes,low,kinesthetic,qa engineer,onsite,excellent,no,5,cisco
female,"tamil, english",bachelor's degree,computer science,3.94,1,2,2.53,data analyst,"python, sql",oracle,kubernetes,excellent,visual,security engineer,hybrid,average,yes,1,google
male,"english, sinhala, tamil",bachelor's degree,data science,3.53,1,1,2.77,cloud engineer,"java, c++",postgresql,docker,moderate,kinesthetic,systems analyst,onsite,poor,no,10,none
female,"english, sinhala, tamil",bachelor's degree,information technology,3.34,2,1,3.84,cloud engineer,"python, r",mysql,kubernetes,excellent,kinesthetic,security engineer,remote,excellent,yes,3,aws
male,tamil,bachelor's degree,cyber security,2.7,2,2,2.48,cyber security analyst,"javascript, php",mysql,azure,excellent,kinesthetic,security engineer,hybrid,average,no,0,cisco
female,"tamil, english",bachelor's degree,information technology,3.87,3,1,3.15,network engineer,"python, sql",mongodb,docker,low,visual,data scientist,hybrid,poor,no,0,none
male,"english, sinhala, tamil",bachelor's degree,information technology,3.97,2,1,2.94,data analyst,"python, r",postgresql,docker,excellent,kinesthetic,systems analyst,onsite,average,no,5,aws
female,"sinhala, tamil",bachelor's degree,cyber security,3.71,1,2,3.98,devops engineer,"c#, .net",sql server,gcp,moderate,kinesthetic,data scientist,onsite,poor,yes,10,cisco
female,sinhala,bachelor's degree,computer science,2.99,2,2,3.51,ml engineer,"python, sql",postgresql,kubernetes,moderate,kinesthetic,data scientist,hybrid,poor,yes,8,google
male,sinhala,bachelor's degree,software engineering,2.44,3,2,3.51,ml engineer,"c#, .net",sql server,aws,low,auditory,systems analyst,remote,poor,yes,5,google
male,"english, sinhala",bachelor's degree,computer science,3.55,3,2,3.1,software engineer,"python, java",sql server,docker,excellent,kinesthetic,software engineer,hybrid,poor,yes,8,google
male,english,bachelor's degree,data science,2.84,3,1,2.84,cyber security analyst,"python, sql",postgresql,gcp,moderate,visual,data scientist,remote,poor,no,11,aws
female,"english, sinhala, tamil",bachelor's degree,information technology,3.38,4,1,3.82,devops engineer,"c#, .net",postgresql,kubernetes,low,auditory,devops engineer,onsite,poor,yes,11,google
male,"english, sinhala",bachelor's degree,cyber security,3.44,3,1,2.32,data analyst,"javascript, php",mongodb,azure,excellent,kinesthetic,systems analyst,hybrid,excellent,no,9,aws
female,sinhala,bachelor's degree,software engineering,3.76,1,1,3.23,data analyst,"python, sql",oracle,kubernetes,moderate,visual,data scientist,hybrid,excellent,yes,1,google
male,"tamil, english",bachelor's degree,cyber security,2.67,2,1,2.85,ml engineer,"java, c++",mysql,aws,excellent,kinesthetic,systems analyst,hybrid,poor,no,0,none
female,english,bachelor's degree,software engineering,2.65,1,2,3.77,data analyst,"javascript, php",oracle,gcp,excellent,visual,security engineer,onsite,excellent,no,5,aws
female,"sinhala, tamil",bachelor's degree,cyber security,3.95,1,2,2.44,devops engineer,"c#, .net",sql server,azure,moderate,auditory,devops engineer,remote,average,no,5,cisco
female,"english, sinhala, tamil",bachelor's degree,computer science,3.76,1,1,3.84,software engineer,"python, sql",sql server,gcp,moderate,kinesthetic,security engineer,remote,excellent,no,8,aws
male,"english, sinhala",bachelor's degree,data science,2.56,1,2,3.08,data analyst,"python, r",oracle,docker,excellent,kinesthetic,software engineer,remote,average,yes,3,azure
female,english,bachelor's degree,computer science,2.54,3,2,2.71,software engineer,"python, r",sql server,docker,low,auditory,data scientist,hybrid,average,no,9,aws
male,sinhala,bachelor's degree,information technology,3.06,1,2,2.93,devops engineer,"c#, .net",oracle,docker,low,auditory,devops engineer,remote,average,yes,1,aws
male,"tamil, english",bachelor's degree,data science,2.79,1,2,2.75,qa engineer,"python, r",mysql,docker,moderate,kinesthetic,qa engineer,hybrid,poor,yes,7,none
male,sinhala,bachelor's degree,data science,3.77,1,1,2.4,ml engineer,"javascript, php",mongodb,docker,moderate,visual,data scientist,remote,excellent,yes,1,aws
female,"english, sinhala",bachelor's degree,software engineering,2.99,1,1,3.24,cloud engineer,"c#, .net",sql server,kubernetes,excellent,kinesthetic,security engineer,hybrid,poor,no,5,google
male,sinhala,bachelor's degree,data science,2.46,4,1,2.74,network engineer,"python, sql",oracle,azure,excellent,visual,security engineer,onsite,average,yes,9,cisco
male,"tamil, english",bachelor's degree,computer science,2.77,2,1,3.11,data analyst,"c#, .net",mysql,docker,moderate,visual,software engineer,remote,poor,yes,2,google
male,"sinhala, tamil",bachelor's degree,cyber security,3.97,2,1,3.59,ml engineer,"python, sql",sql server,docker,excellent,auditory,security engineer,remote,excellent,no,6,google
female,english,bachelor's degree,cyber security,2.65,2,2,2.59,cyber security analyst,"python, java",mysql,docker,low,auditory,qa engineer,onsite,excellent,yes,4,azure
male,english,bachelor's degree,software engineering,3.39,3,1,3.24,devops engineer,"python, r",sql server,docker,moderate,kinesthetic,devops engineer,hybrid,excellent,yes,6,azure
female,sinhala,bachelor's degree,computer science,3.02,1,1,3.41,cyber security analyst,"c#, .net",mysql,kubernetes,excellent,kinesthetic,systems analyst,onsite,average,no,10,azure
female,tamil,bachelor's degree,information technology,2.53,4,2,2.97,network engineer,"python, java",oracle,gcp,low,visual,security engineer,hybrid,poor,yes,2,google
female,english,bachelor's degree,data science,2.63,1,1,3.56,systems analyst,"python, sql",sql server,aws,excellent,auditory,systems analyst,onsite,average,yes,11,google
female,sinhala,bachelor's degree,information technology,2.22,2,1,3.04,ml engineer,"python, r",postgresql,azure,low,kinesthetic,software engineer,remote,average,yes,0,azure
female,sinhala,bachelor's degree,cyber security,2.45,3,2,3.7,data analyst,"java, c++",mysql,aws,moderate,kinesthetic,security engineer,remote,poor,no,9,none
male,tamil,bachelor's degree,computer science,2.67,1,2,2.55,cloud engineer,"python, sql",sql server,docker,excellent,kinesthetic,systems analyst,remote,poor,no,10,cisco
male,"tamil, english",bachelor's degree,information technology,2.6,4,2,3.93,cyber security analyst,"python, r",oracle,gcp,moderate,visual,devops engineer,remote,poor,yes,3,none
female,sinhala,bachelor's degree,information technology,2.6,3,1,3.11,ai engineer,"python, java",mongodb,docker,excellent,auditory,devops engineer,onsite,poor,yes,1,aws
male,sinhala,bachelor's degree,computer science,2.65,2,2,2.42,qa engineer,"c#, .net",sql server,aws,low,auditory,devops engineer,hybrid,average,no,7,aws
male,tamil,bachelor's degree,cyber security,2.73,1,2,3.84,ml engineer,"java, c++",sql server,azure,excellent,auditory,security engineer,hybrid,average,yes,11,azure
male,"english, sinhala",bachelor's degree,data science,2.51,4,1,3.13,systems analyst,"python, java",sql server,aws,low,visual,security engineer,onsite,excellent,yes,0,aws
female,"sinhala, tamil",bachelor's degree,data science,2.4,1,2,2.92,software engineer,"javascript, php",mongodb,gcp,moderate,kinesthetic,security engineer,hybrid,excellent,no,6,google
male,tamil,bachelor's degree,information technology,3.9,4,1,2.5,cyber security analyst,"java, c++",sql server,aws,moderate,visual,security engineer,onsite,average,yes,7,aws
male,"english, sinhala, tamil",bachelor's degree,data science,3.4,1,2,3.79,cyber security analyst,"java, c++",mongodb,kubernetes,excellent,kinesthetic,data scientist,hybrid,excellent,yes,10,cisco
male,"english, sinhala, tamil",bachelor's degree,cyber security,3.78,1,2,2.29,systems analyst,"python, java",oracle,docker,low,auditory,qa engineer,remote,excellent,no,9,none
male,"english, sinhala",bachelor's degree,data science,2.7,4,1,2.7,cyber security analyst,"c#, .net",mysql,gcp,excellent,auditory,systems analyst,hybrid,excellent,yes,4,none
female,english,bachelor's degree,computer science,3.24,3,2,2.43,network engineer,"python, sql",sql server,kubernetes,moderate,visual,systems analyst,onsite,average,no,12,aws
male,"tamil, english",bachelor's degree,cyber security,2.94,4,2,2.58,systems analyst,"c#, .net",mongodb,docker,moderate,kinesthetic,devops engineer,onsite,poor,no,10,google
female,"english, sinhala",bachelor's degree,data science,3.4,1,1,3.63,ml engineer,"javascript, php",mongodb,azure,moderate,kinesthetic,qa engineer,hybrid,excellent,no,11,azure
male,"tamil, english",bachelor's degree,data science,3.49,4,2,3.8,ml engineer,"java, c++",mysql,gcp,moderate,visual,systems analyst,hybrid,average,no,8,google
male,"english, sinhala, tamil",bachelor's degree,software engineering,3.14,2,2,3.59,software engineer,"python, r",sql server,gcp,excellent,visual,systems analyst,hybrid,excellent,no,5,google
male,"english, sinhala",bachelor's degree,information technology,2.79,3,1,3.22,qa engineer,"c#, .net",mongodb,kubernetes,low,auditory,devops engineer,hybrid,average,no,9,azure
female,"english, sinhala",bachelor's degree,data science,2.75,3,1,3.32,ml engineer,"python, java",oracle,gcp,low,auditory,systems analyst,hybrid,poor,yes,2,azure
female,"english, sinhala",bachelor's degree,computer science,2.49,1,2,3.82,software engineer,"c#, .net",postgresql,gcp,low,auditory,systems analyst,remote,excellent,no,1,azure
female,sinhala,bachelor's degree,computer science,3.29,1,1,2.71,devops engineer,"c#, .net",mysql,aws,low,auditory,security engineer,onsite,excellent,no,1,none
male,"english, sinhala",bachelor's degree,computer science,3.48,3,2,2.63,software engineer,"java, c++",mongodb,azure,moderate,auditory,data scientist,hybrid,poor,no,7,azure
female,sinhala,bachelor's degree,information technology,3.18,3,2,3.45,ai engineer,"python, r",oracle,azure,excellent,visual,devops engineer,remote,poor,no,11,aws
male,"sinhala, tamil",bachelor's degree,software engineering,2.84,2,1,2.77,ai engineer,"python, sql",mysql,kubernetes,excellent,visual,qa engineer,hybrid,excellent,yes,5,none
female,sinhala,bachelor's degree,data science,2.7,2,1,3.64,devops engineer,"c#, .net",sql server,docker,moderate,auditory,systems analyst,hybrid,average,no,9,azure
female,english,bachelor's degree,data science,2.95,1,2,2.97,cyber security analyst,"javascript, php",sql server,docker,low,visual,devops engineer,remote,average,yes,0,azure
male,english,bachelor's degree,computer science,2.61,3,1,2.2,cloud engineer,"c#, .net",oracle,docker,low,visual,data scientist,onsite,excellent,no,7,azure
male,sinhala,bachelor's degree,information technology,2.81,2,2,2.46,cyber security analyst,"java, c++",mongodb,aws,excellent,kinesthetic,software engineer,hybrid,excellent,no,10,aws
female,"tamil, english",bachelor's degree,cyber security,3.58,1,2,2.61,qa engineer,"c#, .net",mongodb,gcp,moderate,kinesthetic,systems analyst,remote,poor,no,11,aws
male,"tamil, english",bachelor's degree,information technology,2.24,2,1,2.77,qa engineer,"java, c++",postgresql,azure,moderate,kinesthetic,devops engineer,onsite,poor,no,5,cisco
male,sinhala,bachelor's degree,computer science,2.43,2,1,3.58,cloud engineer,"python, sql",postgresql,gcp,excellent,visual,software engineer,remote,poor,no,5,cisco
male,tamil,bachelor's degree,information technology,3.72,2,1,2.53,systems analyst,"python, sql",postgresql,gcp,low,auditory,security engineer,hybrid,poor,yes,6,azure
female,"english, sinhala",bachelor's degree,cyber security,3.98,2,1,3.94,data analyst,"c#, .net",oracle,kubernetes,excellent,visual,software engineer,remote,poor,no,1,none
female,"sinhala, tamil",bachelor's degree,software engineering,2.71,4,2,2.27,software engineer,"python, java",oracle,azure,moderate,auditory,software engineer,remote,average,no,9,azure
female,"tamil, english",bachelor's degree,information technology,3.75,1,1,2.44,systems analyst,"python, r",sql server,azure,excellent,kinesthetic,systems analyst,hybrid,average,no,2,cisco
male,"english, sinhala, tamil",bachelor's degree,software engineering,3.11,2,2,2.21,ai engineer,"c#, .net",oracle,azure,excellent,kinesthetic,security engineer,hybrid,poor,no,11,azure
male,sinhala,bachelor's degree,information technology,2.64,4,2,2.9,data analyst,"javascript, php",postgresql,docker,low,auditory,data scientist,onsite,poor,yes,2,google
male,tamil,bachelor's degree,information technology,3.84,4,1,3.57,network engineer,"c#, .net",oracle,gcp,moderate,kinesthetic,software engineer,onsite,poor,yes,6,aws
male,sinhala,bachelor's degree,software engineering,2.86,3,2,2.98,cyber security analyst,"python, r",postgresql,azure,low,visual,security engineer,remote,poor,no,2,google
female,tamil,bachelor's degree,software engineering,2.89,2,2,2.82,ai engineer,"javascript, php",postgresql,kubernetes,moderate,visual,security engineer,remote,average,yes,6,none
male,"sinhala, tamil",bachelor's degree,cyber security,2.34,2,2,2.84,cloud engineer,"python, sql",postgresql,docker,moderate,kinesthetic,qa engineer,remote,excellent,no,11,google
female,tamil,bachelor's degree,computer science,2.94,3,1,3.96,qa engineer,"python, r",sql server,kubernetes,moderate,kinesthetic,software engineer,remote,excellent,no,12,google
female,english,bachelor's degree,data science,3.92,3,2,2.88,systems analyst,"c#, .net",sql server,azure,low,visual,qa engineer,remote,excellent,no,0,cisco
female,"sinhala, tamil",bachelor's degree,computer science,2.62,4,1,3.76,devops engineer,"java, c++",sql server,kubernetes,low,visual,software engineer,remote,average,yes,7,none
male,tamil,bachelor's degree,cyber security,3.05,4,1,2.81,network engineer,"python, r",postgresql,gcp,low,kinesthetic,devops engineer,remote,excellent,no,3,azure
male,"tamil, english",bachelor's degree,software engineering,3.97,2,1,3.71,software engineer,"python, sql",mysql,docker,low,visual,qa engineer,remote,poor,no,6,aws
male,"sinhala, tamil",bachelor's degree,data science,2.55,2,1,2.21,data analyst,"javascript, php",mysql,azure,excellent,auditory,data scientist,remote,excellent,yes,4,azure
male,"sinhala, tamil",bachelor's degree,computer science,3.17,3,1,3.45,cyber security analyst,"javascript, php",oracle,kubernetes,moderate,kinesthetic,systems analyst,remote,excellent,no,2,aws
female,sinhala,bachelor's degree,cyber security,2.94,2,1,3.42,devops engineer,"java, c++",sql server,kubernetes,excellent,visual,qa engineer,onsite,excellent,no,2,aws
male,"sinhala, tamil",bachelor's degree,information technology,3.26,1,1,3.3,cyber security analyst,"python, sql",sql server,azure,excellent,visual,software engineer,remote,poor,no,9,aws
female,"sinhala, tamil",bachelor's degree,data science,2.81,4,2,2.83,software engineer,"python, r",oracle,azure,moderate,visual,software engineer,onsite,poor,yes,8,none
female,tamil,bachelor's degree,software engineering,2.45,1,1,3.37,cloud engineer,"python, r",sql server,gcp,moderate,kinesthetic,security engineer,hybrid,poor,no,5,google
male,"sinhala, tamil",bachelor's degree,data science,2.36,4,1,3.67,qa engineer,"c#, .net",mysql,azure,low,auditory,software engineer,hybrid,poor,yes,11,azure
male,english,bachelor's degree,cyber security,2.91,2,2,3.45,data analyst,"python, r",mongodb,azure,low,auditory,data scientist,hybrid,excellent,yes,10,none
female,"sinhala, tamil",bachelor's degree,computer science,3.16,1,2,2.78,ml engineer,"java, c++",mongodb,docker,excellent,visual,systems analyst,hybrid,poor,no,5,none
female,"sinhala, tamil",bachelor's degree,cyber security,3.22,1,1,3.28,network engineer,"c#, .net",oracle,gcp,moderate,kinesthetic,software engineer,hybrid,average,no,6,google
female,tamil,bachelor's degree,computer science,3.96,4,2,3.36,systems analyst,"javascript, php",postgresql,gcp,excellent,auditory,qa engineer,onsite,poor,no,10,google
female,"english, sinhala",bachelor's degree,software engineering,2.64,3,2,2.75,systems analyst,"c#, .net",oracle,azure,low,visual,security engineer,hybrid,average,no,12,azure
female,sinhala,bachelor's degree,data science,3.39,4,2,3.71,network engineer,"python, r",mongodb,gcp,low,kinesthetic,systems analyst,hybrid,average,no,0,none
male,"english, sinhala, tamil",bachelor's degree,computer science,2.51,3,2,2.55,cyber security analyst,"python, sql",sql server,kubernetes,moderate,visual,security engineer,remote,average,no,12,cisco
female,sinhala,bachelor's degree,computer science,3.59,4,2,2.59,software engineer,"java, c++",mysql,gcp,excellent,kinesthetic,devops engineer,onsite,average,yes,0,azure
female,"tamil, english",bachelor's degree,information technology,3.65,3,2,3.97,cyber security analyst,"python, java",mysql,kubernetes,low,visual,security engineer,remote,average,no,10,none
male,"sinhala, tamil",bachelor's degree,software engineering,2.62,1,1,2.23,cyber security analyst,"c#, .net",mongodb,azure,excellent,visual,systems analyst,remote,poor,yes,9,cisco
female,"tamil, english",bachelor's degree,computer science,2.92,2,2,3.41,qa engineer,"javascript, php",mysql,docker,low,visual,software engineer,onsite,average,yes,10,none
female,"english, sinhala, tamil",bachelor's degree,cyber security,3.58,1,1,3.32,cyber security analyst,"c#, .net",oracle,kubernetes,low,auditory,qa engineer,hybrid,poor,yes,10,cisco
male,"english, sinhala, tamil",bachelor's degree,data science,3.38,2,1,2.79,data analyst,"javascript, php",mongodb,aws,low,visual,software engineer,onsite,average,no,9,aws
female,tamil,bachelor's degree,data science,2.92,2,1,2.47,ml engineer,"c#, .net",postgresql,gcp,low,kinesthetic,data scientist,remote,average,yes,0,google
male,"sinhala, tamil",bachelor's degree,data science,3.65,3,2,3.03,cloud engineer,"python, java",oracle,kubernetes,low,kinesthetic,devops engineer,hybrid,poor,yes,1,google
male,"english, sinhala, tamil",bachelor's degree,software engineering,2.22,3,1,3.12,systems analyst,"c#, .net",sql server,kubernetes,moderate,kinesthetic,data scientist,onsite,excellent,no,2,azure
male,"tamil, english",bachelor's degree,computer science,2.37,4,2,3.01,devops engineer,"javascript, php",mongodb,kubernetes,moderate,visual,qa engineer,hybrid,poor,yes,8,none
male,"english, sinhala",bachelor's degree,cyber security,2.97,1,1,3.22,ai engineer,"python, r",sql server,docker,low,auditory,systems analyst,remote,average,no,4,none
male,"english, sinhala",bachelor's degree,computer science,2.27,3,2,3.53,data analyst,"javascript, php",sql server,aws,moderate,visual,devops engineer,hybrid,poor,yes,2,none
female,"english, sinhala",bachelor's degree,software engineering,2.71,4,2,2.72,systems analyst,"python, r",mongodb,aws,low,kinesthetic,software engineer,hybrid,excellent,yes,2,aws
male,"english, sinhala, tamil",bachelor's degree,software engineering,2.99,3,2,3.3,ml engineer,"python, r",sql server,gcp,moderate,kinesthetic,security engineer,onsite,average,yes,12,google
female,"english, sinhala, tamil",bachelor's degree,data science,3.22,2,1,2.85,cloud engineer,"python, java",mysql,aws,excellent,auditory,software engineer,remote,average,yes,5,none
female,sinhala,bachelor's degree,information technology,3.39,3,1,3.58,ml engineer,"javascript, php",mongodb,aws,low,auditory,data scientist,onsite,average,no,0,cisco
female,"english, sinhala, tamil",bachelor's degree,cyber security,2.67,1,2,2.88,data analyst,"python, sql",mysql,aws,excellent,visual,qa engineer,onsite,poor,no,6,cisco
male,"sinhala, tamil",bachelor's degree,information technology,2.83,1,1,2.28,network engineer,"c#, .net",mysql,aws,low,kinesthetic,data scientist,onsite,poor,yes,10,none
female,"sinhala, tamil",bachelor's degree,information technology,3.64,4,2,2.52,network engineer,"javascript, php",postgresql,docker,excellent,kinesthetic,security engineer,onsite,poor,yes,3,cisco
male,english,bachelor's degree,cyber security,3.67,3,1,2.53,cyber security analyst,"python, sql",postgresql,kubernetes,moderate,auditory,software engineer,onsite,poor,yes,1,cisco
male,english,bachelor's degree,software engineering,2.28,4,2,2.27,software engineer,"java, c++",postgresql,gcp,excellent,auditory,systems analyst,remote,average,no,4,cisco
male,"tamil, english",bachelor's degree,data science,2.91,2,1,3.37,data analyst,"python, r",postgresql,azure,low,kinesthetic,qa engineer,onsite,poor,no,7,google
male,"english, sinhala",bachelor's degree,software engineering,3.36,4,2,2.28,qa engineer,"python, sql",sql server,gcp,excellent,visual,data scientist,hybrid,average,no,9,none
female,sinhala,bachelor's degree,data science,3.62,4,1,3.81,cloud engineer,"java, c++",mongodb,gcp,excellent,auditory,data scientist,remote,average,yes,10,cisco
male,"english, sinhala",bachelor's degree,data science,3.89,2,2,3.81,software engineer,"python, java",postgresql,gcp,excellent,kinesthetic,software engineer,hybrid,excellent,no,3,google
female,"english, sinhala, tamil",bachelor's degree,computer science,3.2,1,1,3.11,cyber security analyst,"java, c++",oracle,gcp,excellent,visual,data scientist,hybrid,excellent,yes,1,cisco
female,tamil,bachelor's degree,cyber security,2.2,2,2,3.77,devops engineer,"java, c++",mongodb,docker,moderate,auditory,systems analyst,hybrid,average,yes,2,azure
male,"sinhala, tamil",bachelor's degree,data science,2.58,3,1,2.43,ai engineer,"python, java",oracle,azure,excellent,visual,data scientist,onsite,excellent,yes,7,azure
male,sinhala,bachelor's degree,information technology,3.55,2,2,3.38,ml engineer,"python, sql",oracle,aws,moderate,kinesthetic,qa engineer,onsite,excellent,yes,10,azure
male,sinhala,bachelor's degree,cyber security,3.3,2,1,3.77,cloud engineer,"javascript, php",sql server,aws,low,auditory,data scientist,onsite,excellent,yes,1,google
female,"english, sinhala, tamil",bachelor's degree,computer science,2.25,3,1,2.32,ml engineer,"java, c++",sql server,kubernetes,low,auditory,devops engineer,hybrid,excellent,no,10,aws
male,"english, sinhala, tamil",bachelor's degree,information technology,3.38,2,1,2.33,devops engineer,"java, c++",oracle,azure,moderate,kinesthetic,qa engineer,hybrid,excellent,no,11,none
male,"english, sinhala",bachelor's degree,data science,2.86,1,2,2.38,network engineer,"c#, .net",mysql,kubernetes,excellent,kinesthetic,devops engineer,remote,excellent,yes,2,cisco
male,"english, sinhala",bachelor's degree,computer science,2.55,2,2,2.24,systems analyst,"c#, .net",postgresql,azure,excellent,visual,qa engineer,onsite,poor,no,4,aws
male,sinhala,bachelor's degree,software engineering,3.47,2,2,2.31,cloud engineer,"javascript, php",postgresql,gcp,low,kinesthetic,security engineer,remote,excellent,no,6,aws
female,"english, sinhala, tamil",bachelor's degree,information technology,2.8,3,1,2.31,software engineer,"python, java",mysql,kubernetes,excellent,auditory,data scientist,onsite,excellent,yes,12,aws
male,"tamil, english",bachelor's degree,data science,3.53,3,2,2.22,cyber security analyst,"python, r",sql server,docker,excellent,auditory,systems analyst,remote,excellent,yes,6,azure
female,sinhala,bachelor's degree,cyber security,3.2,1,2,2.62,devops engineer,"python, java",oracle,kubernetes,moderate,visual,systems analyst,onsite,average,yes,2,cisco
female,"english, sinhala, tamil",bachelor's degree,cyber security,2.57,2,1,3.69,ai engineer,"python, r",oracle,gcp,excellent,kinesthetic,devops engineer,hybrid,poor,yes,11,azure
female,tamil,bachelor's degree,computer science,3.6,4,1,3.22,systems analyst,"python, java",sql server,kubernetes,low,kinesthetic,data scientist,hybrid,excellent,yes,1,cisco
male,"sinhala, tamil",bachelor's degree,data science,3.08,4,2,2.83,network engineer,"c#, .net",mongodb,docker,moderate,kinesthetic,data scientist,hybrid,average,yes,0,none
male,"english, sinhala",bachelor's degree,cyber security,3.38,3,2,2.69,data analyst,"python, java",mongodb,azure,moderate,auditory,systems analyst,remote,excellent,yes,4,cisco
male,"tamil, english",bachelor's degree,software engineering,3.29,1,2,3.34,ml engineer,"javascript, php",postgresql,docker,moderate,auditory,systems analyst,hybrid,average,no,6,google
female,english,bachelor's degree,data science,2.36,3,1,2.55,software engineer,"c#, .net",oracle,aws,excellent,kinesthetic,devops engineer,hybrid,poor,no,6,none
male,"english, sinhala, tamil",bachelor's degree,computer science,2.24,2,2,2.39,data analyst,"python, r",mongodb,azure,excellent,kinesthetic,data scientist,hybrid,average,no,10,aws
female,"english, sinhala, tamil",bachelor's degree,information technology,3.13,4,1,2.49,cyber security analyst,"python, sql",oracle,aws,moderate,visual,software engineer,hybrid,excellent,yes,8,cisco
female,"english, sinhala",bachelor's degree,information technology,3.27,2,1,2.98,devops engineer,"python, r",oracle,aws,low,auditory,systems analyst,remote,average,no,2,aws
male,tamil,bachelor's degree,data science,3.44,1,1,2.98,data analyst,"c#, .net",postgresql,kubernetes,excellent,visual,qa engineer,hybrid,excellent,yes,2,azure
male,"tamil, english",bachelor's degree,data science,2.23,3,2,3.06,cloud engineer,"python, sql",postgresql,aws,moderate,auditory,devops engineer,remote,poor,yes,10,cisco
female,english,bachelor's degree,computer science,3.55,4,1,2.77,cloud engineer,"python, sql",mysql,docker,excellent,visual,qa engineer,onsite,poor,yes,10,azure
female,tamil,bachelor's degree,information technology,2.49,2,1,3.52,qa engineer,"java, c++",sql server,docker,excellent,auditory,qa engineer,onsite,poor,no,8,aws
female,"english, sinhala, tamil",bachelor's degree,cyber security,2.44,1,1,3.92,cloud engineer,"python, java",sql server,docker,moderate,visual,security engineer,hybrid,excellent,yes,2,azure
male,"sinhala, tamil",bachelor's degree,information technology,3.47,3,2,2.31,cloud engineer,"python, sql",mongodb,azure,excellent,visual,security engineer,onsite,excellent,no,7,azure
male,"sinhala, tamil",bachelor's degree,information technology,2.28,1,2,3.8,software engineer,"c#, .net",postgresql,azure,moderate,kinesthetic,data scientist,hybrid,excellent,yes,2,none
female,"sinhala, tamil",bachelor's degree,data science,3.79,3,2,3.87,data analyst,"python, java",mysql,docker,low,kinesthetic,security engineer,hybrid,poor,no,0,google
male,tamil,bachelor's degree,computer science,3.17,4,2,3.62,data analyst,"python, r",oracle,aws,low,visual,devops engineer,hybrid,excellent,no,4,azure
female,tamil,bachelor's degree,computer science,2.29,2,2,2.27,devops engineer,"python, sql",mysql,gcp,excellent,auditory,qa engineer,onsite,excellent,yes,1,none
male,"english, sinhala, tamil",bachelor's degree,cyber security,3.32,1,2,2.56,cloud engineer,"c#, .net",mongodb,azure,excellent,kinesthetic,data scientist,hybrid,poor,no,2,none
female,english,bachelor's degree,data science,3.54,3,2,3.11,ml engineer,"c#, .net",oracle,gcp,excellent,visual,devops engineer,onsite,excellent,yes,2,azure
female,tamil,bachelor's degree,cyber security,3.95,3,2,2.37,data analyst,"java, c++",mongodb,docker,excellent,visual,data scientist,remote,poor,yes,1,google
male,sinhala,bachelor's degree,data science,3.22,3,2,3.53,data analyst,"java, c++",mongodb,docker,excellent,visual,devops engineer,hybrid,poor,yes,5,cisco
male,sinhala,bachelor's degree,cyber security,3.58,1,2,3.88,systems analyst,"javascript, php",sql server,kubernetes,low,visual,security engineer,remote,average,yes,5,azure
male,"english, sinhala",bachelor's degree,software engineering,3.65,3,1,2.54,software engineer,"python, sql",postgresql,kubernetes,low,visual,qa engineer,hybrid,poor,yes,12,google
male,tamil,bachelor's degree,software engineering,2.76,2,1,3.02,data analyst,"python, java",oracle,aws,moderate,visual,devops engineer,remote,excellent,no,10,none
female,"tamil, english",bachelor's degree,computer science,2.73,2,1,3.07,cloud engineer,"c#, .net",postgresql,kubernetes,excellent,visual,data scientist,remote,poor,yes,3,none
male,"tamil, english",bachelor's degree,cyber security,3.94,4,2,2.91,devops engineer,"python, sql",mysql,gcp,excellent,auditory,data scientist,onsite,poor,yes,10,cisco
male,sinhala,bachelor's degree,software engineering,2.38,3,1,3.89,data analyst,"python, r",mysql,aws,moderate,auditory,software engineer,onsite,poor,no,4,google
female,english,bachelor's degree,computer science,2.28,3,1,2.7,cloud engineer,"python, sql",mongodb,docker,moderate,auditory,systems analyst,remote,excellent,yes,7,azure
female,tamil,bachelor's degree,cyber security,3.18,4,1,2.98,cloud engineer,"java, c++",postgresql,docker,low,visual,software engineer,onsite,excellent,no,5,azure
male,"sinhala, tamil",bachelor's degree,information technology,2.91,3,1,3.64,systems analyst,"c#, .net",postgresql,kubernetes,low,auditory,devops engineer,remote,average,no,6,none
male,tamil,bachelor's degree,information technology,2.74,4,1,3.22,ml engineer,"python, r",sql server,docker,excellent,auditory,systems analyst,onsite,average,yes,1,aws
male,english,bachelor's degree,software engineering,3.86,1,2,2.22,network engineer,"python, java",oracle,aws,excellent,visual,devops engineer,remote,excellent,yes,2,aws
female,"english, sinhala, tamil",bachelor's degree,information technology,3.97,3,2,2.93,cloud engineer,"java, c++",mysql,azure,moderate,kinesthetic,systems analyst,remote,poor,yes,1,cisco
male,"english, sinhala, tamil",bachelor's degree,information technology,2.51,1,1,2.38,ml engineer,"c#, .net",oracle,gcp,low,kinesthetic,systems analyst,remote,poor,yes,5,none
female,sinhala,bachelor's degree,cyber security,2.34,2,1,3.1,cloud engineer,"javascript, php",mongodb,azure,moderate,auditory,security engineer,remote,poor,yes,10,google
male,english,bachelor's degree,information technology,2.95,3,2,3.92,qa engineer,"python, java",mysql,gcp,low,kinesthetic,security engineer,hybrid,excellent,no,3,aws
female,"english, sinhala",bachelor's degree,data science,2.5,4,2,2.84,ai engineer,"python, java",sql server,docker,low,auditory,security engineer,remote,excellent,no,7,aws
female,"sinhala, tamil",bachelor's degree,information technology,3.64,2,2,2.91,devops engineer,"python, sql",sql server,kubernetes,moderate,auditory,security engineer,remote,average,yes,12,cisco
male,tamil,bachelor's degree,cyber security,2.27,2,1,3.4,cyber security analyst,"java, c++",postgresql,docker,excellent,visual,software engineer,remote,average,no,0,cisco
male,english,bachelor's degree,software engineering,2.45,4,1,2.7,cloud engineer,"c#, .net",oracle,kubernetes,low,visual,devops engineer,onsite,excellent,no,12,aws
male,tamil,bachelor's degree,information technology,2.92,2,1,3.14,systems analyst,"python, r",mongodb,azure,low,visual,qa engineer,hybrid,poor,yes,8,cisco
female,"tamil, english",bachelor's degree,cyber security,2.69,4,2,2.3,data analyst,"javascript, php",mysql,aws,moderate,visual,qa engineer,hybrid,excellent,no,0,none
male,english,bachelor's degree,data science,2.81,1,1,3.0,systems analyst,"python, r",sql server,aws,low,kinesthetic,software engineer,hybrid,excellent,yes,7,none
female,sinhala,bachelor's degree,computer science,3.75,4,2,3.5,ml engineer,"python, r",postgresql,aws,low,visual,devops engineer,remote,excellent,yes,6,cisco
female,"sinhala, tamil",bachelor's degree,software engineering,2.63,1,1,2.87,data analyst,"python, java",sql server,gcp,excellent,kinesthetic,systems analyst,remote,poor,no,6,azure
female,english,bachelor's degree,data science,3.39,3,2,3.0,qa engineer,"python, java",postgresql,kubernetes,low,kinesthetic,data scientist,onsite,average,no,2,none
male,tamil,bachelor's degree,information technology,2.89,1,2,3.94,ai engineer,"c#, .net",mysql,aws,low,visual,software engineer,remote,poor,no,12,azure
female,"english, sinhala",bachelor's degree,cyber security,3.75,2,1,3.72,data analyst,"python, r",oracle,docker,moderate,auditory,software engineer,onsite,excellent,no,4,azure
male,sinhala,bachelor's degree,computer science,3.34,2,1,3.16,software engineer,"c#, .net",postgresql,kubernetes,excellent,visual,security engineer,remote,poor,yes,4,google
male,sinhala,bachelor's degree,information technology,3.63,3,1,3.53,systems analyst,"javascript, php",oracle,aws,low,visual,qa engineer,onsite,poor,yes,9,cisco
male,sinhala,bachelor's degree,information technology,2.85,3,1,2.69,cloud engineer,"javascript, php",sql server,gcp,excellent,auditory,systems analyst,onsite,poor,no,2,azure
female,"english, sinhala",bachelor's degree,information technology,3.64,2,1,2.73,ml engineer,"c#, .net",postgresql,azure,low,kinesthetic,systems analyst,remote,poor,no,0,azure
male,tamil,bachelor's degree,cyber security,3.06,4,1,3.49,cloud engineer,"python, r",oracle,kubernetes,low,auditory,security engineer,onsite,excellent,yes,10,none
female,english,bachelor's degree,cyber security,2.55,3,2,2.58,network engineer,"c#, .net",postgresql,gcp,excellent,visual,devops engineer,hybrid,average,no,9,aws
male,tamil,bachelor's degree,data science,3.69,3,2,2.71,ml engineer,"java, c++",oracle,azure,moderate,auditory,data scientist,remote,average,no,2,none
male,english,bachelor's degree,software engineering,2.29,4,1,3.16,software engineer,"python, java",oracle,gcp,moderate,kinesthetic,qa engineer,onsite,excellent,no,10,azure
female,sinhala,bachelor's degree,software engineering,2.28,1,2,3.34,data analyst,"python, r",mongodb,docker,moderate,auditory,software engineer,onsite,excellent,no,6,google
male,sinhala,bachelor's degree,information technology,3.36,1,1,3.23,software engineer,"java, c++",sql server,kubernetes,moderate,visual,software engineer,hybrid,excellent,no,1,none
female,sinhala,bachelor's degree,information technology,3.7,4,2,2.58,software engineer,"java, c++",oracle,azure,excellent,kinesthetic,systems analyst,onsite,average,no,9,cisco
female,"sinhala, tamil",bachelor's degree,data science,2.22,2,1,2.64,ml engineer,"python, r",sql server,docker,moderate,auditory,software engineer,onsite,excellent,no,0,none
female,tamil,bachelor's degree,software engineering,2.98,4,1,3.61,ai engineer,"javascript, php",mysql,docker,low,kinesthetic,data scientist,onsite,poor,no,11,aws
male,"english, sinhala",bachelor's degree,software engineering,3.77,3,2,3.61,data analyst,"python, sql",sql server,kubernetes,moderate,auditory,qa engineer,remote,poor,yes,11,google
male,"tamil, english",bachelor's degree,information technology,3.32,3,1,2.89,ml engineer,"java, c++",mongodb,gcp,moderate,auditory,security engineer,hybrid,poor,no,0,google
female,tamil,bachelor's degree,information technology,2.23,1,2,3.85,data analyst,"javascript, php",postgresql,kubernetes,low,visual,systems analyst,onsite,excellent,yes,5,google
female,tamil,bachelor's degree,information technology,3.02,1,2,3.18,software engineer,"javascript, php",postgresql,docker,low,kinesthetic,data scientist,hybrid,excellent,yes,4,aws
male,english,bachelor's degree,software engineering,2.96,4,1,2.65,software engineer,"python, sql",postgresql,kubernetes,low,kinesthetic,systems analyst,remote,average,yes,5,azure
male,sinhala,bachelor's degree,information technology,3.08,2,2,2.4,systems analyst,"python, sql",mongodb,docker,low,kinesthetic,data scientist,hybrid,average,no,5,cisco
male,sinhala,bachelor's degree,data science,2.53,3,1,3.25,data analyst,"python, java",mongodb,azure,low,visual,software engineer,remote,average,yes,1,google
male,"english, sinhala, tamil",bachelor's degree,cyber security,2.8,1,2,3.59,data analyst,"javascript, php",oracle,gcp,excellent,auditory,systems analyst,onsite,average,yes,11,azure
male,english,bachelor's degree,information technology,3.61,3,1,3.55,cyber security analyst,"javascript, php",mongodb,kubernetes,excellent,visual,systems analyst,remote,average,yes,4,cisco
male,"english, sinhala",bachelor's degree,computer science,3.95,3,1,2.8,cloud engineer,"c#, .net",postgresql,aws,low,auditory,software engineer,hybrid,poor,yes,7,aws
female,"sinhala, tamil",bachelor's degree,computer science,2.98,2,1,3.84,cloud engineer,"c#, .net",mongodb,azure,moderate,kinesthetic,devops engineer,onsite,poor,yes,9,aws
female,sinhala,bachelor's degree,data science,3.96,1,1,3.63,devops engineer,"python, sql",postgresql,docker,low,kinesthetic,devops engineer,onsite,average,yes,12,none
male,"sinhala, tamil",bachelor's degree,computer science,2.37,1,2,2.64,ml engineer,"java, c++",postgresql,aws,moderate,visual,data scientist,remote,poor,no,9,azure
female,"tamil, english",bachelor's degree,cyber security,3.42,2,1,2.85,ai engineer,"c#, .net",postgresql,kubernetes,low,visual,devops engineer,onsite,excellent,yes,12,cisco
male,"english, sinhala",bachelor's degree,cyber security,2.57,3,2,2.33,cloud engineer,"python, r",postgresql,docker,excellent,visual,systems analyst,onsite,average,no,9,cisco
male,"english, sinhala",bachelor's degree,software engineering,3.41,2,1,2.35,cyber security analyst,"python, java",oracle,aws,excellent,auditory,systems analyst,onsite,poor,yes,6,none
female,"english, sinhala, tamil",bachelor's degree,software engineering,2.58,3,2,3.66,devops engineer,"python, java",mongodb,kubernetes,low,visual,devops engineer,remote,excellent,yes,7,google
female,"tamil, english",bachelor's degree,cyber security,3.43,3,1,3.24,qa engineer,"c#, .net",sql server,docker,moderate,auditory,devops engineer,hybrid,excellent,yes,1,google
female,"sinhala, tamil",bachelor's degree,software engineering,2.5,1,2,2.47,devops engineer,"javascript, php",mysql,docker,excellent,auditory,devops engineer,onsite,average,no,8,aws
male,english,bachelor's degree,cyber security,3.69,1,2,2.71,devops engineer,"python, sql",mongodb,gcp,moderate,visual,devops engineer,hybrid,poor,no,6,aws
female,tamil,bachelor's degree,information technology,3.56,2,2,3.02,qa engineer,"java, c++",postgresql,docker,low,kinesthetic,data scientist,hybrid,poor,no,4,aws
female,english,bachelor's degree,information technology,3.94,1,2,2.29,qa engineer,"c#, .net",mysql,azure,excellent,auditory,software engineer,hybrid,average,no,7,azure
female,"tamil, english",bachelor's degree,information technology,2.63,3,1,2.37,qa engineer,"python, java",mongodb,gcp,low,auditory,devops engineer,remote,poor,no,2,google
female,"sinhala, tamil",bachelor's degree,software engineering,2.98,3,2,2.43,software engineer,"java, c++",sql server,kubernetes,low,auditory,data scientist,hybrid,poor,no,4,azure
female,tamil,bachelor's degree,information technology,3.64,3,2,2.52,data analyst,"java, c++",mysql,gcp,excellent,auditory,devops engineer,hybrid,excellent,no,4,google
female,english,bachelor's degree,data science,2.26,4,2,3.39,devops engineer,"python, java",oracle,kubernetes,low,kinesthetic,systems analyst,remote,poor,yes,2,cisco
female,"english, sinhala",bachelor's degree,computer science,3.04,4,1,2.34,cyber security analyst,"javascript, php",sql server,kubernetes,excellent,auditory,qa engineer,onsite,average,yes,2,aws
female,"tamil, english",bachelor's degree,computer science,3.99,4,2,3.73,ml engineer,"javascript, php",postgresql,kubernetes,moderate,visual,security engineer,remote,average,yes,7,azure
male,"sinhala, tamil",bachelor's degree,software engineering,2.98,1,1,3.27,qa engineer,"python, java",oracle,docker,excellent,auditory,devops engineer,remote,average,yes,6,cisco
male,"english, sinhala, tamil",bachelor's degree,information technology,3.66,2,2,2.63,ai engineer,"python, java",mongodb,gcp,low,auditory,devops engineer,onsite,excellent,yes,6,none
male,"sinhala, tamil",bachelor's degree,data science,2.97,4,2,2.25,cloud engineer,"java, c++",postgresql,aws,excellent,auditory,qa engineer,onsite,average,yes,8,azure
male,"english, sinhala, tamil",bachelor's degree,computer science,2.94,4,2,2.76,cloud engineer,"python, java",mysql,docker,low,auditory,systems analyst,onsite,poor,yes,0,google
male,tamil,bachelor's degree,software engineering,2.72,3,1,3.77,cyber security analyst,"c#, .net",postgresql,kubernetes,moderate,visual,security engineer,remote,excellent,yes,2,cisco
male,sinhala,bachelor's degree,information technology,2.31,4,2,3.03,cyber security analyst,"python, r",mongodb,kubernetes,moderate,auditory,devops engineer,onsite,average,no,2,google
male,"english, sinhala",bachelor's degree,information technology,3.12,2,2,2.61,software engineer,"javascript, php",sql server,docker,moderate,kinesthetic,software engineer,hybrid,average,no,10,azure
female,tamil,bachelor's degree,data science,3.56,3,2,2.49,cloud engineer,"java, c++",sql server,azure,excellent,visual,devops engineer,remote,average,yes,1,azure
male,english,bachelor's degree,software engineering,2.8,4,2,3.31,ai engineer,"python, sql",sql server,gcp,moderate,kinesthetic,software engineer,remote,excellent,yes,0,none
female,sinhala,bachelor's degree,software engineering,2.8,3,2,3.96,cyber security analyst,"python, r",sql server,gcp,moderate,kinesthetic,security engineer,onsite,excellent,no,11,google
male,"sinhala, tamil",bachelor's degree,software engineering,2.61,2,1,2.58,data analyst,"c#, .net",mysql,gcp,excellent,kinesthetic,qa engineer,onsite,average,no,6,aws
female,english,bachelor's degree,data science,3.55,2,1,3.81,systems analyst,"python, java",mysql,gcp,low,auditory,data scientist,onsite,average,no,10,aws
female,"english, sinhala",bachelor's degree,information technology,2.61,3,2,2.34,software engineer,"javascript, php",mongodb,kubernetes,excellent,kinesthetic,qa engineer,remote,excellent,yes,4,aws
female,"english, sinhala",bachelor's degree,cyber security,3.28,4,2,3.25,qa engineer,"python, r",mysql,aws,moderate,visual,devops engineer,onsite,poor,no,4,azure
female,tamil,bachelor's degree,information technology,2.61,3,1,3.35,cloud engineer,"javascript, php",sql server,kubernetes,low,auditory,security engineer,hybrid,average,yes,3,azure
female,sinhala,bachelor's degree,software engineering,3.42,2,2,2.3,devops engineer,"python, sql",sql server,docker,low,visual,systems analyst,onsite,excellent,no,6,google
female,sinhala,bachelor's degree,data science,2.76,1,1,3.44,devops engineer,"python, r",postgresql,docker,moderate,visual,systems analyst,onsite,poor,yes,3,aws
female,tamil,bachelor's degree,software engineering,2.71,2,2,2.57,cloud engineer,"python, java",mongodb,docker,excellent,visual,security engineer,onsite,average,yes,10,google
male,"tamil, english",bachelor's degree,computer science,3.95,2,1,2.91,software engineer,"javascript, php",sql server,aws,low,auditory,data scientist,onsite,average,yes,10,aws
male,"english, sinhala",bachelor's degree,data science,2.77,2,2,2.39,network engineer,"python, r",mysql,aws,low,auditory,systems analyst,remote,poor,yes,0,none
male,"sinhala, tamil",bachelor's degree,information technology,2.74,1,2,3.89,ml engineer,"python, java",postgresql,aws,low,auditory,software engineer,onsite,average,no,11,aws
female,"english, sinhala",bachelor's degree,cyber security,3.77,2,1,3.52,data analyst,"python, sql",mysql,aws,moderate,kinesthetic,software engineer,remote,average,no,2,azure
female,"tamil, english",bachelor's degree,data science,3.39,1,1,2.94,devops engineer,"java, c++",postgresql,aws,low,visual,devops engineer,hybrid,poor,no,0,cisco
male,"tamil, english",bachelor's degree,data science,2.24,4,2,3.39,ml engineer,"java, c++",oracle,kubernetes,excellent,visual,data scientist,onsite,excellent,no,10,cisco
male,"english, sinhala, tamil",bachelor's degree,software engineering,2.48,2,1,2.25,cloud engineer,"java, c++",postgresql,gcp,excellent,kinesthetic,security engineer,onsite,average,yes,6,google
male,tamil,bachelor's degree,data science,3.91,3,2,3.99,cloud engineer,"python, java",oracle,azure,low,visual,qa engineer,onsite,poor,yes,1,cisco
male,sinhala,bachelor's degree,software engineering,3.57,2,2,3.17,data analyst,"java, c++",mysql,kubernetes,low,auditory,qa engineer,onsite,average,yes,6,aws
male,sinhala,bachelor's degree,software engineering,2.53,1,1,3.43,data analyst,"javascript, php",mysql,aws,excellent,auditory,software engineer,hybrid,average,no,4,google
male,sinhala,bachelor's degree,information technology,3.94,1,2,3.66,software engineer,"javascript, php",sql server,gcp,moderate,kinesthetic,qa engineer,onsite,poor,no,2,google
male,tamil,bachelor's degree,software engineering,3.17,4,1,3.1,ml engineer,"c#, .net",postgresql,kubernetes,moderate,auditory,qa engineer,hybrid,poor,yes,5,none
male,"sinhala, tamil",bachelor's degree,software engineering,2.47,4,1,3.78,cloud engineer,"c#, .net",sql server,azure,low,kinesthetic,systems analyst,onsite,poor,no,1,google
female,"english, sinhala, tamil",bachelor's degree,software engineering,3.42,3,1,2.91,systems analyst,"java, c++",mysql,docker,excellent,visual,software engineer,onsite,average,yes,8,azure
male,"english, sinhala, tamil",bachelor's degree,cyber security,3.13,4,2,3.61,software engineer,"c#, .net",mongodb,kubernetes,moderate,kinesthetic,qa engineer,hybrid,poor,no,1,aws
male,tamil,bachelor's degree,information technology,3.09,4,2,2.79,systems analyst,"python, sql",oracle,kubernetes,low,kinesthetic,systems analyst,hybrid,excellent,yes,8,none
female,sinhala,bachelor's degree,data science,2.27,2,2,3.05,data analyst,"python, java",mongodb,docker,low,visual,devops engineer,onsite,average,no,6,azure
male,"english, sinhala, tamil",bachelor's degree,software engineering,3.68,1,2,3.73,cloud engineer,"python, sql",mysql,aws,excellent,auditory,qa engineer,remote,excellent,no,8,azure
female,"english, sinhala",bachelor's degree,software engineering,2.39,2,1,2.6,cyber security analyst,"python, java",sql server,azure,excellent,auditory,software engineer,onsite,excellent,no,3,none
male,english,bachelor's degree,computer science,2.33,4,2,2.26,data analyst,"python, r",mysql,kubernetes,excellent,auditory,devops engineer,onsite,poor,no,4,none
male,"english, sinhala",bachelor's degree,information technology,3.69,2,2,2.84,software engineer,"python, java",mongodb,aws,moderate,auditory,data scientist,hybrid,poor,no,7,cisco
female,"sinhala, tamil",bachelor's degree,computer science,2.23,2,1,2.88,cloud engineer,"javascript, php",oracle,docker,low,kinesthetic,data scientist,hybrid,excellent,no,7,google
male,sinhala,bachelor's degree,data science,3.76,1,2,2.52,data analyst,"java, c++",postgresql,docker,low,visual,qa engineer,onsite,poor,no,7,cisco
male,sinhala,bachelor's degree,cyber security,3.57,1,2,2.26,ml engineer,"python, r",mongodb,gcp,low,auditory,devops engineer,remote,excellent,yes,12,none
male,"sinhala, tamil",bachelor's degree,software engineering,2.41,4,2,2.2,qa engineer,"python, r",mongodb,gcp,moderate,kinesthetic,devops engineer,remote,average,yes,7,azure
male,tamil,bachelor's degree,information technology,2.83,2,1,2.41,software engineer,"java, c++",mysql,docker,excellent,auditory,systems analyst,onsite,excellent,no,10,google
female,sinhala,bachelor's degree,computer science,3.77,3,1,3.72,ml engineer,"c#, .net",mysql,gcp,low,visual,software engineer,onsite,excellent,no,11,google
male,english,bachelor's degree,data science,3.35,4,2,2.29,cloud engineer,"java, c++",sql server,aws,moderate,visual,security engineer,hybrid,excellent,no,12,aws
male,"sinhala, tamil",bachelor's degree,data science,3.26,4,1,3.54,software engineer,"python, r",oracle,docker,moderate,visual,data scientist,hybrid,poor,no,4,none
female,english,bachelor's degree,information technology,3.8,2,1,3.92,data analyst,"python, r",mongodb,aws,excellent,auditory,security engineer,hybrid,excellent,no,0,cisco
male,english,bachelor's degree,information technology,3.15,2,2,2.64,cloud engineer,"javascript, php",oracle,azure,moderate,visual,security engineer,remote,average,no,2,none
male,"tamil, english",bachelor's degree,information technology,2.51,1,2,3.74,ml engineer,"python, sql",mongodb,aws,excellent,kinesthetic,qa engineer,hybrid,poor,yes,4,google
female,english,bachelor's degree,cyber security,3.09,2,2,2.71,systems analyst,"python, r",mongodb,kubernetes,low,auditory,data scientist,onsite,average,no,8,aws
female,"sinhala, tamil",bachelor's degree,software engineering,2.51,3,1,3.4,software engineer,"python, java",sql server,azure,moderate,kinesthetic,security engineer,hybrid,average,no,7,google
female,"english, sinhala, tamil",bachelor's degree,information technology,2.43,2,2,3.14,software engineer,"python, sql",mysql,gcp,low,kinesthetic,software engineer,hybrid,average,no,10,none
female,"english, sinhala, tamil",bachelor's degree,data science,2.85,1,2,3.84,qa engineer,"javascript, php",postgresql,gcp,moderate,kinesthetic,qa engineer,onsite,poor,no,10,google
female,english,bachelor's degree,software engineering,2.56,4,2,2.9,qa engineer,"python, java",mysql,azure,moderate,visual,qa engineer,hybrid,poor,yes,4,aws
female,sinhala,bachelor's degree,cyber security,3.51,2,1,2.75,ml engineer,"python, sql",sql server,gcp,excellent,visual,software engineer,onsite,excellent,yes,9,none
male,"tamil, english",bachelor's degree,cyber security,2.25,1,2,2.44,ml engineer,"python, r",oracle,kubernetes,moderate,kinesthetic,systems analyst,remote,poor,no,7,none
male,"english, sinhala, tamil",bachelor's degree,computer science,3.21,3,1,3.29,ml engineer,"python, r",mongodb,azure,moderate,visual,software engineer,onsite,excellent,yes,12,google
female,"sinhala, tamil",bachelor's degree,information technology,3.05,2,2,3.68,ml engineer,"python, r",sql server,aws,excellent,kinesthetic,qa engineer,hybrid,excellent,yes,11,aws
male,"sinhala, tamil",bachelor's degree,information technology,2.44,3,1,2.49,systems analyst,"python, java",postgresql,docker,low,kinesthetic,devops engineer,remote,poor,no,5,aws
female,"tamil, english",bachelor's degree,data science,2.99,4,2,2.34,software engineer,"python, sql",postgresql,kubernetes,excellent,visual,devops engineer,hybrid,poor,yes,8,aws
female,sinhala,bachelor's degree,cyber security,3.23,2,2,2.91,devops engineer,"python, java",mysql,kubernetes,excellent,visual,software engineer,onsite,excellent,no,11,none
male,english,bachelor's degree,software engineering,3.04,4,2,3.07,devops engineer,"c#, .net",mysql,gcp,moderate,visual,qa engineer,onsite,average,no,4,google
female,sinhala,bachelor's degree,computer science,2.69,1,1,3.57,ml engineer,"python, java",postgresql,aws,moderate,visual,data scientist,onsite,average,yes,6,google
female,"english, sinhala, tamil",bachelor's degree,software engineering,2.3,1,1,3.58,qa engineer,"javascript, php",mongodb,gcp,low,visual,systems analyst,hybrid,poor,no,11,google
male,english,bachelor's degree,cyber security,2.62,3,1,3.82,systems analyst,"c#, .net",oracle,azure,moderate,kinesthetic,qa engineer,hybrid,excellent,no,12,aws
female,"sinhala, tamil",bachelor's degree,computer science,3.39,4,2,2.49,software engineer,"python, sql",oracle,docker,moderate,visual,security engineer,onsite,average,no,2,none
female,"sinhala, tamil",bachelor's degree,software engineering,3.84,2,1,3.68,systems analyst,"java, c++",mysql,gcp,moderate,visual,data scientist,onsite,average,yes,0,none
female,sinhala,bachelor's degree,computer science,2.92,3,2,2.68,cyber security analyst,"javascript, php",mongodb,gcp,low,visual,systems analyst,onsite,excellent,yes,2,google
male,"sinhala, tamil",bachelor's degree,information technology,3.18,3,1,2.65,network engineer,"java, c++",oracle,gcp,excellent,auditory,qa engineer,remote,excellent,yes,9,azure
female,"english, sinhala",bachelor's degree,information technology,2.86,3,2,2.59,cloud engineer,"c#, .net",mysql,docker,excellent,kinesthetic,qa engineer,remote,average,no,9,azure
male,"english, sinhala, tamil",bachelor's degree,information technology,3.55,3,1,3.16,devops engineer,"python, sql",mysql,aws,excellent,visual,qa engineer,hybrid,poor,yes,4,google
male,"tamil, english",bachelor's degree,software engineering,2.8,2,2,3.23,ai engineer,"python, java",sql server,aws,excellent,kinesthetic,systems analyst,onsite,excellent,no,7,none
female,tamil,bachelor's degree,software engineering,3.48,3,1,2.22,cyber security analyst,"python, r",postgresql,docker,excellent,auditory,devops engineer,onsite,average,no,7,cisco
male,"english, sinhala, tamil",bachelor's degree,software engineering,2.61,1,1,3.04,devops engineer,"python, sql",mongodb,gcp,low,visual,data scientist,hybrid,poor,yes,9,cisco
female,"english, sinhala, tamil",bachelor's degree,computer science,3.13,1,2,2.35,qa engineer,"python, java",postgresql,gcp,excellent,auditory,data scientist,hybrid,poor,no,7,aws
male,"tamil, english",bachelor's degree,data science,3.16,2,2,2.59,ml engineer,"javascript, php",mongodb,azure,excellent,kinesthetic,security engineer,hybrid,excellent,no,4,none
female,english,bachelor's degree,cyber security,2.77,1,2,2.3,network engineer,"javascript, php",postgresql,aws,low,visual,qa engineer,hybrid,poor,no,9,google
male,tamil,bachelor's degree,information technology,3.26,4,2,3.12,ml engineer,"c#, .net",mongodb,azure,excellent,kinesthetic,systems analyst,hybrid,average,yes,1,google
male,"english, sinhala, tamil",bachelor's degree,information technology,2.9,1,2,2.35,network engineer,"javascript, php",oracle,azure,low,kinesthetic,devops engineer,hybrid,average,no,4,azure
female,"english, sinhala, tamil",bachelor's degree,cyber security,2.67,4,2,2.98,cyber security analyst,"python, r",postgresql,aws,low,auditory,data scientist,hybrid,poor,yes,0,azure
male,"tamil, english",bachelor's degree,software engineering,3.11,4,2,2.64,software engineer,"python, sql",mysql,azure,moderate,visual,security engineer,hybrid,poor,no,11,azure
female,"tamil, english",bachelor's degree,software engineering,3.4,2,2,3.64,systems analyst,"python, sql",oracle,gcp,low,kinesthetic,security engineer,hybrid,poor,no,12,google
male,"sinhala, tamil",bachelor's degree,cyber security,3.23,3,1,3.75,ai engineer,"python, r",postgresql,docker,excellent,auditory,data scientist,onsite,poor,yes,4,aws
female,tamil,bachelor's degree,information technology,2.36,4,1,3.46,cyber security analyst,"java, c++",postgresql,azure,moderate,visual,devops engineer,hybrid,average,no,4,none
female,"tamil, english",bachelor's degree,cyber security,2.4,1,2,3.72,software engineer,"python, r",oracle,gcp,low,auditory,data scientist,onsite,average,yes,10,azure
female,english,bachelor's degree,software engineering,3.54,1,1,3.85,network engineer,"python, sql",mysql,aws,excellent,kinesthetic,software engineer,hybrid,average,yes,4,azure
male,english,bachelor's degree,information technology,3.88,2,1,2.24,systems analyst,"java, c++",mongodb,aws,excellent,visual,devops engineer,onsite,poor,yes,4,azure
male,"english, sinhala",bachelor's degree,cyber security,3.17,1,2,3.72,devops engineer,"python, java",postgresql,azure,moderate,auditory,devops engineer,remote,excellent,yes,10,azure
male,tamil,bachelor's degree,computer science,2.28,4,1,2.71,software engineer,"python, java",postgresql,kubernetes,moderate,visual,software engineer,remote,average,yes,3,cisco
female,"tamil, english",bachelor's degree,data science,3.25,2,1,3.11,devops engineer,"python, r",mongodb,aws,low,auditory,qa engineer,remote,poor,yes,2,none
female,"english, sinhala, tamil",bachelor's degree,software engineering,3.11,3,1,3.71,ml engineer,"javascript, php",oracle,gcp,low,auditory,devops engineer,hybrid,average,no,12,cisco
female,"english, sinhala, tamil",bachelor's degree,data science,2.69,1,1,2.65,systems analyst,"python, r",postgresql,azure,excellent,visual,security engineer,hybrid,poor,no,6,aws
male,tamil,bachelor's degree,data science,3.31,1,1,2.86,software engineer,"c#, .net",mysql,kubernetes,low,auditory,systems analyst,remote,excellent,no,8,none
male,"tamil, english",bachelor's degree,data science,2.96,4,2,2.75,cloud engineer,"javascript, php",mysql,docker,moderate,visual,devops engineer,onsite,poor,no,12,azure
male,"sinhala, tamil",bachelor's degree,computer science,3.8,3,2,3.81,ai engineer,"java, c++",postgresql,kubernetes,low,kinesthetic,security engineer,onsite,average,yes,2,google
female,"english, sinhala",bachelor's degree,cyber security,3.63,3,1,3.33,devops engineer,"python, r",mysql,kubernetes,moderate,visual,devops engineer,hybrid,poor,no,10,google
male,"english, sinhala",bachelor's degree,computer science,3.29,3,1,2.73,cloud engineer,"javascript, php",oracle,kubernetes,excellent,auditory,data scientist,remote,poor,yes,8,azure
male,english,bachelor's degree,software engineering,2.69,3,1,3.69,ml engineer,"python, r",mongodb,kubernetes,excellent,visual,devops engineer,remote,excellent,no,2,google
female,sinhala,bachelor's degree,software engineering,2.75,4,1,2.75,cloud engineer,"python, r",mysql,aws,moderate,visual,qa engineer,hybrid,poor,no,8,cisco
male,"english, sinhala, tamil",bachelor's degree,information technology,2.64,4,2,2.49,data analyst,"javascript, php",postgresql,kubernetes,low,kinesthetic,systems analyst,remote,excellent,no,0,none
male,"english, sinhala, tamil",bachelor's degree,information technology,3.67,2,1,2.58,ml engineer,"c#, .net",postgresql,gcp,low,auditory,qa engineer,onsite,average,no,3,azure
female,"sinhala, tamil",bachelor's degree,software engineering,3.03,2,2,2.74,software engineer,"javascript, php",oracle,kubernetes,moderate,auditory,devops engineer,onsite,average,no,9,google
female,"tamil, english",bachelor's degree,computer science,2.35,2,2,2.6,data analyst,"c#, .net",postgresql,aws,moderate,kinesthetic,systems analyst,remote,average,no,1,google
female,english,bachelor's degree,cyber security,3.18,2,2,2.35,ml engineer,"python, r",sql server,azure,excellent,kinesthetic,data scientist,onsite,average,no,11,aws
male,english,bachelor's degree,software engineering,3.61,3,2,3.48,ml engineer,"java, c++",sql server,docker,excellent,auditory,software engineer,hybrid,excellent,no,7,none
female,sinhala,bachelor's degree,information technology,3.23,1,2,3.26,ml engineer,"c#, .net",mongodb,aws,moderate,visual,devops engineer,remote,excellent,yes,10,azure
male,"tamil, english",bachelor's degree,computer science,3.01,3,2,3.55,network engineer,"c#, .net",postgresql,azure,low,kinesthetic,software engineer,remote,average,no,4,none
female,"sinhala, tamil",bachelor's degree,software engineering,2.55,2,2,3.53,cyber security analyst,"python, sql",mysql,aws,excellent,kinesthetic,devops engineer,hybrid,poor,yes,2,google
male,"sinhala, tamil",bachelor's degree,software engineering,2.32,3,1,3.78,cyber security analyst,"python, r",mongodb,azure,moderate,kinesthetic,devops engineer,onsite,average,yes,6,google
male,"english, sinhala, tamil",bachelor's degree,information technology,3.6,2,1,2.91,systems analyst,"python, java",mysql,azure,low,auditory,qa engineer,onsite,poor,yes,1,aws
female,sinhala,bachelor's degree,computer science,3.67,3,2,2.27,qa engineer,"javascript, php",postgresql,gcp,excellent,visual,qa engineer,remote,average,no,0,aws
male,tamil,bachelor's degree,software engineering,3.31,2,2,3.84,devops engineer,"python, r",sql server,docker,low,visual,qa engineer,hybrid,poor,yes,4,aws
male,"english, sinhala",bachelor's degree,information technology,2.56,2,2,3.16,ml engineer,"python, r",sql server,kubernetes,excellent,visual,devops engineer,remote,poor,no,5,google
male,"sinhala, tamil",bachelor's degree,software engineering,3.76,4,1,2.71,cloud engineer,"c#, .net",sql server,gcp,moderate,visual,security engineer,onsite,average,no,0,azure
male,"tamil, english",bachelor's degree,software engineering,3.3,4,1,2.94,data analyst,"java, c++",postgresql,gcp,low,auditory,qa engineer,onsite,average,yes,1,google
male,english,bachelor's degree,computer science,2.74,2,1,2.39,cloud engineer,"python, sql",sql server,gcp,excellent,kinesthetic,devops engineer,onsite,excellent,no,1,aws
female,tamil,bachelor's degree,cyber security,2.82,4,1,3.7,devops engineer,"javascript, php",mongodb,gcp,moderate,auditory,security engineer,onsite,excellent,no,2,cisco
male,tamil,bachelor's degree,data science,2.79,3,1,3.56,ai engineer,"c#, .net",mysql,docker,excellent,visual,systems analyst,hybrid,average,yes,6,none
male,"sinhala, tamil",bachelor's degree,data science,3.63,2,2,2.77,ml engineer,"python, sql",mysql,azure,excellent,visual,systems analyst,remote,poor,yes,1,azure
female,"english, sinhala",bachelor's degree,cyber security,3.0,1,2,3.31,qa engineer,"java, c++",mysql,azure,low,kinesthetic,qa engineer,onsite,excellent,yes,7,cisco
female,"english, sinhala",bachelor's degree,cyber security,3.52,4,2,3.97,ml engineer,"javascript, php",sql server,docker,excellent,auditory,systems analyst,hybrid,excellent,yes,4,google
female,"english, sinhala, tamil",bachelor's degree,information technology,3.9,4,1,3.93,cloud engineer,"python, java",postgresql,docker,excellent,visual,systems analyst,onsite,average,no,5,aws
female,"english, sinhala",bachelor's degree,information technology,3.76,2,1,2.39,qa engineer,"python, r",oracle,azure,moderate,auditory,security engineer,onsite,poor,no,0,none
male,sinhala,bachelor's degree,information technology,3.75,3,1,3.24,systems analyst,"c#, .net",oracle,aws,low,visual,data scientist,remote,excellent,no,5,google
male,"english, sinhala",bachelor's degree,cyber security,3.39,4,1,3.27,systems analyst,"java, c++",mysql,docker,excellent,visual,devops engineer,hybrid,average,yes,9,cisco
male,tamil,bachelor's degree,information technology,3.73,4,2,2.77,software engineer,"python, java",mongodb,aws,excellent,auditory,qa engineer,remote,average,no,10,none
female,tamil,bachelor's degree,software engineering,3.62,1,1,2.77,ml engineer,"javascript, php",oracle,azure,moderate,kinesthetic,data scientist,remote,average,no,9,none
female,english,bachelor's degree,computer science,3.7,1,1,3.65,qa engineer,"c#, .net",oracle,gcp,low,kinesthetic,systems analyst,onsite,average,no,12,google
female,tamil,bachelor's degree,cyber security,3.93,1,1,3.13,cloud engineer,"python, java",oracle,docker,low,kinesthetic,data scientist,remote,average,no,6,none
female,"english, sinhala",bachelor's degree,data science,3.16,1,1,2.94,ml engineer,"python, sql",sql server,azure,excellent,kinesthetic,software engineer,remote,average,no,7,google
female,tamil,bachelor's degree,computer science,3.57,4,1,3.27,software engineer,"javascript, php",mysql,azure,excellent,kinesthetic,software engineer,remote,excellent,no,4,google
female,"english, sinhala, tamil",bachelor's degree,information technology,3.01,1,1,3.6,ml engineer,"java, c++",mongodb,azure,low,kinesthetic,security engineer,hybrid,poor,no,3,azure
male,tamil,bachelor's degree,cyber security,3.51,3,1,3.21,cyber security analyst,"python, sql",oracle,docker,low,kinesthetic,qa engineer,remote,excellent,no,9,cisco
female,"english, sinhala",bachelor's degree,software engineering,3.52,1,1,2.44,data analyst,"python, sql",postgresql,aws,excellent,kinesthetic,software engineer,remote,poor,no,8,cisco
male,english,bachelor's degree,software engineering,2.36,3,1,3.89,ml engineer,"python, r",oracle,kubernetes,low,visual,systems analyst,remote,average,yes,1,none
female,"sinhala, tamil",bachelor's degree,computer science,2.26,2,1,2.67,cyber security analyst,"python, java",sql server,docker,excellent,auditory,systems analyst,onsite,average,yes,3,azure
female,tamil,bachelor's degree,information technology,3.18,4,1,3.82,devops engineer,"javascript, php",mysql,kubernetes,moderate,kinesthetic,qa engineer,remote,average,yes,3,google
male,"sinhala, tamil",bachelor's degree,information technology,3.45,3,2,2.62,qa engineer,"c#, .net",mysql,docker,moderate,auditory,systems analyst,remote,excellent,yes,1,none
male,"english, sinhala",bachelor's degree,cyber security,2.8,4,2,2.25,ml engineer,"python, r",oracle,gcp,moderate,auditory,security engineer,hybrid,excellent,no,8,azure
female,"tamil, english",bachelor's degree,information technology,2.91,4,1,2.27,cloud engineer,"python, java",postgresql,kubernetes,excellent,visual,systems analyst,remote,poor,no,6,aws
male,"english, sinhala",bachelor's degree,cyber security,2.8,4,2,3.1,systems analyst,"python, sql",postgresql,azure,excellent,kinesthetic,devops engineer,hybrid,poor,yes,4,cisco
female,"tamil, english",bachelor's degree,computer science,2.62,3,1,2.43,devops engineer,"c#, .net",sql server,azure,excellent,kinesthetic,data scientist,remote,average,yes,11,azure
male,"sinhala, tamil",bachelor's degree,data science,3.8,2,1,2.81,software engineer,"python, java",oracle,docker,excellent,auditory,qa engineer,remote,average,no,11,aws
female,english,bachelor's degree,information technology,2.35,2,2,3.46,software engineer,"java, c++",oracle,aws,low,kinesthetic,qa engineer,remote,excellent,yes,0,aws
male,"sinhala, tamil",bachelor's degree,software engineering,3.91,3,2,3.78,systems analyst,"python, sql",mysql,aws,moderate,visual,software engineer,onsite,excellent,no,11,none
female,english,bachelor's degree,computer science,3.56,3,1,3.82,devops engineer,"python, sql",mongodb,aws,low,auditory,qa engineer,hybrid,average,no,5,cisco
male,tamil,bachelor's degree,computer science,2.88,3,1,2.94,systems analyst,"java, c++",mysql,kubernetes,moderate,visual,qa engineer,remote,excellent,no,10,aws
male,"english, sinhala",bachelor's degree,cyber security,2.94,1,2,2.97,qa engineer,"javascript, php",oracle,gcp,moderate,auditory,devops engineer,remote,poor,no,2,cisco
male,"tamil, english",bachelor's degree,data science,3.45,1,2,3.37,cyber security analyst,"java, c++",mysql,docker,moderate,visual,security engineer,hybrid,excellent,no,8,cisco
male,"tamil, english",bachelor's degree,computer science,2.67,3,1,3.39,software engineer,"java, c++",oracle,aws,excellent,kinesthetic,systems analyst,remote,average,no,9,google
male,tamil,bachelor's degree,cyber security,2.27,1,1,2.47,data analyst,"python, sql",mongodb,gcp,low,visual,data scientist,remote,average,no,2,azure
male,"tamil, english",bachelor's degree,data science,3.99,4,1,2.44,cloud engineer,"python, r",postgresql,azure,low,kinesthetic,systems analyst,remote,average,yes,10,none
female,"english, sinhala, tamil",bachelor's degree,software engineering,3.39,1,2,2.58,cyber security analyst,"c#, .net",postgresql,azure,moderate,auditory,security engineer,remote,excellent,yes,11,google
male,"english, sinhala, tamil",bachelor's degree,cyber security,3.58,2,1,2.22,ml engineer,"c#, .net",postgresql,azure,excellent,auditory,software engineer,hybrid,excellent,yes,2,none
male,tamil,bachelor's degree,software engineering,3.08,3,1,2.92,cyber security analyst,"python, java",mysql,docker,moderate,auditory,systems analyst,onsite,poor,yes,3,none
female,english,bachelor's degree,data science,3.3,3,2,2.45,software engineer,"java, c++",mysql,azure,low,visual,software engineer,onsite,average,yes,12,none
female,sinhala,bachelor's degree,data science,2.46,2,2,3.11,qa engineer,"java, c++",sql server,aws,moderate,auditory,software engineer,remote,excellent,yes,8,aws
male,sinhala,bachelor's degree,software engineering,3.85,1,2,2.93,qa engineer,"c#, .net",mongodb,gcp,low,visual,systems analyst,remote,poor,no,4,aws
male,"english, sinhala",bachelor's degree,software engineering,3.93,2,1,2.88,network engineer,"java, c++",oracle,azure,moderate,kinesthetic,security engineer,remote,average,yes,8,aws
female,english,bachelor's degree,data science,2.91,4,2,2.48,devops engineer,"python, r",oracle,gcp,low,kinesthetic,qa engineer,remote,excellent,no,11,google
female,"english, sinhala, tamil",bachelor's degree,software engineering,3.34,4,1,3.47,cloud engineer,"javascript, php",mysql,kubernetes,excellent,auditory,security engineer,onsite,excellent,yes,11,azure
male,english,bachelor's degree,cyber security,3.29,3,2,3.58,data analyst,"java, c++",mysql,aws,moderate,auditory,data scientist,hybrid,excellent,no,12,aws
female,"english, sinhala",bachelor's degree,data science,2.41,1,1,2.43,data analyst,"python, r",sql server,azure,moderate,auditory,data scientist,remote,excellent,yes,2,azure
male,sinhala,bachelor's degree,software engineering,3.15,2,1,2.64,software engineer,"javascript, php",oracle,gcp,excellent,visual,devops engineer,onsite,average,yes,2,cisco
male,sinhala,bachelor's degree,computer science,3.25,3,1,3.27,cyber security analyst,"java, c++",sql server,aws,moderate,kinesthetic,security engineer,remote,poor,no,2,azure
male,sinhala,bachelor's degree,computer science,3.23,3,1,2.37,software engineer,"python, sql",mysql,aws,low,kinesthetic,security engineer,onsite,excellent,no,9,aws
male,"english, sinhala",bachelor's degree,data science,2.76,4,2,3.38,cyber security analyst,"python, sql",mysql,gcp,excellent,kinesthetic,data scientist,remote,poor,no,5,azure
male,english,bachelor's degree,information technology,3.86,1,2,3.08,ml engineer,"java, c++",oracle,kubernetes,moderate,kinesthetic,devops engineer,onsite,excellent,no,4,aws
male,sinhala,bachelor's degree,information technology,3.27,1,1,3.42,software engineer,"python, sql",sql server,azure,low,kinesthetic,software engineer,onsite,poor,no,8,cisco
female,"tamil, english",bachelor's degree,data science,3.41,4,1,3.69,devops engineer,"python, java",mongodb,aws,excellent,auditory,systems analyst,hybrid,excellent,yes,0,google
female,"tamil, english",bachelor's degree,computer science,3.65,3,1,3.49,cyber security analyst,"python, sql",mongodb,azure,moderate,visual,software engineer,onsite,poor,no,0,google
female,english,bachelor's degree,information technology,3.65,1,2,3.87,cloud engineer,"c#, .net",postgresql,docker,excellent,kinesthetic,devops engineer,hybrid,excellent,yes,9,none
male,"english, sinhala, tamil",bachelor's degree,data science,3.34,4,1,2.48,cyber security analyst,"javascript, php",mongodb,docker,low,visual,systems analyst,hybrid,poor,no,0,cisco
female,tamil,bachelor's degree,software engineering,2.74,3,2,3.6,ai engineer,"javascript, php",mongodb,azure,excellent,auditory,devops engineer,hybrid,excellent,yes,6,aws
female,sinhala,bachelor's degree,information technology,3.27,4,1,2.28,software engineer,"python, sql",mysql,docker,moderate,auditory,devops engineer,hybrid,poor,yes,10,aws
female,"english, sinhala, tamil",bachelor's degree,data science,3.73,3,2,2.55,qa engineer,"python, sql",oracle,docker,low,visual,data scientist,remote,excellent,no,10,none
male,tamil,bachelor's degree,information technology,3.2,2,2,3.52,ml engineer,"java, c++",mongodb,gcp,low,auditory,qa engineer,onsite,excellent,no,11,none
male,english,bachelor's degree,cyber security,2.46,1,1,3.57,software engineer,"python, java",oracle,kubernetes,low,kinesthetic,security engineer,remote,average,yes,11,azure
female,tamil,bachelor's degree,data science,2.28,3,2,2.95,devops engineer,"python, r",sql server,kubernetes,low,kinesthetic,devops engineer,hybrid,poor,yes,10,azure
male,english,bachelor's degree,software engineering,3.0,4,1,2.29,qa engineer,"python, java",postgresql,kubernetes,low,visual,devops engineer,onsite,average,no,1,none
male,tamil,bachelor's degree,computer science,3.24,1,2,2.28,cloud engineer,"javascript, php",oracle,kubernetes,excellent,visual,software engineer,hybrid,average,yes,2,google
male,sinhala,bachelor's degree,cyber security,3.89,3,2,2.53,devops engineer,"python, sql",mysql,kubernetes,moderate,visual,data scientist,remote,excellent,yes,8,none
female,tamil,bachelor's degree,cyber security,2.87,2,1,3.87,devops engineer,"javascript, php",mongodb,azure,low,auditory,data scientist,remote,average,yes,2,none
female,sinhala,bachelor's degree,data science,3.67,2,1,3.31,ml engineer,"java, c++",postgresql,docker,excellent,visual,devops engineer,hybrid,excellent,no,2,none
female,english,bachelor's degree,data science,3.07,4,1,2.21,cyber security analyst,"java, c++",oracle,azure,excellent,visual,security engineer,onsite,excellent,no,4,azure
male,english,bachelor's degree,data science,2.61,3,2,2.42,data analyst,"python, sql",sql server,gcp,low,kinesthetic,software engineer,hybrid,poor,yes,3,aws
male,tamil,bachelor's degree,cyber security,3.01,4,1,3.92,cyber security analyst,"java, c++",mongodb,azure,moderate,visual,security engineer,hybrid,excellent,yes,4,aws
male,"sinhala, tamil",bachelor's degree,cyber security,2.28,2,2,3.77,data analyst,"javascript, php",sql server,docker,low,kinesthetic,devops engineer,remote,excellent,yes,12,aws
female,"tamil, english",bachelor's degree,computer science,3.98,2,1,2.94,software engineer,"python, java",oracle,azure,excellent,auditory,devops engineer,onsite,excellent,no,0,cisco
male,english,bachelor's degree,cyber security,2.33,2,1,3.92,cloud engineer,"python, r",sql server,docker,moderate,kinesthetic,data scientist,remote,excellent,yes,1,aws
male,"english, sinhala, tamil",bachelor's degree,information technology,2.46,4,1,3.87,software engineer,"python, java",mysql,kubernetes,low,visual,systems analyst,hybrid,poor,no,8,google
male,"english, sinhala",bachelor's degree,cyber security,3.2,4,1,2.21,ml engineer,"python, java",sql server,docker,excellent,visual,devops engineer,onsite,excellent,yes,2,none
male,"sinhala, tamil",bachelor's degree,cyber security,2.3,1,2,3.07,network engineer,"javascript, php",sql server,kubernetes,excellent,visual,devops engineer,hybrid,excellent,yes,9,cisco
female,"english, sinhala, tamil",bachelor's degree,information technology,3.55,2,2,3.66,systems analyst,"javascript, php",sql server,kubernetes,excellent,auditory,security engineer,onsite,poor,no,11,cisco
female,"sinhala, tamil",bachelor's degree,data science,3.89,4,1,2.7,ai engineer,"javascript, php",postgresql,azure,moderate,auditory,qa engineer,remote,excellent,no,9,google
male,"english, sinhala, tamil",bachelor's degree,computer science,3.63,1,2,2.26,ml engineer,"python, java",sql server,kubernetes,excellent,kinesthetic,systems analyst,onsite,poor,yes,2,cisco
female,"tamil, english",bachelor's degree,information technology,2.92,2,2,3.79,devops engineer,"java, c++",postgresql,azure,excellent,kinesthetic,devops engineer,remote,poor,no,9,google
female,"english, sinhala",bachelor's degree,data science,3.6,4,1,2.83,data analyst,"java, c++",oracle,kubernetes,moderate,visual,security engineer,remote,excellent,no,6,cisco
male,"english, sinhala",bachelor's degree,data science,2.25,3,2,3.93,software engineer,"java, c++",postgresql,docker,moderate,auditory,devops engineer,hybrid,average,yes,10,none
female,"english, sinhala",bachelor's degree,data science,3.25,1,2,3.34,software engineer,"python, sql",oracle,docker,moderate,visual,security engineer,hybrid,poor,yes,8,aws
male,"sinhala, tamil",bachelor's degree,software engineering,3.9,1,1,2.63,ml engineer,"javascript, php",mongodb,gcp,low,auditory,security engineer,onsite,excellent,no,7,cisco
male,sinhala,bachelor's degree,software engineering,3.23,2,2,2.79,devops engineer,"javascript, php",oracle,aws,low,visual,systems analyst,remote,poor,yes,1,google
female,tamil,bachelor's degree,cyber security,2.95,1,2,2.89,data analyst,"python, r",oracle,docker,moderate,kinesthetic,qa engineer,remote,poor,no,5,aws
female,tamil,bachelor's degree,computer science,2.89,2,2,3.66,devops engineer,"python, r",postgresql,gcp,excellent,visual,software engineer,onsite,poor,yes,0,none
female,"sinhala, tamil",bachelor's degree,computer science,2.26,2,1,3.78,cyber security analyst,"java, c++",oracle,kubernetes,low,auditory,devops engineer,onsite,poor,no,11,cisco
female,"sinhala, tamil",bachelor's degree,cyber security,3.39,1,2,3.28,devops engineer,"javascript, php",sql server,azure,moderate,visual,data scientist,onsite,poor,no,11,azure
male,"sinhala, tamil",bachelor's degree,information technology,3.98,1,1,2.25,devops engineer,"python, r",oracle,gcp,excellent,visual,systems analyst,hybrid,poor,no,7,cisco
female,tamil,bachelor's degree,cyber security,2.96,3,2,2.82,cyber security analyst,"javascript, php",mongodb,kubernetes,moderate,kinesthetic,qa engineer,onsite,poor,no,9,azure
female,"sinhala, tamil",bachelor's degree,computer science,2.73,3,1,3.49,cyber security analyst,"javascript, php",sql server,aws,excellent,visual,security engineer,onsite,poor,no,12,none
female,"english, sinhala",bachelor's degree,software engineering,2.91,4,1,3.56,data analyst,"c#, .net",postgresql,gcp,low,kinesthetic,software engineer,onsite,average,yes,2,google
male,"english, sinhala, tamil",bachelor's degree,data science,3.42,1,1,3.29,cloud engineer,"javascript, php",sql server,aws,low,visual,systems analyst,onsite,excellent,yes,11,cisco
male,"sinhala, tamil",bachelor's degree,cyber security,3.45,2,1,3.18,software engineer,"javascript, php",mysql,docker,excellent,kinesthetic,systems analyst,hybrid,poor,no,2,cisco
male,tamil,bachelor's degree,information technology,2.49,1,2,3.79,data analyst,"java, c++",sql server,gcp,moderate,auditory,software engineer,remote,excellent,yes,12,none
male,"english, sinhala, tamil",bachelor's degree,computer science,3.27,4,2,3.38,cyber security analyst,"javascript, php",postgresql,kubernetes,moderate,kinesthetic,systems analyst,remote,average,no,12,google
female,"english, sinhala, tamil",bachelor's degree,information technology,2.55,4,2,3.4,network engineer,"python, r",postgresql,azure,low,auditory,software engineer,remote,poor,no,12,none
male,"tamil, english",bachelor's degree,software engineering,2.21,3,1,3.96,devops engineer,"python, sql",mongodb,azure,low,auditory,data scientist,hybrid,poor,no,3,aws
female,sinhala,bachelor's degree,software engineering,3.57,3,2,3.66,network engineer,"python, sql",oracle,gcp,low,auditory,systems analyst,remote,excellent,no,7,aws
female,tamil,bachelor's degree,information technology,2.8,1,1,3.62,cyber security analyst,"python, r",mysql,kubernetes,moderate,visual,devops engineer,remote,excellent,yes,9,none
female,"english, sinhala",bachelor's degree,data science,3.17,4,2,3.72,ml engineer,"python, java",mysql,azure,excellent,auditory,data scientist,onsite,average,yes,10,azure
male,sinhala,bachelor's degree,data science,3.77,1,2,2.53,ai engineer,"java, c++",postgresql,aws,moderate,kinesthetic,security engineer,onsite,average,yes,0,google
female,"sinhala, tamil",bachelor's degree,software engineering,3.83,3,2,2.45,ml engineer,"python, sql",mysql,docker,excellent,visual,systems analyst,hybrid,excellent,yes,8,aws
female,english,bachelor's degree,cyber security,3.24,1,2,3.76,cloud engineer,"javascript, php",oracle,aws,low,auditory,systems analyst,hybrid,average,no,0,none
female,english,bachelor's degree,data science,2.46,4,2,3.7,devops engineer,"javascript, php",oracle,gcp,low,visual,qa engineer,hybrid,poor,yes,12,cisco
female,"english, sinhala, tamil",bachelor's degree,information technology,3.39,4,1,3.1,data analyst,"c#, .net",oracle,gcp,low,visual,qa engineer,onsite,average,yes,2,azure
male,"english, sinhala, tamil",bachelor's degree,software engineering,2.76,3,2,3.11,systems analyst,"python, sql",mongodb,aws,moderate,kinesthetic,software engineer,hybrid,poor,yes,9,azure
female,sinhala,bachelor's degree,cyber security,3.24,3,2,2.26,software engineer,"java, c++",oracle,gcp,low,visual,qa engineer,onsite,average,no,7,azure
female,"sinhala, tamil",bachelor's degree,information technology,2.62,4,1,2.3,systems analyst,"python, sql",sql server,kubernetes,low,visual,qa engineer,remote,average,yes,2,azure
female,"english, sinhala, tamil",bachelor's degree,cyber security,2.57,3,1,3.14,ml engineer,"javascript, php",mysql,docker,excellent,visual,qa engineer,remote,average,no,9,cisco
female,"english, sinhala",bachelor's degree,data science,2.52,3,1,3.93,data analyst,"python, r",mongodb,docker,moderate,kinesthetic,security engineer,onsite,poor,yes,2,aws
male,sinhala,bachelor's degree,software engineering,3.19,3,2,2.32,cyber security analyst,"python, r",postgresql,docker,excellent,auditory,systems analyst,onsite,excellent,no,11,cisco
male,english,bachelor's degree,data science,3.76,2,1,3.26,cyber security analyst,"python, java",sql server,aws,excellent,auditory,systems analyst,hybrid,poor,no,8,aws
female,english,bachelor's degree,computer science,2.35,3,1,3.81,data analyst,"python, r",mongodb,docker,excellent,auditory,data scientist,hybrid,poor,no,4,aws
male,"sinhala, tamil",bachelor's degree,information technology,2.93,2,2,3.13,qa engineer,"python, java",postgresql,azure,low,visual,data scientist,remote,excellent,no,3,azure
female,"english, sinhala, tamil",bachelor's degree,cyber security,3.81,4,2,2.61,data analyst,"java, c++",sql server,docker,low,visual,security engineer,remote,poor,yes,4,aws
male,"english, sinhala, tamil",bachelor's degree,software engineering,3.94,2,2,3.57,cloud engineer,"python, r",sql server,gcp,low,auditory,systems analyst,onsite,poor,yes,11,none
female,"english, sinhala, tamil",bachelor's degree,cyber security,2.45,3,1,3.35,software engineer,"python, r",postgresql,gcp,moderate,visual,qa engineer,remote,excellent,yes,11,none
male,english,bachelor's degree,information technology,3.24,2,1,3.29,software engineer,"python, r",oracle,kubernetes,low,kinesthetic,qa engineer,onsite,poor,yes,7,none
female,"tamil, english",bachelor's degree,data science,3.44,4,2,2.9,software engineer,"python, r",sql server,aws,moderate,kinesthetic,security engineer,hybrid,excellent,yes,2,cisco
female,"tamil, english",bachelor's degree,information technology,2.95,4,1,3.19,qa engineer,"python, sql",postgresql,gcp,low,auditory,qa engineer,remote,excellent,yes,0,aws
female,"english, sinhala, tamil",bachelor's degree,software engineering,3.76,4,1,2.48,devops engineer,"python, r",mongodb,gcp,moderate,auditory,systems analyst,hybrid,poor,no,1,cisco
male,"english, sinhala",bachelor's degree,software engineering,2.5,3,2,3.96,ai engineer,"python, r",sql server,docker,low,auditory,devops engineer,hybrid,average,no,6,cisco
female,"english, sinhala",bachelor's degree,cyber security,2.45,3,1,3.13,software engineer,"javascript, php",oracle,gcp,moderate,visual,security engineer,onsite,poor,yes,5,google
male,tamil,bachelor's degree,information technology,2.46,1,2,3.49,qa engineer,"java, c++",oracle,docker,excellent,kinesthetic,data scientist,onsite,average,yes,11,cisco
male,"english, sinhala",bachelor's degree,data science,3.46,3,2,2.94,ai engineer,"python, sql",sql server,azure,low,auditory,devops engineer,hybrid,excellent,yes,0,cisco
male,"sinhala, tamil",bachelor's degree,software engineering,2.77,3,2,2.37,qa engineer,"c#, .net",mysql,kubernetes,moderate,auditory,qa engineer,onsite,average,no,5,none
female,"sinhala, tamil",bachelor's degree,software engineering,3.14,3,2,3.96,cloud engineer,"python, r",mysql,docker,moderate,auditory,data scientist,onsite,average,yes,11,google
female,"tamil, english",bachelor's degree,software engineering,2.95,1,1,2.84,systems analyst,"java, c++",mysql,gcp,moderate,auditory,security engineer,remote,excellent,no,1,cisco
male,"tamil, english",bachelor's degree,data science,2.87,4,1,3.32,systems analyst,"python, r",mongodb,kubernetes,moderate,visual,qa engineer,remote,average,yes,1,cisco
male,"tamil, english",bachelor's degree,software engineering,2.75,2,2,3.62,cloud engineer,"javascript, php",oracle,aws,moderate,kinesthetic,systems analyst,hybrid,poor,yes,6,cisco
female,"sinhala, tamil",bachelor's degree,computer science,3.9,3,1,3.43,data analyst,"python, java",postgresql,gcp,excellent,kinesthetic,devops engineer,remote,poor,yes,6,none
male,tamil,bachelor's degree,cyber security,3.09,2,1,2.9,cloud engineer,"javascript, php",oracle,kubernetes,low,visual,devops engineer,hybrid,poor,yes,2,azure
female,"sinhala, tamil",bachelor's degree,information technology,4.0,3,1,3.01,qa engineer,"c#, .net",oracle,aws,excellent,kinesthetic,security engineer,remote,average,yes,0,cisco
female,sinhala,bachelor's degree,data science,3.01,4,2,2.43,software engineer,"java, c++",mysql,aws,moderate,auditory,devops engineer,onsite,poor,no,6,google
female,"sinhala, tamil",bachelor's degree,cyber security,2.66,3,1,2.22,qa engineer,"python, r",mysql,docker,moderate,kinesthetic,systems analyst,remote,poor,yes,8,azure
female,"english, sinhala",bachelor's degree,information technology,3.18,3,2,2.57,network engineer,"javascript, php",sql server,docker,low,visual,data scientist,remote,excellent,no,3,none
female,"english, sinhala",bachelor's degree,data science,3.42,1,1,2.91,qa engineer,"python, sql",sql server,kubernetes,moderate,auditory,security engineer,hybrid,average,no,10,azure
male,sinhala,bachelor's degree,data science,3.32,1,1,3.61,cloud engineer,"python, java",mongodb,docker,excellent,kinesthetic,qa engineer,remote,excellent,no,12,azure
female,tamil,bachelor's degree,cyber security,2.6,1,2,2.2,systems analyst,"python, r",oracle,docker,excellent,auditory,security engineer,remote,poor,yes,0,aws
female,sinhala,bachelor's degree,cyber security,3.66,4,1,3.38,ml engineer,"c#, .net",oracle,azure,excellent,auditory,qa engineer,remote,excellent,yes,10,cisco
male,tamil,bachelor's degree,computer science,2.49,2,1,3.38,devops engineer,"python, sql",mongodb,docker,moderate,visual,systems analyst,hybrid,poor,no,2,aws
female,"tamil, english",bachelor's degree,computer science,3.91,4,2,3.46,cloud engineer,"c#, .net",sql server,kubernetes,moderate,kinesthetic,software engineer,hybrid,average,no,5,aws
male,tamil,bachelor's degree,cyber security,3.69,3,2,3.48,systems analyst,"c#, .net",oracle,kubernetes,low,visual,qa engineer,remote,average,no,9,azure
male,"tamil, english",bachelor's degree,software engineering,3.0,4,2,3.54,ai engineer,"java, c++",postgresql,gcp,moderate,visual,software engineer,remote,average,no,1,aws
male,english,bachelor's degree,computer science,3.34,3,1,3.17,data analyst,"java, c++",sql server,gcp,excellent,auditory,devops engineer,onsite,poor,yes,0,google
male,"english, sinhala",bachelor's degree,data science,3.16,3,1,2.39,devops engineer,"javascript, php",mongodb,azure,moderate,visual,security engineer,hybrid,poor,yes,9,azure
male,tamil,bachelor's degree,software engineering,2.55,4,1,2.76,ai engineer,"java, c++",postgresql,gcp,moderate,auditory,qa engineer,onsite,average,no,12,aws
female,tamil,bachelor's degree,information technology,2.41,4,1,3.89,software engineer,"java, c++",mongodb,aws,low,kinesthetic,devops engineer,remote,average,yes,5,none
male,"sinhala, tamil",bachelor's degree,cyber security,2.64,4,2,2.49,software engineer,"c#, .net",mysql,gcp,excellent,auditory,systems analyst,remote,poor,yes,8,azure
female,"english, sinhala",bachelor's degree,data science,3.17,4,2,3.84,ai engineer,"python, java",mysql,gcp,excellent,kinesthetic,qa engineer,remote,poor,no,10,cisco
male,"english, sinhala",bachelor's degree,information technology,3.56,3,2,2.71,network engineer,"javascript, php",sql server,docker,low,visual,security engineer,onsite,poor,no,10,none
male,"sinhala, tamil",bachelor's degree,cyber security,2.99,3,2,3.3,cyber security analyst,"c#, .net",mysql,azure,excellent,visual,security engineer,remote,poor,no,9,aws
female,"english, sinhala, tamil",bachelor's degree,computer science,3.81,4,1,2.53,ml engineer,"python, java",mysql,gcp,moderate,visual,security engineer,onsite,excellent,yes,1,google
male,"english, sinhala, tamil",bachelor's degree,information technology,2.53,4,2,2.82,devops engineer,"c#, .net",mysql,gcp,excellent,kinesthetic,data scientist,remote,excellent,yes,12,azure
male,"english, sinhala",bachelor's degree,information technology,2.32,1,1,3.89,cloud engineer,"python, r",mongodb,gcp,excellent,kinesthetic,qa engineer,hybrid,excellent,no,3,aws
male,sinhala,bachelor's degree,computer science,3.88,2,1,2.68,devops engineer,"python, java",oracle,aws,low,kinesthetic,qa engineer,hybrid,average,yes,9,cisco
male,"sinhala, tamil",bachelor's degree,software engineering,2.57,4,2,2.42,ml engineer,"python, sql",oracle,kubernetes,low,auditory,data scientist,hybrid,poor,yes,6,none
male,"english, sinhala",bachelor's degree,cyber security,3.67,3,2,3.79,data analyst,"c#, .net",sql server,aws,low,visual,qa engineer,remote,excellent,yes,1,aws
female,tamil,bachelor's degree,computer science,2.31,4,1,2.74,systems analyst,"python, r",sql server,gcp,excellent,kinesthetic,qa engineer,hybrid,excellent,no,9,azure
female,"english, sinhala, tamil",bachelor's degree,information technology,2.71,2,1,2.85,software engineer,"python, r",postgresql,docker,low,visual,software engineer,remote,poor,no,12,azure
male,tamil,bachelor's degree,data science,3.57,2,2,2.76,systems analyst,"python, r",oracle,kubernetes,moderate,visual,qa engineer,onsite,excellent,yes,0,aws
female,"english, sinhala",bachelor's degree,cyber security,2.81,1,1,2.23,cloud engineer,"python, r",mongodb,kubernetes,low,auditory,qa engineer,hybrid,excellent,no,2,google
male,"sinhala, tamil",bachelor's degree,cyber security,2.24,1,1,2.78,software engineer,"javascript, php",postgresql,kubernetes,moderate,kinesthetic,systems analyst,onsite,excellent,no,1,google
female,sinhala,bachelor's degree,cyber security,3.31,4,1,3.2,cyber security analyst,"python, java",postgresql,docker,low,visual,data scientist,remote,poor,yes,2,google
female,"tamil, english",bachelor's degree,software engineering,3.32,1,2,3.54,cyber security analyst,"c#, .net",mongodb,kubernetes,excellent,visual,data scientist,hybrid,average,yes,9,aws
female,tamil,bachelor's degree,information technology,2.33,1,1,2.71,qa engineer,"java, c++",mysql,kubernetes,low,visual,data scientist,remote,average,yes,12,aws
female,"sinhala, tamil",bachelor's degree,information technology,3.02,1,1,3.61,software engineer,"java, c++",mysql,gcp,excellent,kinesthetic,systems analyst,remote,poor,yes,0,aws
male,sinhala,bachelor's degree,software engineering,2.28,2,2,2.35,ml engineer,"python, r",sql server,aws,moderate,kinesthetic,qa engineer,hybrid,average,yes,4,cisco
male,english,bachelor's degree,computer science,2.51,2,1,2.98,software engineer,"java, c++",mongodb,kubernetes,moderate,auditory,security engineer,hybrid,excellent,no,6,cisco
male,"tamil, english",bachelor's degree,computer science,2.69,2,2,2.56,cyber security analyst,"python, sql",mongodb,azure,moderate,kinesthetic,security engineer,remote,excellent,no,1,cisco
female,"sinhala, tamil",bachelor's degree,data science,3.27,1,2,2.89,software engineer,"c#, .net",mongodb,kubernetes,moderate,auditory,qa engineer,remote,average,yes,5,azure
female,tamil,bachelor's degree,computer science,2.84,3,2,2.92,qa engineer,"c#, .net",sql server,gcp,excellent,visual,software engineer,onsite,poor,yes,4,google
female,tamil,bachelor's degree,software engineering,2.85,3,2,3.27,data analyst,"java, c++",mongodb,gcp,excellent,auditory,qa engineer,hybrid,excellent,yes,5,cisco
female,tamil,bachelor's degree,software engineering,2.84,1,1,2.73,ml engineer,"javascript, php",mysql,kubernetes,low,auditory,data scientist,remote,excellent,yes,2,google
female,sinhala,bachelor's degree,information technology,2.91,4,1,2.29,network engineer,"c#, .net",mysql,kubernetes,low,auditory,qa engineer,onsite,poor,no,5,google
female,english,bachelor's degree,cyber security,2.88,2,1,3.66,software engineer,"python, r",postgresql,azure,moderate,kinesthetic,devops engineer,onsite,excellent,yes,7,google
male,"english, sinhala",bachelor's degree,information technology,3.29,4,2,3.58,ml engineer,"python, sql",postgresql,gcp,low,kinesthetic,software engineer,hybrid,excellent,yes,11,aws
female,tamil,bachelor's degree,data science,2.27,2,1,2.78,network engineer,"python, java",postgresql,docker,moderate,auditory,data scientist,remote,average,no,1,google
female,"sinhala, tamil",bachelor's degree,software engineering,3.64,4,2,3.37,software engineer,"python, java",mysql,gcp,moderate,kinesthetic,software engineer,hybrid,poor,no,12,aws
male,sinhala,bachelor's degree,software engineering,2.81,1,1,3.12,devops engineer,"python, java",postgresql,kubernetes,low,auditory,qa engineer,onsite,excellent,yes,3,google
female,"english, sinhala, tamil",bachelor's degree,information technology,3.81,4,2,3.4,cyber security analyst,"java, c++",mysql,aws,excellent,kinesthetic,data scientist,hybrid,poor,yes,12,google
male,"english, sinhala",bachelor's degree,information technology,2.68,4,1,2.88,software engineer,"c#, .net",postgresql,docker,excellent,visual,software engineer,remote,poor,yes,2,none
female,"tamil, english",bachelor's degree,cyber security,3.49,3,2,3.64,data analyst,"c#, .net",sql server,kubernetes,moderate,kinesthetic,data scientist,remote,poor,no,0,azure
male,sinhala,bachelor's degree,data science,2.52,2,2,2.91,network engineer,"javascript, php",mongodb,kubernetes,moderate,kinesthetic,qa engineer,remote,excellent,no,12,google
male,english,bachelor's degree,software engineering,2.87,2,1,3.91,software engineer,"java, c++",mysql,kubernetes,excellent,kinesthetic,devops engineer,remote,excellent,yes,3,google
female,"tamil, english",bachelor's degree,data science,2.36,2,2,3.78,data analyst,"javascript, php",postgresql,aws,excellent,auditory,devops engineer,remote,excellent,no,5,azure
female,tamil,bachelor's degree,computer science,3.46,2,1,3.63,software engineer,"c#, .net",sql server,azure,low,kinesthetic,qa engineer,onsite,average,yes,10,google
female,english,bachelor's degree,software engineering,2.68,2,2,2.64,software engineer,"python, sql",mysql,azure,moderate,kinesthetic,systems analyst,hybrid,excellent,yes,7,none
female,sinhala,bachelor's degree,computer science,3.58,1,1,2.95,data analyst,"javascript, php",postgresql,kubernetes,moderate,auditory,devops engineer,remote,excellent,no,11,none
male,"english, sinhala",bachelor's degree,cyber security,2.88,2,2,2.35,software engineer,"javascript, php",oracle,docker,low,kinesthetic,security engineer,hybrid,average,no,3,aws
female,"english, sinhala",bachelor's degree,data science,3.45,3,1,3.71,data analyst,"java, c++",mysql,aws,low,visual,systems analyst,remote,excellent,no,6,cisco
male,"tamil, english",bachelor's degree,cyber security,2.96,4,2,2.82,network engineer,"python, java",mongodb,azure,excellent,auditory,systems analyst,onsite,excellent,yes,0,none
male,english,bachelor's degree,computer science,2.99,4,2,2.7,network engineer,"javascript, php",sql server,aws,moderate,visual,software engineer,remote,average,yes,10,none
female,"english, sinhala",bachelor's degree,cyber security,3.12,1,1,3.29,systems analyst,"javascript, php",mysql,azure,low,auditory,qa engineer,remote,excellent,yes,12,google
male,"english, sinhala",bachelor's degree,data science,3.13,2,1,3.57,cloud engineer,"javascript, php",postgresql,docker,excellent,kinesthetic,software engineer,remote,poor,no,1,google
female,"english, sinhala, tamil",bachelor's degree,cyber security,2.36,1,2,3.17,software engineer,"c#, .net",mongodb,docker,moderate,visual,software engineer,onsite,poor,yes,9,none
male,sinhala,bachelor's degree,software engineering,3.35,2,2,3.68,qa engineer,"python, r",mysql,kubernetes,moderate,kinesthetic,software engineer,remote,poor,yes,11,azure
female,"sinhala, tamil",bachelor's degree,computer science,3.92,3,1,3.1,cloud engineer,"python, sql",oracle,docker,moderate,kinesthetic,security engineer,onsite,poor,no,6,cisco
male,tamil,bachelor's degree,software engineering,2.38,4,1,2.28,qa engineer,"c#, .net",oracle,docker,excellent,kinesthetic,qa engineer,hybrid,excellent,no,7,aws
male,sinhala,bachelor's degree,software engineering,3.54,4,1,3.73,cloud engineer,"java, c++",postgresql,aws,excellent,visual,data scientist,remote,average,no,7,cisco
male,sinhala,bachelor's degree,information technology,2.27,2,2,3.1,qa engineer,"python, java",mysql,docker,moderate,visual,software engineer,hybrid,excellent,yes,9,google
male,tamil,bachelor's degree,computer science,2.42,2,2,2.75,network engineer,"c#, .net",oracle,azure,moderate,auditory,data scientist,onsite,excellent,no,4,none
female,sinhala,bachelor's degree,data science,3.35,2,1,3.76,data analyst,"javascript, php",oracle,aws,low,auditory,software engineer,hybrid,excellent,yes,9,google
female,sinhala,bachelor's degree,computer science,2.92,1,1,2.46,ml engineer,"java, c++",postgresql,kubernetes,moderate,visual,qa engineer,remote,average,no,2,cisco
female,"sinhala, tamil",bachelor's degree,data science,2.71,3,2,2.52,software engineer,"python, java",mongodb,azure,low,kinesthetic,security engineer,onsite,poor,yes,10,google
male,"sinhala, tamil",bachelor's degree,information technology,3.56,2,2,2.91,cyber security analyst,"python, r",postgresql,gcp,low,visual,data scientist,remote,average,yes,12,none
male,"english, sinhala, tamil",bachelor's degree,computer science,3.64,4,2,3.39,data analyst,"java, c++",sql server,gcp,low,visual,qa engineer,hybrid,poor,no,10,aws
male,sinhala,bachelor's degree,computer science,3.64,3,2,2.57,ml engineer,"c#, .net",sql server,aws,moderate,kinesthetic,security engineer,remote,poor,no,0,aws
female,english,bachelor's degree,information technology,3.45,4,2,3.73,data analyst,"python, java",sql server,docker,excellent,visual,data scientist,onsite,poor,no,11,google
female,tamil,bachelor's degree,cyber security,2.91,4,2,3.81,cyber security analyst,"c#, .net",mongodb,gcp,excellent,auditory,qa engineer,remote,poor,no,4,aws
female,sinhala,bachelor's degree,information technology,3.41,2,1,3.07,qa engineer,"java, c++",postgresql,gcp,excellent,auditory,software engineer,hybrid,excellent,yes,3,google
male,tamil,bachelor's degree,software engineering,2.55,1,2,3.5,software engineer,"javascript, php",mysql,gcp,moderate,auditory,qa engineer,hybrid,average,no,2,cisco
female,sinhala,bachelor's degree,computer science,2.91,2,1,2.44,data analyst,"python, sql",mysql,docker,moderate,kinesthetic,systems analyst,remote,poor,yes,6,google
male,tamil,bachelor's degree,software engineering,3.83,4,2,3.67,devops engineer,"python, java",oracle,azure,moderate,visual,qa engineer,remote,poor,no,12,azure
female,"english, sinhala, tamil",bachelor's degree,computer science,2.3,3,1,3.76,software engineer,"python, r",mysql,aws,low,visual,security engineer,remote,excellent,yes,6,azure
female,"tamil, english",bachelor's degree,cyber security,2.29,1,1,2.7,software engineer,"javascript, php",sql server,aws,low,auditory,qa engineer,remote,excellent,no,5,cisco
female,"tamil, english",bachelor's degree,computer science,2.8,4,2,2.32,cyber security analyst,"javascript, php",sql server,kubernetes,moderate,auditory,security engineer,hybrid,average,no,1,google
male,tamil,bachelor's degree,information technology,2.51,3,1,2.69,data analyst,"python, r",mysql,kubernetes,moderate,kinesthetic,software engineer,onsite,poor,no,0,aws
male,sinhala,bachelor's degree,data science,3.16,1,1,3.27,cloud engineer,"python, r",mongodb,docker,moderate,auditory,devops engineer,remote,excellent,yes,8,none
male,"english, sinhala",bachelor's degree,information technology,2.24,3,1,3.95,software engineer,"python, r",oracle,aws,excellent,visual,security engineer,hybrid,average,yes,3,none
male,"tamil, english",bachelor's degree,computer science,3.57,3,2,2.9,cloud engineer,"java, c++",postgresql,kubernetes,low,visual,security engineer,hybrid,excellent,no,1,azure
male,tamil,bachelor's degree,information technology,3.87,1,2,2.6,ml engineer,"python, java",mongodb,docker,moderate,visual,software engineer,remote,average,yes,11,google
female,"tamil, english",bachelor's degree,information technology,2.62,3,1,2.52,data analyst,"java, c++",postgresql,aws,excellent,visual,software engineer,onsite,excellent,yes,3,cisco
male,"english, sinhala, tamil",bachelor's degree,cyber security,2.22,1,1,3.04,software engineer,"python, sql",postgresql,azure,excellent,auditory,security engineer,onsite,poor,yes,9,none
female,"tamil, english",bachelor's degree,software engineering,3.34,1,2,2.5,ml engineer,"python, java",mysql,gcp,excellent,visual,security engineer,remote,average,no,12,google
female,"sinhala, tamil",bachelor's degree,computer science,3.9,1,2,3.04,data analyst,"python, java",sql server,aws,moderate,auditory,data scientist,remote,poor,no,3,none
male,sinhala,bachelor's degree,information technology,3.25,1,1,3.82,software engineer,"javascript, php",mysql,gcp,moderate,visual,software engineer,hybrid,excellent,no,2,aws
female,"tamil, english",bachelor's degree,data science,3.49,4,2,2.33,ml engineer,"python, java",oracle,kubernetes,moderate,visual,data scientist,hybrid,poor,no,10,aws
female,"english, sinhala",bachelor's degree,information technology,3.42,4,1,3.9,qa engineer,"c#, .net",sql server,gcp,moderate,kinesthetic,data scientist,hybrid,average,no,9,azure
female,"sinhala, tamil",bachelor's degree,cyber security,3.83,3,1,3.49,cloud engineer,"c#, .net",postgresql,kubernetes,excellent,kinesthetic,data scientist,remote,poor,yes,3,google
male,"sinhala, tamil",bachelor's degree,information technology,2.36,3,2,3.56,ml engineer,"python, java",mongodb,kubernetes,low,auditory,data scientist,hybrid,average,yes,2,aws
female,"english, sinhala, tamil",bachelor's degree,cyber security,3.14,1,2,3.81,systems analyst,"python, r",mysql,docker,moderate,auditory,software engineer,onsite,poor,yes,5,aws
female,english,bachelor's degree,information technology,3.5,1,1,2.72,systems analyst,"javascript, php",postgresql,docker,excellent,kinesthetic,systems analyst,hybrid,excellent,no,6,cisco
male,sinhala,bachelor's degree,software engineering,3.8,3,2,2.56,systems analyst,"c#, .net",oracle,docker,moderate,visual,security engineer,onsite,excellent,yes,7,cisco
female,"tamil, english",bachelor's degree,data science,3.42,4,1,3.34,systems analyst,"python, sql",postgresql,kubernetes,low,visual,systems analyst,remote,poor,no,4,aws
female,"english, sinhala",bachelor's degree,computer science,3.1,1,1,3.51,qa engineer,"java, c++",postgresql,azure,excellent,visual,security engineer,onsite,poor,yes,5,google
female,"sinhala, tamil",bachelor's degree,data science,2.44,2,2,3.75,ml engineer,"java, c++",mysql,azure,low,kinesthetic,data scientist,remote,poor,yes,8,none
female,"tamil, english",bachelor's degree,information technology,3.24,1,1,2.46,cloud engineer,"java, c++",mysql,docker,low,kinesthetic,security engineer,remote,average,no,11,aws
female,tamil,bachelor's degree,computer science,3.54,2,2,2.62,systems analyst,"c#, .net",mysql,kubernetes,excellent,visual,security engineer,hybrid,poor,no,9,none
female,tamil,bachelor's degree,information technology,3.17,4,2,3.73,qa engineer,"javascript, php",sql server,gcp,low,visual,devops engineer,remote,average,no,4,none
female,"english, sinhala, tamil",bachelor's degree,computer science,2.68,3,2,2.72,cyber security analyst,"javascript, php",mysql,gcp,excellent,auditory,devops engineer,remote,poor,no,8,aws
male,tamil,bachelor's degree,cyber security,2.49,1,1,3.41,cyber security analyst,"python, sql",oracle,aws,moderate,auditory,qa engineer,hybrid,poor,no,11,azure
male,"english, sinhala, tamil",bachelor's degree,software engineering,3.1,2,1,2.79,network engineer,"java, c++",mongodb,aws,excellent,auditory,software engineer,onsite,poor,yes,11,cisco
female,"english, sinhala",bachelor's degree,data science,3.19,1,1,3.21,software engineer,"python, sql",oracle,gcp,low,auditory,devops engineer,onsite,excellent,yes,12,aws
female,tamil,bachelor's degree,cyber security,3.77,3,1,2.59,data analyst,"python, java",sql server,azure,low,auditory,data scientist,onsite,poor,yes,9,azure
male,"english, sinhala",bachelor's degree,cyber security,3.64,3,2,3.2,qa engineer,"javascript, php",mysql,docker,low,visual,qa engineer,onsite,poor,yes,8,google
male,"english, sinhala, tamil",bachelor's degree,data science,2.65,1,1,2.77,systems analyst,"python, r",mysql,azure,low,kinesthetic,software engineer,hybrid,poor,yes,8,cisco
female,english,bachelor's degree,computer science,2.72,1,2,3.04,ai engineer,"c#, .net",mongodb,gcp,excellent,visual,data scientist,remote,excellent,no,8,azure
female,tamil,bachelor's degree,cyber security,3.94,1,1,2.99,devops engineer,"python, sql",oracle,kubernetes,low,visual,security engineer,onsite,average,yes,7,google
male,"english, sinhala, tamil",bachelor's degree,information technology,2.49,1,2,3.38,qa engineer,"c#, .net",oracle,azure,low,visual,devops engineer,onsite,average,yes,3,azure
male,"tamil, english",bachelor's degree,cyber security,2.27,2,1,2.65,software engineer,"python, java",postgresql,azure,low,kinesthetic,qa engineer,remote,poor,no,5,aws
male,sinhala,bachelor's degree,data science,2.34,1,1,3.18,cyber security analyst,"python, sql",mongodb,docker,low,visual,data scientist,onsite,average,no,12,none
male,"english, sinhala, tamil",bachelor's degree,computer science,2.68,4,2,2.38,devops engineer,"c#, .net",sql server,azure,moderate,auditory,data scientist,onsite,average,yes,3,azure
male,"sinhala, tamil",bachelor's degree,information technology,2.42,2,1,2.94,cloud engineer,"java, c++",mongodb,aws,excellent,visual,qa engineer,onsite,poor,no,0,cisco
female,"tamil, english",bachelor's degree,data science,3.71,2,1,2.21,cloud engineer,"python, java",mongodb,aws,moderate,kinesthetic,devops engineer,remote,poor,yes,2,none
female,"tamil, english",bachelor's degree,software engineering,3.94,1,2,2.66,data analyst,"python, java",mongodb,docker,low,kinesthetic,data scientist,hybrid,average,no,2,aws
male,"sinhala, tamil",bachelor's degree,cyber security,2.56,2,2,3.26,cyber security analyst,"c#, .net",mongodb,docker,moderate,auditory,security engineer,remote,poor,yes,12,azure
male,english,bachelor's degree,data science,2.96,1,2,3.35,data analyst,"python, sql",mongodb,azure,moderate,visual,qa engineer,hybrid,average,no,11,azure
female,"sinhala, tamil",bachelor's degree,computer science,3.1,4,1,3.27,data analyst,"java, c++",oracle,gcp,low,kinesthetic,security engineer,hybrid,poor,no,1,none
male,"tamil, english",bachelor's degree,information technology,3.0,1,1,3.37,cyber security analyst,"python, r",oracle,gcp,low,visual,security engineer,onsite,average,yes,0,aws
male,english,bachelor's degree,data science,2.74,4,2,3.47,data analyst,"python, r",mysql,azure,excellent,auditory,software engineer,hybrid,poor,no,1,aws
male,english,bachelor's degree,information technology,2.45,3,2,3.22,ai engineer,"c#, .net",mongodb,gcp,excellent,kinesthetic,security engineer,remote,excellent,yes,4,none
male,english,bachelor's degree,computer science,3.74,4,1,2.64,cloud engineer,"c#, .net",mongodb,docker,excellent,kinesthetic,security engineer,hybrid,average,yes,10,aws
male,tamil,bachelor's degree,data science,3.28,4,1,3.45,network engineer,"javascript, php",postgresql,docker,moderate,kinesthetic,systems analyst,remote,poor,no,0,google
male,"tamil, english",bachelor's degree,data science,3.57,3,2,3.33,data analyst,"javascript, php",oracle,docker,low,visual,devops engineer,remote,excellent,no,7,cisco
female,sinhala,bachelor's degree,cyber security,2.45,2,1,3.64,software engineer,"python, sql",postgresql,docker,low,visual,devops engineer,hybrid,poor,yes,11,cisco
male,tamil,bachelor's degree,computer science,2.29,4,1,3.11,cyber security analyst,"c#, .net",oracle,gcp,low,auditory,data scientist,onsite,poor,yes,11,google
male,"english, sinhala, tamil",bachelor's degree,software engineering,2.5,2,2,3.78,devops engineer,"python, r",mongodb,docker,low,visual,devops engineer,hybrid,excellent,no,6,azure
male,tamil,bachelor's degree,information technology,2.4,1,2,3.09,software engineer,"javascript, php",postgresql,aws,moderate,auditory,systems analyst,onsite,poor,yes,1,cisco
female,"sinhala, tamil",bachelor's degree,software engineering,3.38,2,2,3.22,software engineer,"python, sql",oracle,azure,excellent,auditory,software engineer,onsite,poor,no,12,google
female,"tamil, english",bachelor's degree,information technology,2.42,3,2,2.95,cloud engineer,"c#, .net",postgresql,docker,low,kinesthetic,systems analyst,onsite,average,yes,6,cisco
female,"sinhala, tamil",bachelor's degree,computer science,2.79,4,1,3.54,software engineer,"java, c++",mongodb,azure,moderate,visual,qa engineer,hybrid,average,yes,11,none
female,"tamil, english",bachelor's degree,cyber security,3.73,3,2,2.56,qa engineer,"java, c++",mongodb,gcp,excellent,auditory,qa engineer,hybrid,average,yes,12,google
male,"english, sinhala, tamil",bachelor's degree,information technology,2.42,1,2,2.81,software engineer,"python, r",sql server,docker,moderate,kinesthetic,qa engineer,remote,average,yes,2,none
female,sinhala,bachelor's degree,cyber security,2.92,4,1,3.86,cloud engineer,"python, sql",oracle,aws,low,visual,qa engineer,onsite,average,yes,7,none
female,"english, sinhala",bachelor's degree,information technology,2.5,1,2,3.85,network engineer,"c#, .net",oracle,azure,excellent,visual,data scientist,hybrid,poor,no,3,azure
female,"sinhala, tamil",bachelor's degree,data science,3.18,1,1,2.53,software engineer,"python, r",postgresql,kubernetes,excellent,auditory,systems analyst,onsite,excellent,no,2,aws
male,"english, sinhala",bachelor's degree,information technology,2.61,2,2,3.94,cloud engineer,"c#, .net",postgresql,aws,moderate,visual,devops engineer,onsite,excellent,yes,10,google
male,tamil,bachelor's degree,computer science,2.36,2,2,3.33,systems analyst,"python, r",mongodb,aws,moderate,kinesthetic,qa engineer,onsite,average,no,8,azure
female,sinhala,bachelor's degree,cyber security,2.72,3,2,3.26,software engineer,"java, c++",mysql,kubernetes,low,kinesthetic,data scientist,remote,excellent,yes,10,google
male,"english, sinhala",bachelor's degree,data science,2.28,2,2,2.23,data analyst,"python, r",mysql,gcp,excellent,auditory,qa engineer,onsite,excellent,no,5,none
male,tamil,bachelor's degree,data science,3.21,4,1,3.92,ml engineer,"c#, .net",sql server,azure,moderate,kinesthetic,software engineer,remote,excellent,no,8,google
male,english,bachelor's degree,cyber security,2.73,2,1,2.89,software engineer,"python, java",mysql,gcp,low,kinesthetic,security engineer,hybrid,poor,yes,9,aws
female,tamil,bachelor's degree,information technology,2.44,3,2,3.76,cyber security analyst,"python, r",mongodb,kubernetes,moderate,auditory,security engineer,remote,poor,yes,12,none
male,sinhala,bachelor's degree,software engineering,3.42,3,2,2.23,software engineer,"c#, .net",mongodb,gcp,moderate,kinesthetic,systems analyst,hybrid,excellent,yes,10,none
female,english,bachelor's degree,software engineering,3.72,3,1,3.81,cloud engineer,"java, c++",mongodb,kubernetes,low,auditory,devops engineer,remote,excellent,no,8,cisco
male,tamil,bachelor's degree,data science,2.67,4,1,2.77,ai engineer,"python, java",oracle,aws,low,auditory,security engineer,hybrid,poor,yes,6,none
male,"english, sinhala, tamil",bachelor's degree,cyber security,3.99,1,1,2.44,systems analyst,"python, java",mongodb,kubernetes,excellent,visual,data scientist,onsite,average,yes,11,cisco
male,english,bachelor's degree,information technology,2.35,2,1,2.3,qa engineer,"javascript, php",mongodb,kubernetes,low,auditory,systems analyst,remote,poor,no,1,none
female,"sinhala, tamil",bachelor's degree,information technology,3.95,2,2,3.18,devops engineer,"c#, .net",mongodb,aws,excellent,kinesthetic,data scientist,onsite,poor,yes,6,none
male,sinhala,bachelor's degree,software engineering,3.22,3,2,3.06,data analyst,"python, sql",oracle,docker,excellent,auditory,qa engineer,onsite,excellent,yes,1,azure
female,english,bachelor's degree,data science,2.87,3,1,3.04,cyber security analyst,"python, java",postgresql,azure,moderate,auditory,software engineer,hybrid,average,yes,3,aws
female,"english, sinhala, tamil",bachelor's degree,computer science,3.33,1,2,2.55,network engineer,"java, c++",sql server,gcp,moderate,auditory,devops engineer,onsite,poor,yes,10,none
male,tamil,bachelor's degree,software engineering,2.9,1,2,2.71,ai engineer,"java, c++",oracle,aws,low,kinesthetic,software engineer,remote,poor,no,7,azure
female,"english, sinhala, tamil",bachelor's degree,information technology,3.8,3,1,3.24,qa engineer,"python, r",mongodb,aws,moderate,visual,qa engineer,onsite,poor,no,6,cisco
female,english,bachelor's degree,software engineering,3.65,4,2,3.57,data analyst,"java, c++",mysql,azure,excellent,kinesthetic,devops engineer,hybrid,average,yes,1,google
male,sinhala,bachelor's degree,cyber security,3.78,4,1,3.37,ml engineer,"python, sql",mongodb,aws,low,kinesthetic,software engineer,remote,excellent,yes,0,azure
female,"english, sinhala",bachelor's degree,data science,2.81,2,2,3.69,systems analyst,"python, r",sql server,kubernetes,low,visual,security engineer,hybrid,excellent,no,1,none
female,sinhala,bachelor's degree,data science,3.29,4,2,2.61,ai engineer,"python, sql",oracle,kubernetes,low,kinesthetic,systems analyst,hybrid,poor,yes,9,none
female,tamil,bachelor's degree,computer science,3.23,4,1,2.53,qa engineer,"python, sql",mysql,azure,moderate,kinesthetic,software engineer,remote,average,no,5,azure
female,"sinhala, tamil",bachelor's degree,data science,2.74,3,1,3.21,devops engineer,"javascript, php",sql server,kubernetes,excellent,kinesthetic,systems analyst,hybrid,average,no,2,cisco
male,tamil,bachelor's degree,computer science,3.23,3,2,3.72,software engineer,"python, r",postgresql,aws,low,auditory,security engineer,onsite,excellent,no,0,cisco
male,english,bachelor's degree,data science,2.88,2,2,3.75,data analyst,"c#, .net",mongodb,gcp,moderate,visual,systems analyst,hybrid,excellent,no,3,none
female,"english, sinhala, tamil",bachelor's degree,information technology,2.43,1,2,2.81,ml engineer,"javascript, php",mongodb,aws,low,kinesthetic,qa engineer,onsite,poor,yes,7,cisco
male,"tamil, english",bachelor's degree,computer science,2.9,3,2,3.18,cyber security analyst,"python, java",postgresql,kubernetes,excellent,auditory,security engineer,remote,poor,no,11,azure
male,"tamil, english",bachelor's degree,cyber security,2.5,3,2,3.9,ml engineer,"python, java",sql server,gcp,excellent,auditory,qa engineer,onsite,average,yes,5,none
male,"english, sinhala, tamil",bachelor's degree,data science,2.31,1,1,3.12,ml engineer,"python, r",oracle,kubernetes,excellent,visual,systems analyst,onsite,average,no,12,aws
female,english,bachelor's degree,cyber security,2.47,3,1,2.78,ml engineer,"python, r",postgresql,gcp,excellent,auditory,qa engineer,hybrid,excellent,no,2,none
male,"english, sinhala",bachelor's degree,information technology,3.36,4,1,2.91,cloud engineer,"java, c++",oracle,azure,moderate,visual,software engineer,remote,poor,no,10,google
female,english,bachelor's degree,software engineering,3.22,2,1,3.63,systems analyst,"c#, .net",postgresql,gcp,low,auditory,qa engineer,hybrid,poor,no,9,google
male,"english, sinhala, tamil",bachelor's degree,cyber security,2.69,4,1,3.83,devops engineer,"java, c++",mysql,docker,low,kinesthetic,security engineer,hybrid,poor,yes,12,aws
male,"english, sinhala, tamil",bachelor's degree,software engineering,3.2,4,1,3.49,data analyst,"c#, .net",postgresql,docker,low,auditory,security engineer,remote,excellent,yes,12,google
male,"english, sinhala",bachelor's degree,software engineering,2.56,3,2,2.49,software engineer,"python, java",mysql,kubernetes,moderate,kinesthetic,data scientist,remote,poor,no,12,none
female,english,bachelor's degree,cyber security,2.74,3,2,2.78,systems analyst,"python, r",oracle,docker,moderate,auditory,qa engineer,onsite,average,yes,1,cisco
female,"sinhala, tamil",bachelor's degree,software engineering,2.42,2,2,3.63,cloud engineer,"c#, .net",oracle,kubernetes,low,kinesthetic,qa engineer,remote,poor,yes,4,azure
female,english,bachelor's degree,cyber security,3.97,4,1,2.64,software engineer,"c#, .net",mongodb,gcp,low,visual,qa engineer,remote,poor,no,11,azure
female,tamil,bachelor's degree,software engineering,3.28,2,1,3.86,software engineer,"python, sql",postgresql,docker,moderate,auditory,software engineer,hybrid,average,no,10,none
female,"english, sinhala",bachelor's degree,computer science,2.45,3,2,3.82,data analyst,"python, java",mongodb,kubernetes,low,auditory,devops engineer,hybrid,poor,yes,12,azure
female,tamil,bachelor's degree,cyber security,3.77,4,2,3.15,data analyst,"c#, .net",postgresql,aws,excellent,kinesthetic,qa engineer,onsite,poor,yes,1,cisco
male,sinhala,bachelor's degree,information technology,3.09,2,1,3.31,data analyst,"python, r",sql server,docker,moderate,kinesthetic,qa engineer,hybrid,average,yes,0,azure
male,sinhala,bachelor's degree,cyber security,2.72,1,1,2.49,software engineer,"python, sql",sql server,docker,low,kinesthetic,devops engineer,hybrid,excellent,yes,4,azure
male,sinhala,bachelor's degree,computer science,2.64,2,1,3.98,data analyst,"c#, .net",mysql,docker,low,auditory,security engineer,remote,poor,yes,3,cisco
male,sinhala,bachelor's degree,computer science,2.42,4,1,3.03,software engineer,"python, r",postgresql,aws,moderate,kinesthetic,security engineer,remote,excellent,yes,0,google
female,sinhala,bachelor's degree,cyber security,2.75,4,2,3.47,data analyst,"c#, .net",sql server,kubernetes,low,auditory,systems analyst,onsite,excellent,no,1,none
male,"english, sinhala, tamil",bachelor's degree,computer science,2.97,2,1,2.41,systems analyst,"python, java",postgresql,kubernetes,moderate,kinesthetic,security engineer,hybrid,poor,no,9,none
male,english,bachelor's degree,computer science,3.65,4,2,3.91,cloud engineer,"python, sql",postgresql,kubernetes,moderate,visual,systems analyst,remote,excellent,no,0,google
male,english,bachelor's degree,software engineering,3.44,3,1,2.69,ai engineer,"python, java",oracle,azure,moderate,auditory,security engineer,hybrid,excellent,yes,11,none
female,"english, sinhala",bachelor's degree,computer science,3.86,1,2,3.31,data analyst,"python, sql",mysql,kubernetes,moderate,auditory,devops engineer,remote,average,yes,8,aws
female,sinhala,bachelor's degree,cyber security,2.53,4,1,2.53,software engineer,"python, sql",mysql,azure,low,visual,qa engineer,hybrid,poor,yes,6,cisco
female,"tamil, english",bachelor's degree,software engineering,3.63,1,1,3.47,cloud engineer,"javascript, php",postgresql,aws,excellent,auditory,software engineer,onsite,poor,no,10,none
male,english,bachelor's degree,cyber security,2.32,4,2,3.64,ml engineer,"python, sql",mysql,kubernetes,moderate,visual,software engineer,onsite,excellent,no,12,azure
male,tamil,bachelor's degree,information technology,3.64,2,2,2.91,ml engineer,"python, r",sql server,kubernetes,excellent,kinesthetic,devops engineer,hybrid,excellent,no,7,azure
male,tamil,bachelor's degree,data science,2.34,4,2,3.14,software engineer,"python, sql",mongodb,azure,moderate,auditory,security engineer,remote,poor,no,2,google
female,"sinhala, tamil",bachelor's degree,cyber security,3.92,1,1,2.79,cyber security analyst,"python, java",postgresql,kubernetes,low,kinesthetic,devops engineer,onsite,poor,yes,7,google
male,"english, sinhala",bachelor's degree,cyber security,3.59,3,2,3.09,software engineer,"javascript, php",oracle,kubernetes,low,auditory,systems analyst,remote,poor,yes,1,google
male,tamil,bachelor's degree,cyber security,2.82,1,2,3.14,systems analyst,"javascript, php",mongodb,docker,moderate,auditory,qa engineer,onsite,poor,yes,9,google
male,"tamil, english",bachelor's degree,software engineering,3.37,2,2,2.6,software engineer,"java, c++",postgresql,azure,low,kinesthetic,data scientist,onsite,average,yes,6,azure
male,english,bachelor's degree,information technology,2.48,3,1,3.07,software engineer,"java, c++",oracle,docker,low,visual,data scientist,onsite,excellent,yes,0,azure
male,"sinhala, tamil",bachelor's degree,information technology,3.01,1,1,3.55,ml engineer,"python, java",oracle,kubernetes,moderate,kinesthetic,qa engineer,onsite,excellent,no,9,aws
female,"tamil, english",bachelor's degree,software engineering,2.33,2,2,3.2,software engineer,"java, c++",mongodb,azure,moderate,auditory,qa engineer,onsite,average,yes,2,aws
female,"english, sinhala",bachelor's degree,information technology,2.99,1,1,3.8,software engineer,"javascript, php",mysql,gcp,excellent,kinesthetic,data scientist,remote,poor,no,6,none
male,sinhala,bachelor's degree,software engineering,3.07,2,2,2.55,cloud engineer,"python, r",oracle,docker,excellent,auditory,data scientist,onsite,excellent,no,1,azure
female,"english, sinhala",bachelor's degree,software engineering,2.95,3,1,3.02,systems analyst,"python, r",sql server,kubernetes,excellent,auditory,systems analyst,hybrid,excellent,no,7,aws
female,"sinhala, tamil",bachelor's degree,cyber security,3.13,4,1,3.98,ai engineer,"python, r",mongodb,docker,low,auditory,software engineer,remote,average,no,2,azure
female,"english, sinhala, tamil",bachelor's degree,data science,3.45,1,1,2.93,data analyst,"javascript, php",mysql,gcp,low,visual,security engineer,onsite,average,no,0,aws
male,tamil,bachelor's degree,computer science,3.41,1,2,3.21,ml engineer,"python, sql",sql server,kubernetes,moderate,visual,software engineer,remote,average,no,7,none
female,"english, sinhala",bachelor's degree,cyber security,2.42,2,1,2.76,systems analyst,"python, java",sql server,aws,excellent,auditory,security engineer,remote,average,no,11,none
female,"english, sinhala, tamil",bachelor's degree,software engineering,3.5,3,1,2.4,devops engineer,"python, java",mysql,kubernetes,excellent,auditory,devops engineer,onsite,average,no,6,azure
female,"sinhala, tamil",bachelor's degree,software engineering,3.95,4,1,3.04,cyber security analyst,"python, r",mongodb,azure,excellent,kinesthetic,devops engineer,remote,excellent,no,12,aws
female,"english, sinhala, tamil",bachelor's degree,information technology,2.96,1,1,2.28,ml engineer,"java, c++",sql server,azure,excellent,auditory,systems analyst,remote,excellent,yes,4,aws
female,"english, sinhala",bachelor's degree,cyber security,2.95,1,1,2.49,devops engineer,"python, sql",oracle,azure,excellent,auditory,qa engineer,onsite,excellent,yes,7,aws
female,"english, sinhala, tamil",bachelor's degree,information technology,3.9,3,2,3.37,data analyst,"java, c++",postgresql,azure,excellent,kinesthetic,systems analyst,hybrid,poor,yes,6,none
male,english,bachelor's degree,software engineering,3.91,3,2,2.45,network engineer,"c#, .net",mongodb,kubernetes,excellent,visual,systems analyst,onsite,average,yes,9,cisco
male,"sinhala, tamil",bachelor's degree,computer science,2.78,2,2,2.97,software engineer,"javascript, php",oracle,kubernetes,moderate,kinesthetic,devops engineer,remote,average,no,7,google
male,"tamil, english",bachelor's degree,cyber security,2.62,4,1,2.24,data analyst,"python, sql",sql server,azure,low,auditory,security engineer,onsite,excellent,yes,2,google
male,"tamil, english",bachelor's degree,computer science,3.93,1,2,2.87,software engineer,"python, r",oracle,docker,low,auditory,security engineer,onsite,poor,no,6,azure
female,"english, sinhala",bachelor's degree,cyber security,2.26,2,2,2.34,data analyst,"python, sql",oracle,aws,low,kinesthetic,qa engineer,remote,average,no,10,google
male,"english, sinhala",bachelor's degree,computer science,2.76,1,1,2.69,cyber security analyst,"c#, .net",postgresql,docker,moderate,visual,devops engineer,remote,excellent,no,12,cisco
male,english,bachelor's degree,information technology,2.42,1,2,2.32,systems analyst,"c#, .net",mysql,azure,low,kinesthetic,systems analyst,hybrid,poor,no,7,cisco
female,"english, sinhala, tamil",bachelor's degree,cyber security,2.6,1,1,2.27,cloud engineer,"c#, .net",mysql,gcp,moderate,kinesthetic,devops engineer,hybrid,excellent,yes,0,cisco
female,"english, sinhala",bachelor's degree,cyber security,2.63,3,2,2.4,data analyst,"java, c++",mongodb,docker,excellent,visual,data scientist,remote,excellent,yes,0,cisco
female,"english, sinhala",bachelor's degree,computer science,3.68,1,2,3.69,qa engineer,"python, r",mysql,kubernetes,moderate,auditory,devops engineer,onsite,poor,yes,6,cisco
male,"tamil, english",bachelor's degree,cyber security,3.5,1,2,3.87,systems analyst,"c#, .net",oracle,kubernetes,moderate,visual,qa engineer,hybrid,excellent,yes,5,azure
female,english,bachelor's degree,data science,3.43,2,1,3.0,data analyst,"javascript, php",postgresql,azure,moderate,kinesthetic,data scientist,hybrid,poor,yes,2,google
female,sinhala,bachelor's degree,information technology,3.47,4,1,3.95,cyber security analyst,"java, c++",sql server,kubernetes,moderate,visual,software engineer,remote,excellent,yes,10,none
female,sinhala,bachelor's degree,cyber security,2.81,2,1,3.11,qa engineer,"python, r",postgresql,aws,excellent,visual,systems analyst,onsite,excellent,no,4,cisco
male,sinhala,bachelor's degree,cyber security,2.65,2,2,2.67,devops engineer,"java, c++",mongodb,docker,excellent,visual,data scientist,remote,poor,no,5,cisco
male,sinhala,bachelor's degree,cyber security,2.54,2,1,3.85,cloud engineer,"java, c++",postgresql,kubernetes,excellent,kinesthetic,software engineer,onsite,average,no,2,azure
female,english,bachelor's degree,cyber security,3.09,2,1,3.69,ml engineer,"python, sql",oracle,docker,excellent,auditory,security engineer,onsite,average,yes,11,none
female,"english, sinhala, tamil",bachelor's degree,computer science,3.76,2,2,2.31,qa engineer,"python, java",mongodb,gcp,moderate,visual,systems analyst,onsite,excellent,no,11,cisco
male,tamil,bachelor's degree,information technology,3.65,4,2,3.81,software engineer,"python, r",sql server,kubernetes,excellent,auditory,software engineer,hybrid,average,no,1,cisco
female,sinhala,bachelor's degree,computer science,2.41,2,2,2.79,network engineer,"python, r",oracle,gcp,excellent,kinesthetic,software engineer,hybrid,excellent,yes,7,google
male,sinhala,bachelor's degree,computer science,3.76,2,1,3.51,data analyst,"c#, .net",sql server,gcp,excellent,visual,data scientist,onsite,excellent,yes,1,none
male,"english, sinhala, tamil",bachelor's degree,computer science,2.66,1,1,3.39,software engineer,"javascript, php",sql server,docker,moderate,kinesthetic,devops engineer,hybrid,average,yes,12,none
male,tamil,bachelor's degree,computer science,2.61,1,1,3.99,data analyst,"python, java",sql server,azure,excellent,visual,security engineer,hybrid,excellent,yes,1,none
female,tamil,bachelor's degree,data science,3.06,2,1,3.87,qa engineer,"java, c++",sql server,kubernetes,low,auditory,security engineer,remote,excellent,no,4,aws
female,"english, sinhala",bachelor's degree,information technology,3.39,4,1,3.88,devops engineer,"python, java",postgresql,docker,low,visual,qa engineer,remote,poor,no,3,aws
female,"sinhala, tamil",bachelor's degree,computer science,3.12,4,2,3.02,ai engineer,"python, r",oracle,kubernetes,low,auditory,security engineer,hybrid,poor,no,0,none
female,"english, sinhala",bachelor's degree,data science,3.47,1,2,2.58,software engineer,"python, r",oracle,aws,low,kinesthetic,systems analyst,onsite,poor,yes,10,azure
male,sinhala,bachelor's degree,information technology,3.87,1,2,3.87,cyber security analyst,"python, sql",postgresql,gcp,moderate,kinesthetic,devops engineer,remote,excellent,no,8,cisco
male,"tamil, english",bachelor's degree,computer science,2.42,1,2,3.52,software engineer,"python, java",oracle,azure,moderate,visual,qa engineer,remote,excellent,yes,10,cisco
male,english,bachelor's degree,software engineering,2.33,3,1,2.22,ml engineer,"c#, .net",mongodb,docker,moderate,visual,devops engineer,hybrid,excellent,yes,7,cisco
female,tamil,bachelor's degree,cyber security,2.91,4,2,2.53,devops engineer,"python, sql",oracle,docker,low,visual,qa engineer,hybrid,average,no,10,none
male,"tamil, english",bachelor's degree,data science,2.81,4,2,3.77,devops engineer,"python, r",postgresql,gcp,low,visual,devops engineer,hybrid,poor,yes,1,google
female,"english, sinhala",bachelor's degree,cyber security,2.31,3,2,3.88,data analyst,"python, r",mysql,docker,excellent,visual,systems analyst,hybrid,poor,no,4,none
male,english,bachelor's degree,cyber security,3.07,4,1,3.98,systems analyst,"python, java",mongodb,azure,excellent,visual,data scientist,onsite,average,no,5,google
male,sinhala,bachelor's degree,data science,2.76,2,1,2.79,software engineer,"java, c++",sql server,aws,low,visual,devops engineer,onsite,average,no,2,none
male,english,bachelor's degree,data science,3.83,4,1,2.36,software engineer,"python, sql",postgresql,docker,moderate,visual,devops engineer,remote,poor,yes,10,azure
male,"sinhala, tamil",bachelor's degree,software engineering,3.12,4,1,3.12,cyber security analyst,"javascript, php",postgresql,docker,moderate,auditory,security engineer,remote,excellent,no,9,google
female,"sinhala, tamil",bachelor's degree,information technology,3.13,1,2,3.47,software engineer,"python, r",mongodb,docker,moderate,kinesthetic,qa engineer,hybrid,poor,yes,9,aws
male,"english, sinhala, tamil",bachelor's degree,cyber security,3.81,4,2,3.84,devops engineer,"python, r",mongodb,gcp,moderate,visual,devops engineer,remote,excellent,no,2,none
female,"english, sinhala, tamil",bachelor's degree,data science,3.69,3,1,3.61,qa engineer,"c#, .net",mysql,azure,excellent,auditory,data scientist,onsite,average,no,11,google
male,english,bachelor's degree,cyber security,3.12,3,2,3.1,software engineer,"c#, .net",sql server,azure,low,kinesthetic,data scientist,hybrid,poor,no,2,cisco
male,tamil,bachelor's degree,information technology,2.43,4,1,2.39,data analyst,"java, c++",mongodb,gcp,low,kinesthetic,devops engineer,onsite,poor,yes,6,google
female,sinhala,bachelor's degree,data science,3.37,3,2,3.82,data analyst,"python, java",sql server,docker,low,auditory,data scientist,hybrid,excellent,yes,10,azure
female,english,bachelor's degree,information technology,2.95,3,1,3.78,data analyst,"python, java",sql server,aws,excellent,kinesthetic,security engineer,hybrid,poor,yes,10,google
male,"english, sinhala",bachelor's degree,software engineering,2.61,4,1,2.65,ml engineer,"python, r",postgresql,docker,moderate,kinesthetic,systems analyst,onsite,poor,yes,10,aws
male,"english, sinhala",bachelor's degree,data science,3.85,4,2,3.37,qa engineer,"javascript, php",sql server,azure,moderate,visual,software engineer,onsite,average,yes,6,azure
male,sinhala,bachelor's degree,cyber security,2.84,1,2,3.56,software engineer,"java, c++",mongodb,azure,moderate,visual,systems analyst,hybrid,average,no,7,none
female,"english, sinhala, tamil",bachelor's degree,computer science,3.25,4,2,2.34,software engineer,"c#, .net",postgresql,docker,moderate,visual,devops engineer,onsite,excellent,yes,1,cisco
male,sinhala,bachelor's degree,data science,2.59,2,2,3.42,cloud engineer,"java, c++",sql server,gcp,excellent,auditory,security engineer,onsite,poor,no,12,none
female,"sinhala, tamil",bachelor's degree,data science,2.48,4,1,3.98,devops engineer,"c#, .net",oracle,kubernetes,excellent,kinesthetic,devops engineer,onsite,excellent,no,3,azure
male,"sinhala, tamil",bachelor's degree,computer science,3.69,3,2,2.91,data analyst,"python, r",oracle,docker,excellent,kinesthetic,qa engineer,remote,average,no,1,cisco
female,tamil,bachelor's degree,cyber security,3.36,1,2,3.95,cloud engineer,"python, r",oracle,gcp,moderate,visual,security engineer,hybrid,poor,yes,0,none
female,english,bachelor's degree,data science,2.58,1,1,3.38,cloud engineer,"python, java",mongodb,kubernetes,moderate,auditory,qa engineer,hybrid,poor,yes,3,aws
female,english,bachelor's degree,information technology,3.98,2,2,3.07,ai engineer,"java, c++",oracle,aws,low,auditory,security engineer,remote,excellent,no,12,aws
male,"tamil, english",bachelor's degree,data science,3.75,2,1,3.9,data analyst,"python, r",sql server,gcp,excellent,auditory,qa engineer,remote,average,yes,12,none
male,tamil,bachelor's degree,cyber security,3.31,2,2,3.55,data analyst,"python, sql",postgresql,gcp,moderate,kinesthetic,data scientist,remote,poor,no,2,aws
male,tamil,bachelor's degree,information technology,2.99,2,1,3.36,qa engineer,"python, java",mysql,docker,excellent,visual,qa engineer,onsite,poor,no,11,cisco
female,tamil,bachelor's degree,computer science,3.96,2,2,2.64,network engineer,"java, c++",mongodb,aws,low,visual,data scientist,remote,average,yes,12,cisco
female,"english, sinhala",bachelor's degree,computer science,3.93,1,1,3.4,devops engineer,"javascript, php",mysql,aws,excellent,auditory,qa engineer,remote,average,yes,5,cisco
female,english,bachelor's degree,data science,3.07,3,1,2.66,data analyst,"python, r",oracle,azure,moderate,kinesthetic,security engineer,remote,poor,yes,6,azure
male,"english, sinhala",bachelor's degree,cyber security,2.61,2,2,3.5,software engineer,"python, sql",mongodb,kubernetes,low,visual,data scientist,hybrid,excellent,yes,12,azure
female,"sinhala, tamil",bachelor's degree,computer science,2.22,2,1,3.95,software engineer,"python, java",mongodb,gcp,excellent,auditory,software engineer,remote,excellent,yes,9,google
male,"english, sinhala, tamil",bachelor's degree,information technology,3.54,2,1,2.5,systems analyst,"java, c++",sql server,gcp,low,kinesthetic,systems analyst,hybrid,poor,yes,10,aws
male,"english, sinhala",bachelor's degree,cyber security,3.26,1,1,2.92,devops engineer,"c#, .net",sql server,gcp,moderate,auditory,data scientist,onsite,average,yes,6,none
female,sinhala,bachelor's degree,cyber security,3.58,2,2,3.9,software engineer,"python, sql",postgresql,kubernetes,moderate,kinesthetic,devops engineer,hybrid,average,no,6,aws
female,tamil,bachelor's degree,software engineering,3.48,4,1,2.39,data analyst,"python, sql",oracle,gcp,low,visual,security engineer,onsite,excellent,yes,11,aws
female,tamil,bachelor's degree,cyber security,2.25,4,1,2.48,data analyst,"javascript, php",sql server,docker,low,auditory,systems analyst,onsite,excellent,yes,8,azure
female,"tamil, english",bachelor's degree,computer science,2.82,4,1,2.87,data analyst,"c#, .net",sql server,gcp,low,auditory,systems analyst,onsite,poor,yes,11,aws
male,sinhala,bachelor's degree,cyber security,3.95,2,1,3.98,software engineer,"python, sql",sql server,aws,low,auditory,data scientist,onsite,excellent,no,5,aws
male,"tamil, english",bachelor's degree,computer science,3.62,2,1,3.02,cyber security analyst,"python, r",postgresql,kubernetes,moderate,kinesthetic,security engineer,remote,excellent,no,2,aws
male,"tamil, english",bachelor's degree,data science,3.19,1,1,2.88,qa engineer,"javascript, php",oracle,docker,moderate,visual,security engineer,onsite,average,yes,10,aws
male,"sinhala, tamil",bachelor's degree,computer science,3.42,4,2,3.12,systems analyst,"c#, .net",postgresql,azure,excellent,auditory,qa engineer,remote,poor,yes,4,none
male,"tamil, english",bachelor's degree,software engineering,3.71,2,1,3.19,systems analyst,"python, java",mongodb,kubernetes,excellent,visual,devops engineer,onsite,average,yes,1,none
male,english,bachelor's degree,information technology,2.42,3,1,2.57,network engineer,"python, java",mysql,docker,low,visual,systems analyst,onsite,poor,no,7,none
female,"tamil, english",bachelor's degree,cyber security,2.73,2,1,3.81,data analyst,"java, c++",mysql,kubernetes,excellent,auditory,devops engineer,remote,poor,no,7,none
male,sinhala,bachelor's degree,computer science,3.91,4,1,2.28,cyber security analyst,"java, c++",mysql,gcp,moderate,visual,data scientist,remote,average,yes,6,azure
female,"tamil, english",bachelor's degree,software engineering,3.08,3,1,3.4,data analyst,"python, sql",postgresql,azure,moderate,visual,devops engineer,hybrid,poor,no,1,aws
male,"sinhala, tamil",bachelor's degree,data science,3.26,1,2,2.84,qa engineer,"java, c++",sql server,azure,excellent,kinesthetic,qa engineer,onsite,excellent,no,7,google
male,sinhala,bachelor's degree,data science,2.54,1,1,2.27,systems analyst,"java, c++",sql server,docker,low,kinesthetic,software engineer,onsite,average,no,6,aws
male,"english, sinhala, tamil",bachelor's degree,data science,2.22,4,1,2.35,qa engineer,"python, java",mongodb,azure,excellent,kinesthetic,software engineer,onsite,average,no,10,cisco
female,"sinhala, tamil",bachelor's degree,cyber security,3.67,1,1,3.97,devops engineer,"python, sql",postgresql,kubernetes,moderate,visual,data scientist,hybrid,excellent,no,12,cisco
male,"tamil, english",bachelor's degree,information technology,3.02,1,1,2.86,cloud engineer,"python, sql",oracle,kubernetes,moderate,kinesthetic,security engineer,remote,average,yes,2,aws
male,"sinhala, tamil",bachelor's degree,software engineering,2.36,2,1,3.7,software engineer,"python, r",mysql,azure,excellent,auditory,data scientist,onsite,average,yes,2,azure
male,english,bachelor's degree,software engineering,3.49,4,2,2.4,systems analyst,"javascript, php",sql server,aws,excellent,kinesthetic,systems analyst,remote,excellent,no,5,azure
male,"tamil, english",bachelor's degree,data science,2.79,2,2,3.48,cyber security analyst,"python, r",oracle,azure,excellent,visual,data scientist,remote,poor,no,7,google
male,tamil,bachelor's degree,data science,3.24,3,1,3.04,devops engineer,"python, sql",oracle,docker,moderate,kinesthetic,security engineer,remote,poor,yes,5,google
male,english,bachelor's degree,information technology,3.83,4,1,3.57,cyber security analyst,"c#, .net",postgresql,azure,low,visual,devops engineer,hybrid,average,no,12,aws
female,tamil,bachelor's degree,cyber security,3.23,1,1,3.65,devops engineer,"python, java",mysql,gcp,moderate,kinesthetic,data scientist,hybrid,average,yes,10,none
female,sinhala,bachelor's degree,cyber security,3.28,2,1,3.4,data analyst,"java, c++",mysql,aws,moderate,kinesthetic,data scientist,hybrid,average,no,2,google
male,"sinhala, tamil",bachelor's degree,computer science,2.34,3,2,3.45,data analyst,"python, sql",postgresql,kubernetes,excellent,auditory,security engineer,onsite,poor,no,12,google
female,"english, sinhala",bachelor's degree,computer science,3.01,3,2,2.4,software engineer,"c#, .net",mongodb,kubernetes,moderate,visual,systems analyst,onsite,average,no,7,google
male,tamil,bachelor's degree,information technology,2.82,1,1,3.68,software engineer,"java, c++",mongodb,docker,low,kinesthetic,software engineer,remote,excellent,no,5,cisco
male,tamil,bachelor's degree,software engineering,3.57,1,2,2.4,network engineer,"java, c++",mysql,aws,excellent,visual,data scientist,hybrid,excellent,yes,6,azure
male,"sinhala, tamil",bachelor's degree,cyber security,3.05,3,2,3.21,cyber security analyst,"javascript, php",mysql,azure,moderate,kinesthetic,systems analyst,onsite,poor,no,11,google
female,"english, sinhala",bachelor's degree,computer science,2.57,4,2,3.64,ai engineer,"java, c++",mysql,azure,low,visual,security engineer,onsite,average,yes,9,azure
male,"english, sinhala",bachelor's degree,information technology,3.0,2,1,3.13,data analyst,"c#, .net",mongodb,azure,moderate,visual,devops engineer,remote,excellent,no,3,cisco
female,"tamil, english",bachelor's degree,computer science,2.7,4,1,3.78,cloud engineer,"python, r",sql server,aws,moderate,visual,data scientist,onsite,average,no,6,cisco
male,tamil,bachelor's degree,information technology,2.61,4,1,2.97,software engineer,"python, sql",mongodb,azure,low,visual,security engineer,onsite,excellent,no,1,google
female,"english, sinhala",bachelor's degree,information technology,2.99,4,2,2.39,ml engineer,"javascript, php",mysql,gcp,moderate,kinesthetic,data scientist,hybrid,poor,yes,4,cisco
male,"english, sinhala, tamil",bachelor's degree,computer science,3.67,2,2,3.28,network engineer,"javascript, php",postgresql,kubernetes,moderate,visual,systems analyst,hybrid,excellent,no,5,cisco
male,"tamil, english",bachelor's degree,software engineering,3.65,1,1,2.7,cloud engineer,"python, java",mysql,aws,low,visual,devops engineer,hybrid,average,yes,3,none
male,"english, sinhala, tamil",bachelor's degree,computer science,3.97,4,2,3.56,software engineer,"python, java",mysql,kubernetes,excellent,kinesthetic,data scientist,onsite,average,yes,9,none
female,tamil,bachelor's degree,cyber security,2.89,2,2,3.18,software engineer,"javascript, php",mongodb,azure,excellent,auditory,security engineer,remote,poor,no,9,google
male,"english, sinhala",bachelor's degree,software engineering,3.27,2,1,4.0,devops engineer,"java, c++",mysql,gcp,moderate,visual,systems analyst,hybrid,average,no,2,azure
female,english,bachelor's degree,cyber security,2.88,4,2,2.91,systems analyst,"javascript, php",mongodb,docker,low,kinesthetic,qa engineer,onsite,excellent,yes,0,azure
male,"sinhala, tamil",bachelor's degree,data science,3.91,2,2,2.59,ai engineer,"javascript, php",mongodb,gcp,low,visual,qa engineer,remote,excellent,yes,1,none
male,english,bachelor's degree,cyber security,3.12,1,1,2.78,systems analyst,"python, sql",mongodb,docker,low,visual,data scientist,hybrid,excellent,yes,8,cisco
female,"english, sinhala",bachelor's degree,information technology,3.74,1,2,3.1,ai engineer,"java, c++",mysql,kubernetes,low,kinesthetic,security engineer,onsite,excellent,no,4,azure
female,"sinhala, tamil",bachelor's degree,cyber security,2.98,1,2,2.72,software engineer,"python, r",mongodb,kubernetes,excellent,visual,security engineer,remote,poor,yes,9,azure
female,tamil,bachelor's degree,data science,3.33,2,1,2.93,devops engineer,"javascript, php",postgresql,gcp,excellent,visual,data scientist,hybrid,poor,no,12,google
female,sinhala,bachelor's degree,cyber security,2.51,2,1,2.88,devops engineer,"javascript, php",oracle,aws,excellent,kinesthetic,data scientist,remote,average,yes,5,aws
female,tamil,bachelor's degree,cyber security,2.27,4,1,2.42,data analyst,"python, java",postgresql,docker,excellent,visual,data scientist,onsite,average,yes,10,azure
female,"english, sinhala, tamil",bachelor's degree,data science,3.3,2,1,2.95,software engineer,"javascript, php",mongodb,docker,excellent,kinesthetic,systems analyst,remote,excellent,yes,3,aws
male,"english, sinhala",bachelor's degree,cyber security,2.9,4,1,2.62,cyber security analyst,"javascript, php",mongodb,docker,moderate,auditory,software engineer,hybrid,excellent,no,6,cisco
female,"english, sinhala",bachelor's degree,software engineering,3.5,4,2,3.35,software engineer,"java, c++",postgresql,aws,excellent,visual,software engineer,onsite,poor,no,9,none
female,"tamil, english",bachelor's degree,cyber security,2.74,2,2,3.1,cyber security analyst,"python, java",postgresql,gcp,moderate,visual,software engineer,onsite,excellent,no,3,aws
female,"english, sinhala",bachelor's degree,computer science,3.8,2,2,3.36,ml engineer,"python, r",postgresql,kubernetes,low,auditory,systems analyst,hybrid,average,no,10,google
female,tamil,bachelor's degree,software engineering,3.27,2,1,3.29,qa engineer,"java, c++",oracle,kubernetes,moderate,auditory,software engineer,remote,poor,yes,11,google
male,"tamil, english",bachelor's degree,information technology,3.17,2,1,3.29,qa engineer,"python, sql",mysql,azure,moderate,kinesthetic,security engineer,hybrid,average,yes,3,cisco
male,english,bachelor's degree,software engineering,2.3,2,2,2.82,cloud engineer,"javascript, php",mysql,docker,moderate,auditory,systems analyst,hybrid,average,yes,0,cisco
female,tamil,bachelor's degree,cyber security,3.42,4,2,2.97,devops engineer,"java, c++",mongodb,docker,low,auditory,data scientist,onsite,average,yes,11,aws
male,tamil,bachelor's degree,information technology,3.64,1,2,2.98,data analyst,"python, r",sql server,docker,low,visual,qa engineer,hybrid,excellent,yes,1,cisco
male,english,bachelor's degree,information technology,3.75,2,2,3.32,software engineer,"java, c++",mysql,gcp,moderate,auditory,data scientist,hybrid,average,no,12,cisco
female,"sinhala, tamil",bachelor's degree,cyber security,3.01,1,2,2.55,ml engineer,"python, r",mongodb,azure,moderate,kinesthetic,software engineer,remote,average,no,6,none
female,sinhala,bachelor's degree,cyber security,2.59,4,1,3.91,data analyst,"python, sql",postgresql,azure,moderate,auditory,security engineer,onsite,poor,yes,1,azure
male,english,bachelor's degree,computer science,2.57,4,1,3.04,network engineer,"javascript, php",postgresql,docker,moderate,auditory,systems analyst,onsite,average,yes,10,azure
female,sinhala,bachelor's degree,cyber security,2.55,2,1,2.45,cloud engineer,"c#, .net",mysql,kubernetes,moderate,auditory,software engineer,remote,average,no,11,aws
female,"sinhala, tamil",bachelor's degree,computer science,3.3,1,1,2.71,cloud engineer,"java, c++",mysql,aws,excellent,visual,security engineer,remote,excellent,no,5,aws
male,english,bachelor's degree,cyber security,3.65,2,1,3.03,ml engineer,"java, c++",mysql,aws,excellent,auditory,qa engineer,remote,excellent,yes,11,aws
female,english,bachelor's degree,software engineering,2.62,2,1,3.82,software engineer,"javascript, php",mysql,gcp,low,kinesthetic,systems analyst,onsite,poor,yes,1,aws
female,"sinhala, tamil",bachelor's degree,information technology,3.95,2,2,3.37,data analyst,"java, c++",mysql,aws,excellent,auditory,devops engineer,hybrid,poor,yes,10,cisco
female,english,bachelor's degree,cyber security,2.83,1,2,3.87,software engineer,"python, java",mysql,kubernetes,moderate,visual,data scientist,hybrid,average,yes,1,google
female,"english, sinhala, tamil",bachelor's degree,cyber security,3.42,3,1,3.65,ml engineer,"python, java",oracle,docker,low,auditory,devops engineer,hybrid,average,yes,11,azure
female,"english, sinhala, tamil",bachelor's degree,computer science,2.42,1,2,2.68,cloud engineer,"python, sql",oracle,kubernetes,moderate,visual,security engineer,hybrid,excellent,no,6,aws
female,"english, sinhala, tamil",bachelor's degree,cyber security,3.56,1,1,3.13,ml engineer,"python, sql",sql server,gcp,low,visual,systems analyst,hybrid,excellent,no,0,aws
female,"english, sinhala",bachelor's degree,computer science,2.69,1,2,3.2,data analyst,"python, r",mongodb,kubernetes,moderate,auditory,systems analyst,hybrid,poor,yes,3,cisco
male,"english, sinhala, tamil",bachelor's degree,cyber security,3.23,2,2,2.67,cloud engineer,"python, java",oracle,azure,low,visual,data scientist,hybrid,poor,yes,0,google
male,"sinhala, tamil",bachelor's degree,data science,3.03,4,2,3.98,systems analyst,"python, java",sql server,kubernetes,moderate,visual,software engineer,remote,average,no,12,google
female,"english, sinhala, tamil",bachelor's degree,computer science,2.21,4,1,2.98,cyber security analyst,"java, c++",postgresql,gcp,excellent,auditory,security engineer,remote,excellent,no,0,azure
female,"sinhala, tamil",bachelor's degree,software engineering,3.01,4,2,3.12,cloud engineer,"javascript, php",mongodb,gcp,excellent,kinesthetic,data scientist,hybrid,poor,yes,1,cisco
female,"english, sinhala",bachelor's degree,data science,3.45,3,1,3.46,qa engineer,"java, c++",mysql,aws,moderate,kinesthetic,qa engineer,remote,average,no,5,none
female,english,bachelor's degree,information technology,3.35,4,1,2.64,cyber security analyst,"java, c++",mysql,aws,moderate,auditory,qa engineer,hybrid,poor,no,12,aws
female,"english, sinhala",bachelor's degree,computer science,2.45,2,2,3.97,systems analyst,"java, c++",sql server,kubernetes,low,visual,data scientist,remote,poor,yes,0,azure
female,sinhala,bachelor's degree,data science,3.69,2,2,3.58,cloud engineer,"c#, .net",postgresql,gcp,excellent,visual,security engineer,remote,average,no,1,azure
male,"tamil, english",bachelor's degree,software engineering,2.65,4,1,3.24,cyber security analyst,"python, sql",mysql,docker,low,auditory,data scientist,onsite,excellent,no,9,cisco
male,sinhala,bachelor's degree,information technology,2.56,4,2,2.4,cloud engineer,"python, sql",mysql,kubernetes,moderate,visual,qa engineer,onsite,excellent,no,12,aws
male,"english, sinhala",bachelor's degree,data science,2.99,3,2,3.38,network engineer,"python, sql",oracle,docker,moderate,visual,security engineer,hybrid,excellent,yes,0,azure
female,"sinhala, tamil",bachelor's degree,cyber security,2.63,4,1,3.51,software engineer,"python, java",mongodb,docker,moderate,visual,qa engineer,hybrid,excellent,no,7,google
male,"tamil, english",bachelor's degree,cyber security,3.9,2,2,3.4,cloud engineer,"python, sql",mysql,gcp,excellent,kinesthetic,devops engineer,remote,average,no,3,aws
female,"english, sinhala",bachelor's degree,data science,2.37,2,1,3.01,ml engineer,"python, sql",mongodb,aws,excellent,auditory,qa engineer,onsite,poor,yes,12,aws
male,english,bachelor's degree,computer science,3.9,2,1,3.79,devops engineer,"python, java",postgresql,gcp,moderate,kinesthetic,qa engineer,onsite,excellent,yes,7,none
female,"english, sinhala, tamil",bachelor's degree,software engineering,3.74,3,2,2.81,network engineer,"python, java",mysql,gcp,excellent,kinesthetic,security engineer,onsite,poor,no,9,aws
female,"english, sinhala, tamil",bachelor's degree,computer science,2.39,2,1,3.25,qa engineer,"java, c++",postgresql,docker,moderate,kinesthetic,security engineer,hybrid,average,no,7,azure
female,sinhala,bachelor's degree,cyber security,3.45,4,2,3.46,software engineer,"python, java",oracle,docker,excellent,visual,devops engineer,onsite,average,yes,3,none
female,english,bachelor's degree,information technology,2.66,1,2,2.85,cloud engineer,"python, java",sql server,kubernetes,low,visual,security engineer,onsite,excellent,no,4,azure
female,"sinhala, tamil",bachelor's degree,information technology,2.28,4,1,2.5,ml engineer,"java, c++",mysql,docker,low,auditory,software engineer,hybrid,average,yes,3,aws
male,"tamil, english",bachelor's degree,information technology,3.56,2,1,3.03,ml engineer,"c#, .net",oracle,kubernetes,moderate,visual,qa engineer,remote,poor,yes,2,none
female,"english, sinhala, tamil",bachelor's degree,software engineering,2.43,1,1,3.69,ml engineer,"c#, .net",oracle,gcp,low,auditory,software engineer,onsite,average,no,4,azure
male,english,bachelor's degree,cyber security,3.28,2,2,3.32,cyber security analyst,"javascript, php",postgresql,gcp,moderate,visual,data scientist,onsite,average,yes,9,aws
female,"english, sinhala, tamil",bachelor's degree,software engineering,2.77,4,1,3.8,cloud engineer,"c#, .net",oracle,azure,low,auditory,systems analyst,hybrid,poor,yes,2,azure
female,"english, sinhala",bachelor's degree,cyber security,2.65,3,2,3.08,data analyst,"python, java",mysql,kubernetes,low,auditory,qa engineer,onsite,poor,no,7,none
female,"tamil, english",bachelor's degree,software engineering,3.24,1,2,2.82,ai engineer,"python, r",mongodb,azure,moderate,kinesthetic,devops engineer,remote,poor,yes,9,none
male,"tamil, english",bachelor's degree,cyber security,3.55,3,1,2.29,devops engineer,"python, r",postgresql,azure,low,auditory,software engineer,onsite,poor,yes,12,aws
male,"english, sinhala",bachelor's degree,software engineering,3.51,1,2,2.82,devops engineer,"java, c++",postgresql,kubernetes,excellent,auditory,data scientist,onsite,poor,yes,11,aws
male,"tamil, english",bachelor's degree,cyber security,3.1,2,1,3.42,cloud engineer,"java, c++",oracle,gcp,excellent,visual,software engineer,onsite,excellent,yes,10,cisco
male,"english, sinhala, tamil",bachelor's degree,cyber security,2.32,3,2,3.13,ml engineer,"javascript, php",mongodb,aws,low,kinesthetic,devops engineer,remote,poor,yes,2,cisco
female,english,bachelor's degree,computer science,3.2,1,1,2.75,ml engineer,"java, c++",oracle,kubernetes,moderate,kinesthetic,devops engineer,remote,poor,no,4,google
male,english,bachelor's degree,software engineering,2.97,1,1,2.25,ai engineer,"python, sql",postgresql,docker,excellent,auditory,devops engineer,remote,excellent,no,3,azure
male,"sinhala, tamil",bachelor's degree,cyber security,2.78,1,1,2.69,cyber security analyst,"c#, .net",mysql,docker,excellent,kinesthetic,data scientist,hybrid,excellent,no,4,azure
male,tamil,bachelor's degree,computer science,3.41,3,2,3.45,systems analyst,"python, sql",postgresql,azure,low,kinesthetic,systems analyst,hybrid,poor,yes,7,cisco
female,"tamil, english",bachelor's degree,data science,2.79,3,1,3.39,systems analyst,"python, sql",sql server,docker,low,kinesthetic,software engineer,hybrid,poor,no,10,azure
female,sinhala,bachelor's degree,computer science,3.88,3,1,3.99,systems analyst,"python, java",mongodb,aws,low,visual,systems analyst,remote,average,yes,11,cisco
female,"english, sinhala",bachelor's degree,computer science,3.48,1,2,3.77,data analyst,"javascript, php",mysql,aws,moderate,kinesthetic,devops engineer,onsite,excellent,yes,9,aws
male,"tamil, english",bachelor's degree,cyber security,2.92,3,1,3.31,software engineer,"python, r",mysql,aws,moderate,auditory,devops engineer,onsite,average,yes,10,aws
female,"english, sinhala",bachelor's degree,computer science,3.59,1,2,2.33,software engineer,"python, java",mysql,gcp,moderate,auditory,devops engineer,onsite,poor,yes,7,google
female,"tamil, english",bachelor's degree,software engineering,3.53,3,1,2.31,ai engineer,"java, c++",oracle,kubernetes,moderate,auditory,software engineer,remote,excellent,yes,11,azure
female,sinhala,bachelor's degree,data science,2.21,2,1,3.91,data analyst,"java, c++",sql server,docker,excellent,auditory,qa engineer,hybrid,excellent,no,10,aws
male,sinhala,bachelor's degree,software engineering,2.81,3,2,2.4,software engineer,"javascript, php",mysql,azure,excellent,kinesthetic,qa engineer,hybrid,excellent,yes,11,aws
female,tamil,bachelor's degree,data science,3.44,2,2,2.45,cloud engineer,"java, c++",postgresql,azure,excellent,kinesthetic,systems analyst,onsite,excellent,yes,3,cisco
female,english,bachelor's degree,software engineering,2.86,1,1,2.84,systems analyst,"c#, .net",sql server,aws,moderate,kinesthetic,software engineer,onsite,average,yes,3,google
male,"sinhala, tamil",bachelor's degree,information technology,2.25,4,1,2.57,devops engineer,"python, java",mongodb,azure,excellent,auditory,data scientist,onsite,excellent,yes,1,cisco
male,"english, sinhala",bachelor's degree,data science,3.11,3,2,3.77,cloud engineer,"python, sql",oracle,gcp,low,visual,data scientist,remote,excellent,yes,1,cisco
female,english,bachelor's degree,software engineering,2.98,4,2,3.02,cloud engineer,"java, c++",mysql,gcp,moderate,auditory,security engineer,hybrid,average,no,8,aws
male,"english, sinhala, tamil",bachelor's degree,data science,3.31,3,2,2.38,software engineer,"javascript, php",mongodb,aws,moderate,kinesthetic,systems analyst,onsite,excellent,no,7,none
male,tamil,bachelor's degree,computer science,3.46,4,1,2.74,data analyst,"c#, .net",mysql,kubernetes,excellent,kinesthetic,security engineer,hybrid,excellent,no,6,google
male,"sinhala, tamil",bachelor's degree,data science,3.63,4,1,2.69,cyber security analyst,"python, java",postgresql,kubernetes,excellent,kinesthetic,devops engineer,onsite,excellent,no,4,none
male,"tamil, english",bachelor's degree,cyber security,3.91,1,2,3.0,data analyst,"java, c++",oracle,azure,low,auditory,software engineer,remote,average,no,4,none
male,english,bachelor's degree,software engineering,3.08,3,2,2.44,systems analyst,"python, java",postgresql,docker,moderate,auditory,qa engineer,remote,excellent,no,0,none
female,"english, sinhala",bachelor's degree,cyber security,3.47,2,2,3.32,devops engineer,"javascript, php",oracle,docker,excellent,visual,devops engineer,hybrid,excellent,no,6,aws
male,english,bachelor's degree,software engineering,2.28,4,2,2.5,cloud engineer,"python, sql",mongodb,azure,excellent,auditory,software engineer,remote,average,yes,3,none
female,"english, sinhala, tamil",bachelor's degree,computer science,2.32,1,1,3.13,cyber security analyst,"c#, .net",mongodb,aws,moderate,auditory,qa engineer,hybrid,excellent,no,4,cisco
male,english,bachelor's degree,software engineering,2.82,3,1,2.98,network engineer,"python, java",sql server,azure,low,visual,qa engineer,hybrid,excellent,no,8,azure
male,"tamil, english",bachelor's degree,computer science,3.48,1,1,2.84,qa engineer,"python, java",sql server,gcp,moderate,visual,data scientist,onsite,poor,no,4,aws
female,"english, sinhala",bachelor's degree,data science,3.53,2,2,3.79,cyber security analyst,"java, c++",mysql,kubernetes,moderate,kinesthetic,software engineer,hybrid,average,no,4,none
female,"sinhala, tamil",bachelor's degree,cyber security,3.93,2,2,2.9,cloud engineer,"python, r",mongodb,gcp,low,visual,systems analyst,remote,poor,yes,4,aws
female,sinhala,bachelor's degree,cyber security,2.41,1,2,2.72,cloud engineer,"javascript, php",postgresql,azure,moderate,auditory,devops engineer,remote,poor,no,6,azure
female,"english, sinhala",bachelor's degree,data science,2.45,3,1,3.75,systems analyst,"python, sql",sql server,docker,low,visual,qa engineer,remote,average,no,0,azure
female,"english, sinhala, tamil",bachelor's degree,computer science,3.83,4,1,3.11,cyber security analyst,"python, sql",oracle,gcp,low,kinesthetic,data scientist,hybrid,excellent,no,10,google
male,tamil,bachelor's degree,cyber security,3.8,2,2,2.82,cloud engineer,"javascript, php",postgresql,docker,low,kinesthetic,software engineer,onsite,poor,no,0,azure
female,sinhala,bachelor's degree,information technology,3.46,1,2,3.42,cyber security analyst,"javascript, php",postgresql,aws,low,auditory,systems analyst,onsite,excellent,yes,12,cisco
female,sinhala,bachelor's degree,data science,3.92,4,2,2.86,ml engineer,"python, sql",oracle,gcp,excellent,visual,data scientist,remote,poor,yes,2,none
female,"english, sinhala, tamil",bachelor's degree,data science,3.13,4,1,3.06,data analyst,"python, r",sql server,azure,moderate,auditory,systems analyst,remote,average,yes,1,google
female,"sinhala, tamil",bachelor's degree,data science,2.6,2,2,3.93,software engineer,"javascript, php",postgresql,azure,excellent,kinesthetic,security engineer,onsite,poor,no,9,aws
male,"english, sinhala, tamil",bachelor's degree,software engineering,4.0,1,2,2.29,data analyst,"python, sql",sql server,gcp,excellent,auditory,data scientist,remote,average,no,5,aws
female,"sinhala, tamil",bachelor's degree,information technology,3.0,3,2,3.24,ai engineer,"c#, .net",sql server,gcp,moderate,visual,software engineer,onsite,excellent,yes,7,azure
male,"english, sinhala",bachelor's degree,software engineering,3.09,4,1,3.46,cloud engineer,"javascript, php",postgresql,kubernetes,low,visual,software engineer,hybrid,excellent,yes,10,none
male,sinhala,bachelor's degree,cyber security,2.39,2,2,3.71,systems analyst,"javascript, php",sql server,aws,excellent,kinesthetic,systems analyst,remote,excellent,yes,12,azure
female,english,bachelor's degree,software engineering,2.26,2,1,2.9,cloud engineer,"java, c++",postgresql,gcp,moderate,auditory,software engineer,hybrid,poor,yes,6,none
female,english,bachelor's degree,cyber security,2.49,2,1,2.22,ml engineer,"python, java",sql server,aws,excellent,auditory,devops engineer,hybrid,average,yes,0,none
female,"english, sinhala",bachelor's degree,data science,2.42,3,2,3.78,qa engineer,"java, c++",sql server,kubernetes,moderate,visual,qa engineer,onsite,average,no,4,aws
male,"english, sinhala, tamil",bachelor's degree,data science,3.97,3,1,3.4,ml engineer,"javascript, php",sql server,docker,low,kinesthetic,data scientist,remote,excellent,no,3,google
female,"tamil, english",bachelor's degree,data science,2.41,3,2,2.89,cloud engineer,"python, r",sql server,aws,excellent,kinesthetic,software engineer,remote,average,no,12,google
male,"tamil, english",bachelor's degree,computer science,3.18,1,2,3.94,cyber security analyst,"java, c++",mysql,kubernetes,excellent,auditory,systems analyst,hybrid,average,yes,7,none
male,"tamil, english",bachelor's degree,software engineering,2.25,4,2,2.84,systems analyst,"java, c++",oracle,azure,low,auditory,software engineer,remote,excellent,yes,5,google
female,tamil,bachelor's degree,computer science,2.88,4,1,2.91,ml engineer,"python, sql",mongodb,docker,excellent,kinesthetic,systems analyst,remote,poor,no,5,azure
female,tamil,bachelor's degree,data science,3.04,4,2,3.18,software engineer,"javascript, php",postgresql,gcp,excellent,auditory,qa engineer,remote,average,no,10,azure
female,"english, sinhala",bachelor's degree,computer science,3.66,3,2,3.91,ai engineer,"python, r",sql server,aws,low,auditory,software engineer,hybrid,excellent,yes,7,azure
female,"english, sinhala",bachelor's degree,software engineering,3.94,2,2,2.98,ml engineer,"python, sql",postgresql,docker,moderate,kinesthetic,software engineer,hybrid,poor,no,11,google
female,"tamil, english",bachelor's degree,software engineering,2.45,2,1,2.25,data analyst,"javascript, php",postgresql,azure,moderate,auditory,security engineer,hybrid,average,no,11,cisco
male,"sinhala, tamil",bachelor's degree,computer science,2.47,3,1,3.97,ai engineer,"javascript, php",mysql,gcp,excellent,visual,data scientist,onsite,average,no,9,none
male,"tamil, english",bachelor's degree,software engineering,2.3,1,1,3.76,software engineer,"javascript, php",postgresql,gcp,moderate,auditory,security engineer,hybrid,poor,no,7,aws
male,sinhala,bachelor's degree,cyber security,3.83,3,2,2.63,software engineer,"java, c++",oracle,docker,moderate,kinesthetic,security engineer,remote,average,yes,2,google
male,"tamil, english",bachelor's degree,computer science,2.48,1,1,3.26,software engineer,"c#, .net",mongodb,azure,moderate,auditory,security engineer,hybrid,excellent,yes,7,none
male,"english, sinhala",bachelor's degree,information technology,3.66,1,2,3.78,systems analyst,"python, r",oracle,gcp,low,kinesthetic,security engineer,onsite,average,no,3,azure
male,"english, sinhala, tamil",bachelor's degree,information technology,2.8,2,2,3.52,qa engineer,"c#, .net",sql server,kubernetes,excellent,visual,security engineer,onsite,excellent,yes,0,azure
male,english,bachelor's degree,computer science,2.27,3,1,2.29,network engineer,"python, java",oracle,azure,moderate,auditory,software engineer,onsite,poor,yes,1,cisco
male,"english, sinhala",bachelor's degree,data science,3.11,3,2,3.3,software engineer,"python, r",postgresql,aws,excellent,visual,qa engineer,hybrid,poor,no,1,none
female,sinhala,bachelor's degree,cyber security,3.55,4,2,3.05,cloud engineer,"c#, .net",mongodb,kubernetes,excellent,auditory,security engineer,remote,poor,no,4,cisco
female,english,bachelor's degree,information technology,3.71,3,2,2.63,network engineer,"python, sql",sql server,kubernetes,moderate,visual,data scientist,remote,poor,yes,0,google
female,"english, sinhala",bachelor's degree,data science,2.98,2,1,2.83,devops engineer,"c#, .net",sql server,azure,excellent,kinesthetic,systems analyst,hybrid,excellent,yes,10,cisco
male,"sinhala, tamil",bachelor's degree,data science,2.32,3,2,3.25,data analyst,"python, java",mysql,kubernetes,moderate,visual,systems analyst,onsite,poor,yes,7,cisco
female,"tamil, english",bachelor's degree,cyber security,3.44,3,1,2.65,qa engineer,"python, java",mysql,azure,excellent,visual,devops engineer,onsite,poor,yes,8,none
female,"tamil, english",bachelor's degree,information technology,3.19,1,2,3.14,cloud engineer,"python, sql",mysql,gcp,low,visual,systems analyst,onsite,excellent,no,9,aws
male,"english, sinhala",bachelor's degree,data science,3.04,4,1,3.04,devops engineer,"javascript, php",mongodb,docker,low,kinesthetic,data scientist,onsite,poor,yes,6,aws
female,"english, sinhala",bachelor's degree,information technology,2.95,3,2,3.07,ml engineer,"c#, .net",mysql,azure,low,auditory,devops engineer,hybrid,poor,no,5,azure
female,"tamil, english",bachelor's degree,computer science,3.96,3,1,2.38,cyber security analyst,"python, r",postgresql,azure,moderate,kinesthetic,devops engineer,remote,poor,no,2,cisco
female,"english, sinhala, tamil",bachelor's degree,computer science,2.21,4,1,3.67,software engineer,"javascript, php",sql server,aws,low,auditory,data scientist,hybrid,average,no,8,aws
female,"english, sinhala, tamil",bachelor's degree,computer science,3.61,2,2,3.58,systems analyst,"python, java",sql server,kubernetes,low,kinesthetic,devops engineer,hybrid,poor,yes,11,cisco
female,"english, sinhala, tamil",bachelor's degree,data science,3.77,3,1,3.24,qa engineer,"python, java",mongodb,gcp,low,visual,systems analyst,remote,average,no,5,aws
female,sinhala,bachelor's degree,data science,3.64,2,2,3.75,systems analyst,"java, c++",postgresql,azure,low,auditory,devops engineer,remote,average,yes,12,azure
female,"english, sinhala, tamil",bachelor's degree,data science,4.0,4,2,3.88,ml engineer,"javascript, php",oracle,gcp,excellent,auditory,devops engineer,remote,average,no,11,azure
female,"tamil, english",bachelor's degree,software engineering,3.25,3,1,3.17,cyber security analyst,"c#, .net",oracle,azure,excellent,visual,qa engineer,hybrid,poor,yes,1,azure
male,sinhala,bachelor's degree,cyber security,3.74,4,1,3.14,ml engineer,"python, java",postgresql,docker,low,kinesthetic,security engineer,remote,excellent,yes,2,aws
female,tamil,bachelor's degree,computer science,3.27,4,1,3.24,systems analyst,"python, sql",mongodb,gcp,moderate,kinesthetic,security engineer,onsite,excellent,yes,5,aws
male,"english, sinhala",bachelor's degree,software engineering,3.64,1,1,2.39,devops engineer,"java, c++",mongodb,kubernetes,low,kinesthetic,qa engineer,onsite,excellent,no,4,aws
female,english,bachelor's degree,computer science,3.76,3,2,3.24,data analyst,"python, java",postgresql,docker,moderate,visual,security engineer,onsite,average,yes,8,google
female,english,bachelor's degree,software engineering,3.44,1,2,3.42,data analyst,"javascript, php",sql server,kubernetes,excellent,auditory,devops engineer,onsite,average,yes,11,aws
female,"tamil, english",bachelor's degree,computer science,3.17,3,2,3.86,software engineer,"java, c++",mysql,kubernetes,low,visual,data scientist,onsite,excellent,no,6,none
male,"english, sinhala",bachelor's degree,computer science,3.55,1,1,2.38,cyber security analyst,"java, c++",mysql,kubernetes,excellent,auditory,software engineer,remote,poor,yes,3,none
male,tamil,bachelor's degree,data science,2.88,3,1,3.65,cyber security analyst,"c#, .net",mysql,aws,low,kinesthetic,qa engineer,hybrid,average,yes,11,cisco
male,"english, sinhala",bachelor's degree,data science,2.27,1,2,2.75,ml engineer,"c#, .net",mongodb,gcp,excellent,auditory,data scientist,hybrid,average,no,7,google
female,"english, sinhala, tamil",bachelor's degree,software engineering,2.58,3,1,2.26,data analyst,"python, java",sql server,docker,low,kinesthetic,security engineer,hybrid,poor,yes,9,aws
female,english,bachelor's degree,computer science,3.81,1,2,3.34,software engineer,"python, java",mysql,docker,moderate,auditory,qa engineer,remote,average,yes,5,google
male,"tamil, english",bachelor's degree,computer science,3.1,4,2,2.95,software engineer,"javascript, php",oracle,azure,low,kinesthetic,systems analyst,remote,average,yes,1,cisco
female,"sinhala, tamil",bachelor's degree,cyber security,3.16,1,2,2.41,cyber security analyst,"java, c++",mongodb,gcp,moderate,auditory,data scientist,onsite,excellent,yes,9,aws
male,"english, sinhala, tamil",bachelor's degree,cyber security,3.94,1,1,3.9,ai engineer,"c#, .net",oracle,docker,low,kinesthetic,systems analyst,hybrid,poor,yes,5,google
male,"english, sinhala, tamil",bachelor's degree,data science,3.89,3,2,2.45,software engineer,"python, sql",oracle,kubernetes,excellent,auditory,systems analyst,onsite,poor,yes,9,azure
female,"tamil, english",bachelor's degree,computer science,3.29,4,1,2.9,qa engineer,"java, c++",oracle,gcp,moderate,kinesthetic,security engineer,hybrid,average,yes,3,azure
male,"tamil, english",bachelor's degree,information technology,3.24,3,1,3.16,data analyst,"javascript, php",mysql,azure,low,visual,qa engineer,onsite,excellent,yes,7,none
female,"tamil, english",bachelor's degree,information technology,2.57,3,2,3.11,cyber security analyst,"python, sql",postgresql,aws,low,visual,qa engineer,onsite,excellent,yes,9,aws
male,sinhala,bachelor's degree,information technology,2.73,2,2,2.86,software engineer,"c#, .net",mongodb,docker,excellent,kinesthetic,qa engineer,onsite,excellent,no,6,azure
male,"sinhala, tamil",bachelor's degree,computer science,3.83,1,1,2.83,software engineer,"c#, .net",mongodb,gcp,low,kinesthetic,data scientist,onsite,poor,no,5,azure
male,"tamil, english",bachelor's degree,data science,3.21,3,2,3.15,ml engineer,"python, r",sql server,azure,moderate,visual,qa engineer,hybrid,excellent,yes,11,cisco
male,"english, sinhala, tamil",bachelor's degree,computer science,3.85,2,1,2.98,cloud engineer,"python, sql",mysql,gcp,excellent,visual,devops engineer,hybrid,poor,yes,8,none
female,"sinhala, tamil",bachelor's degree,information technology,2.8,4,2,3.74,cloud engineer,"python, sql",sql server,azure,moderate,auditory,devops engineer,onsite,excellent,no,5,aws
female,english,bachelor's degree,information technology,2.28,3,2,2.99,network engineer,"c#, .net",mysql,docker,moderate,kinesthetic,devops engineer,hybrid,excellent,no,9,aws
male,"english, sinhala, tamil",bachelor's degree,software engineering,3.7,4,1,2.41,network engineer,"python, sql",postgresql,gcp,low,kinesthetic,systems analyst,remote,poor,yes,3,none
male,english,bachelor's degree,information technology,3.91,3,2,3.53,network engineer,"javascript, php",mongodb,gcp,low,auditory,data scientist,remote,poor,yes,7,none
male,"sinhala, tamil",bachelor's degree,data science,3.54,4,1,3.53,cyber security analyst,"java, c++",postgresql,docker,excellent,auditory,qa engineer,onsite,poor,no,11,none
male,"sinhala, tamil",bachelor's degree,information technology,2.93,4,2,3.8,systems analyst,"javascript, php",postgresql,azure,excellent,kinesthetic,software engineer,onsite,poor,yes,8,google
male,"english, sinhala",bachelor's degree,software engineering,3.67,2,2,3.6,cyber security analyst,"python, sql",oracle,gcp,excellent,kinesthetic,devops engineer,hybrid,poor,yes,11,none
female,"english, sinhala, tamil",bachelor's degree,information technology,2.76,4,1,3.11,ml engineer,"python, sql",oracle,gcp,low,visual,devops engineer,remote,poor,no,4,azure
male,"sinhala, tamil",bachelor's degree,software engineering,2.94,4,1,3.08,qa engineer,"javascript, php",mongodb,docker,low,kinesthetic,data scientist,remote,poor,no,8,cisco
male,english,bachelor's degree,cyber security,2.47,3,2,3.53,ml engineer,"python, sql",oracle,docker,low,visual,devops engineer,remote,average,no,6,cisco
male,"english, sinhala",bachelor's degree,data science,2.69,3,1,3.26,data analyst,"python, java",mysql,kubernetes,excellent,auditory,security engineer,onsite,average,yes,1,azure
female,tamil,bachelor's degree,data science,3.03,3,2,3.51,devops engineer,"c#, .net",mongodb,azure,excellent,visual,security engineer,remote,average,no,0,aws
female,english,bachelor's degree,software engineering,2.51,1,2,3.81,software engineer,"python, r",postgresql,azure,moderate,auditory,security engineer,onsite,poor,yes,11,azure
female,"tamil, english",bachelor's degree,data science,2.27,2,1,3.27,data analyst,"javascript, php",postgresql,aws,moderate,auditory,qa engineer,onsite,excellent,yes,11,cisco
female,"english, sinhala, tamil",bachelor's degree,data science,3.42,1,1,2.76,cloud engineer,"java, c++",mysql,docker,moderate,visual,software engineer,hybrid,average,no,11,none
female,sinhala,bachelor's degree,information technology,2.56,4,2,3.22,ml engineer,"python, java",sql server,docker,moderate,auditory,security engineer,hybrid,average,no,2,none
female,"tamil, english",bachelor's degree,cyber security,3.58,1,2,3.94,network engineer,"python, r",mongodb,docker,moderate,auditory,devops engineer,remote,excellent,no,10,none
female,"english, sinhala",bachelor's degree,data science,2.3,3,1,2.95,devops engineer,"python, r",mysql,kubernetes,moderate,kinesthetic,systems analyst,onsite,poor,yes,8,azure
female,"sinhala, tamil",bachelor's degree,software engineering,2.76,1,1,3.17,devops engineer,"python, java",sql server,gcp,excellent,visual,devops engineer,remote,excellent,no,7,google
male,"english, sinhala, tamil",bachelor's degree,computer science,2.82,1,2,2.44,qa engineer,"python, sql",postgresql,azure,moderate,kinesthetic,software engineer,remote,average,yes,7,google
female,"tamil, english",bachelor's degree,data science,3.05,2,1,2.94,software engineer,"java, c++",mysql,docker,excellent,auditory,devops engineer,hybrid,average,no,7,aws
male,sinhala,bachelor's degree,cyber security,2.44,1,2,3.88,ai engineer,"python, sql",mysql,kubernetes,low,auditory,data scientist,hybrid,average,yes,5,azure
female,sinhala,bachelor's degree,software engineering,2.88,4,2,3.94,cloud engineer,"java, c++",mongodb,docker,low,kinesthetic,software engineer,hybrid,excellent,yes,1,azure
male,english,bachelor's degree,cyber security,2.66,3,2,2.22,cyber security analyst,"python, sql",postgresql,kubernetes,excellent,auditory,security engineer,onsite,average,no,9,none
female,english,bachelor's degree,information technology,2.3,4,2,3.94,data analyst,"c#, .net",mongodb,kubernetes,low,auditory,data scientist,onsite,excellent,yes,6,none
female,"tamil, english",bachelor's degree,data science,2.68,4,2,2.56,systems analyst,"python, sql",sql server,docker,excellent,visual,data scientist,remote,poor,yes,10,aws
male,english,bachelor's degree,cyber security,3.24,3,2,2.45,cloud engineer,"python, r",postgresql,azure,moderate,auditory,software engineer,hybrid,poor,yes,7,aws
male,sinhala,bachelor's degree,information technology,2.32,2,2,2.8,network engineer,"python, java",mysql,aws,moderate,auditory,data scientist,onsite,poor,no,6,aws
male,tamil,bachelor's degree,cyber security,3.01,1,2,3.5,ml engineer,"python, sql",mysql,docker,moderate,auditory,systems analyst,hybrid,excellent,yes,4,cisco
female,"english, sinhala",bachelor's degree,software engineering,2.35,3,1,3.07,devops engineer,"c#, .net",mongodb,aws,low,kinesthetic,systems analyst,onsite,excellent,no,11,google
female,english,bachelor's degree,data science,2.58,3,1,2.31,qa engineer,"python, r",mysql,kubernetes,moderate,auditory,systems analyst,hybrid,poor,yes,0,none
female,"sinhala, tamil",bachelor's degree,data science,2.83,2,1,3.82,ml engineer,"python, r",oracle,aws,low,visual,data scientist,hybrid,average,yes,5,cisco
male,"english, sinhala",bachelor's degree,software engineering,3.38,1,2,3.89,ml engineer,"javascript, php",mongodb,kubernetes,low,kinesthetic,software engineer,hybrid,poor,no,4,azure
male,"tamil, english",bachelor's degree,computer science,3.97,1,2,2.89,network engineer,"javascript, php",sql server,aws,low,kinesthetic,software engineer,onsite,poor,no,1,azure
male,"sinhala, tamil",bachelor's degree,cyber security,3.3,3,2,2.44,ml engineer,"python, r",mongodb,docker,moderate,visual,qa engineer,onsite,excellent,no,3,azure
male,"english, sinhala",bachelor's degree,data science,3.68,1,2,3.39,cyber security analyst,"python, sql",mongodb,azure,moderate,kinesthetic,security engineer,remote,average,yes,3,aws
male,"sinhala, tamil",bachelor's degree,information technology,3.13,3,1,2.78,software engineer,"c#, .net",mysql,aws,low,kinesthetic,data scientist,onsite,poor,yes,2,azure
male,"sinhala, tamil",bachelor's degree,computer science,3.2,3,1,2.82,network engineer,"javascript, php",sql server,gcp,low,visual,data scientist,remote,average,no,0,none
male,tamil,bachelor's degree,computer science,3.69,1,1,2.43,data analyst,"c#, .net",postgresql,gcp,low,auditory,devops engineer,remote,poor,yes,12,google
female,"sinhala, tamil",bachelor's degree,information technology,2.68,2,1,3.28,cyber security analyst,"python, r",mysql,kubernetes,excellent,visual,security engineer,hybrid,average,no,0,azure
female,"sinhala, tamil",bachelor's degree,information technology,3.72,4,2,3.65,data analyst,"java, c++",postgresql,aws,excellent,kinesthetic,data scientist,onsite,poor,yes,12,none
male,sinhala,bachelor's degree,software engineering,2.72,1,1,3.82,cloud engineer,"python, sql",oracle,docker,low,kinesthetic,software engineer,onsite,excellent,no,9,none
male,tamil,bachelor's degree,information technology,3.12,2,1,3.42,ml engineer,"python, java",mongodb,aws,moderate,visual,security engineer,onsite,poor,yes,10,cisco
female,english,bachelor's degree,software engineering,2.26,3,1,2.67,data analyst,"c#, .net",postgresql,azure,excellent,kinesthetic,data scientist,onsite,average,no,10,azure
male,english,bachelor's degree,software engineering,2.68,3,2,2.43,data analyst,"javascript, php",postgresql,azure,low,auditory,data scientist,remote,average,no,6,cisco
male,"english, sinhala, tamil",bachelor's degree,cyber security,3.05,3,2,2.28,cloud engineer,"javascript, php",mysql,kubernetes,excellent,visual,data scientist,hybrid,excellent,no,0,cisco
female,english,bachelor's degree,data science,2.34,2,2,2.63,ml engineer,"python, sql",sql server,docker,moderate,kinesthetic,devops engineer,hybrid,poor,no,4,azure
male,english,bachelor's degree,computer science,3.9,2,2,3.05,data analyst,"java, c++",sql server,gcp,low,kinesthetic,systems analyst,hybrid,poor,yes,8,google
female,"tamil, english",bachelor's degree,information technology,2.91,2,2,3.06,data analyst,"java, c++",oracle,docker,excellent,auditory,software engineer,onsite,poor,no,6,none
female,"english, sinhala",bachelor's degree,computer science,3.18,4,2,3.96,systems analyst,"python, r",mongodb,azure,low,visual,data scientist,remote,poor,no,0,aws
female,english,bachelor's degree,computer science,2.45,4,2,3.41,cyber security analyst,"python, java",oracle,docker,moderate,visual,qa engineer,hybrid,excellent,no,8,aws
male,"english, sinhala, tamil",bachelor's degree,information technology,2.95,1,1,2.67,ml engineer,"python, r",mysql,kubernetes,low,visual,software engineer,onsite,average,no,4,none
male,"sinhala, tamil",bachelor's degree,information technology,2.87,4,2,2.66,devops engineer,"python, r",sql server,aws,low,visual,qa engineer,remote,excellent,yes,0,aws
female,"english, sinhala",bachelor's degree,data science,3.64,3,2,3.23,cloud engineer,"python, sql",postgresql,aws,low,kinesthetic,systems analyst,remote,poor,yes,7,cisco
male,"sinhala, tamil",bachelor's degree,software engineering,3.23,4,1,2.8,network engineer,"python, sql",sql server,kubernetes,low,auditory,devops engineer,remote,poor,yes,7,aws
male,english,bachelor's degree,information technology,3.24,1,2,3.09,software engineer,"java, c++",mysql,azure,excellent,auditory,security engineer,onsite,average,no,4,aws
female,"english, sinhala, tamil",bachelor's degree,software engineering,3.67,2,1,2.42,data analyst,"javascript, php",sql server,docker,moderate,kinesthetic,qa engineer,remote,poor,no,5,none
female,"english, sinhala",bachelor's degree,cyber security,3.4,1,2,2.98,network engineer,"c#, .net",postgresql,azure,moderate,kinesthetic,devops engineer,onsite,average,no,8,aws
male,sinhala,bachelor's degree,cyber security,2.49,2,2,2.62,devops engineer,"python, r",sql server,aws,moderate,auditory,devops engineer,hybrid,excellent,no,6,google
female,sinhala,bachelor's degree,data science,2.83,4,1,3.71,ml engineer,"python, java",mysql,gcp,excellent,visual,security engineer,onsite,poor,no,3,cisco
female,"english, sinhala",bachelor's degree,cyber security,3.41,2,1,2.6,devops engineer,"java, c++",postgresql,azure,moderate,visual,software engineer,hybrid,excellent,yes,2,google
male,english,bachelor's degree,computer science,3.28,2,2,3.13,ml engineer,"c#, .net",mongodb,kubernetes,low,auditory,data scientist,hybrid,poor,yes,10,google
female,"tamil, english",bachelor's degree,software engineering,3.36,3,2,2.52,software engineer,"c#, .net",sql server,azure,low,auditory,security engineer,hybrid,excellent,no,9,cisco
male,"english, sinhala",bachelor's degree,computer science,3.19,2,1,3.67,data analyst,"java, c++",postgresql,aws,excellent,auditory,qa engineer,remote,excellent,no,6,azure
female,tamil,bachelor's degree,data science,2.73,3,1,3.55,network engineer,"python, sql",mongodb,gcp,excellent,visual,software engineer,remote,excellent,no,6,aws
male,tamil,bachelor's degree,software engineering,2.4,3,1,3.79,network engineer,"java, c++",oracle,azure,moderate,visual,software engineer,hybrid,poor,yes,8,aws
female,"english, sinhala, tamil",bachelor's degree,software engineering,2.71,1,2,2.7,ai engineer,"python, java",postgresql,aws,moderate,auditory,security engineer,onsite,excellent,no,9,google
female,"english, sinhala",bachelor's degree,software engineering,3.45,2,1,3.75,data analyst,"python, java",postgresql,aws,excellent,kinesthetic,systems analyst,hybrid,poor,no,2,azure
male,"sinhala, tamil",bachelor's degree,cyber security,2.99,4,1,2.88,software engineer,"python, r",mongodb,gcp,low,auditory,qa engineer,onsite,average,yes,2,google
male,"sinhala, tamil",bachelor's degree,cyber security,3.73,3,1,2.65,software engineer,"javascript, php",mongodb,azure,excellent,kinesthetic,software engineer,onsite,poor,yes,3,azure
female,tamil,bachelor's degree,cyber security,3.57,1,2,3.21,software engineer,"python, java",postgresql,docker,low,kinesthetic,qa engineer,hybrid,average,yes,7,azure
female,"tamil, english",bachelor's degree,information technology,3.02,2,2,3.07,ml engineer,"java, c++",mysql,gcp,moderate,visual,qa engineer,hybrid,average,no,1,google
male,"sinhala, tamil",bachelor's degree,software engineering,2.22,1,2,2.63,ml engineer,"python, r",sql server,docker,excellent,kinesthetic,qa engineer,hybrid,average,yes,9,aws
male,english,bachelor's degree,software engineering,3.65,4,1,3.19,data analyst,"python, r",oracle,kubernetes,low,visual,data scientist,hybrid,excellent,yes,3,aws
male,"english, sinhala, tamil",bachelor's degree,computer science,3.17,4,2,2.48,cloud engineer,"javascript, php",sql server,aws,excellent,visual,systems analyst,hybrid,average,yes,10,google
female,"sinhala, tamil",bachelor's degree,software engineering,3.4,3,1,3.69,ml engineer,"java, c++",postgresql,kubernetes,moderate,kinesthetic,software engineer,hybrid,excellent,no,6,cisco
female,"tamil, english",bachelor's degree,software engineering,3.28,2,2,3.47,software engineer,"javascript, php",postgresql,gcp,low,kinesthetic,qa engineer,remote,poor,yes,8,google
female,english,bachelor's degree,computer science,2.75,3,2,3.84,cyber security analyst,"c#, .net",oracle,gcp,excellent,kinesthetic,software engineer,remote,excellent,no,5,google
female,sinhala,bachelor's degree,data science,2.46,2,1,3.44,systems analyst,"python, r",postgresql,azure,low,kinesthetic,systems analyst,hybrid,excellent,yes,3,google
male,"english, sinhala",bachelor's degree,data science,2.38,4,1,2.63,ml engineer,"python, java",oracle,kubernetes,excellent,visual,data scientist,onsite,poor,yes,7,cisco
male,"english, sinhala",bachelor's degree,computer science,3.62,2,2,2.75,ml engineer,"python, sql",oracle,gcp,low,kinesthetic,systems analyst,remote,poor,yes,1,azure
female,"tamil, english",bachelor's degree,information technology,3.32,2,2,3.34,data analyst,"javascript, php",sql server,kubernetes,moderate,auditory,devops engineer,onsite,poor,yes,4,aws
female,sinhala,bachelor's degree,information technology,3.25,2,1,3.98,cyber security analyst,"python, r",mysql,aws,low,kinesthetic,devops engineer,remote,average,no,12,google
female,"english, sinhala",bachelor's degree,data science,2.95,1,2,2.96,systems analyst,"javascript, php",mongodb,gcp,excellent,kinesthetic,software engineer,remote,poor,no,4,aws
female,sinhala,bachelor's degree,information technology,2.57,3,2,2.95,systems analyst,"python, r",mysql,gcp,excellent,kinesthetic,security engineer,hybrid,average,no,6,none
female,english,bachelor's degree,computer science,3.9,2,1,3.72,qa engineer,"c#, .net",mysql,azure,moderate,kinesthetic,systems analyst,hybrid,excellent,yes,10,cisco
male,"english, sinhala, tamil",bachelor's degree,computer science,2.59,4,1,2.27,cloud engineer,"java, c++",postgresql,kubernetes,low,auditory,systems analyst,onsite,poor,yes,11,google
male,"tamil, english",bachelor's degree,data science,3.73,3,1,3.76,data analyst,"python, r",mongodb,aws,excellent,kinesthetic,systems analyst,onsite,excellent,yes,12,cisco
male,tamil,bachelor's degree,data science,2.26,2,1,3.35,software engineer,"java, c++",sql server,gcp,low,kinesthetic,systems analyst,onsite,average,yes,3,azure
female,sinhala,bachelor's degree,computer science,3.35,2,1,2.59,ml engineer,"python, r",mysql,kubernetes,low,auditory,data scientist,onsite,poor,yes,11,aws
female,"sinhala, tamil",bachelor's degree,computer science,2.22,4,1,3.62,devops engineer,"javascript, php",postgresql,azure,excellent,auditory,software engineer,remote,average,no,12,azure
female,sinhala,bachelor's degree,information technology,3.08,1,2,2.97,devops engineer,"python, r",postgresql,aws,excellent,auditory,systems analyst,onsite,average,no,8,aws
male,"tamil, english",bachelor's degree,cyber security,2.58,4,2,3.88,ml engineer,"javascript, php",mysql,gcp,low,kinesthetic,software engineer,hybrid,poor,no,9,google
female,tamil,bachelor's degree,data science,3.54,3,2,2.29,ml engineer,"java, c++",mysql,azure,moderate,kinesthetic,data scientist,hybrid,poor,yes,10,azure
female,sinhala,bachelor's degree,information technology,3.29,2,1,3.44,cloud engineer,"java, c++",sql server,docker,excellent,kinesthetic,systems analyst,onsite,excellent,yes,4,azure
female,"english, sinhala",bachelor's degree,cyber security,2.61,1,2,3.31,devops engineer,"python, r",sql server,docker,moderate,visual,systems analyst,onsite,average,yes,10,none
female,"english, sinhala, tamil",bachelor's degree,data science,3.61,4,1,3.47,ml engineer,"python, sql",oracle,gcp,excellent,auditory,security engineer,remote,poor,no,6,none
female,"sinhala, tamil",bachelor's degree,data science,3.45,4,1,3.86,software engineer,"java, c++",mongodb,docker,moderate,auditory,devops engineer,remote,poor,yes,3,none
male,"tamil, english",bachelor's degree,cyber security,3.12,1,1,2.83,systems analyst,"python, java",oracle,docker,moderate,kinesthetic,devops engineer,onsite,average,yes,1,azure
male,"tamil, english",bachelor's degree,cyber security,3.43,4,1,2.99,software engineer,"c#, .net",postgresql,kubernetes,low,visual,systems analyst,remote,average,no,4,google
female,"tamil, english",bachelor's degree,computer science,2.52,3,1,2.63,data analyst,"python, r",mongodb,kubernetes,excellent,kinesthetic,devops engineer,remote,poor,yes,2,aws
male,"english, sinhala, tamil",bachelor's degree,information technology,3.59,3,2,2.56,software engineer,"c#, .net",mongodb,docker,low,auditory,data scientist,onsite,average,no,4,google
male,"sinhala, tamil",bachelor's degree,software engineering,3.37,1,1,3.82,network engineer,"python, sql",oracle,docker,excellent,visual,security engineer,hybrid,average,no,0,aws
male,"english, sinhala, tamil",bachelor's degree,computer science,3.77,4,2,2.24,data analyst,"python, java",sql server,azure,moderate,visual,qa engineer,onsite,average,no,3,aws
female,"english, sinhala",bachelor's degree,software engineering,2.87,2,1,2.98,ml engineer,"python, java",postgresql,gcp,excellent,auditory,qa engineer,onsite,excellent,no,11,cisco
female,"english, sinhala",bachelor's degree,information technology,3.59,3,1,2.63,devops engineer,"python, sql",mysql,gcp,excellent,kinesthetic,qa engineer,onsite,poor,no,6,cisco
female,english,bachelor's degree,software engineering,2.92,3,2,2.79,devops engineer,"python, java",mongodb,azure,excellent,kinesthetic,security engineer,hybrid,average,yes,1,google
male,"english, sinhala, tamil",bachelor's degree,software engineering,3.98,2,1,2.97,data analyst,"python, sql",sql server,docker,moderate,kinesthetic,security engineer,onsite,poor,yes,5,aws
male,"tamil, english",bachelor's degree,information technology,2.94,4,2,2.43,cyber security analyst,"python, sql",mongodb,aws,moderate,kinesthetic,software engineer,onsite,poor,no,1,cisco
male,"english, sinhala",bachelor's degree,cyber security,2.46,4,2,3.24,ai engineer,"python, sql",mongodb,aws,moderate,kinesthetic,data scientist,remote,average,yes,10,none
male,tamil,bachelor's degree,computer science,3.02,4,1,3.32,software engineer,"python, sql",mysql,azure,excellent,kinesthetic,security engineer,remote,average,yes,4,cisco
male,"english, sinhala",bachelor's degree,data science,3.32,3,2,3.01,data analyst,"c#, .net",postgresql,gcp,low,auditory,security engineer,hybrid,poor,no,4,azure
male,"english, sinhala",bachelor's degree,software engineering,2.22,4,2,2.84,cloud engineer,"python, java",sql server,kubernetes,low,auditory,software engineer,hybrid,excellent,no,2,aws
female,english,bachelor's degree,cyber security,3.63,4,1,2.69,software engineer,"c#, .net",sql server,aws,moderate,visual,systems analyst,hybrid,average,yes,8,cisco
male,"sinhala, tamil",bachelor's degree,software engineering,2.68,4,2,3.39,cyber security analyst,"python, r",mysql,azure,low,auditory,qa engineer,hybrid,excellent,yes,12,azure
female,english,bachelor's degree,data science,3.63,4,2,3.07,data analyst,"javascript, php",sql server,azure,moderate,visual,software engineer,hybrid,excellent,yes,5,cisco
male,tamil,bachelor's degree,information technology,2.61,1,1,2.31,ai engineer,"python, sql",oracle,aws,excellent,visual,data scientist,hybrid,average,no,11,cisco
female,"tamil, english",bachelor's degree,information technology,2.22,1,1,3.04,cloud engineer,"c#, .net",mysql,gcp,excellent,auditory,devops engineer,remote,average,yes,11,google
male,"tamil, english",bachelor's degree,cyber security,3.07,4,2,3.27,data analyst,"python, sql",postgresql,kubernetes,moderate,visual,systems analyst,hybrid,excellent,yes,5,none
female,tamil,bachelor's degree,data science,2.35,2,1,2.89,cyber security analyst,"java, c++",mongodb,docker,low,auditory,software engineer,onsite,excellent,no,7,aws
female,"english, sinhala, tamil",bachelor's degree,software engineering,3.02,1,2,2.83,devops engineer,"python, java",sql server,azure,moderate,visual,qa engineer,onsite,excellent,no,6,azure
female,tamil,bachelor's degree,computer science,2.69,4,2,2.59,qa engineer,"python, sql",mysql,gcp,low,auditory,qa engineer,remote,average,no,5,aws
female,sinhala,bachelor's degree,computer science,2.51,2,1,3.2,software engineer,"python, java",mongodb,aws,excellent,kinesthetic,data scientist,hybrid,excellent,yes,5,google
female,sinhala,bachelor's degree,information technology,2.91,3,2,3.76,ai engineer,"java, c++",oracle,gcp,moderate,kinesthetic,software engineer,hybrid,average,yes,2,cisco
male,"sinhala, tamil",bachelor's degree,information technology,3.45,3,2,2.55,devops engineer,"java, c++",oracle,azure,low,kinesthetic,data scientist,hybrid,poor,yes,8,azure
female,"english, sinhala, tamil",bachelor's degree,cyber security,2.41,2,2,2.94,ml engineer,"python, sql",mysql,azure,low,auditory,systems analyst,onsite,poor,no,12,none
female,sinhala,bachelor's degree,software engineering,3.76,1,2,3.25,ai engineer,"javascript, php",oracle,aws,low,kinesthetic,data scientist,onsite,excellent,yes,8,aws
male,"english, sinhala, tamil",bachelor's degree,software engineering,2.41,1,1,3.45,software engineer,"python, r",postgresql,kubernetes,excellent,kinesthetic,data scientist,hybrid,poor,no,7,google
female,"sinhala, tamil",bachelor's degree,information technology,3.34,2,2,2.33,ml engineer,"python, r",mysql,docker,low,kinesthetic,systems analyst,hybrid,poor,no,0,azure
female,"english, sinhala",bachelor's degree,cyber security,2.44,2,2,2.35,ml engineer,"python, r",mysql,gcp,moderate,visual,systems analyst,hybrid,excellent,yes,8,aws
female,"tamil, english",bachelor's degree,computer science,3.31,3,1,3.47,data analyst,"python, r",oracle,azure,low,auditory,software engineer,remote,excellent,yes,0,none
female,"tamil, english",bachelor's degree,cyber security,2.49,1,1,3.63,data analyst,"c#, .net",oracle,azure,moderate,visual,software engineer,onsite,average,yes,8,none
male,"sinhala, tamil",bachelor's degree,computer science,2.9,2,2,3.36,software engineer,"java, c++",postgresql,gcp,moderate,auditory,devops engineer,remote,excellent,yes,6,azure
male,tamil,bachelor's degree,computer science,2.52,1,1,2.36,software engineer,"java, c++",mongodb,kubernetes,excellent,kinesthetic,software engineer,remote,poor,yes,10,cisco
male,"english, sinhala, tamil",bachelor's degree,computer science,3.32,4,2,3.28,network engineer,"c#, .net",sql server,docker,moderate,kinesthetic,systems analyst,remote,excellent,yes,2,none
female,"english, sinhala",bachelor's degree,data science,3.65,2,2,3.11,ml engineer,"java, c++",mongodb,aws,moderate,visual,data scientist,remote,average,yes,7,cisco
male,"english, sinhala",bachelor's degree,cyber security,3.21,2,1,3.13,network engineer,"java, c++",mongodb,azure,excellent,auditory,qa engineer,hybrid,poor,no,5,aws
female,sinhala,bachelor's degree,data science,2.74,4,1,3.05,ai engineer,"python, r",postgresql,azure,low,auditory,devops engineer,onsite,average,yes,10,aws
male,"english, sinhala, tamil",bachelor's degree,information technology,2.54,4,2,3.74,ml engineer,"python, java",mysql,kubernetes,moderate,visual,security engineer,hybrid,poor,no,7,none
female,sinhala,bachelor's degree,cyber security,2.34,1,2,2.21,qa engineer,"python, r",mysql,azure,low,visual,security engineer,remote,excellent,yes,4,none
female,"tamil, english",bachelor's degree,computer science,3.07,1,2,3.75,cloud engineer,"python, r",postgresql,azure,moderate,visual,qa engineer,hybrid,excellent,no,12,cisco
female,"english, sinhala, tamil",bachelor's degree,computer science,2.32,1,1,3.91,software engineer,"python, r",mongodb,aws,excellent,visual,data scientist,hybrid,average,no,3,cisco
female,"sinhala, tamil",bachelor's degree,cyber security,2.83,3,2,3.81,ai engineer,"python, java",postgresql,azure,low,kinesthetic,software engineer,remote,poor,yes,3,cisco
male,english,bachelor's degree,information technology,3.29,1,1,3.12,data analyst,"java, c++",sql server,docker,low,auditory,qa engineer,onsite,poor,no,4,none
male,"tamil, english",bachelor's degree,software engineering,3.15,4,2,3.52,data analyst,"python, r",mongodb,docker,excellent,visual,security engineer,remote,average,yes,1,aws
female,english,bachelor's degree,information technology,2.93,4,2,4.0,ai engineer,"javascript, php",mysql,docker,low,kinesthetic,systems analyst,onsite,poor,no,9,none
male,"english, sinhala, tamil",bachelor's degree,software engineering,3.92,1,2,2.97,network engineer,"python, r",postgresql,docker,excellent,visual,devops engineer,remote,poor,no,8,cisco
male,"english, sinhala, tamil",bachelor's degree,information technology,3.41,3,2,2.29,cyber security analyst,"python, java",mongodb,aws,low,auditory,qa engineer,remote,poor,yes,8,cisco
male,sinhala,bachelor's degree,data science,2.9,1,2,2.94,ml engineer,"javascript, php",mongodb,aws,excellent,visual,security engineer,remote,poor,no,5,cisco
female,tamil,bachelor's degree,data science,3.03,2,1,3.69,systems analyst,"python, java",postgresql,gcp,low,visual,systems analyst,hybrid,excellent,yes,12,aws
male,sinhala,bachelor's degree,cyber security,3.5,2,1,3.24,data analyst,"c#, .net",mongodb,azure,moderate,auditory,security engineer,hybrid,poor,yes,9,cisco
male,sinhala,bachelor's degree,computer science,3.6,1,1,3.21,software engineer,"python, sql",postgresql,docker,moderate,auditory,devops engineer,remote,poor,no,12,google
male,"sinhala, tamil",bachelor's degree,cyber security,3.51,1,2,3.6,qa engineer,"python, java",oracle,gcp,low,visual,software engineer,remote,average,yes,6,azure
female,"tamil, english",bachelor's degree,information technology,2.87,3,2,3.39,devops engineer,"c#, .net",postgresql,azure,moderate,kinesthetic,devops engineer,hybrid,average,yes,4,none
male,tamil,bachelor's degree,software engineering,3.07,4,2,3.63,ai engineer,"c#, .net",sql server,azure,low,visual,systems analyst,onsite,poor,no,11,none
female,"english, sinhala",bachelor's degree,cyber security,3.03,3,2,3.22,systems analyst,"java, c++",oracle,docker,excellent,auditory,systems analyst,hybrid,poor,no,7,cisco
male,"tamil, english",bachelor's degree,information technology,2.52,4,1,3.98,qa engineer,"java, c++",mongodb,gcp,low,kinesthetic,software engineer,remote,average,yes,3,google
female,"sinhala, tamil",bachelor's degree,cyber security,2.64,3,2,3.2,cyber security analyst,"python, sql",oracle,aws,excellent,auditory,systems analyst,remote,excellent,no,9,google
male,tamil,bachelor's degree,computer science,3.6,1,2,3.94,ml engineer,"java, c++",mongodb,gcp,excellent,kinesthetic,devops engineer,hybrid,poor,no,1,cisco
male,"tamil, english",bachelor's degree,information technology,2.41,2,1,3.24,data analyst,"javascript, php",oracle,gcp,low,kinesthetic,devops engineer,hybrid,excellent,yes,5,azure
male,sinhala,bachelor's degree,information technology,2.79,1,1,2.47,ml engineer,"c#, .net",postgresql,gcp,moderate,kinesthetic,devops engineer,remote,average,yes,2,none
male,sinhala,bachelor's degree,software engineering,2.37,2,1,3.02,ai engineer,"python, java",sql server,azure,moderate,auditory,security engineer,hybrid,average,no,6,aws
male,"sinhala, tamil",bachelor's degree,cyber security,2.46,3,2,3.1,data analyst,"c#, .net",sql server,azure,moderate,auditory,software engineer,hybrid,average,no,2,cisco
female,tamil,bachelor's degree,computer science,2.56,4,2,3.65,network engineer,"python, r",sql server,docker,low,kinesthetic,security engineer,hybrid,poor,no,8,aws
female,"english, sinhala",bachelor's degree,data science,2.89,2,2,2.81,cloud engineer,"javascript, php",mysql,kubernetes,excellent,auditory,systems analyst,hybrid,poor,yes,6,azure
female,"sinhala, tamil",bachelor's degree,cyber security,2.69,4,1,2.91,cloud engineer,"python, sql",sql server,azure,low,kinesthetic,devops engineer,remote,poor,no,5,google
female,sinhala,bachelor's degree,cyber security,3.07,3,2,3.39,cloud engineer,"python, r",postgresql,docker,low,auditory,security engineer,hybrid,poor,no,0,aws
female,sinhala,bachelor's degree,computer science,3.04,1,2,2.61,network engineer,"java, c++",sql server,docker,excellent,visual,data scientist,onsite,poor,yes,10,cisco
male,sinhala,bachelor's degree,cyber security,3.38,1,1,3.94,cyber security analyst,"c#, .net",mongodb,gcp,moderate,kinesthetic,software engineer,remote,poor,yes,9,cisco
female,"sinhala, tamil",bachelor's degree,information technology,3.61,3,1,2.22,ai engineer,"python, java",mysql,gcp,moderate,auditory,data scientist,remote,excellent,no,2,aws
female,sinhala,bachelor's degree,cyber security,3.33,3,1,2.3,cloud engineer,"c#, .net",sql server,aws,excellent,kinesthetic,security engineer,remote,average,yes,0,google
female,sinhala,bachelor's degree,data science,3.64,1,1,2.98,ai engineer,"python, java",oracle,kubernetes,moderate,visual,devops engineer,remote,excellent,yes,4,none
female,english,bachelor's degree,cyber security,3.75,2,2,3.55,cyber security analyst,"python, sql",mongodb,gcp,excellent,auditory,data scientist,onsite,poor,yes,9,none
male,sinhala,bachelor's degree,computer science,3.19,3,1,3.49,software engineer,"python, r",mongodb,gcp,low,kinesthetic,qa engineer,hybrid,excellent,no,2,none
female,"sinhala, tamil",bachelor's degree,computer science,2.63,1,2,2.27,cyber security analyst,"python, java",sql server,aws,moderate,kinesthetic,systems analyst,hybrid,excellent,yes,5,aws
male,"english, sinhala, tamil",bachelor's degree,data science,3.99,3,1,2.86,ml engineer,"python, java",mysql,azure,moderate,visual,systems analyst,hybrid,poor,yes,2,aws
male,"english, sinhala",bachelor's degree,information technology,2.71,3,1,2.53,ai engineer,"python, r",oracle,aws,moderate,kinesthetic,devops engineer,hybrid,poor,no,1,aws
female,"sinhala, tamil",bachelor's degree,information technology,3.96,4,1,3.64,ml engineer,"python, java",mongodb,aws,excellent,auditory,software engineer,onsite,poor,yes,11,google
male,"english, sinhala, tamil",bachelor's degree,software engineering,3.88,1,1,3.43,devops engineer,"c#, .net",postgresql,gcp,low,auditory,software engineer,hybrid,poor,yes,9,aws
male,"sinhala, tamil",bachelor's degree,data science,2.5,3,2,2.41,devops engineer,"python, r",oracle,aws,excellent,visual,data scientist,hybrid,average,no,8,aws
male,"english, sinhala",bachelor's degree,data science,2.42,4,2,3.13,qa engineer,"python, sql",mysql,gcp,moderate,auditory,systems analyst,hybrid,average,no,8,cisco
male,"english, sinhala, tamil",bachelor's degree,software engineering,3.51,3,1,3.81,software engineer,"java, c++",mysql,azure,moderate,visual,data scientist,onsite,excellent,yes,2,cisco
male,"english, sinhala, tamil",bachelor's degree,data science,3.25,1,2,3.58,network engineer,"java, c++",sql server,kubernetes,moderate,auditory,systems analyst,remote,average,no,9,google
male,"tamil, english",bachelor's degree,information technology,3.84,3,2,3.68,software engineer,"python, sql",oracle,gcp,moderate,auditory,devops engineer,onsite,poor,yes,3,google
female,"english, sinhala, tamil",bachelor's degree,software engineering,2.38,1,2,3.39,software engineer,"python, sql",oracle,aws,low,kinesthetic,devops engineer,hybrid,average,yes,5,aws
female,"tamil, english",bachelor's degree,cyber security,2.8,3,2,3.45,cloud engineer,"python, sql",oracle,kubernetes,excellent,auditory,systems analyst,onsite,poor,yes,12,none
female,"sinhala, tamil",bachelor's degree,information technology,3.11,1,1,2.94,cloud engineer,"javascript, php",oracle,aws,excellent,kinesthetic,data scientist,hybrid,average,yes,6,azure
male,"english, sinhala, tamil",bachelor's degree,software engineering,3.37,4,1,2.33,cyber security analyst,"c#, .net",sql server,azure,low,auditory,data scientist,onsite,excellent,yes,2,google
female,"english, sinhala",bachelor's degree,cyber security,3.34,1,1,2.67,data analyst,"python, java",oracle,azure,moderate,visual,data scientist,onsite,excellent,no,10,azure
male,"sinhala, tamil",bachelor's degree,information technology,3.43,2,1,2.97,data analyst,"python, r",mysql,gcp,excellent,auditory,security engineer,remote,excellent,yes,10,none
male,"sinhala, tamil",bachelor's degree,computer science,3.8,4,2,2.79,cyber security analyst,"java, c++",mongodb,docker,excellent,visual,systems analyst,onsite,poor,no,10,azure
male,sinhala,bachelor's degree,cyber security,2.43,3,2,3.93,qa engineer,"python, sql",mysql,aws,excellent,auditory,data scientist,onsite,excellent,no,0,google
female,sinhala,bachelor's degree,data science,2.51,1,1,2.43,qa engineer,"python, sql",mongodb,kubernetes,moderate,kinesthetic,security engineer,hybrid,average,yes,2,azure
female,"sinhala, tamil",bachelor's degree,information technology,3.88,2,1,3.87,software engineer,"c#, .net",mysql,aws,low,kinesthetic,qa engineer,onsite,excellent,no,11,none
female,english,bachelor's degree,cyber security,2.4,2,1,2.82,cloud engineer,"java, c++",mysql,gcp,moderate,kinesthetic,systems analyst,remote,poor,no,8,azure
female,sinhala,bachelor's degree,information technology,2.51,3,2,3.05,systems analyst,"python, r",postgresql,gcp,moderate,auditory,systems analyst,remote,poor,no,0,azure
male,english,bachelor's degree,information technology,3.89,1,2,3.35,cyber security analyst,"c#, .net",mysql,kubernetes,moderate,visual,data scientist,hybrid,average,no,2,aws
female,"english, sinhala",bachelor's degree,computer science,2.32,2,1,2.36,qa engineer,"java, c++",sql server,aws,moderate,kinesthetic,data scientist,remote,poor,yes,1,aws
male,sinhala,bachelor's degree,data science,2.57,3,2,3.58,ai engineer,"python, java",mongodb,kubernetes,low,kinesthetic,devops engineer,hybrid,average,no,8,aws
female,tamil,bachelor's degree,information technology,2.96,3,1,3.81,data analyst,"python, r",mongodb,kubernetes,excellent,auditory,data scientist,remote,poor,yes,5,aws
female,"english, sinhala",bachelor's degree,information technology,3.84,4,2,2.87,systems analyst,"python, java",oracle,gcp,moderate,auditory,systems analyst,hybrid,average,no,1,google
male,"tamil, english",bachelor's degree,information technology,3.58,2,1,2.95,cloud engineer,"python, sql",postgresql,azure,moderate,visual,devops engineer,hybrid,average,no,4,cisco
male,"tamil, english",bachelor's degree,information technology,2.67,4,1,2.25,qa engineer,"python, sql",mongodb,azure,low,auditory,devops engineer,onsite,poor,yes,11,aws
male,tamil,bachelor's degree,computer science,3.02,2,2,3.72,ml engineer,"java, c++",mysql,gcp,moderate,kinesthetic,security engineer,remote,average,no,9,aws
female,"tamil, english",bachelor's degree,software engineering,3.59,3,1,2.44,ai engineer,"c#, .net",postgresql,docker,moderate,auditory,devops engineer,hybrid,excellent,yes,9,google
male,"tamil, english",bachelor's degree,computer science,2.44,1,2,2.26,data analyst,"python, r",mysql,azure,excellent,auditory,qa engineer,onsite,average,yes,11,google
male,"tamil, english",bachelor's degree,data science,3.78,2,2,3.83,systems analyst,"python, sql",sql server,docker,moderate,kinesthetic,qa engineer,onsite,average,yes,6,cisco
female,sinhala,bachelor's degree,information technology,3.51,3,1,3.86,network engineer,"python, r",mongodb,docker,moderate,auditory,security engineer,onsite,poor,yes,4,cisco
male,english,bachelor's degree,computer science,3.8,4,1,2.87,devops engineer,"python, r",mysql,azure,low,visual,security engineer,onsite,average,no,10,google
male,"tamil, english",bachelor's degree,information technology,3.71,3,2,3.04,software engineer,"python, java",sql server,docker,low,visual,systems analyst,onsite,poor,yes,5,google
male,"english, sinhala, tamil",bachelor's degree,cyber security,3.33,2,1,3.44,cyber security analyst,"javascript, php",postgresql,docker,excellent,kinesthetic,devops engineer,remote,excellent,yes,5,none
male,english,bachelor's degree,cyber security,3.1,1,1,2.57,cloud engineer,"javascript, php",mysql,gcp,moderate,auditory,security engineer,hybrid,poor,no,12,azure
female,english,bachelor's degree,data science,2.73,4,1,2.34,qa engineer,"java, c++",postgresql,docker,moderate,auditory,data scientist,remote,poor,yes,5,cisco
female,english,bachelor's degree,information technology,2.51,2,2,2.95,devops engineer,"c#, .net",oracle,aws,low,kinesthetic,systems analyst,onsite,average,yes,2,google
male,tamil,bachelor's degree,information technology,2.59,3,1,2.53,devops engineer,"java, c++",oracle,aws,excellent,auditory,qa engineer,onsite,average,no,9,azure
female,"english, sinhala",bachelor's degree,computer science,3.31,4,1,3.46,data analyst,"python, java",mysql,docker,moderate,visual,security engineer,onsite,poor,yes,8,google
male,english,bachelor's degree,data science,2.21,2,1,2.93,systems analyst,"python, r",sql server,aws,excellent,kinesthetic,qa engineer,onsite,average,yes,10,google
female,tamil,bachelor's degree,cyber security,3.32,4,1,2.44,network engineer,"javascript, php",oracle,gcp,moderate,auditory,data scientist,remote,excellent,yes,3,azure
female,sinhala,bachelor's degree,computer science,3.41,2,1,3.65,devops engineer,"python, sql",mongodb,kubernetes,excellent,auditory,systems analyst,remote,average,no,3,cisco
female,"tamil, english",bachelor's degree,software engineering,3.27,1,2,2.29,data analyst,"java, c++",mysql,azure,low,auditory,security engineer,hybrid,average,no,2,aws
female,"english, sinhala",bachelor's degree,cyber security,3.87,3,2,2.9,devops engineer,"javascript, php",mysql,gcp,moderate,visual,devops engineer,remote,poor,yes,1,azure
female,sinhala,bachelor's degree,data science,3.71,1,1,2.51,cyber security analyst,"java, c++",mysql,kubernetes,moderate,auditory,devops engineer,remote,excellent,yes,2,none
female,tamil,bachelor's degree,software engineering,3.68,1,1,2.85,software engineer,"python, r",mongodb,azure,low,kinesthetic,qa engineer,remote,excellent,no,2,aws
male,tamil,bachelor's degree,cyber security,2.65,1,1,3.42,cyber security analyst,"python, r",oracle,kubernetes,moderate,auditory,software engineer,hybrid,poor,no,7,google
male,"tamil, english",bachelor's degree,data science,2.7,1,1,3.48,devops engineer,"python, r",mysql,docker,excellent,auditory,devops engineer,hybrid,excellent,yes,1,cisco
male,"tamil, english",bachelor's degree,software engineering,3.93,3,1,2.34,cloud engineer,"c#, .net",oracle,azure,moderate,visual,devops engineer,onsite,average,no,2,none
female,"english, sinhala, tamil",bachelor's degree,computer science,2.21,4,1,3.07,network engineer,"python, r",mongodb,kubernetes,low,visual,devops engineer,onsite,average,yes,11,google
male,"english, sinhala, tamil",bachelor's degree,data science,2.99,4,2,3.12,ai engineer,"javascript, php",mongodb,kubernetes,excellent,auditory,data scientist,hybrid,poor,yes,4,cisco
female,"tamil, english",bachelor's degree,computer science,2.35,2,1,2.31,data analyst,"c#, .net",oracle,azure,moderate,auditory,systems analyst,onsite,excellent,no,0,none
male,"english, sinhala",bachelor's degree,information technology,2.43,4,2,2.55,devops engineer,"python, sql",mongodb,docker,moderate,auditory,devops engineer,remote,excellent,yes,5,cisco
female,"english, sinhala, tamil",bachelor's degree,data science,3.92,3,1,3.49,network engineer,"python, sql",mongodb,docker,low,visual,security engineer,remote,excellent,no,1,azure
female,"tamil, english",bachelor's degree,computer science,2.37,1,1,3.43,software engineer,"java, c++",oracle,azure,low,kinesthetic,software engineer,onsite,poor,no,12,azure
male,english,bachelor's degree,cyber security,2.21,2,2,2.21,cloud engineer,"java, c++",mongodb,kubernetes,excellent,auditory,qa engineer,hybrid,excellent,no,6,cisco
female,"sinhala, tamil",bachelor's degree,information technology,2.35,4,2,3.42,data analyst,"javascript, php",mongodb,docker,low,kinesthetic,qa engineer,remote,excellent,yes,3,cisco
female,"english, sinhala, tamil",bachelor's degree,data science,3.23,1,1,3.22,qa engineer,"c#, .net",mongodb,azure,low,auditory,devops engineer,onsite,poor,yes,4,cisco
female,english,bachelor's degree,data science,3.67,3,2,3.3,devops engineer,"python, sql",mysql,gcp,excellent,visual,qa engineer,onsite,excellent,no,4,none
female,english,bachelor's degree,software engineering,2.81,2,2,3.88,software engineer,"java, c++",sql server,kubernetes,low,auditory,systems analyst,onsite,excellent,yes,4,none
male,"sinhala, tamil",bachelor's degree,data science,2.89,4,1,2.5,systems analyst,"javascript, php",mongodb,gcp,moderate,visual,systems analyst,remote,poor,no,2,azure
male,"english, sinhala, tamil",bachelor's degree,data science,2.34,3,1,2.43,software engineer,"c#, .net",mysql,gcp,moderate,visual,systems analyst,onsite,poor,yes,11,none
male,"english, sinhala, tamil",bachelor's degree,information technology,3.49,3,2,2.69,data analyst,"javascript, php",oracle,docker,excellent,kinesthetic,security engineer,hybrid,poor,yes,6,azure
female,"sinhala, tamil",bachelor's degree,computer science,3.47,2,1,2.47,software engineer,"java, c++",postgresql,aws,low,auditory,software engineer,remote,excellent,no,5,aws
male,"sinhala, tamil",bachelor's degree,software engineering,2.23,4,2,3.87,software engineer,"python, r",oracle,azure,excellent,visual,qa engineer,remote,average,no,8,aws
female,"tamil, english",bachelor's degree,software engineering,2.78,4,2,3.81,software engineer,"javascript, php",mongodb,aws,low,visual,qa engineer,hybrid,poor,no,1,none
female,tamil,bachelor's degree,data science,2.89,1,2,3.78,ml engineer,"python, java",mongodb,azure,low,auditory,qa engineer,remote,excellent,no,0,google
female,tamil,bachelor's degree,data science,3.41,4,1,3.51,systems analyst,"java, c++",oracle,gcp,excellent,auditory,data scientist,hybrid,poor,yes,1,aws
female,english,bachelor's degree,data science,3.26,1,1,2.54,cloud engineer,"python, java",mongodb,docker,moderate,auditory,security engineer,onsite,poor,no,7,cisco
female,"english, sinhala",bachelor's degree,computer science,3.02,1,2,3.4,cyber security analyst,"python, r",sql server,aws,excellent,visual,qa engineer,onsite,average,no,12,aws
female,sinhala,bachelor's degree,computer science,2.78,1,2,3.82,cyber security analyst,"python, r",postgresql,aws,moderate,kinesthetic,systems analyst,remote,excellent,no,1,aws
female,tamil,bachelor's degree,computer science,3.61,1,1,3.22,cyber security analyst,"javascript, php",sql server,gcp,moderate,kinesthetic,systems analyst,hybrid,poor,no,3,none
female,"english, sinhala, tamil",bachelor's degree,software engineering,3.97,3,2,2.29,ai engineer,"python, java",mongodb,aws,excellent,auditory,qa engineer,remote,poor,yes,7,azure
male,tamil,bachelor's degree,software engineering,2.36,2,1,3.31,cloud engineer,"java, c++",mongodb,kubernetes,low,visual,security engineer,remote,excellent,no,12,azure
male,sinhala,bachelor's degree,computer science,3.58,4,2,3.25,cyber security analyst,"python, sql",mysql,aws,low,auditory,data scientist,onsite,average,no,7,azure
male,tamil,bachelor's degree,computer science,2.76,2,2,3.34,network engineer,"python, java",mongodb,kubernetes,low,kinesthetic,devops engineer,hybrid,poor,yes,1,cisco
male,"english, sinhala",bachelor's degree,data science,2.33,2,2,2.58,cyber security analyst,"java, c++",mysql,kubernetes,moderate,auditory,data scientist,remote,poor,no,0,google
female,english,bachelor's degree,software engineering,3.32,3,1,3.37,ml engineer,"python, r",mysql,kubernetes,excellent,auditory,systems analyst,remote,excellent,no,11,google
male,tamil,bachelor's degree,cyber security,3.67,3,2,3.43,cyber security analyst,"c#, .net",mongodb,azure,low,visual,systems analyst,onsite,average,no,8,aws
female,english,bachelor's degree,cyber security,3.2,4,1,3.26,systems analyst,"python, r",oracle,docker,excellent,auditory,devops engineer,hybrid,poor,no,12,google
female,"english, sinhala",bachelor's degree,information technology,3.21,3,2,2.22,data analyst,"javascript, php",sql server,kubernetes,low,auditory,software engineer,hybrid,excellent,no,3,google
male,"sinhala, tamil",bachelor's degree,cyber security,3.52,4,1,3.28,software engineer,"python, java",mongodb,gcp,excellent,visual,qa engineer,hybrid,average,no,2,google
female,sinhala,bachelor's degree,cyber security,3.25,1,1,3.88,qa engineer,"java, c++",sql server,gcp,excellent,visual,data scientist,hybrid,average,no,0,none
male,"english, sinhala",bachelor's degree,cyber security,2.98,3,2,2.65,data analyst,"javascript, php",oracle,gcp,excellent,visual,qa engineer,remote,poor,yes,5,azure
male,english,bachelor's degree,data science,3.5,2,1,3.16,cyber security analyst,"python, java",sql server,azure,excellent,auditory,devops engineer,hybrid,poor,no,4,google
male,"english, sinhala",bachelor's degree,information technology,3.11,1,1,3.01,cloud engineer,"python, sql",sql server,azure,moderate,visual,software engineer,hybrid,average,no,7,azure
male,"english, sinhala, tamil",bachelor's degree,data science,2.8,4,1,3.46,ai engineer,"python, r",mysql,azure,moderate,visual,security engineer,onsite,average,yes,5,aws
female,"sinhala, tamil",bachelor's degree,cyber security,2.2,1,1,2.27,network engineer,"javascript, php",mongodb,gcp,moderate,visual,devops engineer,hybrid,poor,no,11,aws
female,english,bachelor's degree,information technology,2.52,4,2,3.95,cyber security analyst,"java, c++",mongodb,docker,low,visual,security engineer,remote,excellent,no,2,none
male,"tamil, english",bachelor's degree,cyber security,3.53,1,1,2.7,devops engineer,"python, r",mongodb,docker,moderate,visual,qa engineer,hybrid,poor,yes,5,azure
female,"english, sinhala",bachelor's degree,information technology,3.08,3,2,3.37,ml engineer,"java, c++",oracle,docker,low,auditory,systems analyst,onsite,excellent,yes,12,google
male,"tamil, english",bachelor's degree,cyber security,2.95,1,2,3.78,ai engineer,"python, sql",sql server,aws,excellent,kinesthetic,devops engineer,onsite,poor,yes,0,aws
male,sinhala,bachelor's degree,data science,2.95,3,2,2.23,cyber security analyst,"java, c++",mongodb,aws,moderate,auditory,systems analyst,onsite,excellent,yes,2,google
male,tamil,bachelor's degree,computer science,2.8,3,1,2.91,devops engineer,"python, r",mysql,azure,low,auditory,data scientist,hybrid,excellent,no,7,cisco
male,"tamil, english",bachelor's degree,data science,2.53,2,2,3.62,data analyst,"python, r",sql server,gcp,low,visual,software engineer,onsite,average,no,6,cisco
male,"english, sinhala",bachelor's degree,computer science,3.49,2,2,3.84,data analyst,"python, java",mongodb,kubernetes,low,visual,devops engineer,remote,poor,yes,11,aws
female,english,bachelor's degree,cyber security,3.33,1,1,3.87,cloud engineer,"python, sql",postgresql,gcp,moderate,kinesthetic,data scientist,onsite,poor,yes,1,google
male,"sinhala, tamil",bachelor's degree,software engineering,2.39,4,1,3.01,software engineer,"c#, .net",sql server,gcp,moderate,auditory,devops engineer,onsite,excellent,yes,7,google
male,sinhala,bachelor's degree,software engineering,2.5,2,1,2.39,data analyst,"java, c++",sql server,azure,low,visual,devops engineer,onsite,excellent,yes,3,aws
male,sinhala,bachelor's degree,software engineering,2.71,1,1,2.84,cloud engineer,"c#, .net",postgresql,docker,low,auditory,devops engineer,onsite,poor,no,6,aws
male,"english, sinhala, tamil",bachelor's degree,information technology,2.69,4,2,3.65,cyber security analyst,"python, java",oracle,aws,excellent,kinesthetic,software engineer,onsite,average,no,8,none
male,tamil,bachelor's degree,cyber security,3.01,2,2,3.88,data analyst,"python, r",mongodb,azure,excellent,visual,software engineer,hybrid,excellent,no,10,cisco
male,"english, sinhala, tamil",bachelor's degree,data science,2.93,2,2,2.73,cloud engineer,"java, c++",mongodb,docker,excellent,visual,data scientist,hybrid,excellent,yes,4,google
female,"tamil, english",bachelor's degree,computer science,2.66,3,1,2.84,devops engineer,"python, java",sql server,docker,moderate,kinesthetic,data scientist,remote,average,yes,11,aws
male,"tamil, english",bachelor's degree,information technology,3.62,3,1,3.13,ml engineer,"c#, .net",mysql,aws,low,kinesthetic,systems analyst,hybrid,excellent,no,11,cisco
female,"tamil, english",bachelor's degree,computer science,2.64,3,1,3.53,cloud engineer,"c#, .net",sql server,kubernetes,low,visual,devops engineer,onsite,average,no,10,aws
female,"english, sinhala",bachelor's degree,cyber security,3.63,2,1,3.83,cloud engineer,"java, c++",mysql,docker,moderate,visual,systems analyst,remote,average,no,8,azure
female,"tamil, english",bachelor's degree,computer science,3.1,3,2,2.22,cloud engineer,"javascript, php",sql server,docker,low,kinesthetic,qa engineer,hybrid,poor,no,3,azure
male,"english, sinhala",bachelor's degree,computer science,3.4,2,1,3.07,systems analyst,"c#, .net",mysql,docker,low,auditory,data scientist,remote,average,no,9,cisco
female,sinhala,bachelor's degree,computer science,3.19,4,2,2.91,cyber security analyst,"c#, .net",oracle,aws,moderate,kinesthetic,systems analyst,hybrid,average,yes,8,aws
female,english,bachelor's degree,computer science,2.97,2,1,2.7,qa engineer,"java, c++",oracle,kubernetes,moderate,visual,security engineer,hybrid,average,yes,5,google
male,"sinhala, tamil",bachelor's degree,information technology,2.34,4,1,3.91,cyber security analyst,"java, c++",oracle,aws,low,kinesthetic,security engineer,onsite,poor,yes,12,cisco
male,tamil,bachelor's degree,information technology,3.65,4,1,3.13,cyber security analyst,"javascript, php",postgresql,docker,low,kinesthetic,security engineer,hybrid,excellent,no,0,cisco
male,sinhala,bachelor's degree,data science,2.23,1,1,2.73,cloud engineer,"python, java",oracle,docker,low,kinesthetic,systems analyst,onsite,excellent,no,0,azure
male,"sinhala, tamil",bachelor's degree,cyber security,3.06,4,1,2.9,ai engineer,"python, sql",mongodb,aws,moderate,visual,data scientist,remote,poor,no,1,google
male,"english, sinhala",bachelor's degree,computer science,3.93,4,1,3.17,ai engineer,"python, r",sql server,azure,low,kinesthetic,devops engineer,hybrid,excellent,yes,5,cisco
male,"tamil, english",bachelor's degree,software engineering,2.9,3,1,3.65,cyber security analyst,"c#, .net",postgresql,aws,moderate,kinesthetic,devops engineer,hybrid,excellent,no,7,cisco
female,"english, sinhala, tamil",bachelor's degree,information technology,2.48,1,2,3.45,ml engineer,"python, r",oracle,docker,excellent,auditory,systems analyst,remote,poor,no,5,none
male,english,bachelor's degree,data science,3.45,2,1,3.98,data analyst,"c#, .net",mysql,azure,excellent,visual,devops engineer,remote,poor,no,6,aws
female,"sinhala, tamil",bachelor's degree,data science,2.84,2,2,3.11,cyber security analyst,"python, sql",sql server,aws,moderate,visual,systems analyst,onsite,poor,yes,12,none
male,tamil,bachelor's degree,cyber security,2.72,4,2,2.57,devops engineer,"c#, .net",postgresql,gcp,excellent,auditory,devops engineer,remote,excellent,no,10,cisco
male,"tamil, english",bachelor's degree,data science,3.97,2,2,3.37,cyber security analyst,"java, c++",mysql,kubernetes,moderate,auditory,data scientist,onsite,excellent,no,12,azure
male,"sinhala, tamil",bachelor's degree,cyber security,2.42,4,1,3.21,cloud engineer,"python, java",mongodb,aws,low,auditory,devops engineer,remote,poor,no,5,aws
male,english,bachelor's degree,data science,2.93,1,2,3.78,network engineer,"c#, .net",mongodb,aws,excellent,visual,qa engineer,onsite,excellent,no,7,azure
female,sinhala,bachelor's degree,cyber security,2.35,1,1,3.79,ml engineer,"python, java",mysql,azure,excellent,kinesthetic,qa engineer,onsite,average,yes,9,azure
female,"english, sinhala, tamil",bachelor's degree,information technology,3.62,3,1,2.36,data analyst,"javascript, php",mysql,gcp,low,visual,devops engineer,hybrid,average,no,4,none
male,"tamil, english",bachelor's degree,data science,3.45,3,1,2.89,cyber security analyst,"python, sql",sql server,gcp,low,kinesthetic,qa engineer,remote,poor,yes,5,aws
female,"english, sinhala",bachelor's degree,data science,3.96,1,1,2.96,ai engineer,"javascript, php",sql server,aws,low,auditory,security engineer,onsite,average,yes,4,aws
male,english,bachelor's degree,software engineering,3.53,2,1,2.27,network engineer,"c#, .net",mysql,kubernetes,moderate,auditory,devops engineer,onsite,average,no,5,none
female,english,bachelor's degree,information technology,3.73,4,2,3.89,cyber security analyst,"javascript, php",oracle,aws,excellent,visual,security engineer,hybrid,average,yes,12,none
male,"tamil, english",bachelor's degree,software engineering,3.95,2,2,3.21,devops engineer,"c#, .net",postgresql,docker,moderate,kinesthetic,security engineer,onsite,excellent,yes,6,cisco
male,"sinhala, tamil",bachelor's degree,computer science,2.37,3,1,3.81,software engineer,"python, java",mysql,docker,excellent,auditory,software engineer,hybrid,poor,no,9,cisco
male,english,bachelor's degree,data science,3.73,1,1,3.21,ml engineer,"javascript, php",mysql,gcp,moderate,visual,qa engineer,remote,excellent,no,1,azure
female,english,bachelor's degree,data science,2.36,3,2,2.94,data analyst,"python, r",postgresql,kubernetes,low,auditory,data scientist,remote,poor,no,8,azure
female,"sinhala, tamil",bachelor's degree,information technology,3.12,3,1,3.99,ml engineer,"javascript, php",sql server,docker,low,kinesthetic,qa engineer,onsite,excellent,yes,6,aws
male,"english, sinhala, tamil",bachelor's degree,information technology,3.9,3,1,3.09,cyber security analyst,"python, r",postgresql,kubernetes,low,visual,software engineer,onsite,poor,yes,0,google
female,"sinhala, tamil",bachelor's degree,software engineering,3.16,4,1,2.72,devops engineer,"java, c++",oracle,kubernetes,moderate,kinesthetic,security engineer,remote,excellent,no,6,google
male,"tamil, english",bachelor's degree,information technology,2.63,4,1,3.01,ml engineer,"java, c++",oracle,docker,low,visual,devops engineer,hybrid,excellent,no,12,google
female,"tamil, english",bachelor's degree,data science,3.91,1,1,3.23,software engineer,"java, c++",sql server,aws,excellent,kinesthetic,data scientist,onsite,poor,no,0,aws
male,sinhala,bachelor's degree,information technology,2.53,4,2,3.84,software engineer,"python, java",postgresql,docker,moderate,visual,systems analyst,onsite,average,no,6,none
female,"sinhala, tamil",bachelor's degree,data science,3.69,2,2,3.52,ml engineer,"javascript, php",mongodb,kubernetes,low,auditory,qa engineer,onsite,poor,no,3,google
female,"tamil, english",bachelor's degree,computer science,2.23,2,2,3.77,software engineer,"c#, .net",sql server,aws,excellent,auditory,systems analyst,onsite,excellent,yes,2,google
male,"english, sinhala",bachelor's degree,computer science,2.47,4,2,3.28,ai engineer,"python, r",mysql,azure,low,kinesthetic,software engineer,hybrid,average,no,8,azure
female,tamil,bachelor's degree,computer science,3.03,4,2,2.94,ml engineer,"python, r",oracle,azure,moderate,kinesthetic,security engineer,onsite,excellent,no,4,azure
female,"english, sinhala",bachelor's degree,information technology,2.88,1,1,2.49,cyber security analyst,"python, r",mysql,aws,excellent,auditory,data scientist,onsite,excellent,no,3,none
female,"english, sinhala, tamil",bachelor's degree,cyber security,3.45,3,2,2.21,ml engineer,"javascript, php",postgresql,kubernetes,low,visual,qa engineer,hybrid,poor,yes,12,google
female,"tamil, english",bachelor's degree,cyber security,2.87,2,2,3.86,cyber security analyst,"python, sql",mysql,azure,moderate,visual,software engineer,onsite,excellent,no,1,none
female,"english, sinhala",bachelor's degree,software engineering,2.59,4,1,2.32,devops engineer,"python, java",sql server,kubernetes,moderate,visual,software engineer,onsite,excellent,yes,7,aws
male,tamil,bachelor's degree,computer science,3.22,4,2,3.83,qa engineer,"java, c++",sql server,docker,moderate,visual,security engineer,hybrid,excellent,no,3,azure
male,sinhala,bachelor's degree,software engineering,2.62,1,2,3.17,ml engineer,"python, java",postgresql,kubernetes,low,visual,data scientist,hybrid,average,no,10,azure
female,"sinhala, tamil",bachelor's degree,computer science,4.0,4,1,2.25,cyber security analyst,"javascript, php",mongodb,gcp,excellent,auditory,systems analyst,remote,average,yes,11,google
male,sinhala,bachelor's degree,information technology,3.53,4,2,3.18,network engineer,"javascript, php",sql server,aws,excellent,kinesthetic,devops engineer,hybrid,poor,yes,2,none
male,"english, sinhala, tamil",bachelor's degree,data science,3.65,4,2,3.39,data analyst,"java, c++",oracle,docker,moderate,kinesthetic,security engineer,onsite,average,yes,12,aws
female,"tamil, english",bachelor's degree,software engineering,3.71,2,1,3.82,data analyst,"javascript, php",mysql,azure,excellent,auditory,devops engineer,remote,excellent,no,6,azure
female,"english, sinhala",bachelor's degree,cyber security,2.31,1,2,2.37,devops engineer,"java, c++",mysql,docker,moderate,visual,systems analyst,remote,excellent,yes,4,aws
male,tamil,bachelor's degree,software engineering,2.39,3,2,3.82,software engineer,"c#, .net",mysql,azure,moderate,visual,security engineer,onsite,excellent,yes,3,google
male,"english, sinhala, tamil",bachelor's degree,data science,2.61,1,1,3.4,qa engineer,"c#, .net",mysql,gcp,excellent,auditory,data scientist,onsite,average,yes,0,cisco
female,"tamil, english",bachelor's degree,information technology,3.25,1,1,3.66,qa engineer,"python, java",mysql,azure,low,auditory,software engineer,remote,excellent,no,5,none
female,english,bachelor's degree,information technology,3.39,1,2,3.42,systems analyst,"python, java",oracle,docker,moderate,auditory,software engineer,hybrid,excellent,yes,9,none
female,"sinhala, tamil",bachelor's degree,cyber security,3.22,4,2,3.24,devops engineer,"javascript, php",mongodb,aws,excellent,auditory,devops engineer,onsite,excellent,no,2,azure
male,"english, sinhala",bachelor's degree,computer science,3.32,2,2,3.16,software engineer,"python, java",mongodb,azure,low,kinesthetic,qa engineer,onsite,excellent,yes,1,azure
male,sinhala,bachelor's degree,data science,3.51,1,2,2.4,systems analyst,"c#, .net",oracle,kubernetes,excellent,visual,systems analyst,onsite,poor,yes,8,none
male,"english, sinhala",bachelor's degree,software engineering,3.85,4,2,2.85,software engineer,"java, c++",postgresql,azure,low,auditory,security engineer,hybrid,excellent,no,12,azure
male,english,bachelor's degree,computer science,3.69,4,2,3.72,cyber security analyst,"python, java",mongodb,aws,low,auditory,systems analyst,onsite,average,yes,9,none
female,"english, sinhala",bachelor's degree,cyber security,2.65,2,1,2.82,software engineer,"java, c++",mysql,docker,excellent,auditory,devops engineer,remote,poor,yes,12,google
female,"english, sinhala",bachelor's degree,cyber security,3.53,1,1,3.47,cyber security analyst,"python, r",oracle,azure,excellent,kinesthetic,software engineer,onsite,poor,no,10,none
female,english,bachelor's degree,software engineering,3.68,2,2,3.92,cloud engineer,"java, c++",postgresql,aws,moderate,auditory,devops engineer,hybrid,poor,no,7,google
male,tamil,bachelor's degree,software engineering,2.52,2,2,3.64,cyber security analyst,"python, r",sql server,aws,moderate,kinesthetic,security engineer,remote,poor,yes,7,azure
male,"sinhala, tamil",bachelor's degree,software engineering,3.6,1,2,2.23,qa engineer,"javascript, php",sql server,gcp,low,kinesthetic,data scientist,remote,poor,no,11,azure
female,"english, sinhala, tamil",bachelor's degree,information technology,3.88,2,2,2.91,cloud engineer,"javascript, php",sql server,aws,low,auditory,software engineer,hybrid,average,no,6,aws
male,tamil,bachelor's degree,computer science,3.9,4,1,3.61,cloud engineer,"python, r",postgresql,aws,moderate,auditory,data scientist,onsite,average,no,4,none
male,"tamil, english",bachelor's degree,software engineering,3.29,4,2,2.34,network engineer,"python, sql",mongodb,azure,moderate,visual,software engineer,onsite,average,yes,11,google
male,"english, sinhala",bachelor's degree,cyber security,2.21,2,1,3.12,software engineer,"javascript, php",sql server,gcp,low,auditory,software engineer,hybrid,poor,no,9,none
male,"english, sinhala, tamil",bachelor's degree,data science,3.63,2,1,3.42,qa engineer,"java, c++",oracle,azure,excellent,auditory,systems analyst,onsite,average,no,8,azure
male,"english, sinhala",bachelor's degree,software engineering,2.22,4,2,2.96,cloud engineer,"python, sql",mongodb,aws,low,visual,software engineer,remote,poor,yes,8,cisco
male,english,bachelor's degree,information technology,3.51,4,1,3.09,data analyst,"java, c++",mysql,aws,low,kinesthetic,systems analyst,remote,average,yes,4,aws
female,tamil,bachelor's degree,computer science,3.81,1,1,3.62,software engineer,"python, r",sql server,docker,moderate,auditory,data scientist,hybrid,average,yes,12,azure
female,"tamil, english",bachelor's degree,cyber security,3.83,2,2,3.98,systems analyst,"java, c++",postgresql,aws,excellent,visual,devops engineer,remote,average,yes,2,google
male,"sinhala, tamil",bachelor's degree,cyber security,2.71,1,2,2.75,data analyst,"python, r",mongodb,aws,low,kinesthetic,devops engineer,onsite,average,no,5,google
female,"sinhala, tamil",bachelor's degree,software engineering,3.23,4,2,2.53,systems analyst,"python, sql",postgresql,aws,low,kinesthetic,data scientist,onsite,poor,yes,10,google
female,"english, sinhala",bachelor's degree,software engineering,3.27,4,2,3.09,data analyst,"python, java",sql server,docker,excellent,kinesthetic,software engineer,hybrid,excellent,yes,9,azure
male,"english, sinhala",bachelor's degree,software engineering,3.48,3,1,3.69,ml engineer,"javascript, php",sql server,docker,low,visual,devops engineer,onsite,poor,no,10,cisco
male,english,bachelor's degree,information technology,3.93,1,1,3.08,ml engineer,"python, java",mysql,gcp,excellent,kinesthetic,security engineer,remote,poor,yes,5,azure
female,"tamil, english",bachelor's degree,cyber security,2.94,2,1,3.97,software engineer,"javascript, php",postgresql,azure,excellent,visual,systems analyst,hybrid,excellent,yes,1,aws
female,"english, sinhala, tamil",bachelor's degree,information technology,2.45,1,1,2.22,systems analyst,"c#, .net",mongodb,docker,excellent,visual,devops engineer,hybrid,average,yes,0,azure
male,sinhala,bachelor's degree,cyber security,3.04,2,1,3.95,ml engineer,"python, r",mongodb,gcp,moderate,kinesthetic,devops engineer,hybrid,poor,no,3,cisco
male,"english, sinhala, tamil",bachelor's degree,computer science,2.83,3,1,2.4,cloud engineer,"python, sql",oracle,azure,moderate,auditory,qa engineer,onsite,poor,yes,0,none
male,sinhala,bachelor's degree,cyber security,3.26,3,2,2.68,data analyst,"python, java",postgresql,azure,low,kinesthetic,software engineer,onsite,excellent,no,9,aws
male,"english, sinhala, tamil",bachelor's degree,data science,3.56,1,1,2.83,ml engineer,"java, c++",sql server,azure,moderate,visual,security engineer,hybrid,poor,yes,4,google
male,"english, sinhala, tamil",bachelor's degree,cyber security,2.45,3,2,3.91,systems analyst,"javascript, php",oracle,docker,low,kinesthetic,qa engineer,onsite,poor,yes,9,cisco
female,english,bachelor's degree,computer science,3.58,1,1,2.49,ml engineer,"javascript, php",oracle,aws,moderate,kinesthetic,data scientist,onsite,poor,yes,1,cisco
female,"tamil, english",bachelor's degree,data science,2.25,4,2,3.25,devops engineer,"python, r",sql server,kubernetes,low,kinesthetic,qa engineer,onsite,poor,no,9,cisco
female,"english, sinhala, tamil",bachelor's degree,cyber security,3.11,4,2,3.69,software engineer,"java, c++",mongodb,gcp,low,auditory,devops engineer,hybrid,excellent,yes,6,none
male,"english, sinhala",bachelor's degree,software engineering,3.39,3,1,2.7,software engineer,"c#, .net",mongodb,azure,low,kinesthetic,devops engineer,onsite,average,yes,5,cisco
female,english,bachelor's degree,data science,3.68,1,1,2.73,cyber security analyst,"java, c++",postgresql,kubernetes,low,kinesthetic,devops engineer,remote,average,yes,2,aws
female,english,bachelor's degree,data science,2.36,1,1,3.84,network engineer,"python, r",postgresql,gcp,excellent,auditory,security engineer,onsite,poor,no,5,none
female,"tamil, english",bachelor's degree,cyber security,3.39,3,1,3.05,data analyst,"c#, .net",mysql,azure,low,auditory,devops engineer,onsite,poor,yes,2,cisco
male,"english, sinhala",bachelor's degree,data science,3.41,4,2,3.63,cyber security analyst,"javascript, php",mongodb,kubernetes,excellent,visual,systems analyst,remote,average,no,5,none
male,"sinhala, tamil",bachelor's degree,information technology,2.77,4,1,2.98,ml engineer,"python, r",postgresql,aws,excellent,auditory,data scientist,remote,excellent,no,5,azure
male,"sinhala, tamil",bachelor's degree,software engineering,3.25,3,2,3.79,ai engineer,"python, r",mongodb,docker,low,visual,qa engineer,onsite,average,yes,4,aws
female,"sinhala, tamil",bachelor's degree,information technology,3.14,4,2,2.41,ml engineer,"python, r",postgresql,gcp,moderate,visual,systems analyst,remote,excellent,yes,6,aws
male,"tamil, english",bachelor's degree,cyber security,3.38,1,1,2.67,cyber security analyst,"javascript, php",mysql,aws,moderate,visual,systems analyst,hybrid,poor,no,4,google
female,sinhala,bachelor's degree,information technology,2.27,3,2,2.69,devops engineer,"python, java",sql server,docker,excellent,kinesthetic,systems analyst,remote,excellent,no,4,none
female,"english, sinhala, tamil",bachelor's degree,cyber security,3.52,4,2,2.24,systems analyst,"python, r",postgresql,aws,low,kinesthetic,software engineer,onsite,excellent,no,3,cisco
female,"english, sinhala",bachelor's degree,cyber security,2.33,2,1,3.98,software engineer,"python, sql",sql server,azure,excellent,kinesthetic,systems analyst,hybrid,excellent,yes,1,cisco
male,"english, sinhala",bachelor's degree,computer science,3.91,4,2,3.28,data analyst,"python, sql",sql server,gcp,moderate,visual,software engineer,onsite,average,no,3,azure
male,"english, sinhala",bachelor's degree,information technology,3.28,2,2,3.46,network engineer,"c#, .net",oracle,docker,low,kinesthetic,qa engineer,remote,poor,yes,2,aws
male,"tamil, english",bachelor's degree,cyber security,3.51,1,1,3.75,cyber security analyst,"java, c++",postgresql,aws,excellent,visual,security engineer,onsite,average,yes,11,azure
female,"sinhala, tamil",bachelor's degree,data science,2.29,4,1,3.72,cloud engineer,"python, sql",mongodb,docker,excellent,kinesthetic,security engineer,hybrid,poor,yes,11,none
female,"sinhala, tamil",bachelor's degree,information technology,2.43,2,1,2.91,qa engineer,"python, r",mongodb,azure,moderate,kinesthetic,qa engineer,onsite,excellent,no,0,aws
male,tamil,bachelor's degree,cyber security,2.32,4,1,2.61,cloud engineer,"python, r",mysql,gcp,excellent,auditory,software engineer,onsite,excellent,yes,0,aws
male,"english, sinhala, tamil",bachelor's degree,cyber security,2.92,1,1,2.3,ai engineer,"c#, .net",sql server,azure,excellent,auditory,systems analyst,hybrid,excellent,yes,4,azure
male,tamil,bachelor's degree,computer science,3.33,1,1,3.54,qa engineer,"python, r",mysql,azure,low,visual,security engineer,hybrid,excellent,no,2,none
male,"tamil, english",bachelor's degree,data science,3.02,1,2,3.33,software engineer,"python, java",sql server,azure,moderate,auditory,devops engineer,hybrid,poor,no,1,cisco
female,"english, sinhala, tamil",bachelor's degree,software engineering,3.46,4,1,3.82,qa engineer,"c#, .net",postgresql,gcp,low,kinesthetic,systems analyst,onsite,excellent,yes,8,google
female,"tamil, english",bachelor's degree,data science,3.85,4,1,3.72,systems analyst,"javascript, php",oracle,docker,low,kinesthetic,security engineer,onsite,average,yes,3,azure
female,sinhala,bachelor's degree,information technology,3.56,4,2,2.24,data analyst,"c#, .net",mongodb,gcp,low,auditory,devops engineer,hybrid,excellent,yes,7,aws
female,"sinhala, tamil",bachelor's degree,information technology,2.89,1,2,2.44,network engineer,"java, c++",mysql,gcp,excellent,auditory,data scientist,remote,poor,no,11,google
female,sinhala,bachelor's degree,data science,2.46,3,1,3.6,cloud engineer,"python, sql",oracle,kubernetes,low,kinesthetic,software engineer,onsite,average,no,6,none
female,english,bachelor's degree,information technology,2.52,1,2,3.64,qa engineer,"java, c++",mongodb,gcp,moderate,kinesthetic,systems analyst,onsite,poor,yes,2,aws
male,english,bachelor's degree,data science,3.51,4,1,2.78,qa engineer,"python, sql",mysql,gcp,low,auditory,qa engineer,onsite,excellent,yes,4,google
female,tamil,bachelor's degree,software engineering,3.22,4,2,3.44,data analyst,"python, r",sql server,aws,excellent,kinesthetic,systems analyst,hybrid,excellent,no,11,google
male,tamil,bachelor's degree,software engineering,3.29,1,1,2.34,cyber security analyst,"python, r",mongodb,kubernetes,low,visual,software engineer,hybrid,average,yes,5,azure
male,"tamil, english",bachelor's degree,information technology,3.53,2,1,3.7,cloud engineer,"python, r",sql server,gcp,low,kinesthetic,software engineer,onsite,average,yes,8,none
female,tamil,bachelor's degree,information technology,2.51,2,2,3.22,devops engineer,"java, c++",oracle,azure,excellent,kinesthetic,qa engineer,onsite,poor,yes,4,google
male,"tamil, english",bachelor's degree,information technology,3.38,4,1,3.19,data analyst,"c#, .net",mongodb,kubernetes,low,auditory,qa engineer,hybrid,poor,no,12,google
female,"english, sinhala",bachelor's degree,cyber security,3.67,4,2,2.71,software engineer,"python, java",mysql,docker,low,kinesthetic,devops engineer,hybrid,excellent,no,0,aws
male,english,bachelor's degree,computer science,2.87,4,2,3.64,devops engineer,"python, java",oracle,azure,moderate,auditory,software engineer,hybrid,poor,yes,2,cisco
female,english,bachelor's degree,computer science,2.36,1,1,2.6,ml engineer,"c#, .net",mysql,aws,excellent,auditory,systems analyst,onsite,poor,no,6,aws
male,english,bachelor's degree,information technology,2.8,1,2,3.04,qa engineer,"python, r",sql server,kubernetes,excellent,visual,software engineer,onsite,poor,yes,2,azure
male,"english, sinhala",bachelor's degree,software engineering,3.02,1,2,3.07,network engineer,"python, java",oracle,kubernetes,moderate,kinesthetic,devops engineer,remote,average,yes,8,google
male,english,bachelor's degree,cyber security,3.05,2,1,3.96,ml engineer,"python, r",mongodb,kubernetes,excellent,auditory,devops engineer,hybrid,poor,no,0,none
male,"english, sinhala, tamil",bachelor's degree,software engineering,3.77,2,2,3.28,data analyst,"javascript, php",oracle,aws,excellent,auditory,security engineer,hybrid,excellent,yes,11,none
male,"tamil, english",bachelor's degree,software engineering,3.29,4,1,3.4,data analyst,"java, c++",sql server,kubernetes,moderate,visual,data scientist,hybrid,excellent,no,12,cisco
male,english,bachelor's degree,software engineering,2.56,4,1,3.61,systems analyst,"python, java",postgresql,docker,moderate,kinesthetic,software engineer,hybrid,average,yes,9,google
male,"sinhala, tamil",bachelor's degree,software engineering,2.26,2,2,3.84,software engineer,"python, sql",postgresql,gcp,moderate,visual,devops engineer,onsite,poor,no,9,none
female,"sinhala, tamil",bachelor's degree,computer science,3.57,3,2,2.45,data analyst,"java, c++",oracle,azure,excellent,auditory,data scientist,remote,excellent,no,3,cisco
male,"english, sinhala, tamil",bachelor's degree,data science,2.82,1,1,3.51,cloud engineer,"python, r",mysql,aws,moderate,visual,qa engineer,onsite,poor,yes,1,google
male,english,bachelor's degree,computer science,3.77,1,1,2.5,systems analyst,"javascript, php",postgresql,azure,moderate,auditory,data scientist,hybrid,average,no,0,google
male,"tamil, english",bachelor's degree,cyber security,2.75,3,1,3.78,ml engineer,"java, c++",mysql,docker,excellent,auditory,devops engineer,onsite,average,no,9,azure
male,tamil,bachelor's degree,data science,3.29,3,1,3.69,cloud engineer,"java, c++",postgresql,aws,excellent,visual,security engineer,remote,average,no,9,none
female,"english, sinhala",bachelor's degree,cyber security,2.84,4,2,2.47,network engineer,"python, r",oracle,aws,excellent,visual,security engineer,hybrid,excellent,yes,1,google
female,english,bachelor's degree,information technology,2.56,1,2,2.95,cyber security analyst,"c#, .net",oracle,kubernetes,moderate,visual,security engineer,hybrid,poor,yes,0,azure
male,"tamil, english",bachelor's degree,computer science,3.2,1,1,2.72,systems analyst,"c#, .net",sql server,kubernetes,low,auditory,qa engineer,onsite,poor,yes,10,google
male,"sinhala, tamil",bachelor's degree,information technology,2.53,1,1,3.15,data analyst,"javascript, php",postgresql,kubernetes,moderate,kinesthetic,devops engineer,onsite,excellent,yes,9,cisco
male,tamil,bachelor's degree,cyber security,2.59,3,1,3.27,cyber security analyst,"python, java",mongodb,aws,low,visual,data scientist,remote,average,no,3,aws
female,"tamil, english",bachelor's degree,computer science,3.31,3,2,3.98,software engineer,"python, java",postgresql,docker,moderate,auditory,software engineer,onsite,excellent,yes,7,cisco
male,"sinhala, tamil",bachelor's degree,information technology,3.37,3,2,3.92,qa engineer,"python, r",mysql,azure,excellent,visual,qa engineer,remote,poor,yes,1,cisco
male,tamil,bachelor's degree,cyber security,3.74,1,1,3.46,cyber security analyst,"python, r",sql server,azure,excellent,visual,data scientist,remote,excellent,no,11,aws
male,"tamil, english",bachelor's degree,information technology,2.84,4,2,3.98,software engineer,"python, r",mongodb,aws,excellent,kinesthetic,devops engineer,hybrid,excellent,yes,10,none
female,"english, sinhala, tamil",bachelor's degree,computer science,2.44,1,1,3.62,cloud engineer,"java, c++",mysql,gcp,excellent,kinesthetic,qa engineer,onsite,excellent,no,11,none
male,"english, sinhala",bachelor's degree,information technology,3.97,2,2,3.15,data analyst,"java, c++",oracle,docker,low,kinesthetic,software engineer,onsite,excellent,no,11,azure
male,english,bachelor's degree,data science,2.89,1,2,2.59,qa engineer,"python, java",mysql,aws,low,visual,systems analyst,remote,average,yes,8,none
female,english,bachelor's degree,cyber security,3.72,1,2,3.07,cyber security analyst,"javascript, php",postgresql,docker,excellent,auditory,security engineer,hybrid,average,yes,10,none
male,sinhala,bachelor's degree,computer science,2.67,3,1,3.83,ml engineer,"python, r",sql server,gcp,excellent,auditory,devops engineer,onsite,average,no,8,azure
male,english,bachelor's degree,cyber security,3.59,3,2,3.28,ml engineer,"python, sql",mysql,kubernetes,excellent,visual,systems analyst,remote,excellent,yes,6,cisco
female,"english, sinhala, tamil",bachelor's degree,information technology,2.64,4,2,3.49,cloud engineer,"java, c++",mysql,gcp,low,visual,systems analyst,remote,excellent,no,0,aws
male,"english, sinhala",bachelor's degree,cyber security,2.46,1,2,2.42,ml engineer,"java, c++",sql server,gcp,moderate,kinesthetic,software engineer,onsite,average,no,2,aws
